DEPT_CODE,DEPT_NAME,YYYY,GDP(Bill)(COP),GDP(COP),SECTOR,SECTOR_ID
0,COLOMBIA,1980,301,3.01E+11,AGRICULTURA GANADERIA SILVICULTURA Y PESCA,S03
0,COLOMBIA,1981,372,3.72E+11,AGRICULTURA GANADERIA SILVICULTURA Y PESCA,S03
0,COLOMBIA,1982,459,4.59E+11,AGRICULTURA GANADERIA SILVICULTURA Y PESCA,S03
0,COLOMBIA,1983,563,5.63E+11,AGRICULTURA GANADERIA SILVICULTURA Y PESCA,S03
0,COLOMBIA,1984,661,6.61E+11,AGRICULTURA GANADERIA SILVICULTURA Y PESCA,S03
0,COLOMBIA,1985,831,8.31E+11,AGRICULTURA GANADERIA SILVICULTURA Y PESCA,S03
0,COLOMBIA,1986,1178,1.18E+12,AGRICULTURA GANADERIA SILVICULTURA Y PESCA,S03
0,COLOMBIA,1987,1567,1.57E+12,AGRICULTURA GANADERIA SILVICULTURA Y PESCA,S03
0,COLOMBIA,1988,1927,1.93E+12,AGRICULTURA GANADERIA SILVICULTURA Y PESCA,S03
0,COLOMBIA,1989,2363,2.36E+12,AGRICULTURA GANADERIA SILVICULTURA Y PESCA,S03
0,COLOMBIA,1990,3156,3.16E+12,AGRICULTURA GANADERIA SILVICULTURA Y PESCA,S03
0,COLOMBIA,1991,4221,4.22E+12,AGRICULTURA GANADERIA SILVICULTURA Y PESCA,S03
0,COLOMBIA,1992,4870,4.87E+12,AGRICULTURA GANADERIA SILVICULTURA Y PESCA,S03
0,COLOMBIA,1993,5574,5.57E+12,AGRICULTURA GANADERIA SILVICULTURA Y PESCA,S03
0,COLOMBIA,1994,7172,7.17E+12,AGRICULTURA GANADERIA SILVICULTURA Y PESCA,S03
0,COLOMBIA,1995,8351,8.35E+12,AGRICULTURA GANADERIA SILVICULTURA Y PESCA,S03
0,COLOMBIA,1996,9301,9.30E+12,AGRICULTURA GANADERIA SILVICULTURA Y PESCA,S03
0,COLOMBIA,1997,11089,1.11E+13,AGRICULTURA GANADERIA SILVICULTURA Y PESCA,S03
0,COLOMBIA,1998,13410,1.34E+13,AGRICULTURA GANADERIA SILVICULTURA Y PESCA,S03
0,COLOMBIA,1999,14345,1.43E+13,AGRICULTURA GANADERIA SILVICULTURA Y PESCA,S03
0,COLOMBIA,2000,16175,1.62E+13,AGRICULTURA GANADERIA SILVICULTURA Y PESCA,S03
0,COLOMBIA,2001,17923,1.79E+13,AGRICULTURA GANADERIA SILVICULTURA Y PESCA,S03
0,COLOMBIA,2002,20135,2.01E+13,AGRICULTURA GANADERIA SILVICULTURA Y PESCA,S03
0,COLOMBIA,2003,21863,2.19E+13,AGRICULTURA GANADERIA SILVICULTURA Y PESCA,S03
0,COLOMBIA,2004,23269,2.33E+13,AGRICULTURA GANADERIA SILVICULTURA Y PESCA,S03
0,COLOMBIA,2005,25439,2.54E+13,AGRICULTURA GANADERIA SILVICULTURA Y PESCA,S03
0,COLOMBIA,2006,27425,2.74E+13,AGRICULTURA GANADERIA SILVICULTURA Y PESCA,S03
0,COLOMBIA,2007,29715,2.97E+13,AGRICULTURA GANADERIA SILVICULTURA Y PESCA,S03
0,COLOMBIA,2008,31869,3.19E+13,AGRICULTURA GANADERIA SILVICULTURA Y PESCA,S03
0,COLOMBIA,2009,33554,3.36E+13,AGRICULTURA GANADERIA SILVICULTURA Y PESCA,S03
0,COLOMBIA,2010,34411,3.44E+13,AGRICULTURA GANADERIA SILVICULTURA Y PESCA,S03
0,COLOMBIA,2011,37709,3.77E+13,AGRICULTURA GANADERIA SILVICULTURA Y PESCA,S03
0,COLOMBIA,2012,37209,3.72E+13,AGRICULTURA GANADERIA SILVICULTURA Y PESCA,S03
0,COLOMBIA,2013,38509,3.85E+13,AGRICULTURA GANADERIA SILVICULTURA Y PESCA,S03
0,COLOMBIA,2014,41555,4.16E+13,AGRICULTURA GANADERIA SILVICULTURA Y PESCA,S03
0,COLOMBIA,2015,48124,4.81E+13,AGRICULTURA GANADERIA SILVICULTURA Y PESCA,S03
0,COLOMBIA,2016,57065,5.71E+13,AGRICULTURA GANADERIA SILVICULTURA Y PESCA,S03
0,COLOMBIA,2017,58815,5.88E+13,AGRICULTURA GANADERIA SILVICULTURA Y PESCA,S03
0,COLOMBIA,2018,61497,6.15E+13,AGRICULTURA GANADERIA SILVICULTURA Y PESCA,S03
0,COLOMBIA,2019,67958,6.80E+13,AGRICULTURA GANADERIA SILVICULTURA Y PESCA,S03
0,COLOMBIA,2020,74970,7.50E+13,AGRICULTURA GANADERIA SILVICULTURA Y PESCA,S03
0,COLOMBIA,2021,92690,9.27E+13,AGRICULTURA GANADERIA SILVICULTURA Y PESCA,S03
0,COLOMBIA,2022,129919,1.30E+14,AGRICULTURA GANADERIA SILVICULTURA Y PESCA,S03
0,COLOMBIA,2023p,139567,1.40E+14,AGRICULTURA GANADERIA SILVICULTURA Y PESCA,S03
0,COLOMBIA,2024pr,158406,1.58E+14,AGRICULTURA GANADERIA SILVICULTURA Y PESCA,S03
5,ANTIOQUIA,1980,34,34000000000,AGRICULTURA GANADERIA SILVICULTURA Y PESCA,S03
5,ANTIOQUIA,1981,45,45000000000,AGRICULTURA GANADERIA SILVICULTURA Y PESCA,S03
5,ANTIOQUIA,1982,60,60000000000,AGRICULTURA GANADERIA SILVICULTURA Y PESCA,S03
5,ANTIOQUIA,1983,76,76000000000,AGRICULTURA GANADERIA SILVICULTURA Y PESCA,S03
5,ANTIOQUIA,1984,89,89000000000,AGRICULTURA GANADERIA SILVICULTURA Y PESCA,S03
5,ANTIOQUIA,1985,108,1.08E+11,AGRICULTURA GANADERIA SILVICULTURA Y PESCA,S03
5,ANTIOQUIA,1986,167,1.67E+11,AGRICULTURA GANADERIA SILVICULTURA Y PESCA,S03
5,ANTIOQUIA,1987,218,2.18E+11,AGRICULTURA GANADERIA SILVICULTURA Y PESCA,S03
5,ANTIOQUIA,1988,263,2.63E+11,AGRICULTURA GANADERIA SILVICULTURA Y PESCA,S03
5,ANTIOQUIA,1989,318,3.18E+11,AGRICULTURA GANADERIA SILVICULTURA Y PESCA,S03
5,ANTIOQUIA,1990,461,4.61E+11,AGRICULTURA GANADERIA SILVICULTURA Y PESCA,S03
5,ANTIOQUIA,1991,636,6.36E+11,AGRICULTURA GANADERIA SILVICULTURA Y PESCA,S03
5,ANTIOQUIA,1992,704,7.04E+11,AGRICULTURA GANADERIA SILVICULTURA Y PESCA,S03
5,ANTIOQUIA,1993,834,8.34E+11,AGRICULTURA GANADERIA SILVICULTURA Y PESCA,S03
5,ANTIOQUIA,1994,1078,1.08E+12,AGRICULTURA GANADERIA SILVICULTURA Y PESCA,S03
5,ANTIOQUIA,1995,1129,1.13E+12,AGRICULTURA GANADERIA SILVICULTURA Y PESCA,S03
5,ANTIOQUIA,1996,1325,1.33E+12,AGRICULTURA GANADERIA SILVICULTURA Y PESCA,S03
5,ANTIOQUIA,1997,1362,1.36E+12,AGRICULTURA GANADERIA SILVICULTURA Y PESCA,S03
5,ANTIOQUIA,1998,1582,1.58E+12,AGRICULTURA GANADERIA SILVICULTURA Y PESCA,S03
5,ANTIOQUIA,1999,1845,1.85E+12,AGRICULTURA GANADERIA SILVICULTURA Y PESCA,S03
5,ANTIOQUIA,2000,2137,2.14E+12,AGRICULTURA GANADERIA SILVICULTURA Y PESCA,S03
5,ANTIOQUIA,2001,2269,2.27E+12,AGRICULTURA GANADERIA SILVICULTURA Y PESCA,S03
5,ANTIOQUIA,2002,2769,2.77E+12,AGRICULTURA GANADERIA SILVICULTURA Y PESCA,S03
5,ANTIOQUIA,2003,2933,2.93E+12,AGRICULTURA GANADERIA SILVICULTURA Y PESCA,S03
5,ANTIOQUIA,2004,3062,3.06E+12,AGRICULTURA GANADERIA SILVICULTURA Y PESCA,S03
5,ANTIOQUIA,2005,3481,3.48E+12,AGRICULTURA GANADERIA SILVICULTURA Y PESCA,S03
5,ANTIOQUIA,2006,3619,3.62E+12,AGRICULTURA GANADERIA SILVICULTURA Y PESCA,S03
5,ANTIOQUIA,2007,3969,3.97E+12,AGRICULTURA GANADERIA SILVICULTURA Y PESCA,S03
5,ANTIOQUIA,2008,4030,4.03E+12,AGRICULTURA GANADERIA SILVICULTURA Y PESCA,S03
5,ANTIOQUIA,2009,4279,4.28E+12,AGRICULTURA GANADERIA SILVICULTURA Y PESCA,S03
5,ANTIOQUIA,2010,4356,4.36E+12,AGRICULTURA GANADERIA SILVICULTURA Y PESCA,S03
5,ANTIOQUIA,2011,4681,4.68E+12,AGRICULTURA GANADERIA SILVICULTURA Y PESCA,S03
5,ANTIOQUIA,2012,4640,4.64E+12,AGRICULTURA GANADERIA SILVICULTURA Y PESCA,S03
5,ANTIOQUIA,2013,4931,4.93E+12,AGRICULTURA GANADERIA SILVICULTURA Y PESCA,S03
5,ANTIOQUIA,2014,5298,5.30E+12,AGRICULTURA GANADERIA SILVICULTURA Y PESCA,S03
5,ANTIOQUIA,2015,6153,6.15E+12,AGRICULTURA GANADERIA SILVICULTURA Y PESCA,S03
5,ANTIOQUIA,2016,7414,7.41E+12,AGRICULTURA GANADERIA SILVICULTURA Y PESCA,S03
5,ANTIOQUIA,2017,7478,7.48E+12,AGRICULTURA GANADERIA SILVICULTURA Y PESCA,S03
5,ANTIOQUIA,2018,7960,7.96E+12,AGRICULTURA GANADERIA SILVICULTURA Y PESCA,S03
5,ANTIOQUIA,2019,8918,8.92E+12,AGRICULTURA GANADERIA SILVICULTURA Y PESCA,S03
5,ANTIOQUIA,2020,9745,9.75E+12,AGRICULTURA GANADERIA SILVICULTURA Y PESCA,S03
5,ANTIOQUIA,2021,12255,1.23E+13,AGRICULTURA GANADERIA SILVICULTURA Y PESCA,S03
5,ANTIOQUIA,2022,16777,1.68E+13,AGRICULTURA GANADERIA SILVICULTURA Y PESCA,S03
5,ANTIOQUIA,2023p,18208,1.82E+13,AGRICULTURA GANADERIA SILVICULTURA Y PESCA,S03
5,ANTIOQUIA,2024pr,20811,2.08E+13,AGRICULTURA GANADERIA SILVICULTURA Y PESCA,S03
8,ATLANTICO,1980,4,4000000000,AGRICULTURA GANADERIA SILVICULTURA Y PESCA,S03
8,ATLANTICO,1981,5,5000000000,AGRICULTURA GANADERIA SILVICULTURA Y PESCA,S03
8,ATLANTICO,1982,6,6000000000,AGRICULTURA GANADERIA SILVICULTURA Y PESCA,S03
8,ATLANTICO,1983,7,7000000000,AGRICULTURA GANADERIA SILVICULTURA Y PESCA,S03
8,ATLANTICO,1984,9,9000000000,AGRICULTURA GANADERIA SILVICULTURA Y PESCA,S03
8,ATLANTICO,1985,11,11000000000,AGRICULTURA GANADERIA SILVICULTURA Y PESCA,S03
8,ATLANTICO,1986,15,15000000000,AGRICULTURA GANADERIA SILVICULTURA Y PESCA,S03
8,ATLANTICO,1987,20,20000000000,AGRICULTURA GANADERIA SILVICULTURA Y PESCA,S03
8,ATLANTICO,1988,24,24000000000,AGRICULTURA GANADERIA SILVICULTURA Y PESCA,S03
8,ATLANTICO,1989,28,28000000000,AGRICULTURA GANADERIA SILVICULTURA Y PESCA,S03
8,ATLANTICO,1990,35,35000000000,AGRICULTURA GANADERIA SILVICULTURA Y PESCA,S03
8,ATLANTICO,1991,45,45000000000,AGRICULTURA GANADERIA SILVICULTURA Y PESCA,S03
8,ATLANTICO,1992,55,55000000000,AGRICULTURA GANADERIA SILVICULTURA Y PESCA,S03
8,ATLANTICO,1993,65,65000000000,AGRICULTURA GANADERIA SILVICULTURA Y PESCA,S03
8,ATLANTICO,1994,75,75000000000,AGRICULTURA GANADERIA SILVICULTURA Y PESCA,S03
8,ATLANTICO,1995,91,91000000000,AGRICULTURA GANADERIA SILVICULTURA Y PESCA,S03
8,ATLANTICO,1996,109,1.09E+11,AGRICULTURA GANADERIA SILVICULTURA Y PESCA,S03
8,ATLANTICO,1997,122,1.22E+11,AGRICULTURA GANADERIA SILVICULTURA Y PESCA,S03
8,ATLANTICO,1998,182,1.82E+11,AGRICULTURA GANADERIA SILVICULTURA Y PESCA,S03
8,ATLANTICO,1999,226,2.26E+11,AGRICULTURA GANADERIA SILVICULTURA Y PESCA,S03
8,ATLANTICO,2000,245,2.45E+11,AGRICULTURA GANADERIA SILVICULTURA Y PESCA,S03
8,ATLANTICO,2001,285,2.85E+11,AGRICULTURA GANADERIA SILVICULTURA Y PESCA,S03
8,ATLANTICO,2002,307,3.07E+11,AGRICULTURA GANADERIA SILVICULTURA Y PESCA,S03
8,ATLANTICO,2003,319,3.19E+11,AGRICULTURA GANADERIA SILVICULTURA Y PESCA,S03
8,ATLANTICO,2004,339,3.39E+11,AGRICULTURA GANADERIA SILVICULTURA Y PESCA,S03
8,ATLANTICO,2005,372,3.72E+11,AGRICULTURA GANADERIA SILVICULTURA Y PESCA,S03
8,ATLANTICO,2006,373,3.73E+11,AGRICULTURA GANADERIA SILVICULTURA Y PESCA,S03
8,ATLANTICO,2007,355,3.55E+11,AGRICULTURA GANADERIA SILVICULTURA Y PESCA,S03
8,ATLANTICO,2008,374,3.74E+11,AGRICULTURA GANADERIA SILVICULTURA Y PESCA,S03
8,ATLANTICO,2009,383,3.83E+11,AGRICULTURA GANADERIA SILVICULTURA Y PESCA,S03
8,ATLANTICO,2010,353,3.53E+11,AGRICULTURA GANADERIA SILVICULTURA Y PESCA,S03
8,ATLANTICO,2011,340,3.40E+11,AGRICULTURA GANADERIA SILVICULTURA Y PESCA,S03
8,ATLANTICO,2012,333,3.33E+11,AGRICULTURA GANADERIA SILVICULTURA Y PESCA,S03
8,ATLANTICO,2013,313,3.13E+11,AGRICULTURA GANADERIA SILVICULTURA Y PESCA,S03
8,ATLANTICO,2014,302,3.02E+11,AGRICULTURA GANADERIA SILVICULTURA Y PESCA,S03
8,ATLANTICO,2015,330,3.30E+11,AGRICULTURA GANADERIA SILVICULTURA Y PESCA,S03
8,ATLANTICO,2016,376,3.76E+11,AGRICULTURA GANADERIA SILVICULTURA Y PESCA,S03
8,ATLANTICO,2017,393,3.93E+11,AGRICULTURA GANADERIA SILVICULTURA Y PESCA,S03
8,ATLANTICO,2018,421,4.21E+11,AGRICULTURA GANADERIA SILVICULTURA Y PESCA,S03
8,ATLANTICO,2019,453,4.53E+11,AGRICULTURA GANADERIA SILVICULTURA Y PESCA,S03
8,ATLANTICO,2020,491,4.91E+11,AGRICULTURA GANADERIA SILVICULTURA Y PESCA,S03
8,ATLANTICO,2021,627,6.27E+11,AGRICULTURA GANADERIA SILVICULTURA Y PESCA,S03
8,ATLANTICO,2022,838,8.38E+11,AGRICULTURA GANADERIA SILVICULTURA Y PESCA,S03
8,ATLANTICO,2023p,920,9.20E+11,AGRICULTURA GANADERIA SILVICULTURA Y PESCA,S03
8,ATLANTICO,2024pr,961,9.61E+11,AGRICULTURA GANADERIA SILVICULTURA Y PESCA,S03
11,SANTAFE DE BOGOTA D.C,1980,0,0,AGRICULTURA GANADERIA SILVICULTURA Y PESCA,S03
11,SANTAFE DE BOGOTA D.C,1981,0,0,AGRICULTURA GANADERIA SILVICULTURA Y PESCA,S03
11,SANTAFE DE BOGOTA D.C,1982,0,0,AGRICULTURA GANADERIA SILVICULTURA Y PESCA,S03
11,SANTAFE DE BOGOTA D.C,1983,0,0,AGRICULTURA GANADERIA SILVICULTURA Y PESCA,S03
11,SANTAFE DE BOGOTA D.C,1984,0,0,AGRICULTURA GANADERIA SILVICULTURA Y PESCA,S03
11,SANTAFE DE BOGOTA D.C,1985,0,0,AGRICULTURA GANADERIA SILVICULTURA Y PESCA,S03
11,SANTAFE DE BOGOTA D.C,1986,0,0,AGRICULTURA GANADERIA SILVICULTURA Y PESCA,S03
11,SANTAFE DE BOGOTA D.C,1987,0,0,AGRICULTURA GANADERIA SILVICULTURA Y PESCA,S03
11,SANTAFE DE BOGOTA D.C,1988,1,1000000000,AGRICULTURA GANADERIA SILVICULTURA Y PESCA,S03
11,SANTAFE DE BOGOTA D.C,1989,1,1000000000,AGRICULTURA GANADERIA SILVICULTURA Y PESCA,S03
11,SANTAFE DE BOGOTA D.C,1990,1,1000000000,AGRICULTURA GANADERIA SILVICULTURA Y PESCA,S03
11,SANTAFE DE BOGOTA D.C,1991,1,1000000000,AGRICULTURA GANADERIA SILVICULTURA Y PESCA,S03
11,SANTAFE DE BOGOTA D.C,1992,1,1000000000,AGRICULTURA GANADERIA SILVICULTURA Y PESCA,S03
11,SANTAFE DE BOGOTA D.C,1993,2,2000000000,AGRICULTURA GANADERIA SILVICULTURA Y PESCA,S03
11,SANTAFE DE BOGOTA D.C,1994,2,2000000000,AGRICULTURA GANADERIA SILVICULTURA Y PESCA,S03
11,SANTAFE DE BOGOTA D.C,1995,3,3000000000,AGRICULTURA GANADERIA SILVICULTURA Y PESCA,S03
11,SANTAFE DE BOGOTA D.C,1996,3,3000000000,AGRICULTURA GANADERIA SILVICULTURA Y PESCA,S03
11,SANTAFE DE BOGOTA D.C,1997,4,4000000000,AGRICULTURA GANADERIA SILVICULTURA Y PESCA,S03
11,SANTAFE DE BOGOTA D.C,1998,4,4000000000,AGRICULTURA GANADERIA SILVICULTURA Y PESCA,S03
11,SANTAFE DE BOGOTA D.C,1999,5,5000000000,AGRICULTURA GANADERIA SILVICULTURA Y PESCA,S03
11,SANTAFE DE BOGOTA D.C,2000,6,6000000000,AGRICULTURA GANADERIA SILVICULTURA Y PESCA,S03
11,SANTAFE DE BOGOTA D.C,2001,7,7000000000,AGRICULTURA GANADERIA SILVICULTURA Y PESCA,S03
11,SANTAFE DE BOGOTA D.C,2002,7,7000000000,AGRICULTURA GANADERIA SILVICULTURA Y PESCA,S03
11,SANTAFE DE BOGOTA D.C,2003,8,8000000000,AGRICULTURA GANADERIA SILVICULTURA Y PESCA,S03
11,SANTAFE DE BOGOTA D.C,2004,7,7000000000,AGRICULTURA GANADERIA SILVICULTURA Y PESCA,S03
11,SANTAFE DE BOGOTA D.C,2005,9,9000000000,AGRICULTURA GANADERIA SILVICULTURA Y PESCA,S03
11,SANTAFE DE BOGOTA D.C,2006,9,9000000000,AGRICULTURA GANADERIA SILVICULTURA Y PESCA,S03
11,SANTAFE DE BOGOTA D.C,2007,9,9000000000,AGRICULTURA GANADERIA SILVICULTURA Y PESCA,S03
11,SANTAFE DE BOGOTA D.C,2008,9,9000000000,AGRICULTURA GANADERIA SILVICULTURA Y PESCA,S03
11,SANTAFE DE BOGOTA D.C,2009,10,10000000000,AGRICULTURA GANADERIA SILVICULTURA Y PESCA,S03
11,SANTAFE DE BOGOTA D.C,2010,11,11000000000,AGRICULTURA GANADERIA SILVICULTURA Y PESCA,S03
11,SANTAFE DE BOGOTA D.C,2011,11,11000000000,AGRICULTURA GANADERIA SILVICULTURA Y PESCA,S03
11,SANTAFE DE BOGOTA D.C,2012,11,11000000000,AGRICULTURA GANADERIA SILVICULTURA Y PESCA,S03
11,SANTAFE DE BOGOTA D.C,2013,11,11000000000,AGRICULTURA GANADERIA SILVICULTURA Y PESCA,S03
11,SANTAFE DE BOGOTA D.C,2014,12,12000000000,AGRICULTURA GANADERIA SILVICULTURA Y PESCA,S03
11,SANTAFE DE BOGOTA D.C,2015,12,12000000000,AGRICULTURA GANADERIA SILVICULTURA Y PESCA,S03
11,SANTAFE DE BOGOTA D.C,2016,14,14000000000,AGRICULTURA GANADERIA SILVICULTURA Y PESCA,S03
11,SANTAFE DE BOGOTA D.C,2017,13,13000000000,AGRICULTURA GANADERIA SILVICULTURA Y PESCA,S03
11,SANTAFE DE BOGOTA D.C,2018,14,14000000000,AGRICULTURA GANADERIA SILVICULTURA Y PESCA,S03
11,SANTAFE DE BOGOTA D.C,2019,15,15000000000,AGRICULTURA GANADERIA SILVICULTURA Y PESCA,S03
11,SANTAFE DE BOGOTA D.C,2020,16,16000000000,AGRICULTURA GANADERIA SILVICULTURA Y PESCA,S03
11,SANTAFE DE BOGOTA D.C,2021,19,19000000000,AGRICULTURA GANADERIA SILVICULTURA Y PESCA,S03
11,SANTAFE DE BOGOTA D.C,2022,27,27000000000,AGRICULTURA GANADERIA SILVICULTURA Y PESCA,S03
11,SANTAFE DE BOGOTA D.C,2023p,29,29000000000,AGRICULTURA GANADERIA SILVICULTURA Y PESCA,S03
11,SANTAFE DE BOGOTA D.C,2024pr,33,33000000000,AGRICULTURA GANADERIA SILVICULTURA Y PESCA,S03
13,BOLIVAR,1980,8,8000000000,AGRICULTURA GANADERIA SILVICULTURA Y PESCA,S03
13,BOLIVAR,1981,10,10000000000,AGRICULTURA GANADERIA SILVICULTURA Y PESCA,S03
13,BOLIVAR,1982,12,12000000000,AGRICULTURA GANADERIA SILVICULTURA Y PESCA,S03
13,BOLIVAR,1983,15,15000000000,AGRICULTURA GANADERIA SILVICULTURA Y PESCA,S03
13,BOLIVAR,1984,17,17000000000,AGRICULTURA GANADERIA SILVICULTURA Y PESCA,S03
13,BOLIVAR,1985,22,22000000000,AGRICULTURA GANADERIA SILVICULTURA Y PESCA,S03
13,BOLIVAR,1986,29,29000000000,AGRICULTURA GANADERIA SILVICULTURA Y PESCA,S03
13,BOLIVAR,1987,42,42000000000,AGRICULTURA GANADERIA SILVICULTURA Y PESCA,S03
13,BOLIVAR,1988,51,51000000000,AGRICULTURA GANADERIA SILVICULTURA Y PESCA,S03
13,BOLIVAR,1989,59,59000000000,AGRICULTURA GANADERIA SILVICULTURA Y PESCA,S03
13,BOLIVAR,1990,81,81000000000,AGRICULTURA GANADERIA SILVICULTURA Y PESCA,S03
13,BOLIVAR,1991,118,1.18E+11,AGRICULTURA GANADERIA SILVICULTURA Y PESCA,S03
13,BOLIVAR,1992,176,1.76E+11,AGRICULTURA GANADERIA SILVICULTURA Y PESCA,S03
13,BOLIVAR,1993,173,1.73E+11,AGRICULTURA GANADERIA SILVICULTURA Y PESCA,S03
13,BOLIVAR,1994,222,2.22E+11,AGRICULTURA GANADERIA SILVICULTURA Y PESCA,S03
13,BOLIVAR,1995,276,2.76E+11,AGRICULTURA GANADERIA SILVICULTURA Y PESCA,S03
13,BOLIVAR,1996,291,2.91E+11,AGRICULTURA GANADERIA SILVICULTURA Y PESCA,S03
13,BOLIVAR,1997,296,2.96E+11,AGRICULTURA GANADERIA SILVICULTURA Y PESCA,S03
13,BOLIVAR,1998,449,4.49E+11,AGRICULTURA GANADERIA SILVICULTURA Y PESCA,S03
13,BOLIVAR,1999,444,4.44E+11,AGRICULTURA GANADERIA SILVICULTURA Y PESCA,S03
13,BOLIVAR,2000,525,5.25E+11,AGRICULTURA GANADERIA SILVICULTURA Y PESCA,S03
13,BOLIVAR,2001,620,6.20E+11,AGRICULTURA GANADERIA SILVICULTURA Y PESCA,S03
13,BOLIVAR,2002,659,6.59E+11,AGRICULTURA GANADERIA SILVICULTURA Y PESCA,S03
13,BOLIVAR,2003,792,7.92E+11,AGRICULTURA GANADERIA SILVICULTURA Y PESCA,S03
13,BOLIVAR,2004,874,8.74E+11,AGRICULTURA GANADERIA SILVICULTURA Y PESCA,S03
13,BOLIVAR,2005,777,7.77E+11,AGRICULTURA GANADERIA SILVICULTURA Y PESCA,S03
13,BOLIVAR,2006,804,8.04E+11,AGRICULTURA GANADERIA SILVICULTURA Y PESCA,S03
13,BOLIVAR,2007,868,8.68E+11,AGRICULTURA GANADERIA SILVICULTURA Y PESCA,S03
13,BOLIVAR,2008,999,9.99E+11,AGRICULTURA GANADERIA SILVICULTURA Y PESCA,S03
13,BOLIVAR,2009,1042,1.04E+12,AGRICULTURA GANADERIA SILVICULTURA Y PESCA,S03
13,BOLIVAR,2010,927,9.27E+11,AGRICULTURA GANADERIA SILVICULTURA Y PESCA,S03
13,BOLIVAR,2011,921,9.21E+11,AGRICULTURA GANADERIA SILVICULTURA Y PESCA,S03
13,BOLIVAR,2012,969,9.69E+11,AGRICULTURA GANADERIA SILVICULTURA Y PESCA,S03
13,BOLIVAR,2013,977,9.77E+11,AGRICULTURA GANADERIA SILVICULTURA Y PESCA,S03
13,BOLIVAR,2014,1016,1.02E+12,AGRICULTURA GANADERIA SILVICULTURA Y PESCA,S03
13,BOLIVAR,2015,1196,1.20E+12,AGRICULTURA GANADERIA SILVICULTURA Y PESCA,S03
13,BOLIVAR,2016,1370,1.37E+12,AGRICULTURA GANADERIA SILVICULTURA Y PESCA,S03
13,BOLIVAR,2017,1390,1.39E+12,AGRICULTURA GANADERIA SILVICULTURA Y PESCA,S03
13,BOLIVAR,2018,1488,1.49E+12,AGRICULTURA GANADERIA SILVICULTURA Y PESCA,S03
13,BOLIVAR,2019,1591,1.59E+12,AGRICULTURA GANADERIA SILVICULTURA Y PESCA,S03
13,BOLIVAR,2020,1806,1.81E+12,AGRICULTURA GANADERIA SILVICULTURA Y PESCA,S03
13,BOLIVAR,2021,2204,2.20E+12,AGRICULTURA GANADERIA SILVICULTURA Y PESCA,S03
13,BOLIVAR,2022,3114,3.11E+12,AGRICULTURA GANADERIA SILVICULTURA Y PESCA,S03
13,BOLIVAR,2023p,3321,3.32E+12,AGRICULTURA GANADERIA SILVICULTURA Y PESCA,S03
13,BOLIVAR,2024pr,3645,3.65E+12,AGRICULTURA GANADERIA SILVICULTURA Y PESCA,S03
15,BOYACA,1980,15,15000000000,AGRICULTURA GANADERIA SILVICULTURA Y PESCA,S03
15,BOYACA,1981,18,18000000000,AGRICULTURA GANADERIA SILVICULTURA Y PESCA,S03
15,BOYACA,1982,23,23000000000,AGRICULTURA GANADERIA SILVICULTURA Y PESCA,S03
15,BOYACA,1983,26,26000000000,AGRICULTURA GANADERIA SILVICULTURA Y PESCA,S03
15,BOYACA,1984,30,30000000000,AGRICULTURA GANADERIA SILVICULTURA Y PESCA,S03
15,BOYACA,1985,36,36000000000,AGRICULTURA GANADERIA SILVICULTURA Y PESCA,S03
15,BOYACA,1986,51,51000000000,AGRICULTURA GANADERIA SILVICULTURA Y PESCA,S03
15,BOYACA,1987,63,63000000000,AGRICULTURA GANADERIA SILVICULTURA Y PESCA,S03
15,BOYACA,1988,74,74000000000,AGRICULTURA GANADERIA SILVICULTURA Y PESCA,S03
15,BOYACA,1989,90,90000000000,AGRICULTURA GANADERIA SILVICULTURA Y PESCA,S03
15,BOYACA,1990,112,1.12E+11,AGRICULTURA GANADERIA SILVICULTURA Y PESCA,S03
15,BOYACA,1991,149,1.49E+11,AGRICULTURA GANADERIA SILVICULTURA Y PESCA,S03
15,BOYACA,1992,169,1.69E+11,AGRICULTURA GANADERIA SILVICULTURA Y PESCA,S03
15,BOYACA,1993,213,2.13E+11,AGRICULTURA GANADERIA SILVICULTURA Y PESCA,S03
15,BOYACA,1994,290,2.90E+11,AGRICULTURA GANADERIA SILVICULTURA Y PESCA,S03
15,BOYACA,1995,322,3.22E+11,AGRICULTURA GANADERIA SILVICULTURA Y PESCA,S03
15,BOYACA,1996,398,3.98E+11,AGRICULTURA GANADERIA SILVICULTURA Y PESCA,S03
15,BOYACA,1997,471,4.71E+11,AGRICULTURA GANADERIA SILVICULTURA Y PESCA,S03
15,BOYACA,1998,556,5.56E+11,AGRICULTURA GANADERIA SILVICULTURA Y PESCA,S03
15,BOYACA,1999,588,5.88E+11,AGRICULTURA GANADERIA SILVICULTURA Y PESCA,S03
15,BOYACA,2000,679,6.79E+11,AGRICULTURA GANADERIA SILVICULTURA Y PESCA,S03
15,BOYACA,2001,704,7.04E+11,AGRICULTURA GANADERIA SILVICULTURA Y PESCA,S03
15,BOYACA,2002,797,7.97E+11,AGRICULTURA GANADERIA SILVICULTURA Y PESCA,S03
15,BOYACA,2003,863,8.63E+11,AGRICULTURA GANADERIA SILVICULTURA Y PESCA,S03
15,BOYACA,2004,917,9.17E+11,AGRICULTURA GANADERIA SILVICULTURA Y PESCA,S03
15,BOYACA,2005,1010,1.01E+12,AGRICULTURA GANADERIA SILVICULTURA Y PESCA,S03
15,BOYACA,2006,1076,1.08E+12,AGRICULTURA GANADERIA SILVICULTURA Y PESCA,S03
15,BOYACA,2007,1188,1.19E+12,AGRICULTURA GANADERIA SILVICULTURA Y PESCA,S03
15,BOYACA,2008,1359,1.36E+12,AGRICULTURA GANADERIA SILVICULTURA Y PESCA,S03
15,BOYACA,2009,1452,1.45E+12,AGRICULTURA GANADERIA SILVICULTURA Y PESCA,S03
15,BOYACA,2010,1475,1.48E+12,AGRICULTURA GANADERIA SILVICULTURA Y PESCA,S03
15,BOYACA,2011,1598,1.60E+12,AGRICULTURA GANADERIA SILVICULTURA Y PESCA,S03
15,BOYACA,2012,1607,1.61E+12,AGRICULTURA GANADERIA SILVICULTURA Y PESCA,S03
15,BOYACA,2013,1789,1.79E+12,AGRICULTURA GANADERIA SILVICULTURA Y PESCA,S03
15,BOYACA,2014,2027,2.03E+12,AGRICULTURA GANADERIA SILVICULTURA Y PESCA,S03
15,BOYACA,2015,2143,2.14E+12,AGRICULTURA GANADERIA SILVICULTURA Y PESCA,S03
15,BOYACA,2016,2640,2.64E+12,AGRICULTURA GANADERIA SILVICULTURA Y PESCA,S03
15,BOYACA,2017,2619,2.62E+12,AGRICULTURA GANADERIA SILVICULTURA Y PESCA,S03
15,BOYACA,2018,2797,2.80E+12,AGRICULTURA GANADERIA SILVICULTURA Y PESCA,S03
15,BOYACA,2019,3054,3.05E+12,AGRICULTURA GANADERIA SILVICULTURA Y PESCA,S03
15,BOYACA,2020,3363,3.36E+12,AGRICULTURA GANADERIA SILVICULTURA Y PESCA,S03
15,BOYACA,2021,4028,4.03E+12,AGRICULTURA GANADERIA SILVICULTURA Y PESCA,S03
15,BOYACA,2022,5708,5.71E+12,AGRICULTURA GANADERIA SILVICULTURA Y PESCA,S03
15,BOYACA,2023p,6123,6.12E+12,AGRICULTURA GANADERIA SILVICULTURA Y PESCA,S03
15,BOYACA,2024pr,6947,6.95E+12,AGRICULTURA GANADERIA SILVICULTURA Y PESCA,S03
17,CALDAS,1980,11,11000000000,AGRICULTURA GANADERIA SILVICULTURA Y PESCA,S03
17,CALDAS,1981,12,12000000000,AGRICULTURA GANADERIA SILVICULTURA Y PESCA,S03
17,CALDAS,1982,14,14000000000,AGRICULTURA GANADERIA SILVICULTURA Y PESCA,S03
17,CALDAS,1983,20,20000000000,AGRICULTURA GANADERIA SILVICULTURA Y PESCA,S03
17,CALDAS,1984,21,21000000000,AGRICULTURA GANADERIA SILVICULTURA Y PESCA,S03
17,CALDAS,1985,28,28000000000,AGRICULTURA GANADERIA SILVICULTURA Y PESCA,S03
17,CALDAS,1986,41,41000000000,AGRICULTURA GANADERIA SILVICULTURA Y PESCA,S03
17,CALDAS,1987,60,60000000000,AGRICULTURA GANADERIA SILVICULTURA Y PESCA,S03
17,CALDAS,1988,66,66000000000,AGRICULTURA GANADERIA SILVICULTURA Y PESCA,S03
17,CALDAS,1989,79,79000000000,AGRICULTURA GANADERIA SILVICULTURA Y PESCA,S03
17,CALDAS,1990,105,1.05E+11,AGRICULTURA GANADERIA SILVICULTURA Y PESCA,S03
17,CALDAS,1991,164,1.64E+11,AGRICULTURA GANADERIA SILVICULTURA Y PESCA,S03
17,CALDAS,1992,159,1.59E+11,AGRICULTURA GANADERIA SILVICULTURA Y PESCA,S03
17,CALDAS,1993,189,1.89E+11,AGRICULTURA GANADERIA SILVICULTURA Y PESCA,S03
17,CALDAS,1994,287,2.87E+11,AGRICULTURA GANADERIA SILVICULTURA Y PESCA,S03
17,CALDAS,1995,344,3.44E+11,AGRICULTURA GANADERIA SILVICULTURA Y PESCA,S03
17,CALDAS,1996,318,3.18E+11,AGRICULTURA GANADERIA SILVICULTURA Y PESCA,S03
17,CALDAS,1997,402,4.02E+11,AGRICULTURA GANADERIA SILVICULTURA Y PESCA,S03
17,CALDAS,1998,455,4.55E+11,AGRICULTURA GANADERIA SILVICULTURA Y PESCA,S03
17,CALDAS,1999,426,4.26E+11,AGRICULTURA GANADERIA SILVICULTURA Y PESCA,S03
17,CALDAS,2000,467,4.67E+11,AGRICULTURA GANADERIA SILVICULTURA Y PESCA,S03
17,CALDAS,2001,575,5.75E+11,AGRICULTURA GANADERIA SILVICULTURA Y PESCA,S03
17,CALDAS,2002,674,6.74E+11,AGRICULTURA GANADERIA SILVICULTURA Y PESCA,S03
17,CALDAS,2003,616,6.16E+11,AGRICULTURA GANADERIA SILVICULTURA Y PESCA,S03
17,CALDAS,2004,629,6.29E+11,AGRICULTURA GANADERIA SILVICULTURA Y PESCA,S03
17,CALDAS,2005,711,7.11E+11,AGRICULTURA GANADERIA SILVICULTURA Y PESCA,S03
17,CALDAS,2006,788,7.88E+11,AGRICULTURA GANADERIA SILVICULTURA Y PESCA,S03
17,CALDAS,2007,803,8.03E+11,AGRICULTURA GANADERIA SILVICULTURA Y PESCA,S03
17,CALDAS,2008,862,8.62E+11,AGRICULTURA GANADERIA SILVICULTURA Y PESCA,S03
17,CALDAS,2009,920,9.20E+11,AGRICULTURA GANADERIA SILVICULTURA Y PESCA,S03
17,CALDAS,2010,1016,1.02E+12,AGRICULTURA GANADERIA SILVICULTURA Y PESCA,S03
17,CALDAS,2011,1098,1.10E+12,AGRICULTURA GANADERIA SILVICULTURA Y PESCA,S03
17,CALDAS,2012,946,9.46E+11,AGRICULTURA GANADERIA SILVICULTURA Y PESCA,S03
17,CALDAS,2013,994,9.94E+11,AGRICULTURA GANADERIA SILVICULTURA Y PESCA,S03
17,CALDAS,2014,1140,1.14E+12,AGRICULTURA GANADERIA SILVICULTURA Y PESCA,S03
17,CALDAS,2015,1274,1.27E+12,AGRICULTURA GANADERIA SILVICULTURA Y PESCA,S03
17,CALDAS,2016,1444,1.44E+12,AGRICULTURA GANADERIA SILVICULTURA Y PESCA,S03
17,CALDAS,2017,1556,1.56E+12,AGRICULTURA GANADERIA SILVICULTURA Y PESCA,S03
17,CALDAS,2018,1697,1.70E+12,AGRICULTURA GANADERIA SILVICULTURA Y PESCA,S03
17,CALDAS,2019,1946,1.95E+12,AGRICULTURA GANADERIA SILVICULTURA Y PESCA,S03
17,CALDAS,2020,2159,2.16E+12,AGRICULTURA GANADERIA SILVICULTURA Y PESCA,S03
17,CALDAS,2021,2547,2.55E+12,AGRICULTURA GANADERIA SILVICULTURA Y PESCA,S03
17,CALDAS,2022,3654,3.65E+12,AGRICULTURA GANADERIA SILVICULTURA Y PESCA,S03
17,CALDAS,2023p,3932,3.93E+12,AGRICULTURA GANADERIA SILVICULTURA Y PESCA,S03
17,CALDAS,2024pr,4617,4.62E+12,AGRICULTURA GANADERIA SILVICULTURA Y PESCA,S03
18,CAQUETA,1980,4,4000000000,AGRICULTURA GANADERIA SILVICULTURA Y PESCA,S03
18,CAQUETA,1981,4,4000000000,AGRICULTURA GANADERIA SILVICULTURA Y PESCA,S03
18,CAQUETA,1982,6,6000000000,AGRICULTURA GANADERIA SILVICULTURA Y PESCA,S03
18,CAQUETA,1983,8,8000000000,AGRICULTURA GANADERIA SILVICULTURA Y PESCA,S03
18,CAQUETA,1984,11,11000000000,AGRICULTURA GANADERIA SILVICULTURA Y PESCA,S03
18,CAQUETA,1985,13,13000000000,AGRICULTURA GANADERIA SILVICULTURA Y PESCA,S03
18,CAQUETA,1986,20,20000000000,AGRICULTURA GANADERIA SILVICULTURA Y PESCA,S03
18,CAQUETA,1987,28,28000000000,AGRICULTURA GANADERIA SILVICULTURA Y PESCA,S03
18,CAQUETA,1988,39,39000000000,AGRICULTURA GANADERIA SILVICULTURA Y PESCA,S03
18,CAQUETA,1989,52,52000000000,AGRICULTURA GANADERIA SILVICULTURA Y PESCA,S03
18,CAQUETA,1990,75,75000000000,AGRICULTURA GANADERIA SILVICULTURA Y PESCA,S03
18,CAQUETA,1991,101,1.01E+11,AGRICULTURA GANADERIA SILVICULTURA Y PESCA,S03
18,CAQUETA,1992,121,1.21E+11,AGRICULTURA GANADERIA SILVICULTURA Y PESCA,S03
18,CAQUETA,1993,152,1.52E+11,AGRICULTURA GANADERIA SILVICULTURA Y PESCA,S03
18,CAQUETA,1994,186,1.86E+11,AGRICULTURA GANADERIA SILVICULTURA Y PESCA,S03
18,CAQUETA,1995,187,1.87E+11,AGRICULTURA GANADERIA SILVICULTURA Y PESCA,S03
18,CAQUETA,1996,196,1.96E+11,AGRICULTURA GANADERIA SILVICULTURA Y PESCA,S03
18,CAQUETA,1997,217,2.17E+11,AGRICULTURA GANADERIA SILVICULTURA Y PESCA,S03
18,CAQUETA,1998,256,2.56E+11,AGRICULTURA GANADERIA SILVICULTURA Y PESCA,S03
18,CAQUETA,1999,167,1.67E+11,AGRICULTURA GANADERIA SILVICULTURA Y PESCA,S03
18,CAQUETA,2000,195,1.95E+11,AGRICULTURA GANADERIA SILVICULTURA Y PESCA,S03
18,CAQUETA,2001,229,2.29E+11,AGRICULTURA GANADERIA SILVICULTURA Y PESCA,S03
18,CAQUETA,2002,202,2.02E+11,AGRICULTURA GANADERIA SILVICULTURA Y PESCA,S03
18,CAQUETA,2003,293,2.93E+11,AGRICULTURA GANADERIA SILVICULTURA Y PESCA,S03
18,CAQUETA,2004,262,2.62E+11,AGRICULTURA GANADERIA SILVICULTURA Y PESCA,S03
18,CAQUETA,2005,290,2.90E+11,AGRICULTURA GANADERIA SILVICULTURA Y PESCA,S03
18,CAQUETA,2006,291,2.91E+11,AGRICULTURA GANADERIA SILVICULTURA Y PESCA,S03
18,CAQUETA,2007,337,3.37E+11,AGRICULTURA GANADERIA SILVICULTURA Y PESCA,S03
18,CAQUETA,2008,349,3.49E+11,AGRICULTURA GANADERIA SILVICULTURA Y PESCA,S03
18,CAQUETA,2009,340,3.40E+11,AGRICULTURA GANADERIA SILVICULTURA Y PESCA,S03
18,CAQUETA,2010,314,3.14E+11,AGRICULTURA GANADERIA SILVICULTURA Y PESCA,S03
18,CAQUETA,2011,355,3.55E+11,AGRICULTURA GANADERIA SILVICULTURA Y PESCA,S03
18,CAQUETA,2012,384,3.84E+11,AGRICULTURA GANADERIA SILVICULTURA Y PESCA,S03
18,CAQUETA,2013,375,3.75E+11,AGRICULTURA GANADERIA SILVICULTURA Y PESCA,S03
18,CAQUETA,2014,412,4.12E+11,AGRICULTURA GANADERIA SILVICULTURA Y PESCA,S03
18,CAQUETA,2015,460,4.60E+11,AGRICULTURA GANADERIA SILVICULTURA Y PESCA,S03
18,CAQUETA,2016,550,5.50E+11,AGRICULTURA GANADERIA SILVICULTURA Y PESCA,S03
18,CAQUETA,2017,560,5.60E+11,AGRICULTURA GANADERIA SILVICULTURA Y PESCA,S03
18,CAQUETA,2018,556,5.56E+11,AGRICULTURA GANADERIA SILVICULTURA Y PESCA,S03
18,CAQUETA,2019,603,6.03E+11,AGRICULTURA GANADERIA SILVICULTURA Y PESCA,S03
18,CAQUETA,2020,663,6.63E+11,AGRICULTURA GANADERIA SILVICULTURA Y PESCA,S03
18,CAQUETA,2021,827,8.27E+11,AGRICULTURA GANADERIA SILVICULTURA Y PESCA,S03
18,CAQUETA,2022,1097,1.10E+12,AGRICULTURA GANADERIA SILVICULTURA Y PESCA,S03
18,CAQUETA,2023p,1195,1.20E+12,AGRICULTURA GANADERIA SILVICULTURA Y PESCA,S03
18,CAQUETA,2024pr,1281,1.28E+12,AGRICULTURA GANADERIA SILVICULTURA Y PESCA,S03
19,CAUCA,1980,8,8000000000,AGRICULTURA GANADERIA SILVICULTURA Y PESCA,S03
19,CAUCA,1981,10,10000000000,AGRICULTURA GANADERIA SILVICULTURA Y PESCA,S03
19,CAUCA,1982,12,12000000000,AGRICULTURA GANADERIA SILVICULTURA Y PESCA,S03
19,CAUCA,1983,14,14000000000,AGRICULTURA GANADERIA SILVICULTURA Y PESCA,S03
19,CAUCA,1984,16,16000000000,AGRICULTURA GANADERIA SILVICULTURA Y PESCA,S03
19,CAUCA,1985,21,21000000000,AGRICULTURA GANADERIA SILVICULTURA Y PESCA,S03
19,CAUCA,1986,32,32000000000,AGRICULTURA GANADERIA SILVICULTURA Y PESCA,S03
19,CAUCA,1987,41,41000000000,AGRICULTURA GANADERIA SILVICULTURA Y PESCA,S03
19,CAUCA,1988,51,51000000000,AGRICULTURA GANADERIA SILVICULTURA Y PESCA,S03
19,CAUCA,1989,65,65000000000,AGRICULTURA GANADERIA SILVICULTURA Y PESCA,S03
19,CAUCA,1990,99,99000000000,AGRICULTURA GANADERIA SILVICULTURA Y PESCA,S03
19,CAUCA,1991,131,1.31E+11,AGRICULTURA GANADERIA SILVICULTURA Y PESCA,S03
19,CAUCA,1992,163,1.63E+11,AGRICULTURA GANADERIA SILVICULTURA Y PESCA,S03
19,CAUCA,1993,178,1.78E+11,AGRICULTURA GANADERIA SILVICULTURA Y PESCA,S03
19,CAUCA,1994,203,2.03E+11,AGRICULTURA GANADERIA SILVICULTURA Y PESCA,S03
19,CAUCA,1995,238,2.38E+11,AGRICULTURA GANADERIA SILVICULTURA Y PESCA,S03
19,CAUCA,1996,245,2.45E+11,AGRICULTURA GANADERIA SILVICULTURA Y PESCA,S03
19,CAUCA,1997,309,3.09E+11,AGRICULTURA GANADERIA SILVICULTURA Y PESCA,S03
19,CAUCA,1998,362,3.62E+11,AGRICULTURA GANADERIA SILVICULTURA Y PESCA,S03
19,CAUCA,1999,452,4.52E+11,AGRICULTURA GANADERIA SILVICULTURA Y PESCA,S03
19,CAUCA,2000,541,5.41E+11,AGRICULTURA GANADERIA SILVICULTURA Y PESCA,S03
19,CAUCA,2001,686,6.86E+11,AGRICULTURA GANADERIA SILVICULTURA Y PESCA,S03
19,CAUCA,2002,725,7.25E+11,AGRICULTURA GANADERIA SILVICULTURA Y PESCA,S03
19,CAUCA,2003,633,6.33E+11,AGRICULTURA GANADERIA SILVICULTURA Y PESCA,S03
19,CAUCA,2004,654,6.54E+11,AGRICULTURA GANADERIA SILVICULTURA Y PESCA,S03
19,CAUCA,2005,747,7.47E+11,AGRICULTURA GANADERIA SILVICULTURA Y PESCA,S03
19,CAUCA,2006,825,8.25E+11,AGRICULTURA GANADERIA SILVICULTURA Y PESCA,S03
19,CAUCA,2007,882,8.82E+11,AGRICULTURA GANADERIA SILVICULTURA Y PESCA,S03
19,CAUCA,2008,910,9.10E+11,AGRICULTURA GANADERIA SILVICULTURA Y PESCA,S03
19,CAUCA,2009,818,8.18E+11,AGRICULTURA GANADERIA SILVICULTURA Y PESCA,S03
19,CAUCA,2010,950,9.50E+11,AGRICULTURA GANADERIA SILVICULTURA Y PESCA,S03
19,CAUCA,2011,1108,1.11E+12,AGRICULTURA GANADERIA SILVICULTURA Y PESCA,S03
19,CAUCA,2012,1065,1.07E+12,AGRICULTURA GANADERIA SILVICULTURA Y PESCA,S03
19,CAUCA,2013,1232,1.23E+12,AGRICULTURA GANADERIA SILVICULTURA Y PESCA,S03
19,CAUCA,2014,1422,1.42E+12,AGRICULTURA GANADERIA SILVICULTURA Y PESCA,S03
19,CAUCA,2015,1693,1.69E+12,AGRICULTURA GANADERIA SILVICULTURA Y PESCA,S03
19,CAUCA,2016,2036,2.04E+12,AGRICULTURA GANADERIA SILVICULTURA Y PESCA,S03
19,CAUCA,2017,2111,2.11E+12,AGRICULTURA GANADERIA SILVICULTURA Y PESCA,S03
19,CAUCA,2018,2039,2.04E+12,AGRICULTURA GANADERIA SILVICULTURA Y PESCA,S03
19,CAUCA,2019,2251,2.25E+12,AGRICULTURA GANADERIA SILVICULTURA Y PESCA,S03
19,CAUCA,2020,2470,2.47E+12,AGRICULTURA GANADERIA SILVICULTURA Y PESCA,S03
19,CAUCA,2021,3140,3.14E+12,AGRICULTURA GANADERIA SILVICULTURA Y PESCA,S03
19,CAUCA,2022,4565,4.57E+12,AGRICULTURA GANADERIA SILVICULTURA Y PESCA,S03
19,CAUCA,2023p,4931,4.93E+12,AGRICULTURA GANADERIA SILVICULTURA Y PESCA,S03
19,CAUCA,2024pr,5688,5.69E+12,AGRICULTURA GANADERIA SILVICULTURA Y PESCA,S03
20,CESAR,1980,13,13000000000,AGRICULTURA GANADERIA SILVICULTURA Y PESCA,S03
20,CESAR,1981,17,17000000000,AGRICULTURA GANADERIA SILVICULTURA Y PESCA,S03
20,CESAR,1982,20,20000000000,AGRICULTURA GANADERIA SILVICULTURA Y PESCA,S03
20,CESAR,1983,23,23000000000,AGRICULTURA GANADERIA SILVICULTURA Y PESCA,S03
20,CESAR,1984,29,29000000000,AGRICULTURA GANADERIA SILVICULTURA Y PESCA,S03
20,CESAR,1985,38,38000000000,AGRICULTURA GANADERIA SILVICULTURA Y PESCA,S03
20,CESAR,1986,51,51000000000,AGRICULTURA GANADERIA SILVICULTURA Y PESCA,S03
20,CESAR,1987,72,72000000000,AGRICULTURA GANADERIA SILVICULTURA Y PESCA,S03
20,CESAR,1988,94,94000000000,AGRICULTURA GANADERIA SILVICULTURA Y PESCA,S03
20,CESAR,1989,104,1.04E+11,AGRICULTURA GANADERIA SILVICULTURA Y PESCA,S03
20,CESAR,1990,142,1.42E+11,AGRICULTURA GANADERIA SILVICULTURA Y PESCA,S03
20,CESAR,1991,191,1.91E+11,AGRICULTURA GANADERIA SILVICULTURA Y PESCA,S03
20,CESAR,1992,217,2.17E+11,AGRICULTURA GANADERIA SILVICULTURA Y PESCA,S03
20,CESAR,1993,228,2.28E+11,AGRICULTURA GANADERIA SILVICULTURA Y PESCA,S03
20,CESAR,1994,291,2.91E+11,AGRICULTURA GANADERIA SILVICULTURA Y PESCA,S03
20,CESAR,1995,356,3.56E+11,AGRICULTURA GANADERIA SILVICULTURA Y PESCA,S03
20,CESAR,1996,376,3.76E+11,AGRICULTURA GANADERIA SILVICULTURA Y PESCA,S03
20,CESAR,1997,392,3.92E+11,AGRICULTURA GANADERIA SILVICULTURA Y PESCA,S03
20,CESAR,1998,484,4.84E+11,AGRICULTURA GANADERIA SILVICULTURA Y PESCA,S03
20,CESAR,1999,506,5.06E+11,AGRICULTURA GANADERIA SILVICULTURA Y PESCA,S03
20,CESAR,2000,578,5.78E+11,AGRICULTURA GANADERIA SILVICULTURA Y PESCA,S03
20,CESAR,2001,590,5.90E+11,AGRICULTURA GANADERIA SILVICULTURA Y PESCA,S03
20,CESAR,2002,641,6.41E+11,AGRICULTURA GANADERIA SILVICULTURA Y PESCA,S03
20,CESAR,2003,668,6.68E+11,AGRICULTURA GANADERIA SILVICULTURA Y PESCA,S03
20,CESAR,2004,827,8.27E+11,AGRICULTURA GANADERIA SILVICULTURA Y PESCA,S03
20,CESAR,2005,884,8.84E+11,AGRICULTURA GANADERIA SILVICULTURA Y PESCA,S03
20,CESAR,2006,970,9.70E+11,AGRICULTURA GANADERIA SILVICULTURA Y PESCA,S03
20,CESAR,2007,1051,1.05E+12,AGRICULTURA GANADERIA SILVICULTURA Y PESCA,S03
20,CESAR,2008,1094,1.09E+12,AGRICULTURA GANADERIA SILVICULTURA Y PESCA,S03
20,CESAR,2009,1098,1.10E+12,AGRICULTURA GANADERIA SILVICULTURA Y PESCA,S03
20,CESAR,2010,1015,1.02E+12,AGRICULTURA GANADERIA SILVICULTURA Y PESCA,S03
20,CESAR,2011,1108,1.11E+12,AGRICULTURA GANADERIA SILVICULTURA Y PESCA,S03
20,CESAR,2012,1119,1.12E+12,AGRICULTURA GANADERIA SILVICULTURA Y PESCA,S03
20,CESAR,2013,1062,1.06E+12,AGRICULTURA GANADERIA SILVICULTURA Y PESCA,S03
20,CESAR,2014,1153,1.15E+12,AGRICULTURA GANADERIA SILVICULTURA Y PESCA,S03
20,CESAR,2015,1256,1.26E+12,AGRICULTURA GANADERIA SILVICULTURA Y PESCA,S03
20,CESAR,2016,1428,1.43E+12,AGRICULTURA GANADERIA SILVICULTURA Y PESCA,S03
20,CESAR,2017,1527,1.53E+12,AGRICULTURA GANADERIA SILVICULTURA Y PESCA,S03
20,CESAR,2018,1460,1.46E+12,AGRICULTURA GANADERIA SILVICULTURA Y PESCA,S03
20,CESAR,2019,1628,1.63E+12,AGRICULTURA GANADERIA SILVICULTURA Y PESCA,S03
20,CESAR,2020,1790,1.79E+12,AGRICULTURA GANADERIA SILVICULTURA Y PESCA,S03
20,CESAR,2021,2245,2.25E+12,AGRICULTURA GANADERIA SILVICULTURA Y PESCA,S03
20,CESAR,2022,3145,3.15E+12,AGRICULTURA GANADERIA SILVICULTURA Y PESCA,S03
20,CESAR,2023p,3344,3.34E+12,AGRICULTURA GANADERIA SILVICULTURA Y PESCA,S03
20,CESAR,2024pr,3632,3.63E+12,AGRICULTURA GANADERIA SILVICULTURA Y PESCA,S03
27,CHOCO,1980,2,2000000000,AGRICULTURA GANADERIA SILVICULTURA Y PESCA,S03
27,CHOCO,1981,2,2000000000,AGRICULTURA GANADERIA SILVICULTURA Y PESCA,S03
27,CHOCO,1982,3,3000000000,AGRICULTURA GANADERIA SILVICULTURA Y PESCA,S03
27,CHOCO,1983,4,4000000000,AGRICULTURA GANADERIA SILVICULTURA Y PESCA,S03
27,CHOCO,1984,6,6000000000,AGRICULTURA GANADERIA SILVICULTURA Y PESCA,S03
27,CHOCO,1985,8,8000000000,AGRICULTURA GANADERIA SILVICULTURA Y PESCA,S03
27,CHOCO,1986,10,10000000000,AGRICULTURA GANADERIA SILVICULTURA Y PESCA,S03
27,CHOCO,1987,14,14000000000,AGRICULTURA GANADERIA SILVICULTURA Y PESCA,S03
27,CHOCO,1988,18,18000000000,AGRICULTURA GANADERIA SILVICULTURA Y PESCA,S03
27,CHOCO,1989,28,28000000000,AGRICULTURA GANADERIA SILVICULTURA Y PESCA,S03
27,CHOCO,1990,44,44000000000,AGRICULTURA GANADERIA SILVICULTURA Y PESCA,S03
27,CHOCO,1991,36,36000000000,AGRICULTURA GANADERIA SILVICULTURA Y PESCA,S03
27,CHOCO,1992,44,44000000000,AGRICULTURA GANADERIA SILVICULTURA Y PESCA,S03
27,CHOCO,1993,44,44000000000,AGRICULTURA GANADERIA SILVICULTURA Y PESCA,S03
27,CHOCO,1994,75,75000000000,AGRICULTURA GANADERIA SILVICULTURA Y PESCA,S03
27,CHOCO,1995,91,91000000000,AGRICULTURA GANADERIA SILVICULTURA Y PESCA,S03
27,CHOCO,1996,103,1.03E+11,AGRICULTURA GANADERIA SILVICULTURA Y PESCA,S03
27,CHOCO,1997,124,1.24E+11,AGRICULTURA GANADERIA SILVICULTURA Y PESCA,S03
27,CHOCO,1998,157,1.57E+11,AGRICULTURA GANADERIA SILVICULTURA Y PESCA,S03
27,CHOCO,1999,149,1.49E+11,AGRICULTURA GANADERIA SILVICULTURA Y PESCA,S03
27,CHOCO,2000,150,1.50E+11,AGRICULTURA GANADERIA SILVICULTURA Y PESCA,S03
27,CHOCO,2001,147,1.47E+11,AGRICULTURA GANADERIA SILVICULTURA Y PESCA,S03
27,CHOCO,2002,158,1.58E+11,AGRICULTURA GANADERIA SILVICULTURA Y PESCA,S03
27,CHOCO,2003,188,1.88E+11,AGRICULTURA GANADERIA SILVICULTURA Y PESCA,S03
27,CHOCO,2004,284,2.84E+11,AGRICULTURA GANADERIA SILVICULTURA Y PESCA,S03
27,CHOCO,2005,315,3.15E+11,AGRICULTURA GANADERIA SILVICULTURA Y PESCA,S03
27,CHOCO,2006,305,3.05E+11,AGRICULTURA GANADERIA SILVICULTURA Y PESCA,S03
27,CHOCO,2007,335,3.35E+11,AGRICULTURA GANADERIA SILVICULTURA Y PESCA,S03
27,CHOCO,2008,375,3.75E+11,AGRICULTURA GANADERIA SILVICULTURA Y PESCA,S03
27,CHOCO,2009,368,3.68E+11,AGRICULTURA GANADERIA SILVICULTURA Y PESCA,S03
27,CHOCO,2010,342,3.42E+11,AGRICULTURA GANADERIA SILVICULTURA Y PESCA,S03
27,CHOCO,2011,378,3.78E+11,AGRICULTURA GANADERIA SILVICULTURA Y PESCA,S03
27,CHOCO,2012,403,4.03E+11,AGRICULTURA GANADERIA SILVICULTURA Y PESCA,S03
27,CHOCO,2013,438,4.38E+11,AGRICULTURA GANADERIA SILVICULTURA Y PESCA,S03
27,CHOCO,2014,485,4.85E+11,AGRICULTURA GANADERIA SILVICULTURA Y PESCA,S03
27,CHOCO,2015,582,5.82E+11,AGRICULTURA GANADERIA SILVICULTURA Y PESCA,S03
27,CHOCO,2016,698,6.98E+11,AGRICULTURA GANADERIA SILVICULTURA Y PESCA,S03
27,CHOCO,2017,709,7.09E+11,AGRICULTURA GANADERIA SILVICULTURA Y PESCA,S03
27,CHOCO,2018,723,7.23E+11,AGRICULTURA GANADERIA SILVICULTURA Y PESCA,S03
27,CHOCO,2019,769,7.69E+11,AGRICULTURA GANADERIA SILVICULTURA Y PESCA,S03
27,CHOCO,2020,854,8.54E+11,AGRICULTURA GANADERIA SILVICULTURA Y PESCA,S03
27,CHOCO,2021,1101,1.10E+12,AGRICULTURA GANADERIA SILVICULTURA Y PESCA,S03
27,CHOCO,2022,1458,1.46E+12,AGRICULTURA GANADERIA SILVICULTURA Y PESCA,S03
27,CHOCO,2023p,1640,1.64E+12,AGRICULTURA GANADERIA SILVICULTURA Y PESCA,S03
27,CHOCO,2024pr,1816,1.82E+12,AGRICULTURA GANADERIA SILVICULTURA Y PESCA,S03
23,CORDOBA,1980,13,13000000000,AGRICULTURA GANADERIA SILVICULTURA Y PESCA,S03
23,CORDOBA,1981,16,16000000000,AGRICULTURA GANADERIA SILVICULTURA Y PESCA,S03
23,CORDOBA,1982,19,19000000000,AGRICULTURA GANADERIA SILVICULTURA Y PESCA,S03
23,CORDOBA,1983,22,22000000000,AGRICULTURA GANADERIA SILVICULTURA Y PESCA,S03
23,CORDOBA,1984,26,26000000000,AGRICULTURA GANADERIA SILVICULTURA Y PESCA,S03
23,CORDOBA,1985,33,33000000000,AGRICULTURA GANADERIA SILVICULTURA Y PESCA,S03
23,CORDOBA,1986,41,41000000000,AGRICULTURA GANADERIA SILVICULTURA Y PESCA,S03
23,CORDOBA,1987,57,57000000000,AGRICULTURA GANADERIA SILVICULTURA Y PESCA,S03
23,CORDOBA,1988,69,69000000000,AGRICULTURA GANADERIA SILVICULTURA Y PESCA,S03
23,CORDOBA,1989,85,85000000000,AGRICULTURA GANADERIA SILVICULTURA Y PESCA,S03
23,CORDOBA,1990,103,1.03E+11,AGRICULTURA GANADERIA SILVICULTURA Y PESCA,S03
23,CORDOBA,1991,144,1.44E+11,AGRICULTURA GANADERIA SILVICULTURA Y PESCA,S03
23,CORDOBA,1992,191,1.91E+11,AGRICULTURA GANADERIA SILVICULTURA Y PESCA,S03
23,CORDOBA,1993,225,2.25E+11,AGRICULTURA GANADERIA SILVICULTURA Y PESCA,S03
23,CORDOBA,1994,280,2.80E+11,AGRICULTURA GANADERIA SILVICULTURA Y PESCA,S03
23,CORDOBA,1995,329,3.29E+11,AGRICULTURA GANADERIA SILVICULTURA Y PESCA,S03
23,CORDOBA,1996,355,3.55E+11,AGRICULTURA GANADERIA SILVICULTURA Y PESCA,S03
23,CORDOBA,1997,415,4.15E+11,AGRICULTURA GANADERIA SILVICULTURA Y PESCA,S03
23,CORDOBA,1998,578,5.78E+11,AGRICULTURA GANADERIA SILVICULTURA Y PESCA,S03
23,CORDOBA,1999,651,6.51E+11,AGRICULTURA GANADERIA SILVICULTURA Y PESCA,S03
23,CORDOBA,2000,758,7.58E+11,AGRICULTURA GANADERIA SILVICULTURA Y PESCA,S03
23,CORDOBA,2001,803,8.03E+11,AGRICULTURA GANADERIA SILVICULTURA Y PESCA,S03
23,CORDOBA,2002,769,7.69E+11,AGRICULTURA GANADERIA SILVICULTURA Y PESCA,S03
23,CORDOBA,2003,936,9.36E+11,AGRICULTURA GANADERIA SILVICULTURA Y PESCA,S03
23,CORDOBA,2004,966,9.66E+11,AGRICULTURA GANADERIA SILVICULTURA Y PESCA,S03
23,CORDOBA,2005,863,8.63E+11,AGRICULTURA GANADERIA SILVICULTURA Y PESCA,S03
23,CORDOBA,2006,1005,1.01E+12,AGRICULTURA GANADERIA SILVICULTURA Y PESCA,S03
23,CORDOBA,2007,1265,1.27E+12,AGRICULTURA GANADERIA SILVICULTURA Y PESCA,S03
23,CORDOBA,2008,1184,1.18E+12,AGRICULTURA GANADERIA SILVICULTURA Y PESCA,S03
23,CORDOBA,2009,1189,1.19E+12,AGRICULTURA GANADERIA SILVICULTURA Y PESCA,S03
23,CORDOBA,2010,1178,1.18E+12,AGRICULTURA GANADERIA SILVICULTURA Y PESCA,S03
23,CORDOBA,2011,1203,1.20E+12,AGRICULTURA GANADERIA SILVICULTURA Y PESCA,S03
23,CORDOBA,2012,1206,1.21E+12,AGRICULTURA GANADERIA SILVICULTURA Y PESCA,S03
23,CORDOBA,2013,1176,1.18E+12,AGRICULTURA GANADERIA SILVICULTURA Y PESCA,S03
23,CORDOBA,2014,1338,1.34E+12,AGRICULTURA GANADERIA SILVICULTURA Y PESCA,S03
23,CORDOBA,2015,1543,1.54E+12,AGRICULTURA GANADERIA SILVICULTURA Y PESCA,S03
23,CORDOBA,2016,1659,1.66E+12,AGRICULTURA GANADERIA SILVICULTURA Y PESCA,S03
23,CORDOBA,2017,1695,1.70E+12,AGRICULTURA GANADERIA SILVICULTURA Y PESCA,S03
23,CORDOBA,2018,1819,1.82E+12,AGRICULTURA GANADERIA SILVICULTURA Y PESCA,S03
23,CORDOBA,2019,1921,1.92E+12,AGRICULTURA GANADERIA SILVICULTURA Y PESCA,S03
23,CORDOBA,2020,2121,2.12E+12,AGRICULTURA GANADERIA SILVICULTURA Y PESCA,S03
23,CORDOBA,2021,2601,2.60E+12,AGRICULTURA GANADERIA SILVICULTURA Y PESCA,S03
23,CORDOBA,2022,3703,3.70E+12,AGRICULTURA GANADERIA SILVICULTURA Y PESCA,S03
23,CORDOBA,2023p,3943,3.94E+12,AGRICULTURA GANADERIA SILVICULTURA Y PESCA,S03
23,CORDOBA,2024pr,4326,4.33E+12,AGRICULTURA GANADERIA SILVICULTURA Y PESCA,S03
25,CUNDINAMARCA,1980,28,28000000000,AGRICULTURA GANADERIA SILVICULTURA Y PESCA,S03
25,CUNDINAMARCA,1981,34,34000000000,AGRICULTURA GANADERIA SILVICULTURA Y PESCA,S03
25,CUNDINAMARCA,1982,45,45000000000,AGRICULTURA GANADERIA SILVICULTURA Y PESCA,S03
25,CUNDINAMARCA,1983,54,54000000000,AGRICULTURA GANADERIA SILVICULTURA Y PESCA,S03
25,CUNDINAMARCA,1984,65,65000000000,AGRICULTURA GANADERIA SILVICULTURA Y PESCA,S03
25,CUNDINAMARCA,1985,81,81000000000,AGRICULTURA GANADERIA SILVICULTURA Y PESCA,S03
25,CUNDINAMARCA,1986,114,1.14E+11,AGRICULTURA GANADERIA SILVICULTURA Y PESCA,S03
25,CUNDINAMARCA,1987,143,1.43E+11,AGRICULTURA GANADERIA SILVICULTURA Y PESCA,S03
25,CUNDINAMARCA,1988,187,1.87E+11,AGRICULTURA GANADERIA SILVICULTURA Y PESCA,S03
25,CUNDINAMARCA,1989,232,2.32E+11,AGRICULTURA GANADERIA SILVICULTURA Y PESCA,S03
25,CUNDINAMARCA,1990,305,3.05E+11,AGRICULTURA GANADERIA SILVICULTURA Y PESCA,S03
25,CUNDINAMARCA,1991,415,4.15E+11,AGRICULTURA GANADERIA SILVICULTURA Y PESCA,S03
25,CUNDINAMARCA,1992,506,5.06E+11,AGRICULTURA GANADERIA SILVICULTURA Y PESCA,S03
25,CUNDINAMARCA,1993,615,6.15E+11,AGRICULTURA GANADERIA SILVICULTURA Y PESCA,S03
25,CUNDINAMARCA,1994,765,7.65E+11,AGRICULTURA GANADERIA SILVICULTURA Y PESCA,S03
25,CUNDINAMARCA,1995,946,9.46E+11,AGRICULTURA GANADERIA SILVICULTURA Y PESCA,S03
25,CUNDINAMARCA,1996,1109,1.11E+12,AGRICULTURA GANADERIA SILVICULTURA Y PESCA,S03
25,CUNDINAMARCA,1997,1336,1.34E+12,AGRICULTURA GANADERIA SILVICULTURA Y PESCA,S03
25,CUNDINAMARCA,1998,1597,1.60E+12,AGRICULTURA GANADERIA SILVICULTURA Y PESCA,S03
25,CUNDINAMARCA,1999,1729,1.73E+12,AGRICULTURA GANADERIA SILVICULTURA Y PESCA,S03
25,CUNDINAMARCA,2000,2021,2.02E+12,AGRICULTURA GANADERIA SILVICULTURA Y PESCA,S03
25,CUNDINAMARCA,2001,2362,2.36E+12,AGRICULTURA GANADERIA SILVICULTURA Y PESCA,S03
25,CUNDINAMARCA,2002,2709,2.71E+12,AGRICULTURA GANADERIA SILVICULTURA Y PESCA,S03
25,CUNDINAMARCA,2003,2957,2.96E+12,AGRICULTURA GANADERIA SILVICULTURA Y PESCA,S03
25,CUNDINAMARCA,2004,2709,2.71E+12,AGRICULTURA GANADERIA SILVICULTURA Y PESCA,S03
25,CUNDINAMARCA,2005,3173,3.17E+12,AGRICULTURA GANADERIA SILVICULTURA Y PESCA,S03
25,CUNDINAMARCA,2006,3319,3.32E+12,AGRICULTURA GANADERIA SILVICULTURA Y PESCA,S03
25,CUNDINAMARCA,2007,3526,3.53E+12,AGRICULTURA GANADERIA SILVICULTURA Y PESCA,S03
25,CUNDINAMARCA,2008,3902,3.90E+12,AGRICULTURA GANADERIA SILVICULTURA Y PESCA,S03
25,CUNDINAMARCA,2009,4204,4.20E+12,AGRICULTURA GANADERIA SILVICULTURA Y PESCA,S03
25,CUNDINAMARCA,2010,4431,4.43E+12,AGRICULTURA GANADERIA SILVICULTURA Y PESCA,S03
25,CUNDINAMARCA,2011,4675,4.68E+12,AGRICULTURA GANADERIA SILVICULTURA Y PESCA,S03
25,CUNDINAMARCA,2012,4656,4.66E+12,AGRICULTURA GANADERIA SILVICULTURA Y PESCA,S03
25,CUNDINAMARCA,2013,4851,4.85E+12,AGRICULTURA GANADERIA SILVICULTURA Y PESCA,S03
25,CUNDINAMARCA,2014,5547,5.55E+12,AGRICULTURA GANADERIA SILVICULTURA Y PESCA,S03
25,CUNDINAMARCA,2015,6300,6.30E+12,AGRICULTURA GANADERIA SILVICULTURA Y PESCA,S03
25,CUNDINAMARCA,2016,7212,7.21E+12,AGRICULTURA GANADERIA SILVICULTURA Y PESCA,S03
25,CUNDINAMARCA,2017,7272,7.27E+12,AGRICULTURA GANADERIA SILVICULTURA Y PESCA,S03
25,CUNDINAMARCA,2018,7655,7.66E+12,AGRICULTURA GANADERIA SILVICULTURA Y PESCA,S03
25,CUNDINAMARCA,2019,8276,8.28E+12,AGRICULTURA GANADERIA SILVICULTURA Y PESCA,S03
25,CUNDINAMARCA,2020,9101,9.10E+12,AGRICULTURA GANADERIA SILVICULTURA Y PESCA,S03
25,CUNDINAMARCA,2021,11322,1.13E+13,AGRICULTURA GANADERIA SILVICULTURA Y PESCA,S03
25,CUNDINAMARCA,2022,15524,1.55E+13,AGRICULTURA GANADERIA SILVICULTURA Y PESCA,S03
25,CUNDINAMARCA,2023p,16424,1.64E+13,AGRICULTURA GANADERIA SILVICULTURA Y PESCA,S03
25,CUNDINAMARCA,2024pr,18686,1.87E+13,AGRICULTURA GANADERIA SILVICULTURA Y PESCA,S03
41,HUILA,1980,10,10000000000,AGRICULTURA GANADERIA SILVICULTURA Y PESCA,S03
41,HUILA,1981,11,11000000000,AGRICULTURA GANADERIA SILVICULTURA Y PESCA,S03
41,HUILA,1982,14,14000000000,AGRICULTURA GANADERIA SILVICULTURA Y PESCA,S03
41,HUILA,1983,17,17000000000,AGRICULTURA GANADERIA SILVICULTURA Y PESCA,S03
41,HUILA,1984,20,20000000000,AGRICULTURA GANADERIA SILVICULTURA Y PESCA,S03
41,HUILA,1985,26,26000000000,AGRICULTURA GANADERIA SILVICULTURA Y PESCA,S03
41,HUILA,1986,34,34000000000,AGRICULTURA GANADERIA SILVICULTURA Y PESCA,S03
41,HUILA,1987,46,46000000000,AGRICULTURA GANADERIA SILVICULTURA Y PESCA,S03
41,HUILA,1988,61,61000000000,AGRICULTURA GANADERIA SILVICULTURA Y PESCA,S03
41,HUILA,1989,74,74000000000,AGRICULTURA GANADERIA SILVICULTURA Y PESCA,S03
41,HUILA,1990,103,1.03E+11,AGRICULTURA GANADERIA SILVICULTURA Y PESCA,S03
41,HUILA,1991,147,1.47E+11,AGRICULTURA GANADERIA SILVICULTURA Y PESCA,S03
41,HUILA,1992,157,1.57E+11,AGRICULTURA GANADERIA SILVICULTURA Y PESCA,S03
41,HUILA,1993,192,1.92E+11,AGRICULTURA GANADERIA SILVICULTURA Y PESCA,S03
41,HUILA,1994,262,2.62E+11,AGRICULTURA GANADERIA SILVICULTURA Y PESCA,S03
41,HUILA,1995,277,2.77E+11,AGRICULTURA GANADERIA SILVICULTURA Y PESCA,S03
41,HUILA,1996,272,2.72E+11,AGRICULTURA GANADERIA SILVICULTURA Y PESCA,S03
41,HUILA,1997,301,3.01E+11,AGRICULTURA GANADERIA SILVICULTURA Y PESCA,S03
41,HUILA,1998,323,3.23E+11,AGRICULTURA GANADERIA SILVICULTURA Y PESCA,S03
41,HUILA,1999,337,3.37E+11,AGRICULTURA GANADERIA SILVICULTURA Y PESCA,S03
41,HUILA,2000,489,4.89E+11,AGRICULTURA GANADERIA SILVICULTURA Y PESCA,S03
41,HUILA,2001,514,5.14E+11,AGRICULTURA GANADERIA SILVICULTURA Y PESCA,S03
41,HUILA,2002,605,6.05E+11,AGRICULTURA GANADERIA SILVICULTURA Y PESCA,S03
41,HUILA,2003,754,7.54E+11,AGRICULTURA GANADERIA SILVICULTURA Y PESCA,S03
41,HUILA,2004,992,9.92E+11,AGRICULTURA GANADERIA SILVICULTURA Y PESCA,S03
41,HUILA,2005,1012,1.01E+12,AGRICULTURA GANADERIA SILVICULTURA Y PESCA,S03
41,HUILA,2006,1124,1.12E+12,AGRICULTURA GANADERIA SILVICULTURA Y PESCA,S03
41,HUILA,2007,1216,1.22E+12,AGRICULTURA GANADERIA SILVICULTURA Y PESCA,S03
41,HUILA,2008,1250,1.25E+12,AGRICULTURA GANADERIA SILVICULTURA Y PESCA,S03
41,HUILA,2009,1265,1.27E+12,AGRICULTURA GANADERIA SILVICULTURA Y PESCA,S03
41,HUILA,2010,1460,1.46E+12,AGRICULTURA GANADERIA SILVICULTURA Y PESCA,S03
41,HUILA,2011,1684,1.68E+12,AGRICULTURA GANADERIA SILVICULTURA Y PESCA,S03
41,HUILA,2012,1431,1.43E+12,AGRICULTURA GANADERIA SILVICULTURA Y PESCA,S03
41,HUILA,2013,1534,1.53E+12,AGRICULTURA GANADERIA SILVICULTURA Y PESCA,S03
41,HUILA,2014,1853,1.85E+12,AGRICULTURA GANADERIA SILVICULTURA Y PESCA,S03
41,HUILA,2015,2112,2.11E+12,AGRICULTURA GANADERIA SILVICULTURA Y PESCA,S03
41,HUILA,2016,2585,2.59E+12,AGRICULTURA GANADERIA SILVICULTURA Y PESCA,S03
41,HUILA,2017,2631,2.63E+12,AGRICULTURA GANADERIA SILVICULTURA Y PESCA,S03
41,HUILA,2018,2599,2.60E+12,AGRICULTURA GANADERIA SILVICULTURA Y PESCA,S03
41,HUILA,2019,2889,2.89E+12,AGRICULTURA GANADERIA SILVICULTURA Y PESCA,S03
41,HUILA,2020,3216,3.22E+12,AGRICULTURA GANADERIA SILVICULTURA Y PESCA,S03
41,HUILA,2021,3856,3.86E+12,AGRICULTURA GANADERIA SILVICULTURA Y PESCA,S03
41,HUILA,2022,5642,5.64E+12,AGRICULTURA GANADERIA SILVICULTURA Y PESCA,S03
41,HUILA,2023p,6032,6.03E+12,AGRICULTURA GANADERIA SILVICULTURA Y PESCA,S03
41,HUILA,2024pr,7044,7.04E+12,AGRICULTURA GANADERIA SILVICULTURA Y PESCA,S03
44,LA GUAJIRA,1980,3,3000000000,AGRICULTURA GANADERIA SILVICULTURA Y PESCA,S03
44,LA GUAJIRA,1981,3,3000000000,AGRICULTURA GANADERIA SILVICULTURA Y PESCA,S03
44,LA GUAJIRA,1982,4,4000000000,AGRICULTURA GANADERIA SILVICULTURA Y PESCA,S03
44,LA GUAJIRA,1983,5,5000000000,AGRICULTURA GANADERIA SILVICULTURA Y PESCA,S03
44,LA GUAJIRA,1984,6,6000000000,AGRICULTURA GANADERIA SILVICULTURA Y PESCA,S03
44,LA GUAJIRA,1985,9,9000000000,AGRICULTURA GANADERIA SILVICULTURA Y PESCA,S03
44,LA GUAJIRA,1986,12,12000000000,AGRICULTURA GANADERIA SILVICULTURA Y PESCA,S03
44,LA GUAJIRA,1987,17,17000000000,AGRICULTURA GANADERIA SILVICULTURA Y PESCA,S03
44,LA GUAJIRA,1988,20,20000000000,AGRICULTURA GANADERIA SILVICULTURA Y PESCA,S03
44,LA GUAJIRA,1989,26,26000000000,AGRICULTURA GANADERIA SILVICULTURA Y PESCA,S03
44,LA GUAJIRA,1990,33,33000000000,AGRICULTURA GANADERIA SILVICULTURA Y PESCA,S03
44,LA GUAJIRA,1991,42,42000000000,AGRICULTURA GANADERIA SILVICULTURA Y PESCA,S03
44,LA GUAJIRA,1992,48,48000000000,AGRICULTURA GANADERIA SILVICULTURA Y PESCA,S03
44,LA GUAJIRA,1993,59,59000000000,AGRICULTURA GANADERIA SILVICULTURA Y PESCA,S03
44,LA GUAJIRA,1994,74,74000000000,AGRICULTURA GANADERIA SILVICULTURA Y PESCA,S03
44,LA GUAJIRA,1995,92,92000000000,AGRICULTURA GANADERIA SILVICULTURA Y PESCA,S03
44,LA GUAJIRA,1996,94,94000000000,AGRICULTURA GANADERIA SILVICULTURA Y PESCA,S03
44,LA GUAJIRA,1997,125,1.25E+11,AGRICULTURA GANADERIA SILVICULTURA Y PESCA,S03
44,LA GUAJIRA,1998,133,1.33E+11,AGRICULTURA GANADERIA SILVICULTURA Y PESCA,S03
44,LA GUAJIRA,1999,132,1.32E+11,AGRICULTURA GANADERIA SILVICULTURA Y PESCA,S03
44,LA GUAJIRA,2000,134,1.34E+11,AGRICULTURA GANADERIA SILVICULTURA Y PESCA,S03
44,LA GUAJIRA,2001,153,1.53E+11,AGRICULTURA GANADERIA SILVICULTURA Y PESCA,S03
44,LA GUAJIRA,2002,169,1.69E+11,AGRICULTURA GANADERIA SILVICULTURA Y PESCA,S03
44,LA GUAJIRA,2003,160,1.60E+11,AGRICULTURA GANADERIA SILVICULTURA Y PESCA,S03
44,LA GUAJIRA,2004,229,2.29E+11,AGRICULTURA GANADERIA SILVICULTURA Y PESCA,S03
44,LA GUAJIRA,2005,282,2.82E+11,AGRICULTURA GANADERIA SILVICULTURA Y PESCA,S03
44,LA GUAJIRA,2006,317,3.17E+11,AGRICULTURA GANADERIA SILVICULTURA Y PESCA,S03
44,LA GUAJIRA,2007,354,3.54E+11,AGRICULTURA GANADERIA SILVICULTURA Y PESCA,S03
44,LA GUAJIRA,2008,318,3.18E+11,AGRICULTURA GANADERIA SILVICULTURA Y PESCA,S03
44,LA GUAJIRA,2009,313,3.13E+11,AGRICULTURA GANADERIA SILVICULTURA Y PESCA,S03
44,LA GUAJIRA,2010,308,3.08E+11,AGRICULTURA GANADERIA SILVICULTURA Y PESCA,S03
44,LA GUAJIRA,2011,327,3.27E+11,AGRICULTURA GANADERIA SILVICULTURA Y PESCA,S03
44,LA GUAJIRA,2012,353,3.53E+11,AGRICULTURA GANADERIA SILVICULTURA Y PESCA,S03
44,LA GUAJIRA,2013,323,3.23E+11,AGRICULTURA GANADERIA SILVICULTURA Y PESCA,S03
44,LA GUAJIRA,2014,306,3.06E+11,AGRICULTURA GANADERIA SILVICULTURA Y PESCA,S03
44,LA GUAJIRA,2015,326,3.26E+11,AGRICULTURA GANADERIA SILVICULTURA Y PESCA,S03
44,LA GUAJIRA,2016,371,3.71E+11,AGRICULTURA GANADERIA SILVICULTURA Y PESCA,S03
44,LA GUAJIRA,2017,410,4.10E+11,AGRICULTURA GANADERIA SILVICULTURA Y PESCA,S03
44,LA GUAJIRA,2018,427,4.27E+11,AGRICULTURA GANADERIA SILVICULTURA Y PESCA,S03
44,LA GUAJIRA,2019,468,4.68E+11,AGRICULTURA GANADERIA SILVICULTURA Y PESCA,S03
44,LA GUAJIRA,2020,506,5.06E+11,AGRICULTURA GANADERIA SILVICULTURA Y PESCA,S03
44,LA GUAJIRA,2021,614,6.14E+11,AGRICULTURA GANADERIA SILVICULTURA Y PESCA,S03
44,LA GUAJIRA,2022,849,8.49E+11,AGRICULTURA GANADERIA SILVICULTURA Y PESCA,S03
44,LA GUAJIRA,2023p,923,9.23E+11,AGRICULTURA GANADERIA SILVICULTURA Y PESCA,S03
44,LA GUAJIRA,2024pr,1001,1.00E+12,AGRICULTURA GANADERIA SILVICULTURA Y PESCA,S03
47,MAGDALENA,1980,8,8000000000,AGRICULTURA GANADERIA SILVICULTURA Y PESCA,S03
47,MAGDALENA,1981,11,11000000000,AGRICULTURA GANADERIA SILVICULTURA Y PESCA,S03
47,MAGDALENA,1982,14,14000000000,AGRICULTURA GANADERIA SILVICULTURA Y PESCA,S03
47,MAGDALENA,1983,17,17000000000,AGRICULTURA GANADERIA SILVICULTURA Y PESCA,S03
47,MAGDALENA,1984,21,21000000000,AGRICULTURA GANADERIA SILVICULTURA Y PESCA,S03
47,MAGDALENA,1985,25,25000000000,AGRICULTURA GANADERIA SILVICULTURA Y PESCA,S03
47,MAGDALENA,1986,34,34000000000,AGRICULTURA GANADERIA SILVICULTURA Y PESCA,S03
47,MAGDALENA,1987,48,48000000000,AGRICULTURA GANADERIA SILVICULTURA Y PESCA,S03
47,MAGDALENA,1988,63,63000000000,AGRICULTURA GANADERIA SILVICULTURA Y PESCA,S03
47,MAGDALENA,1989,82,82000000000,AGRICULTURA GANADERIA SILVICULTURA Y PESCA,S03
47,MAGDALENA,1990,110,1.10E+11,AGRICULTURA GANADERIA SILVICULTURA Y PESCA,S03
47,MAGDALENA,1991,154,1.54E+11,AGRICULTURA GANADERIA SILVICULTURA Y PESCA,S03
47,MAGDALENA,1992,194,1.94E+11,AGRICULTURA GANADERIA SILVICULTURA Y PESCA,S03
47,MAGDALENA,1993,227,2.27E+11,AGRICULTURA GANADERIA SILVICULTURA Y PESCA,S03
47,MAGDALENA,1994,307,3.07E+11,AGRICULTURA GANADERIA SILVICULTURA Y PESCA,S03
47,MAGDALENA,1995,348,3.48E+11,AGRICULTURA GANADERIA SILVICULTURA Y PESCA,S03
47,MAGDALENA,1996,396,3.96E+11,AGRICULTURA GANADERIA SILVICULTURA Y PESCA,S03
47,MAGDALENA,1997,450,4.50E+11,AGRICULTURA GANADERIA SILVICULTURA Y PESCA,S03
47,MAGDALENA,1998,531,5.31E+11,AGRICULTURA GANADERIA SILVICULTURA Y PESCA,S03
47,MAGDALENA,1999,563,5.63E+11,AGRICULTURA GANADERIA SILVICULTURA Y PESCA,S03
47,MAGDALENA,2000,618,6.18E+11,AGRICULTURA GANADERIA SILVICULTURA Y PESCA,S03
47,MAGDALENA,2001,752,7.52E+11,AGRICULTURA GANADERIA SILVICULTURA Y PESCA,S03
47,MAGDALENA,2002,781,7.81E+11,AGRICULTURA GANADERIA SILVICULTURA Y PESCA,S03
47,MAGDALENA,2003,779,7.79E+11,AGRICULTURA GANADERIA SILVICULTURA Y PESCA,S03
47,MAGDALENA,2004,851,8.51E+11,AGRICULTURA GANADERIA SILVICULTURA Y PESCA,S03
47,MAGDALENA,2005,922,9.22E+11,AGRICULTURA GANADERIA SILVICULTURA Y PESCA,S03
47,MAGDALENA,2006,964,9.64E+11,AGRICULTURA GANADERIA SILVICULTURA Y PESCA,S03
47,MAGDALENA,2007,1018,1.02E+12,AGRICULTURA GANADERIA SILVICULTURA Y PESCA,S03
47,MAGDALENA,2008,1154,1.15E+12,AGRICULTURA GANADERIA SILVICULTURA Y PESCA,S03
47,MAGDALENA,2009,1243,1.24E+12,AGRICULTURA GANADERIA SILVICULTURA Y PESCA,S03
47,MAGDALENA,2010,1177,1.18E+12,AGRICULTURA GANADERIA SILVICULTURA Y PESCA,S03
47,MAGDALENA,2011,1269,1.27E+12,AGRICULTURA GANADERIA SILVICULTURA Y PESCA,S03
47,MAGDALENA,2012,1328,1.33E+12,AGRICULTURA GANADERIA SILVICULTURA Y PESCA,S03
47,MAGDALENA,2013,1266,1.27E+12,AGRICULTURA GANADERIA SILVICULTURA Y PESCA,S03
47,MAGDALENA,2014,1391,1.39E+12,AGRICULTURA GANADERIA SILVICULTURA Y PESCA,S03
47,MAGDALENA,2015,1576,1.58E+12,AGRICULTURA GANADERIA SILVICULTURA Y PESCA,S03
47,MAGDALENA,2016,1808,1.81E+12,AGRICULTURA GANADERIA SILVICULTURA Y PESCA,S03
47,MAGDALENA,2017,1925,1.93E+12,AGRICULTURA GANADERIA SILVICULTURA Y PESCA,S03
47,MAGDALENA,2018,2039,2.04E+12,AGRICULTURA GANADERIA SILVICULTURA Y PESCA,S03
47,MAGDALENA,2019,2278,2.28E+12,AGRICULTURA GANADERIA SILVICULTURA Y PESCA,S03
47,MAGDALENA,2020,2466,2.47E+12,AGRICULTURA GANADERIA SILVICULTURA Y PESCA,S03
47,MAGDALENA,2021,2982,2.98E+12,AGRICULTURA GANADERIA SILVICULTURA Y PESCA,S03
47,MAGDALENA,2022,4179,4.18E+12,AGRICULTURA GANADERIA SILVICULTURA Y PESCA,S03
47,MAGDALENA,2023p,4343,4.34E+12,AGRICULTURA GANADERIA SILVICULTURA Y PESCA,S03
47,MAGDALENA,2024pr,4774,4.77E+12,AGRICULTURA GANADERIA SILVICULTURA Y PESCA,S03
50,META,1980,10,10000000000,AGRICULTURA GANADERIA SILVICULTURA Y PESCA,S03
50,META,1981,12,12000000000,AGRICULTURA GANADERIA SILVICULTURA Y PESCA,S03
50,META,1982,13,13000000000,AGRICULTURA GANADERIA SILVICULTURA Y PESCA,S03
50,META,1983,16,16000000000,AGRICULTURA GANADERIA SILVICULTURA Y PESCA,S03
50,META,1984,19,19000000000,AGRICULTURA GANADERIA SILVICULTURA Y PESCA,S03
50,META,1985,26,26000000000,AGRICULTURA GANADERIA SILVICULTURA Y PESCA,S03
50,META,1986,36,36000000000,AGRICULTURA GANADERIA SILVICULTURA Y PESCA,S03
50,META,1987,54,54000000000,AGRICULTURA GANADERIA SILVICULTURA Y PESCA,S03
50,META,1988,75,75000000000,AGRICULTURA GANADERIA SILVICULTURA Y PESCA,S03
50,META,1989,91,91000000000,AGRICULTURA GANADERIA SILVICULTURA Y PESCA,S03
50,META,1990,122,1.22E+11,AGRICULTURA GANADERIA SILVICULTURA Y PESCA,S03
50,META,1991,168,1.68E+11,AGRICULTURA GANADERIA SILVICULTURA Y PESCA,S03
50,META,1992,189,1.89E+11,AGRICULTURA GANADERIA SILVICULTURA Y PESCA,S03
50,META,1993,232,2.32E+11,AGRICULTURA GANADERIA SILVICULTURA Y PESCA,S03
50,META,1994,328,3.28E+11,AGRICULTURA GANADERIA SILVICULTURA Y PESCA,S03
50,META,1995,344,3.44E+11,AGRICULTURA GANADERIA SILVICULTURA Y PESCA,S03
50,META,1996,422,4.22E+11,AGRICULTURA GANADERIA SILVICULTURA Y PESCA,S03
50,META,1997,489,4.89E+11,AGRICULTURA GANADERIA SILVICULTURA Y PESCA,S03
50,META,1998,530,5.30E+11,AGRICULTURA GANADERIA SILVICULTURA Y PESCA,S03
50,META,1999,552,5.52E+11,AGRICULTURA GANADERIA SILVICULTURA Y PESCA,S03
50,META,2000,621,6.21E+11,AGRICULTURA GANADERIA SILVICULTURA Y PESCA,S03
50,META,2001,768,7.68E+11,AGRICULTURA GANADERIA SILVICULTURA Y PESCA,S03
50,META,2002,800,8.00E+11,AGRICULTURA GANADERIA SILVICULTURA Y PESCA,S03
50,META,2003,920,9.20E+11,AGRICULTURA GANADERIA SILVICULTURA Y PESCA,S03
50,META,2004,932,9.32E+11,AGRICULTURA GANADERIA SILVICULTURA Y PESCA,S03
50,META,2005,978,9.78E+11,AGRICULTURA GANADERIA SILVICULTURA Y PESCA,S03
50,META,2006,1046,1.05E+12,AGRICULTURA GANADERIA SILVICULTURA Y PESCA,S03
50,META,2007,1160,1.16E+12,AGRICULTURA GANADERIA SILVICULTURA Y PESCA,S03
50,META,2008,1575,1.58E+12,AGRICULTURA GANADERIA SILVICULTURA Y PESCA,S03
50,META,2009,1733,1.73E+12,AGRICULTURA GANADERIA SILVICULTURA Y PESCA,S03
50,META,2010,1776,1.78E+12,AGRICULTURA GANADERIA SILVICULTURA Y PESCA,S03
50,META,2011,2077,2.08E+12,AGRICULTURA GANADERIA SILVICULTURA Y PESCA,S03
50,META,2012,2124,2.12E+12,AGRICULTURA GANADERIA SILVICULTURA Y PESCA,S03
50,META,2013,2195,2.20E+12,AGRICULTURA GANADERIA SILVICULTURA Y PESCA,S03
50,META,2014,1825,1.83E+12,AGRICULTURA GANADERIA SILVICULTURA Y PESCA,S03
50,META,2015,2361,2.36E+12,AGRICULTURA GANADERIA SILVICULTURA Y PESCA,S03
50,META,2016,2798,2.80E+12,AGRICULTURA GANADERIA SILVICULTURA Y PESCA,S03
50,META,2017,3418,3.42E+12,AGRICULTURA GANADERIA SILVICULTURA Y PESCA,S03
50,META,2018,3513,3.51E+12,AGRICULTURA GANADERIA SILVICULTURA Y PESCA,S03
50,META,2019,4010,4.01E+12,AGRICULTURA GANADERIA SILVICULTURA Y PESCA,S03
50,META,2020,4427,4.43E+12,AGRICULTURA GANADERIA SILVICULTURA Y PESCA,S03
50,META,2021,5736,5.74E+12,AGRICULTURA GANADERIA SILVICULTURA Y PESCA,S03
50,META,2022,8238,8.24E+12,AGRICULTURA GANADERIA SILVICULTURA Y PESCA,S03
50,META,2023p,8585,8.59E+12,AGRICULTURA GANADERIA SILVICULTURA Y PESCA,S03
50,META,2024pr,9568,9.57E+12,AGRICULTURA GANADERIA SILVICULTURA Y PESCA,S03
52,NARINO,1980,10,10000000000,AGRICULTURA GANADERIA SILVICULTURA Y PESCA,S03
52,NARINO,1981,13,13000000000,AGRICULTURA GANADERIA SILVICULTURA Y PESCA,S03
52,NARINO,1982,16,16000000000,AGRICULTURA GANADERIA SILVICULTURA Y PESCA,S03
52,NARINO,1983,20,20000000000,AGRICULTURA GANADERIA SILVICULTURA Y PESCA,S03
52,NARINO,1984,25,25000000000,AGRICULTURA GANADERIA SILVICULTURA Y PESCA,S03
52,NARINO,1985,31,31000000000,AGRICULTURA GANADERIA SILVICULTURA Y PESCA,S03
52,NARINO,1986,44,44000000000,AGRICULTURA GANADERIA SILVICULTURA Y PESCA,S03
52,NARINO,1987,59,59000000000,AGRICULTURA GANADERIA SILVICULTURA Y PESCA,S03
52,NARINO,1988,74,74000000000,AGRICULTURA GANADERIA SILVICULTURA Y PESCA,S03
52,NARINO,1989,99,99000000000,AGRICULTURA GANADERIA SILVICULTURA Y PESCA,S03
52,NARINO,1990,122,1.22E+11,AGRICULTURA GANADERIA SILVICULTURA Y PESCA,S03
52,NARINO,1991,164,1.64E+11,AGRICULTURA GANADERIA SILVICULTURA Y PESCA,S03
52,NARINO,1992,184,1.84E+11,AGRICULTURA GANADERIA SILVICULTURA Y PESCA,S03
52,NARINO,1993,218,2.18E+11,AGRICULTURA GANADERIA SILVICULTURA Y PESCA,S03
52,NARINO,1994,305,3.05E+11,AGRICULTURA GANADERIA SILVICULTURA Y PESCA,S03
52,NARINO,1995,304,3.04E+11,AGRICULTURA GANADERIA SILVICULTURA Y PESCA,S03
52,NARINO,1996,362,3.62E+11,AGRICULTURA GANADERIA SILVICULTURA Y PESCA,S03
52,NARINO,1997,393,3.93E+11,AGRICULTURA GANADERIA SILVICULTURA Y PESCA,S03
52,NARINO,1998,489,4.89E+11,AGRICULTURA GANADERIA SILVICULTURA Y PESCA,S03
52,NARINO,1999,500,5.00E+11,AGRICULTURA GANADERIA SILVICULTURA Y PESCA,S03
52,NARINO,2000,541,5.41E+11,AGRICULTURA GANADERIA SILVICULTURA Y PESCA,S03
52,NARINO,2001,527,5.27E+11,AGRICULTURA GANADERIA SILVICULTURA Y PESCA,S03
52,NARINO,2002,633,6.33E+11,AGRICULTURA GANADERIA SILVICULTURA Y PESCA,S03
52,NARINO,2003,714,7.14E+11,AGRICULTURA GANADERIA SILVICULTURA Y PESCA,S03
52,NARINO,2004,889,8.89E+11,AGRICULTURA GANADERIA SILVICULTURA Y PESCA,S03
52,NARINO,2005,939,9.39E+11,AGRICULTURA GANADERIA SILVICULTURA Y PESCA,S03
52,NARINO,2006,1107,1.11E+12,AGRICULTURA GANADERIA SILVICULTURA Y PESCA,S03
52,NARINO,2007,1087,1.09E+12,AGRICULTURA GANADERIA SILVICULTURA Y PESCA,S03
52,NARINO,2008,1101,1.10E+12,AGRICULTURA GANADERIA SILVICULTURA Y PESCA,S03
52,NARINO,2009,1096,1.10E+12,AGRICULTURA GANADERIA SILVICULTURA Y PESCA,S03
52,NARINO,2010,1153,1.15E+12,AGRICULTURA GANADERIA SILVICULTURA Y PESCA,S03
52,NARINO,2011,1298,1.30E+12,AGRICULTURA GANADERIA SILVICULTURA Y PESCA,S03
52,NARINO,2012,1361,1.36E+12,AGRICULTURA GANADERIA SILVICULTURA Y PESCA,S03
52,NARINO,2013,1438,1.44E+12,AGRICULTURA GANADERIA SILVICULTURA Y PESCA,S03
52,NARINO,2014,1558,1.56E+12,AGRICULTURA GANADERIA SILVICULTURA Y PESCA,S03
52,NARINO,2015,1767,1.77E+12,AGRICULTURA GANADERIA SILVICULTURA Y PESCA,S03
52,NARINO,2016,2068,2.07E+12,AGRICULTURA GANADERIA SILVICULTURA Y PESCA,S03
52,NARINO,2017,2073,2.07E+12,AGRICULTURA GANADERIA SILVICULTURA Y PESCA,S03
52,NARINO,2018,2229,2.23E+12,AGRICULTURA GANADERIA SILVICULTURA Y PESCA,S03
52,NARINO,2019,2328,2.33E+12,AGRICULTURA GANADERIA SILVICULTURA Y PESCA,S03
52,NARINO,2020,2612,2.61E+12,AGRICULTURA GANADERIA SILVICULTURA Y PESCA,S03
52,NARINO,2021,3153,3.15E+12,AGRICULTURA GANADERIA SILVICULTURA Y PESCA,S03
52,NARINO,2022,4195,4.20E+12,AGRICULTURA GANADERIA SILVICULTURA Y PESCA,S03
52,NARINO,2023p,4427,4.43E+12,AGRICULTURA GANADERIA SILVICULTURA Y PESCA,S03
52,NARINO,2024pr,5014,5.01E+12,AGRICULTURA GANADERIA SILVICULTURA Y PESCA,S03
54,NORTE DE SANTANDER,1980,8,8000000000,AGRICULTURA GANADERIA SILVICULTURA Y PESCA,S03
54,NORTE DE SANTANDER,1981,9,9000000000,AGRICULTURA GANADERIA SILVICULTURA Y PESCA,S03
54,NORTE DE SANTANDER,1982,11,11000000000,AGRICULTURA GANADERIA SILVICULTURA Y PESCA,S03
54,NORTE DE SANTANDER,1983,14,14000000000,AGRICULTURA GANADERIA SILVICULTURA Y PESCA,S03
54,NORTE DE SANTANDER,1984,17,17000000000,AGRICULTURA GANADERIA SILVICULTURA Y PESCA,S03
54,NORTE DE SANTANDER,1985,22,22000000000,AGRICULTURA GANADERIA SILVICULTURA Y PESCA,S03
54,NORTE DE SANTANDER,1986,34,34000000000,AGRICULTURA GANADERIA SILVICULTURA Y PESCA,S03
54,NORTE DE SANTANDER,1987,43,43000000000,AGRICULTURA GANADERIA SILVICULTURA Y PESCA,S03
54,NORTE DE SANTANDER,1988,50,50000000000,AGRICULTURA GANADERIA SILVICULTURA Y PESCA,S03
54,NORTE DE SANTANDER,1989,61,61000000000,AGRICULTURA GANADERIA SILVICULTURA Y PESCA,S03
54,NORTE DE SANTANDER,1990,84,84000000000,AGRICULTURA GANADERIA SILVICULTURA Y PESCA,S03
54,NORTE DE SANTANDER,1991,108,1.08E+11,AGRICULTURA GANADERIA SILVICULTURA Y PESCA,S03
54,NORTE DE SANTANDER,1992,115,1.15E+11,AGRICULTURA GANADERIA SILVICULTURA Y PESCA,S03
54,NORTE DE SANTANDER,1993,137,1.37E+11,AGRICULTURA GANADERIA SILVICULTURA Y PESCA,S03
54,NORTE DE SANTANDER,1994,167,1.67E+11,AGRICULTURA GANADERIA SILVICULTURA Y PESCA,S03
54,NORTE DE SANTANDER,1995,190,1.90E+11,AGRICULTURA GANADERIA SILVICULTURA Y PESCA,S03
54,NORTE DE SANTANDER,1996,211,2.11E+11,AGRICULTURA GANADERIA SILVICULTURA Y PESCA,S03
54,NORTE DE SANTANDER,1997,244,2.44E+11,AGRICULTURA GANADERIA SILVICULTURA Y PESCA,S03
54,NORTE DE SANTANDER,1998,328,3.28E+11,AGRICULTURA GANADERIA SILVICULTURA Y PESCA,S03
54,NORTE DE SANTANDER,1999,449,4.49E+11,AGRICULTURA GANADERIA SILVICULTURA Y PESCA,S03
54,NORTE DE SANTANDER,2000,441,4.41E+11,AGRICULTURA GANADERIA SILVICULTURA Y PESCA,S03
54,NORTE DE SANTANDER,2001,452,4.52E+11,AGRICULTURA GANADERIA SILVICULTURA Y PESCA,S03
54,NORTE DE SANTANDER,2002,553,5.53E+11,AGRICULTURA GANADERIA SILVICULTURA Y PESCA,S03
54,NORTE DE SANTANDER,2003,580,5.80E+11,AGRICULTURA GANADERIA SILVICULTURA Y PESCA,S03
54,NORTE DE SANTANDER,2004,663,6.63E+11,AGRICULTURA GANADERIA SILVICULTURA Y PESCA,S03
54,NORTE DE SANTANDER,2005,745,7.45E+11,AGRICULTURA GANADERIA SILVICULTURA Y PESCA,S03
54,NORTE DE SANTANDER,2006,804,8.04E+11,AGRICULTURA GANADERIA SILVICULTURA Y PESCA,S03
54,NORTE DE SANTANDER,2007,778,7.78E+11,AGRICULTURA GANADERIA SILVICULTURA Y PESCA,S03
54,NORTE DE SANTANDER,2008,917,9.17E+11,AGRICULTURA GANADERIA SILVICULTURA Y PESCA,S03
54,NORTE DE SANTANDER,2009,1041,1.04E+12,AGRICULTURA GANADERIA SILVICULTURA Y PESCA,S03
54,NORTE DE SANTANDER,2010,1007,1.01E+12,AGRICULTURA GANADERIA SILVICULTURA Y PESCA,S03
54,NORTE DE SANTANDER,2011,1057,1.06E+12,AGRICULTURA GANADERIA SILVICULTURA Y PESCA,S03
54,NORTE DE SANTANDER,2012,947,9.47E+11,AGRICULTURA GANADERIA SILVICULTURA Y PESCA,S03
54,NORTE DE SANTANDER,2013,1008,1.01E+12,AGRICULTURA GANADERIA SILVICULTURA Y PESCA,S03
54,NORTE DE SANTANDER,2014,1067,1.07E+12,AGRICULTURA GANADERIA SILVICULTURA Y PESCA,S03
54,NORTE DE SANTANDER,2015,1199,1.20E+12,AGRICULTURA GANADERIA SILVICULTURA Y PESCA,S03
54,NORTE DE SANTANDER,2016,1382,1.38E+12,AGRICULTURA GANADERIA SILVICULTURA Y PESCA,S03
54,NORTE DE SANTANDER,2017,1422,1.42E+12,AGRICULTURA GANADERIA SILVICULTURA Y PESCA,S03
54,NORTE DE SANTANDER,2018,1437,1.44E+12,AGRICULTURA GANADERIA SILVICULTURA Y PESCA,S03
54,NORTE DE SANTANDER,2019,1575,1.58E+12,AGRICULTURA GANADERIA SILVICULTURA Y PESCA,S03
54,NORTE DE SANTANDER,2020,1743,1.74E+12,AGRICULTURA GANADERIA SILVICULTURA Y PESCA,S03
54,NORTE DE SANTANDER,2021,2093,2.09E+12,AGRICULTURA GANADERIA SILVICULTURA Y PESCA,S03
54,NORTE DE SANTANDER,2022,2952,2.95E+12,AGRICULTURA GANADERIA SILVICULTURA Y PESCA,S03
54,NORTE DE SANTANDER,2023p,3135,3.14E+12,AGRICULTURA GANADERIA SILVICULTURA Y PESCA,S03
54,NORTE DE SANTANDER,2024pr,3623,3.62E+12,AGRICULTURA GANADERIA SILVICULTURA Y PESCA,S03
63,QUNDIO,1980,7,7000000000,AGRICULTURA GANADERIA SILVICULTURA Y PESCA,S03
63,QUNDIO,1981,8,8000000000,AGRICULTURA GANADERIA SILVICULTURA Y PESCA,S03
63,QUNDIO,1982,10,10000000000,AGRICULTURA GANADERIA SILVICULTURA Y PESCA,S03
63,QUNDIO,1983,12,12000000000,AGRICULTURA GANADERIA SILVICULTURA Y PESCA,S03
63,QUNDIO,1984,13,13000000000,AGRICULTURA GANADERIA SILVICULTURA Y PESCA,S03
63,QUNDIO,1985,18,18000000000,AGRICULTURA GANADERIA SILVICULTURA Y PESCA,S03
63,QUNDIO,1986,30,30000000000,AGRICULTURA GANADERIA SILVICULTURA Y PESCA,S03
63,QUNDIO,1987,43,43000000000,AGRICULTURA GANADERIA SILVICULTURA Y PESCA,S03
63,QUNDIO,1988,51,51000000000,AGRICULTURA GANADERIA SILVICULTURA Y PESCA,S03
63,QUNDIO,1989,52,52000000000,AGRICULTURA GANADERIA SILVICULTURA Y PESCA,S03
63,QUNDIO,1990,76,76000000000,AGRICULTURA GANADERIA SILVICULTURA Y PESCA,S03
63,QUNDIO,1991,106,1.06E+11,AGRICULTURA GANADERIA SILVICULTURA Y PESCA,S03
63,QUNDIO,1992,114,1.14E+11,AGRICULTURA GANADERIA SILVICULTURA Y PESCA,S03
63,QUNDIO,1993,91,91000000000,AGRICULTURA GANADERIA SILVICULTURA Y PESCA,S03
63,QUNDIO,1994,143,1.43E+11,AGRICULTURA GANADERIA SILVICULTURA Y PESCA,S03
63,QUNDIO,1995,217,2.17E+11,AGRICULTURA GANADERIA SILVICULTURA Y PESCA,S03
63,QUNDIO,1996,196,1.96E+11,AGRICULTURA GANADERIA SILVICULTURA Y PESCA,S03
63,QUNDIO,1997,321,3.21E+11,AGRICULTURA GANADERIA SILVICULTURA Y PESCA,S03
63,QUNDIO,1998,385,3.85E+11,AGRICULTURA GANADERIA SILVICULTURA Y PESCA,S03
63,QUNDIO,1999,383,3.83E+11,AGRICULTURA GANADERIA SILVICULTURA Y PESCA,S03
63,QUNDIO,2000,296,2.96E+11,AGRICULTURA GANADERIA SILVICULTURA Y PESCA,S03
63,QUNDIO,2001,326,3.26E+11,AGRICULTURA GANADERIA SILVICULTURA Y PESCA,S03
63,QUNDIO,2002,380,3.80E+11,AGRICULTURA GANADERIA SILVICULTURA Y PESCA,S03
63,QUNDIO,2003,377,3.77E+11,AGRICULTURA GANADERIA SILVICULTURA Y PESCA,S03
63,QUNDIO,2004,381,3.81E+11,AGRICULTURA GANADERIA SILVICULTURA Y PESCA,S03
63,QUNDIO,2005,452,4.52E+11,AGRICULTURA GANADERIA SILVICULTURA Y PESCA,S03
63,QUNDIO,2006,581,5.81E+11,AGRICULTURA GANADERIA SILVICULTURA Y PESCA,S03
63,QUNDIO,2007,577,5.77E+11,AGRICULTURA GANADERIA SILVICULTURA Y PESCA,S03
63,QUNDIO,2008,684,6.84E+11,AGRICULTURA GANADERIA SILVICULTURA Y PESCA,S03
63,QUNDIO,2009,746,7.46E+11,AGRICULTURA GANADERIA SILVICULTURA Y PESCA,S03
63,QUNDIO,2010,787,7.87E+11,AGRICULTURA GANADERIA SILVICULTURA Y PESCA,S03
63,QUNDIO,2011,825,8.25E+11,AGRICULTURA GANADERIA SILVICULTURA Y PESCA,S03
63,QUNDIO,2012,775,7.75E+11,AGRICULTURA GANADERIA SILVICULTURA Y PESCA,S03
63,QUNDIO,2013,794,7.94E+11,AGRICULTURA GANADERIA SILVICULTURA Y PESCA,S03
63,QUNDIO,2014,771,7.71E+11,AGRICULTURA GANADERIA SILVICULTURA Y PESCA,S03
63,QUNDIO,2015,934,9.34E+11,AGRICULTURA GANADERIA SILVICULTURA Y PESCA,S03
63,QUNDIO,2016,1156,1.16E+12,AGRICULTURA GANADERIA SILVICULTURA Y PESCA,S03
63,QUNDIO,2017,1230,1.23E+12,AGRICULTURA GANADERIA SILVICULTURA Y PESCA,S03
63,QUNDIO,2018,1273,1.27E+12,AGRICULTURA GANADERIA SILVICULTURA Y PESCA,S03
63,QUNDIO,2019,1420,1.42E+12,AGRICULTURA GANADERIA SILVICULTURA Y PESCA,S03
63,QUNDIO,2020,1548,1.55E+12,AGRICULTURA GANADERIA SILVICULTURA Y PESCA,S03
63,QUNDIO,2021,1972,1.97E+12,AGRICULTURA GANADERIA SILVICULTURA Y PESCA,S03
63,QUNDIO,2022,2730,2.73E+12,AGRICULTURA GANADERIA SILVICULTURA Y PESCA,S03
63,QUNDIO,2023p,2940,2.94E+12,AGRICULTURA GANADERIA SILVICULTURA Y PESCA,S03
63,QUNDIO,2024pr,3379,3.38E+12,AGRICULTURA GANADERIA SILVICULTURA Y PESCA,S03
66,RISARALDA,1980,8,8000000000,AGRICULTURA GANADERIA SILVICULTURA Y PESCA,S03
66,RISARALDA,1981,9,9000000000,AGRICULTURA GANADERIA SILVICULTURA Y PESCA,S03
66,RISARALDA,1982,11,11000000000,AGRICULTURA GANADERIA SILVICULTURA Y PESCA,S03
66,RISARALDA,1983,13,13000000000,AGRICULTURA GANADERIA SILVICULTURA Y PESCA,S03
66,RISARALDA,1984,15,15000000000,AGRICULTURA GANADERIA SILVICULTURA Y PESCA,S03
66,RISARALDA,1985,18,18000000000,AGRICULTURA GANADERIA SILVICULTURA Y PESCA,S03
66,RISARALDA,1986,27,27000000000,AGRICULTURA GANADERIA SILVICULTURA Y PESCA,S03
66,RISARALDA,1987,38,38000000000,AGRICULTURA GANADERIA SILVICULTURA Y PESCA,S03
66,RISARALDA,1988,45,45000000000,AGRICULTURA GANADERIA SILVICULTURA Y PESCA,S03
66,RISARALDA,1989,49,49000000000,AGRICULTURA GANADERIA SILVICULTURA Y PESCA,S03
66,RISARALDA,1990,65,65000000000,AGRICULTURA GANADERIA SILVICULTURA Y PESCA,S03
66,RISARALDA,1991,86,86000000000,AGRICULTURA GANADERIA SILVICULTURA Y PESCA,S03
66,RISARALDA,1992,91,91000000000,AGRICULTURA GANADERIA SILVICULTURA Y PESCA,S03
66,RISARALDA,1993,96,96000000000,AGRICULTURA GANADERIA SILVICULTURA Y PESCA,S03
66,RISARALDA,1994,114,1.14E+11,AGRICULTURA GANADERIA SILVICULTURA Y PESCA,S03
66,RISARALDA,1995,127,1.27E+11,AGRICULTURA GANADERIA SILVICULTURA Y PESCA,S03
66,RISARALDA,1996,118,1.18E+11,AGRICULTURA GANADERIA SILVICULTURA Y PESCA,S03
66,RISARALDA,1997,195,1.95E+11,AGRICULTURA GANADERIA SILVICULTURA Y PESCA,S03
66,RISARALDA,1998,311,3.11E+11,AGRICULTURA GANADERIA SILVICULTURA Y PESCA,S03
66,RISARALDA,1999,289,2.89E+11,AGRICULTURA GANADERIA SILVICULTURA Y PESCA,S03
66,RISARALDA,2000,256,2.56E+11,AGRICULTURA GANADERIA SILVICULTURA Y PESCA,S03
66,RISARALDA,2001,279,2.79E+11,AGRICULTURA GANADERIA SILVICULTURA Y PESCA,S03
66,RISARALDA,2002,380,3.80E+11,AGRICULTURA GANADERIA SILVICULTURA Y PESCA,S03
66,RISARALDA,2003,414,4.14E+11,AGRICULTURA GANADERIA SILVICULTURA Y PESCA,S03
66,RISARALDA,2004,453,4.53E+11,AGRICULTURA GANADERIA SILVICULTURA Y PESCA,S03
66,RISARALDA,2005,586,5.86E+11,AGRICULTURA GANADERIA SILVICULTURA Y PESCA,S03
66,RISARALDA,2006,703,7.03E+11,AGRICULTURA GANADERIA SILVICULTURA Y PESCA,S03
66,RISARALDA,2007,773,7.73E+11,AGRICULTURA GANADERIA SILVICULTURA Y PESCA,S03
66,RISARALDA,2008,699,6.99E+11,AGRICULTURA GANADERIA SILVICULTURA Y PESCA,S03
66,RISARALDA,2009,696,6.96E+11,AGRICULTURA GANADERIA SILVICULTURA Y PESCA,S03
66,RISARALDA,2010,722,7.22E+11,AGRICULTURA GANADERIA SILVICULTURA Y PESCA,S03
66,RISARALDA,2011,779,7.79E+11,AGRICULTURA GANADERIA SILVICULTURA Y PESCA,S03
66,RISARALDA,2012,712,7.12E+11,AGRICULTURA GANADERIA SILVICULTURA Y PESCA,S03
66,RISARALDA,2013,732,7.32E+11,AGRICULTURA GANADERIA SILVICULTURA Y PESCA,S03
66,RISARALDA,2014,736,7.36E+11,AGRICULTURA GANADERIA SILVICULTURA Y PESCA,S03
66,RISARALDA,2015,845,8.45E+11,AGRICULTURA GANADERIA SILVICULTURA Y PESCA,S03
66,RISARALDA,2016,979,9.79E+11,AGRICULTURA GANADERIA SILVICULTURA Y PESCA,S03
66,RISARALDA,2017,990,9.90E+11,AGRICULTURA GANADERIA SILVICULTURA Y PESCA,S03
66,RISARALDA,2018,1024,1.02E+12,AGRICULTURA GANADERIA SILVICULTURA Y PESCA,S03
66,RISARALDA,2019,1167,1.17E+12,AGRICULTURA GANADERIA SILVICULTURA Y PESCA,S03
66,RISARALDA,2020,1287,1.29E+12,AGRICULTURA GANADERIA SILVICULTURA Y PESCA,S03
66,RISARALDA,2021,1583,1.58E+12,AGRICULTURA GANADERIA SILVICULTURA Y PESCA,S03
66,RISARALDA,2022,2285,2.29E+12,AGRICULTURA GANADERIA SILVICULTURA Y PESCA,S03
66,RISARALDA,2023p,2448,2.45E+12,AGRICULTURA GANADERIA SILVICULTURA Y PESCA,S03
66,RISARALDA,2024pr,2884,2.88E+12,AGRICULTURA GANADERIA SILVICULTURA Y PESCA,S03
68,SANTANDER,1980,17,17000000000,AGRICULTURA GANADERIA SILVICULTURA Y PESCA,S03
68,SANTANDER,1981,20,20000000000,AGRICULTURA GANADERIA SILVICULTURA Y PESCA,S03
68,SANTANDER,1982,25,25000000000,AGRICULTURA GANADERIA SILVICULTURA Y PESCA,S03
68,SANTANDER,1983,31,31000000000,AGRICULTURA GANADERIA SILVICULTURA Y PESCA,S03
68,SANTANDER,1984,36,36000000000,AGRICULTURA GANADERIA SILVICULTURA Y PESCA,S03
68,SANTANDER,1985,45,45000000000,AGRICULTURA GANADERIA SILVICULTURA Y PESCA,S03
68,SANTANDER,1986,66,66000000000,AGRICULTURA GANADERIA SILVICULTURA Y PESCA,S03
68,SANTANDER,1987,84,84000000000,AGRICULTURA GANADERIA SILVICULTURA Y PESCA,S03
68,SANTANDER,1988,98,98000000000,AGRICULTURA GANADERIA SILVICULTURA Y PESCA,S03
68,SANTANDER,1989,112,1.12E+11,AGRICULTURA GANADERIA SILVICULTURA Y PESCA,S03
68,SANTANDER,1990,143,1.43E+11,AGRICULTURA GANADERIA SILVICULTURA Y PESCA,S03
68,SANTANDER,1991,179,1.79E+11,AGRICULTURA GANADERIA SILVICULTURA Y PESCA,S03
68,SANTANDER,1992,214,2.14E+11,AGRICULTURA GANADERIA SILVICULTURA Y PESCA,S03
68,SANTANDER,1993,217,2.17E+11,AGRICULTURA GANADERIA SILVICULTURA Y PESCA,S03
68,SANTANDER,1994,279,2.79E+11,AGRICULTURA GANADERIA SILVICULTURA Y PESCA,S03
68,SANTANDER,1995,366,3.66E+11,AGRICULTURA GANADERIA SILVICULTURA Y PESCA,S03
68,SANTANDER,1996,471,4.71E+11,AGRICULTURA GANADERIA SILVICULTURA Y PESCA,S03
68,SANTANDER,1997,537,5.37E+11,AGRICULTURA GANADERIA SILVICULTURA Y PESCA,S03
68,SANTANDER,1998,674,6.74E+11,AGRICULTURA GANADERIA SILVICULTURA Y PESCA,S03
68,SANTANDER,1999,730,7.30E+11,AGRICULTURA GANADERIA SILVICULTURA Y PESCA,S03
68,SANTANDER,2000,840,8.40E+11,AGRICULTURA GANADERIA SILVICULTURA Y PESCA,S03
68,SANTANDER,2001,988,9.88E+11,AGRICULTURA GANADERIA SILVICULTURA Y PESCA,S03
68,SANTANDER,2002,1232,1.23E+12,AGRICULTURA GANADERIA SILVICULTURA Y PESCA,S03
68,SANTANDER,2003,1455,1.46E+12,AGRICULTURA GANADERIA SILVICULTURA Y PESCA,S03
68,SANTANDER,2004,1579,1.58E+12,AGRICULTURA GANADERIA SILVICULTURA Y PESCA,S03
68,SANTANDER,2005,1746,1.75E+12,AGRICULTURA GANADERIA SILVICULTURA Y PESCA,S03
68,SANTANDER,2006,1847,1.85E+12,AGRICULTURA GANADERIA SILVICULTURA Y PESCA,S03
68,SANTANDER,2007,1935,1.94E+12,AGRICULTURA GANADERIA SILVICULTURA Y PESCA,S03
68,SANTANDER,2008,2336,2.34E+12,AGRICULTURA GANADERIA SILVICULTURA Y PESCA,S03
68,SANTANDER,2009,2359,2.36E+12,AGRICULTURA GANADERIA SILVICULTURA Y PESCA,S03
68,SANTANDER,2010,2588,2.59E+12,AGRICULTURA GANADERIA SILVICULTURA Y PESCA,S03
68,SANTANDER,2011,2942,2.94E+12,AGRICULTURA GANADERIA SILVICULTURA Y PESCA,S03
68,SANTANDER,2012,2837,2.84E+12,AGRICULTURA GANADERIA SILVICULTURA Y PESCA,S03
68,SANTANDER,2013,2834,2.83E+12,AGRICULTURA GANADERIA SILVICULTURA Y PESCA,S03
68,SANTANDER,2014,3224,3.22E+12,AGRICULTURA GANADERIA SILVICULTURA Y PESCA,S03
68,SANTANDER,2015,3793,3.79E+12,AGRICULTURA GANADERIA SILVICULTURA Y PESCA,S03
68,SANTANDER,2016,4742,4.74E+12,AGRICULTURA GANADERIA SILVICULTURA Y PESCA,S03
68,SANTANDER,2017,5141,5.14E+12,AGRICULTURA GANADERIA SILVICULTURA Y PESCA,S03
68,SANTANDER,2018,5533,5.53E+12,AGRICULTURA GANADERIA SILVICULTURA Y PESCA,S03
68,SANTANDER,2019,6218,6.22E+12,AGRICULTURA GANADERIA SILVICULTURA Y PESCA,S03
68,SANTANDER,2020,6804,6.80E+12,AGRICULTURA GANADERIA SILVICULTURA Y PESCA,S03
68,SANTANDER,2021,8360,8.36E+12,AGRICULTURA GANADERIA SILVICULTURA Y PESCA,S03
68,SANTANDER,2022,11847,1.18E+13,AGRICULTURA GANADERIA SILVICULTURA Y PESCA,S03
68,SANTANDER,2023p,12977,1.30E+13,AGRICULTURA GANADERIA SILVICULTURA Y PESCA,S03
68,SANTANDER,2024pr,14868,1.49E+13,AGRICULTURA GANADERIA SILVICULTURA Y PESCA,S03
70,SUCRE,1980,6,6000000000,AGRICULTURA GANADERIA SILVICULTURA Y PESCA,S03
70,SUCRE,1981,7,7000000000,AGRICULTURA GANADERIA SILVICULTURA Y PESCA,S03
70,SUCRE,1982,8,8000000000,AGRICULTURA GANADERIA SILVICULTURA Y PESCA,S03
70,SUCRE,1983,9,9000000000,AGRICULTURA GANADERIA SILVICULTURA Y PESCA,S03
70,SUCRE,1984,11,11000000000,AGRICULTURA GANADERIA SILVICULTURA Y PESCA,S03
70,SUCRE,1985,13,13000000000,AGRICULTURA GANADERIA SILVICULTURA Y PESCA,S03
70,SUCRE,1986,17,17000000000,AGRICULTURA GANADERIA SILVICULTURA Y PESCA,S03
70,SUCRE,1987,25,25000000000,AGRICULTURA GANADERIA SILVICULTURA Y PESCA,S03
70,SUCRE,1988,29,29000000000,AGRICULTURA GANADERIA SILVICULTURA Y PESCA,S03
70,SUCRE,1989,34,34000000000,AGRICULTURA GANADERIA SILVICULTURA Y PESCA,S03
70,SUCRE,1990,40,40000000000,AGRICULTURA GANADERIA SILVICULTURA Y PESCA,S03
70,SUCRE,1991,51,51000000000,AGRICULTURA GANADERIA SILVICULTURA Y PESCA,S03
70,SUCRE,1992,74,74000000000,AGRICULTURA GANADERIA SILVICULTURA Y PESCA,S03
70,SUCRE,1993,79,79000000000,AGRICULTURA GANADERIA SILVICULTURA Y PESCA,S03
70,SUCRE,1994,96,96000000000,AGRICULTURA GANADERIA SILVICULTURA Y PESCA,S03
70,SUCRE,1995,116,1.16E+11,AGRICULTURA GANADERIA SILVICULTURA Y PESCA,S03
70,SUCRE,1996,121,1.21E+11,AGRICULTURA GANADERIA SILVICULTURA Y PESCA,S03
70,SUCRE,1997,150,1.50E+11,AGRICULTURA GANADERIA SILVICULTURA Y PESCA,S03
70,SUCRE,1998,212,2.12E+11,AGRICULTURA GANADERIA SILVICULTURA Y PESCA,S03
70,SUCRE,1999,217,2.17E+11,AGRICULTURA GANADERIA SILVICULTURA Y PESCA,S03
70,SUCRE,2000,214,2.14E+11,AGRICULTURA GANADERIA SILVICULTURA Y PESCA,S03
70,SUCRE,2001,244,2.44E+11,AGRICULTURA GANADERIA SILVICULTURA Y PESCA,S03
70,SUCRE,2002,266,2.66E+11,AGRICULTURA GANADERIA SILVICULTURA Y PESCA,S03
70,SUCRE,2003,295,2.95E+11,AGRICULTURA GANADERIA SILVICULTURA Y PESCA,S03
70,SUCRE,2004,309,3.09E+11,AGRICULTURA GANADERIA SILVICULTURA Y PESCA,S03
70,SUCRE,2005,334,3.34E+11,AGRICULTURA GANADERIA SILVICULTURA Y PESCA,S03
70,SUCRE,2006,387,3.87E+11,AGRICULTURA GANADERIA SILVICULTURA Y PESCA,S03
70,SUCRE,2007,433,4.33E+11,AGRICULTURA GANADERIA SILVICULTURA Y PESCA,S03
70,SUCRE,2008,442,4.42E+11,AGRICULTURA GANADERIA SILVICULTURA Y PESCA,S03
70,SUCRE,2009,508,5.08E+11,AGRICULTURA GANADERIA SILVICULTURA Y PESCA,S03
70,SUCRE,2010,434,4.34E+11,AGRICULTURA GANADERIA SILVICULTURA Y PESCA,S03
70,SUCRE,2011,456,4.56E+11,AGRICULTURA GANADERIA SILVICULTURA Y PESCA,S03
70,SUCRE,2012,509,5.09E+11,AGRICULTURA GANADERIA SILVICULTURA Y PESCA,S03
70,SUCRE,2013,507,5.07E+11,AGRICULTURA GANADERIA SILVICULTURA Y PESCA,S03
70,SUCRE,2014,522,5.22E+11,AGRICULTURA GANADERIA SILVICULTURA Y PESCA,S03
70,SUCRE,2015,589,5.89E+11,AGRICULTURA GANADERIA SILVICULTURA Y PESCA,S03
70,SUCRE,2016,698,6.98E+11,AGRICULTURA GANADERIA SILVICULTURA Y PESCA,S03
70,SUCRE,2017,703,7.03E+11,AGRICULTURA GANADERIA SILVICULTURA Y PESCA,S03
70,SUCRE,2018,720,7.20E+11,AGRICULTURA GANADERIA SILVICULTURA Y PESCA,S03
70,SUCRE,2019,742,7.42E+11,AGRICULTURA GANADERIA SILVICULTURA Y PESCA,S03
70,SUCRE,2020,823,8.23E+11,AGRICULTURA GANADERIA SILVICULTURA Y PESCA,S03
70,SUCRE,2021,1039,1.04E+12,AGRICULTURA GANADERIA SILVICULTURA Y PESCA,S03
70,SUCRE,2022,1333,1.33E+12,AGRICULTURA GANADERIA SILVICULTURA Y PESCA,S03
70,SUCRE,2023p,1424,1.42E+12,AGRICULTURA GANADERIA SILVICULTURA Y PESCA,S03
70,SUCRE,2024pr,1524,1.52E+12,AGRICULTURA GANADERIA SILVICULTURA Y PESCA,S03
73,TOLIMA,1980,19,19000000000,AGRICULTURA GANADERIA SILVICULTURA Y PESCA,S03
73,TOLIMA,1981,25,25000000000,AGRICULTURA GANADERIA SILVICULTURA Y PESCA,S03
73,TOLIMA,1982,27,27000000000,AGRICULTURA GANADERIA SILVICULTURA Y PESCA,S03
73,TOLIMA,1983,34,34000000000,AGRICULTURA GANADERIA SILVICULTURA Y PESCA,S03
73,TOLIMA,1984,40,40000000000,AGRICULTURA GANADERIA SILVICULTURA Y PESCA,S03
73,TOLIMA,1985,47,47000000000,AGRICULTURA GANADERIA SILVICULTURA Y PESCA,S03
73,TOLIMA,1986,66,66000000000,AGRICULTURA GANADERIA SILVICULTURA Y PESCA,S03
73,TOLIMA,1987,88,88000000000,AGRICULTURA GANADERIA SILVICULTURA Y PESCA,S03
73,TOLIMA,1988,108,1.08E+11,AGRICULTURA GANADERIA SILVICULTURA Y PESCA,S03
73,TOLIMA,1989,129,1.29E+11,AGRICULTURA GANADERIA SILVICULTURA Y PESCA,S03
73,TOLIMA,1990,184,1.84E+11,AGRICULTURA GANADERIA SILVICULTURA Y PESCA,S03
73,TOLIMA,1991,246,2.46E+11,AGRICULTURA GANADERIA SILVICULTURA Y PESCA,S03
73,TOLIMA,1992,279,2.79E+11,AGRICULTURA GANADERIA SILVICULTURA Y PESCA,S03
73,TOLIMA,1993,326,3.26E+11,AGRICULTURA GANADERIA SILVICULTURA Y PESCA,S03
73,TOLIMA,1994,445,4.45E+11,AGRICULTURA GANADERIA SILVICULTURA Y PESCA,S03
73,TOLIMA,1995,511,5.11E+11,AGRICULTURA GANADERIA SILVICULTURA Y PESCA,S03
73,TOLIMA,1996,557,5.57E+11,AGRICULTURA GANADERIA SILVICULTURA Y PESCA,S03
73,TOLIMA,1997,725,7.25E+11,AGRICULTURA GANADERIA SILVICULTURA Y PESCA,S03
73,TOLIMA,1998,848,8.48E+11,AGRICULTURA GANADERIA SILVICULTURA Y PESCA,S03
73,TOLIMA,1999,887,8.87E+11,AGRICULTURA GANADERIA SILVICULTURA Y PESCA,S03
73,TOLIMA,2000,863,8.63E+11,AGRICULTURA GANADERIA SILVICULTURA Y PESCA,S03
73,TOLIMA,2001,954,9.54E+11,AGRICULTURA GANADERIA SILVICULTURA Y PESCA,S03
73,TOLIMA,2002,1053,1.05E+12,AGRICULTURA GANADERIA SILVICULTURA Y PESCA,S03
73,TOLIMA,2003,1135,1.14E+12,AGRICULTURA GANADERIA SILVICULTURA Y PESCA,S03
73,TOLIMA,2004,1252,1.25E+12,AGRICULTURA GANADERIA SILVICULTURA Y PESCA,S03
73,TOLIMA,2005,1434,1.43E+12,AGRICULTURA GANADERIA SILVICULTURA Y PESCA,S03
73,TOLIMA,2006,1599,1.60E+12,AGRICULTURA GANADERIA SILVICULTURA Y PESCA,S03
73,TOLIMA,2007,1636,1.64E+12,AGRICULTURA GANADERIA SILVICULTURA Y PESCA,S03
73,TOLIMA,2008,1673,1.67E+12,AGRICULTURA GANADERIA SILVICULTURA Y PESCA,S03
73,TOLIMA,2009,1697,1.70E+12,AGRICULTURA GANADERIA SILVICULTURA Y PESCA,S03
73,TOLIMA,2010,1776,1.78E+12,AGRICULTURA GANADERIA SILVICULTURA Y PESCA,S03
73,TOLIMA,2011,2093,2.09E+12,AGRICULTURA GANADERIA SILVICULTURA Y PESCA,S03
73,TOLIMA,2012,1900,1.90E+12,AGRICULTURA GANADERIA SILVICULTURA Y PESCA,S03
73,TOLIMA,2013,2036,2.04E+12,AGRICULTURA GANADERIA SILVICULTURA Y PESCA,S03
73,TOLIMA,2014,2312,2.31E+12,AGRICULTURA GANADERIA SILVICULTURA Y PESCA,S03
73,TOLIMA,2015,2737,2.74E+12,AGRICULTURA GANADERIA SILVICULTURA Y PESCA,S03
73,TOLIMA,2016,3100,3.10E+12,AGRICULTURA GANADERIA SILVICULTURA Y PESCA,S03
73,TOLIMA,2017,3098,3.10E+12,AGRICULTURA GANADERIA SILVICULTURA Y PESCA,S03
73,TOLIMA,2018,3130,3.13E+12,AGRICULTURA GANADERIA SILVICULTURA Y PESCA,S03
73,TOLIMA,2019,3560,3.56E+12,AGRICULTURA GANADERIA SILVICULTURA Y PESCA,S03
73,TOLIMA,2020,3935,3.94E+12,AGRICULTURA GANADERIA SILVICULTURA Y PESCA,S03
73,TOLIMA,2021,4826,4.83E+12,AGRICULTURA GANADERIA SILVICULTURA Y PESCA,S03
73,TOLIMA,2022,6769,6.77E+12,AGRICULTURA GANADERIA SILVICULTURA Y PESCA,S03
73,TOLIMA,2023p,7295,7.30E+12,AGRICULTURA GANADERIA SILVICULTURA Y PESCA,S03
73,TOLIMA,2024pr,8566,8.57E+12,AGRICULTURA GANADERIA SILVICULTURA Y PESCA,S03
76,VALLE DEL CAUCA,1980,27,27000000000,AGRICULTURA GANADERIA SILVICULTURA Y PESCA,S03
76,VALLE DEL CAUCA,1981,33,33000000000,AGRICULTURA GANADERIA SILVICULTURA Y PESCA,S03
76,VALLE DEL CAUCA,1982,38,38000000000,AGRICULTURA GANADERIA SILVICULTURA Y PESCA,S03
76,VALLE DEL CAUCA,1983,47,47000000000,AGRICULTURA GANADERIA SILVICULTURA Y PESCA,S03
76,VALLE DEL CAUCA,1984,54,54000000000,AGRICULTURA GANADERIA SILVICULTURA Y PESCA,S03
76,VALLE DEL CAUCA,1985,70,70000000000,AGRICULTURA GANADERIA SILVICULTURA Y PESCA,S03
76,VALLE DEL CAUCA,1986,101,1.01E+11,AGRICULTURA GANADERIA SILVICULTURA Y PESCA,S03
76,VALLE DEL CAUCA,1987,123,1.23E+11,AGRICULTURA GANADERIA SILVICULTURA Y PESCA,S03
76,VALLE DEL CAUCA,1988,146,1.46E+11,AGRICULTURA GANADERIA SILVICULTURA Y PESCA,S03
76,VALLE DEL CAUCA,1989,193,1.93E+11,AGRICULTURA GANADERIA SILVICULTURA Y PESCA,S03
76,VALLE DEL CAUCA,1990,251,2.51E+11,AGRICULTURA GANADERIA SILVICULTURA Y PESCA,S03
76,VALLE DEL CAUCA,1991,320,3.20E+11,AGRICULTURA GANADERIA SILVICULTURA Y PESCA,S03
76,VALLE DEL CAUCA,1992,353,3.53E+11,AGRICULTURA GANADERIA SILVICULTURA Y PESCA,S03
76,VALLE DEL CAUCA,1993,403,4.03E+11,AGRICULTURA GANADERIA SILVICULTURA Y PESCA,S03
76,VALLE DEL CAUCA,1994,473,4.73E+11,AGRICULTURA GANADERIA SILVICULTURA Y PESCA,S03
76,VALLE DEL CAUCA,1995,649,6.49E+11,AGRICULTURA GANADERIA SILVICULTURA Y PESCA,S03
76,VALLE DEL CAUCA,1996,757,7.57E+11,AGRICULTURA GANADERIA SILVICULTURA Y PESCA,S03
76,VALLE DEL CAUCA,1997,1124,1.12E+12,AGRICULTURA GANADERIA SILVICULTURA Y PESCA,S03
76,VALLE DEL CAUCA,1998,1365,1.37E+12,AGRICULTURA GANADERIA SILVICULTURA Y PESCA,S03
76,VALLE DEL CAUCA,1999,1511,1.51E+12,AGRICULTURA GANADERIA SILVICULTURA Y PESCA,S03
76,VALLE DEL CAUCA,2000,1659,1.66E+12,AGRICULTURA GANADERIA SILVICULTURA Y PESCA,S03
76,VALLE DEL CAUCA,2001,1790,1.79E+12,AGRICULTURA GANADERIA SILVICULTURA Y PESCA,S03
76,VALLE DEL CAUCA,2002,2020,2.02E+12,AGRICULTURA GANADERIA SILVICULTURA Y PESCA,S03
76,VALLE DEL CAUCA,2003,2075,2.08E+12,AGRICULTURA GANADERIA SILVICULTURA Y PESCA,S03
76,VALLE DEL CAUCA,2004,2105,2.11E+12,AGRICULTURA GANADERIA SILVICULTURA Y PESCA,S03
76,VALLE DEL CAUCA,2005,2137,2.14E+12,AGRICULTURA GANADERIA SILVICULTURA Y PESCA,S03
76,VALLE DEL CAUCA,2006,2258,2.26E+12,AGRICULTURA GANADERIA SILVICULTURA Y PESCA,S03
76,VALLE DEL CAUCA,2007,2685,2.69E+12,AGRICULTURA GANADERIA SILVICULTURA Y PESCA,S03
76,VALLE DEL CAUCA,2008,2517,2.52E+12,AGRICULTURA GANADERIA SILVICULTURA Y PESCA,S03
76,VALLE DEL CAUCA,2009,2949,2.95E+12,AGRICULTURA GANADERIA SILVICULTURA Y PESCA,S03
76,VALLE DEL CAUCA,2010,3022,3.02E+12,AGRICULTURA GANADERIA SILVICULTURA Y PESCA,S03
76,VALLE DEL CAUCA,2011,3410,3.41E+12,AGRICULTURA GANADERIA SILVICULTURA Y PESCA,S03
76,VALLE DEL CAUCA,2012,3281,3.28E+12,AGRICULTURA GANADERIA SILVICULTURA Y PESCA,S03
76,VALLE DEL CAUCA,2013,3379,3.38E+12,AGRICULTURA GANADERIA SILVICULTURA Y PESCA,S03
76,VALLE DEL CAUCA,2014,3809,3.81E+12,AGRICULTURA GANADERIA SILVICULTURA Y PESCA,S03
76,VALLE DEL CAUCA,2015,4329,4.33E+12,AGRICULTURA GANADERIA SILVICULTURA Y PESCA,S03
76,VALLE DEL CAUCA,2016,5345,5.35E+12,AGRICULTURA GANADERIA SILVICULTURA Y PESCA,S03
76,VALLE DEL CAUCA,2017,5278,5.28E+12,AGRICULTURA GANADERIA SILVICULTURA Y PESCA,S03
76,VALLE DEL CAUCA,2018,5703,5.70E+12,AGRICULTURA GANADERIA SILVICULTURA Y PESCA,S03
76,VALLE DEL CAUCA,2019,6370,6.37E+12,AGRICULTURA GANADERIA SILVICULTURA Y PESCA,S03
76,VALLE DEL CAUCA,2020,7144,7.14E+12,AGRICULTURA GANADERIA SILVICULTURA Y PESCA,S03
76,VALLE DEL CAUCA,2021,8650,8.65E+12,AGRICULTURA GANADERIA SILVICULTURA Y PESCA,S03
76,VALLE DEL CAUCA,2022,12489,1.25E+13,AGRICULTURA GANADERIA SILVICULTURA Y PESCA,S03
76,VALLE DEL CAUCA,2023p,13700,1.37E+13,AGRICULTURA GANADERIA SILVICULTURA Y PESCA,S03
76,VALLE DEL CAUCA,2024pr,15358,1.54E+13,AGRICULTURA GANADERIA SILVICULTURA Y PESCA,S03
99999,NUEVOS DEPARTAMENTOS,1980,29,29000000000,AGRICULTURA GANADERIA SILVICULTURA Y PESCA,S03
99999,NUEVOS DEPARTAMENTOS,1981,37,37000000000,AGRICULTURA GANADERIA SILVICULTURA Y PESCA,S03
99999,NUEVOS DEPARTAMENTOS,1982,47,47000000000,AGRICULTURA GANADERIA SILVICULTURA Y PESCA,S03
99999,NUEVOS DEPARTAMENTOS,1983,56,56000000000,AGRICULTURA GANADERIA SILVICULTURA Y PESCA,S03
99999,NUEVOS DEPARTAMENTOS,1984,63,63000000000,AGRICULTURA GANADERIA SILVICULTURA Y PESCA,S03
99999,NUEVOS DEPARTAMENTOS,1985,80,80000000000,AGRICULTURA GANADERIA SILVICULTURA Y PESCA,S03
99999,NUEVOS DEPARTAMENTOS,1986,106,1.06E+11,AGRICULTURA GANADERIA SILVICULTURA Y PESCA,S03
99999,NUEVOS DEPARTAMENTOS,1987,142,1.42E+11,AGRICULTURA GANADERIA SILVICULTURA Y PESCA,S03
99999,NUEVOS DEPARTAMENTOS,1988,170,1.70E+11,AGRICULTURA GANADERIA SILVICULTURA Y PESCA,S03
99999,NUEVOS DEPARTAMENTOS,1989,220,2.20E+11,AGRICULTURA GANADERIA SILVICULTURA Y PESCA,S03
99999,NUEVOS DEPARTAMENTOS,1990,260,2.60E+11,AGRICULTURA GANADERIA SILVICULTURA Y PESCA,S03
99999,NUEVOS DEPARTAMENTOS,1991,319,3.19E+11,AGRICULTURA GANADERIA SILVICULTURA Y PESCA,S03
99999,NUEVOS DEPARTAMENTOS,1992,352,3.52E+11,AGRICULTURA GANADERIA SILVICULTURA Y PESCA,S03
99999,NUEVOS DEPARTAMENTOS,1993,379,3.79E+11,AGRICULTURA GANADERIA SILVICULTURA Y PESCA,S03
99999,NUEVOS DEPARTAMENTOS,1994,428,4.28E+11,AGRICULTURA GANADERIA SILVICULTURA Y PESCA,S03
99999,NUEVOS DEPARTAMENTOS,1995,499,4.99E+11,AGRICULTURA GANADERIA SILVICULTURA Y PESCA,S03
99999,NUEVOS DEPARTAMENTOS,1996,496,4.96E+11,AGRICULTURA GANADERIA SILVICULTURA Y PESCA,S03
99999,NUEVOS DEPARTAMENTOS,1997,586,5.86E+11,AGRICULTURA GANADERIA SILVICULTURA Y PESCA,S03
99999,NUEVOS DEPARTAMENTOS,1998,621,6.21E+11,AGRICULTURA GANADERIA SILVICULTURA Y PESCA,S03
99999,NUEVOS DEPARTAMENTOS,1999,607,6.07E+11,AGRICULTURA GANADERIA SILVICULTURA Y PESCA,S03
99999,NUEVOS DEPARTAMENTOS,2000,901,9.01E+11,AGRICULTURA GANADERIA SILVICULTURA Y PESCA,S03
99999,NUEVOS DEPARTAMENTOS,2001,899,8.99E+11,AGRICULTURA GANADERIA SILVICULTURA Y PESCA,S03
99999,NUEVOS DEPARTAMENTOS,2002,847,8.47E+11,AGRICULTURA GANADERIA SILVICULTURA Y PESCA,S03
99999,NUEVOS DEPARTAMENTOS,2003,997,9.97E+11,AGRICULTURA GANADERIA SILVICULTURA Y PESCA,S03
99999,NUEVOS DEPARTAMENTOS,2004,1104,1.10E+12,AGRICULTURA GANADERIA SILVICULTURA Y PESCA,S03
99999,NUEVOS DEPARTAMENTOS,2005,1238,1.24E+12,AGRICULTURA GANADERIA SILVICULTURA Y PESCA,S03
99999,NUEVOS DEPARTAMENTOS,2006,1306,1.31E+12,AGRICULTURA GANADERIA SILVICULTURA Y PESCA,S03
99999,NUEVOS DEPARTAMENTOS,2007,1476,1.48E+12,AGRICULTURA GANADERIA SILVICULTURA Y PESCA,S03
99999,NUEVOS DEPARTAMENTOS,2008,1755,1.76E+12,AGRICULTURA GANADERIA SILVICULTURA Y PESCA,S03
99999,NUEVOS DEPARTAMENTOS,2009,1805,1.81E+12,AGRICULTURA GANADERIA SILVICULTURA Y PESCA,S03
99999,NUEVOS DEPARTAMENTOS,2010,1833,1.83E+12,AGRICULTURA GANADERIA SILVICULTURA Y PESCA,S03
99999,NUEVOS DEPARTAMENTOS,2011,2013,2.01E+12,AGRICULTURA GANADERIA SILVICULTURA Y PESCA,S03
99999,NUEVOS DEPARTAMENTOS,2012,2312,2.31E+12,AGRICULTURA GANADERIA SILVICULTURA Y PESCA,S03
99999,NUEVOS DEPARTAMENTOS,2013,2314,2.31E+12,AGRICULTURA GANADERIA SILVICULTURA Y PESCA,S03
99999,NUEVOS DEPARTAMENTOS,2014,2029,2.03E+12,AGRICULTURA GANADERIA SILVICULTURA Y PESCA,S03
99999,NUEVOS DEPARTAMENTOS,2015,2613,2.61E+12,AGRICULTURA GANADERIA SILVICULTURA Y PESCA,S03
99999,NUEVOS DEPARTAMENTOS,2016,3193,3.19E+12,AGRICULTURA GANADERIA SILVICULTURA Y PESCA,S03
99999,NUEVOS DEPARTAMENTOS,2017,3174,3.17E+12,AGRICULTURA GANADERIA SILVICULTURA Y PESCA,S03
99999,NUEVOS DEPARTAMENTOS,2018,3240,3.24E+12,AGRICULTURA GANADERIA SILVICULTURA Y PESCA,S03
99999,NUEVOS DEPARTAMENTOS,2019,3507,3.51E+12,AGRICULTURA GANADERIA SILVICULTURA Y PESCA,S03
99999,NUEVOS DEPARTAMENTOS,2020,3879,3.88E+12,AGRICULTURA GANADERIA SILVICULTURA Y PESCA,S03
99999,NUEVOS DEPARTAMENTOS,2021,4910,4.91E+12,AGRICULTURA GANADERIA SILVICULTURA Y PESCA,S03
99999,NUEVOS DEPARTAMENTOS,2022,6803,6.80E+12,AGRICULTURA GANADERIA SILVICULTURA Y PESCA,S03
99999,NUEVOS DEPARTAMENTOS,2023p,7331,7.33E+12,AGRICULTURA GANADERIA SILVICULTURA Y PESCA,S03
99999,NUEVOS DEPARTAMENTOS,2024pr,8364,8.36E+12,AGRICULTURA GANADERIA SILVICULTURA Y PESCA,S03
0,COLOMBIA,1980,41,41000000000,EXPLOTACION DE MINAS Y CANTERAS,S07
0,COLOMBIA,1981,55,55000000000,EXPLOTACION DE MINAS Y CANTERAS,S07
0,COLOMBIA,1982,71,71000000000,EXPLOTACION DE MINAS Y CANTERAS,S07
0,COLOMBIA,1983,97,97000000000,EXPLOTACION DE MINAS Y CANTERAS,S07
0,COLOMBIA,1984,137,1.37E+11,EXPLOTACION DE MINAS Y CANTERAS,S07
0,COLOMBIA,1985,223,2.23E+11,EXPLOTACION DE MINAS Y CANTERAS,S07
0,COLOMBIA,1986,354,3.54E+11,EXPLOTACION DE MINAS Y CANTERAS,S07
0,COLOMBIA,1987,613,6.13E+11,EXPLOTACION DE MINAS Y CANTERAS,S07
0,COLOMBIA,1988,754,7.54E+11,EXPLOTACION DE MINAS Y CANTERAS,S07
0,COLOMBIA,1989,1219,1.22E+12,EXPLOTACION DE MINAS Y CANTERAS,S07
0,COLOMBIA,1990,1977,1.98E+12,EXPLOTACION DE MINAS Y CANTERAS,S07
0,COLOMBIA,1991,2220,2.22E+12,EXPLOTACION DE MINAS Y CANTERAS,S07
0,COLOMBIA,1992,2309,2.31E+12,EXPLOTACION DE MINAS Y CANTERAS,S07
0,COLOMBIA,1993,2578,2.58E+12,EXPLOTACION DE MINAS Y CANTERAS,S07
0,COLOMBIA,1994,2725,2.73E+12,EXPLOTACION DE MINAS Y CANTERAS,S07
0,COLOMBIA,1995,3723,3.72E+12,EXPLOTACION DE MINAS Y CANTERAS,S07
0,COLOMBIA,1996,4791,4.79E+12,EXPLOTACION DE MINAS Y CANTERAS,S07
0,COLOMBIA,1997,4985,4.99E+12,EXPLOTACION DE MINAS Y CANTERAS,S07
0,COLOMBIA,1998,5295,5.30E+12,EXPLOTACION DE MINAS Y CANTERAS,S07
0,COLOMBIA,1999,9403,9.40E+12,EXPLOTACION DE MINAS Y CANTERAS,S07
0,COLOMBIA,2000,12514,1.25E+13,EXPLOTACION DE MINAS Y CANTERAS,S07
0,COLOMBIA,2001,10659,1.07E+13,EXPLOTACION DE MINAS Y CANTERAS,S07
0,COLOMBIA,2002,11429,1.14E+13,EXPLOTACION DE MINAS Y CANTERAS,S07
0,COLOMBIA,2003,15459,1.55E+13,EXPLOTACION DE MINAS Y CANTERAS,S07
0,COLOMBIA,2004,18399,1.84E+13,EXPLOTACION DE MINAS Y CANTERAS,S07
0,COLOMBIA,2005,22071,2.21E+13,EXPLOTACION DE MINAS Y CANTERAS,S07
0,COLOMBIA,2006,26127,2.61E+13,EXPLOTACION DE MINAS Y CANTERAS,S07
0,COLOMBIA,2007,26443,2.64E+13,EXPLOTACION DE MINAS Y CANTERAS,S07
0,COLOMBIA,2008,38675,3.87E+13,EXPLOTACION DE MINAS Y CANTERAS,S07
0,COLOMBIA,2009,37234,3.72E+13,EXPLOTACION DE MINAS Y CANTERAS,S07
0,COLOMBIA,2010,47105,4.71E+13,EXPLOTACION DE MINAS Y CANTERAS,S07
0,COLOMBIA,2011,70548,7.05E+13,EXPLOTACION DE MINAS Y CANTERAS,S07
0,COLOMBIA,2012,74557,7.46E+13,EXPLOTACION DE MINAS Y CANTERAS,S07
0,COLOMBIA,2013,73340,7.33E+13,EXPLOTACION DE MINAS Y CANTERAS,S07
0,COLOMBIA,2014,64274,6.43E+13,EXPLOTACION DE MINAS Y CANTERAS,S07
0,COLOMBIA,2015,47627,4.76E+13,EXPLOTACION DE MINAS Y CANTERAS,S07
0,COLOMBIA,2016,40999,4.10E+13,EXPLOTACION DE MINAS Y CANTERAS,S07
0,COLOMBIA,2017,47538,4.75E+13,EXPLOTACION DE MINAS Y CANTERAS,S07
0,COLOMBIA,2018,57788,5.78E+13,EXPLOTACION DE MINAS Y CANTERAS,S07
0,COLOMBIA,2019,58317,5.83E+13,EXPLOTACION DE MINAS Y CANTERAS,S07
0,COLOMBIA,2020,40689,4.07E+13,EXPLOTACION DE MINAS Y CANTERAS,S07
0,COLOMBIA,2021,64235,6.42E+13,EXPLOTACION DE MINAS Y CANTERAS,S07
0,COLOMBIA,2022,107532,1.08E+14,EXPLOTACION DE MINAS Y CANTERAS,S07
0,COLOMBIA,2023p,89489,8.95E+13,EXPLOTACION DE MINAS Y CANTERAS,S07
0,COLOMBIA,2024pr,75886,7.59E+13,EXPLOTACION DE MINAS Y CANTERAS,S07
5,ANTIOQUIA,1980,9,9000000000,EXPLOTACION DE MINAS Y CANTERAS,S07
5,ANTIOQUIA,1981,12,12000000000,EXPLOTACION DE MINAS Y CANTERAS,S07
5,ANTIOQUIA,1982,12,12000000000,EXPLOTACION DE MINAS Y CANTERAS,S07
5,ANTIOQUIA,1983,18,18000000000,EXPLOTACION DE MINAS Y CANTERAS,S07
5,ANTIOQUIA,1984,27,27000000000,EXPLOTACION DE MINAS Y CANTERAS,S07
5,ANTIOQUIA,1985,51,51000000000,EXPLOTACION DE MINAS Y CANTERAS,S07
5,ANTIOQUIA,1986,87,87000000000,EXPLOTACION DE MINAS Y CANTERAS,S07
5,ANTIOQUIA,1987,99,99000000000,EXPLOTACION DE MINAS Y CANTERAS,S07
5,ANTIOQUIA,1988,132,1.32E+11,EXPLOTACION DE MINAS Y CANTERAS,S07
5,ANTIOQUIA,1989,202,2.02E+11,EXPLOTACION DE MINAS Y CANTERAS,S07
5,ANTIOQUIA,1990,288,2.88E+11,EXPLOTACION DE MINAS Y CANTERAS,S07
5,ANTIOQUIA,1991,308,3.08E+11,EXPLOTACION DE MINAS Y CANTERAS,S07
5,ANTIOQUIA,1992,249,2.49E+11,EXPLOTACION DE MINAS Y CANTERAS,S07
5,ANTIOQUIA,1993,196,1.96E+11,EXPLOTACION DE MINAS Y CANTERAS,S07
5,ANTIOQUIA,1994,199,1.99E+11,EXPLOTACION DE MINAS Y CANTERAS,S07
5,ANTIOQUIA,1995,237,2.37E+11,EXPLOTACION DE MINAS Y CANTERAS,S07
5,ANTIOQUIA,1996,326,3.26E+11,EXPLOTACION DE MINAS Y CANTERAS,S07
5,ANTIOQUIA,1997,333,3.33E+11,EXPLOTACION DE MINAS Y CANTERAS,S07
5,ANTIOQUIA,1998,263,2.63E+11,EXPLOTACION DE MINAS Y CANTERAS,S07
5,ANTIOQUIA,1999,374,3.74E+11,EXPLOTACION DE MINAS Y CANTERAS,S07
5,ANTIOQUIA,2000,465,4.65E+11,EXPLOTACION DE MINAS Y CANTERAS,S07
5,ANTIOQUIA,2001,465,4.65E+11,EXPLOTACION DE MINAS Y CANTERAS,S07
5,ANTIOQUIA,2002,588,5.88E+11,EXPLOTACION DE MINAS Y CANTERAS,S07
5,ANTIOQUIA,2003,1225,1.23E+12,EXPLOTACION DE MINAS Y CANTERAS,S07
5,ANTIOQUIA,2004,1239,1.24E+12,EXPLOTACION DE MINAS Y CANTERAS,S07
5,ANTIOQUIA,2005,1359,1.36E+12,EXPLOTACION DE MINAS Y CANTERAS,S07
5,ANTIOQUIA,2006,1784,1.78E+12,EXPLOTACION DE MINAS Y CANTERAS,S07
5,ANTIOQUIA,2007,1466,1.47E+12,EXPLOTACION DE MINAS Y CANTERAS,S07
5,ANTIOQUIA,2008,1890,1.89E+12,EXPLOTACION DE MINAS Y CANTERAS,S07
5,ANTIOQUIA,2009,1933,1.93E+12,EXPLOTACION DE MINAS Y CANTERAS,S07
5,ANTIOQUIA,2010,1854,1.85E+12,EXPLOTACION DE MINAS Y CANTERAS,S07
5,ANTIOQUIA,2011,2600,2.60E+12,EXPLOTACION DE MINAS Y CANTERAS,S07
5,ANTIOQUIA,2012,3197,3.20E+12,EXPLOTACION DE MINAS Y CANTERAS,S07
5,ANTIOQUIA,2013,3021,3.02E+12,EXPLOTACION DE MINAS Y CANTERAS,S07
5,ANTIOQUIA,2014,2986,2.99E+12,EXPLOTACION DE MINAS Y CANTERAS,S07
5,ANTIOQUIA,2015,2430,2.43E+12,EXPLOTACION DE MINAS Y CANTERAS,S07
5,ANTIOQUIA,2016,2827,2.83E+12,EXPLOTACION DE MINAS Y CANTERAS,S07
5,ANTIOQUIA,2017,2430,2.43E+12,EXPLOTACION DE MINAS Y CANTERAS,S07
5,ANTIOQUIA,2018,2675,2.68E+12,EXPLOTACION DE MINAS Y CANTERAS,S07
5,ANTIOQUIA,2019,3175,3.18E+12,EXPLOTACION DE MINAS Y CANTERAS,S07
5,ANTIOQUIA,2020,4783,4.78E+12,EXPLOTACION DE MINAS Y CANTERAS,S07
5,ANTIOQUIA,2021,6205,6.21E+12,EXPLOTACION DE MINAS Y CANTERAS,S07
5,ANTIOQUIA,2022,7760,7.76E+12,EXPLOTACION DE MINAS Y CANTERAS,S07
5,ANTIOQUIA,2023p,8310,8.31E+12,EXPLOTACION DE MINAS Y CANTERAS,S07
5,ANTIOQUIA,2024pr,8784,8.78E+12,EXPLOTACION DE MINAS Y CANTERAS,S07
8,ATLANTICO,1980,0,0,EXPLOTACION DE MINAS Y CANTERAS,S07
8,ATLANTICO,1981,0,0,EXPLOTACION DE MINAS Y CANTERAS,S07
8,ATLANTICO,1982,1,1000000000,EXPLOTACION DE MINAS Y CANTERAS,S07
8,ATLANTICO,1983,1,1000000000,EXPLOTACION DE MINAS Y CANTERAS,S07
8,ATLANTICO,1984,1,1000000000,EXPLOTACION DE MINAS Y CANTERAS,S07
8,ATLANTICO,1985,2,2000000000,EXPLOTACION DE MINAS Y CANTERAS,S07
8,ATLANTICO,1986,3,3000000000,EXPLOTACION DE MINAS Y CANTERAS,S07
8,ATLANTICO,1987,5,5000000000,EXPLOTACION DE MINAS Y CANTERAS,S07
8,ATLANTICO,1988,6,6000000000,EXPLOTACION DE MINAS Y CANTERAS,S07
8,ATLANTICO,1989,10,10000000000,EXPLOTACION DE MINAS Y CANTERAS,S07
8,ATLANTICO,1990,16,16000000000,EXPLOTACION DE MINAS Y CANTERAS,S07
8,ATLANTICO,1991,17,17000000000,EXPLOTACION DE MINAS Y CANTERAS,S07
8,ATLANTICO,1992,18,18000000000,EXPLOTACION DE MINAS Y CANTERAS,S07
8,ATLANTICO,1993,20,20000000000,EXPLOTACION DE MINAS Y CANTERAS,S07
8,ATLANTICO,1994,21,21000000000,EXPLOTACION DE MINAS Y CANTERAS,S07
8,ATLANTICO,1995,22,22000000000,EXPLOTACION DE MINAS Y CANTERAS,S07
8,ATLANTICO,1996,23,23000000000,EXPLOTACION DE MINAS Y CANTERAS,S07
8,ATLANTICO,1997,28,28000000000,EXPLOTACION DE MINAS Y CANTERAS,S07
8,ATLANTICO,1998,22,22000000000,EXPLOTACION DE MINAS Y CANTERAS,S07
8,ATLANTICO,1999,17,17000000000,EXPLOTACION DE MINAS Y CANTERAS,S07
8,ATLANTICO,2000,19,19000000000,EXPLOTACION DE MINAS Y CANTERAS,S07
8,ATLANTICO,2001,19,19000000000,EXPLOTACION DE MINAS Y CANTERAS,S07
8,ATLANTICO,2002,29,29000000000,EXPLOTACION DE MINAS Y CANTERAS,S07
8,ATLANTICO,2003,34,34000000000,EXPLOTACION DE MINAS Y CANTERAS,S07
8,ATLANTICO,2004,44,44000000000,EXPLOTACION DE MINAS Y CANTERAS,S07
8,ATLANTICO,2005,39,39000000000,EXPLOTACION DE MINAS Y CANTERAS,S07
8,ATLANTICO,2006,52,52000000000,EXPLOTACION DE MINAS Y CANTERAS,S07
8,ATLANTICO,2007,58,58000000000,EXPLOTACION DE MINAS Y CANTERAS,S07
8,ATLANTICO,2008,56,56000000000,EXPLOTACION DE MINAS Y CANTERAS,S07
8,ATLANTICO,2009,58,58000000000,EXPLOTACION DE MINAS Y CANTERAS,S07
8,ATLANTICO,2010,51,51000000000,EXPLOTACION DE MINAS Y CANTERAS,S07
8,ATLANTICO,2011,53,53000000000,EXPLOTACION DE MINAS Y CANTERAS,S07
8,ATLANTICO,2012,70,70000000000,EXPLOTACION DE MINAS Y CANTERAS,S07
8,ATLANTICO,2013,75,75000000000,EXPLOTACION DE MINAS Y CANTERAS,S07
8,ATLANTICO,2014,80,80000000000,EXPLOTACION DE MINAS Y CANTERAS,S07
8,ATLANTICO,2015,96,96000000000,EXPLOTACION DE MINAS Y CANTERAS,S07
8,ATLANTICO,2016,110,1.10E+11,EXPLOTACION DE MINAS Y CANTERAS,S07
8,ATLANTICO,2017,117,1.17E+11,EXPLOTACION DE MINAS Y CANTERAS,S07
8,ATLANTICO,2018,123,1.23E+11,EXPLOTACION DE MINAS Y CANTERAS,S07
8,ATLANTICO,2019,138,1.38E+11,EXPLOTACION DE MINAS Y CANTERAS,S07
8,ATLANTICO,2020,113,1.13E+11,EXPLOTACION DE MINAS Y CANTERAS,S07
8,ATLANTICO,2021,154,1.54E+11,EXPLOTACION DE MINAS Y CANTERAS,S07
8,ATLANTICO,2022,194,1.94E+11,EXPLOTACION DE MINAS Y CANTERAS,S07
8,ATLANTICO,2023p,199,1.99E+11,EXPLOTACION DE MINAS Y CANTERAS,S07
8,ATLANTICO,2024pr,201,2.01E+11,EXPLOTACION DE MINAS Y CANTERAS,S07
11,SANTAFE DE BOGOTA D.C,1980,2,2000000000,EXPLOTACION DE MINAS Y CANTERAS,S07
11,SANTAFE DE BOGOTA D.C,1981,2,2000000000,EXPLOTACION DE MINAS Y CANTERAS,S07
11,SANTAFE DE BOGOTA D.C,1982,3,3000000000,EXPLOTACION DE MINAS Y CANTERAS,S07
11,SANTAFE DE BOGOTA D.C,1983,4,4000000000,EXPLOTACION DE MINAS Y CANTERAS,S07
11,SANTAFE DE BOGOTA D.C,1984,4,4000000000,EXPLOTACION DE MINAS Y CANTERAS,S07
11,SANTAFE DE BOGOTA D.C,1985,5,5000000000,EXPLOTACION DE MINAS Y CANTERAS,S07
11,SANTAFE DE BOGOTA D.C,1986,8,8000000000,EXPLOTACION DE MINAS Y CANTERAS,S07
11,SANTAFE DE BOGOTA D.C,1987,12,12000000000,EXPLOTACION DE MINAS Y CANTERAS,S07
11,SANTAFE DE BOGOTA D.C,1988,17,17000000000,EXPLOTACION DE MINAS Y CANTERAS,S07
11,SANTAFE DE BOGOTA D.C,1989,19,19000000000,EXPLOTACION DE MINAS Y CANTERAS,S07
11,SANTAFE DE BOGOTA D.C,1990,17,17000000000,EXPLOTACION DE MINAS Y CANTERAS,S07
11,SANTAFE DE BOGOTA D.C,1991,25,25000000000,EXPLOTACION DE MINAS Y CANTERAS,S07
11,SANTAFE DE BOGOTA D.C,1992,34,34000000000,EXPLOTACION DE MINAS Y CANTERAS,S07
11,SANTAFE DE BOGOTA D.C,1993,35,35000000000,EXPLOTACION DE MINAS Y CANTERAS,S07
11,SANTAFE DE BOGOTA D.C,1994,94,94000000000,EXPLOTACION DE MINAS Y CANTERAS,S07
11,SANTAFE DE BOGOTA D.C,1995,112,1.12E+11,EXPLOTACION DE MINAS Y CANTERAS,S07
11,SANTAFE DE BOGOTA D.C,1996,92,92000000000,EXPLOTACION DE MINAS Y CANTERAS,S07
11,SANTAFE DE BOGOTA D.C,1997,86,86000000000,EXPLOTACION DE MINAS Y CANTERAS,S07
11,SANTAFE DE BOGOTA D.C,1998,94,94000000000,EXPLOTACION DE MINAS Y CANTERAS,S07
11,SANTAFE DE BOGOTA D.C,1999,77,77000000000,EXPLOTACION DE MINAS Y CANTERAS,S07
11,SANTAFE DE BOGOTA D.C,2000,79,79000000000,EXPLOTACION DE MINAS Y CANTERAS,S07
11,SANTAFE DE BOGOTA D.C,2001,98,98000000000,EXPLOTACION DE MINAS Y CANTERAS,S07
11,SANTAFE DE BOGOTA D.C,2002,151,1.51E+11,EXPLOTACION DE MINAS Y CANTERAS,S07
11,SANTAFE DE BOGOTA D.C,2003,182,1.82E+11,EXPLOTACION DE MINAS Y CANTERAS,S07
11,SANTAFE DE BOGOTA D.C,2004,255,2.55E+11,EXPLOTACION DE MINAS Y CANTERAS,S07
11,SANTAFE DE BOGOTA D.C,2005,268,2.68E+11,EXPLOTACION DE MINAS Y CANTERAS,S07
11,SANTAFE DE BOGOTA D.C,2006,319,3.19E+11,EXPLOTACION DE MINAS Y CANTERAS,S07
11,SANTAFE DE BOGOTA D.C,2007,327,3.27E+11,EXPLOTACION DE MINAS Y CANTERAS,S07
11,SANTAFE DE BOGOTA D.C,2008,326,3.26E+11,EXPLOTACION DE MINAS Y CANTERAS,S07
11,SANTAFE DE BOGOTA D.C,2009,348,3.48E+11,EXPLOTACION DE MINAS Y CANTERAS,S07
11,SANTAFE DE BOGOTA D.C,2010,298,2.98E+11,EXPLOTACION DE MINAS Y CANTERAS,S07
11,SANTAFE DE BOGOTA D.C,2011,330,3.30E+11,EXPLOTACION DE MINAS Y CANTERAS,S07
11,SANTAFE DE BOGOTA D.C,2012,304,3.04E+11,EXPLOTACION DE MINAS Y CANTERAS,S07
11,SANTAFE DE BOGOTA D.C,2013,296,2.96E+11,EXPLOTACION DE MINAS Y CANTERAS,S07
11,SANTAFE DE BOGOTA D.C,2014,286,2.86E+11,EXPLOTACION DE MINAS Y CANTERAS,S07
11,SANTAFE DE BOGOTA D.C,2015,322,3.22E+11,EXPLOTACION DE MINAS Y CANTERAS,S07
11,SANTAFE DE BOGOTA D.C,2016,370,3.70E+11,EXPLOTACION DE MINAS Y CANTERAS,S07
11,SANTAFE DE BOGOTA D.C,2017,370,3.70E+11,EXPLOTACION DE MINAS Y CANTERAS,S07
11,SANTAFE DE BOGOTA D.C,2018,382,3.82E+11,EXPLOTACION DE MINAS Y CANTERAS,S07
11,SANTAFE DE BOGOTA D.C,2019,392,3.92E+11,EXPLOTACION DE MINAS Y CANTERAS,S07
11,SANTAFE DE BOGOTA D.C,2020,299,2.99E+11,EXPLOTACION DE MINAS Y CANTERAS,S07
11,SANTAFE DE BOGOTA D.C,2021,327,3.27E+11,EXPLOTACION DE MINAS Y CANTERAS,S07
11,SANTAFE DE BOGOTA D.C,2022,473,4.73E+11,EXPLOTACION DE MINAS Y CANTERAS,S07
11,SANTAFE DE BOGOTA D.C,2023p,533,5.33E+11,EXPLOTACION DE MINAS Y CANTERAS,S07
11,SANTAFE DE BOGOTA D.C,2024pr,602,6.02E+11,EXPLOTACION DE MINAS Y CANTERAS,S07
13,BOLIVAR,1980,1,1000000000,EXPLOTACION DE MINAS Y CANTERAS,S07
13,BOLIVAR,1981,1,1000000000,EXPLOTACION DE MINAS Y CANTERAS,S07
13,BOLIVAR,1982,1,1000000000,EXPLOTACION DE MINAS Y CANTERAS,S07
13,BOLIVAR,1983,2,2000000000,EXPLOTACION DE MINAS Y CANTERAS,S07
13,BOLIVAR,1984,3,3000000000,EXPLOTACION DE MINAS Y CANTERAS,S07
13,BOLIVAR,1985,4,4000000000,EXPLOTACION DE MINAS Y CANTERAS,S07
13,BOLIVAR,1986,4,4000000000,EXPLOTACION DE MINAS Y CANTERAS,S07
13,BOLIVAR,1987,5,5000000000,EXPLOTACION DE MINAS Y CANTERAS,S07
13,BOLIVAR,1988,7,7000000000,EXPLOTACION DE MINAS Y CANTERAS,S07
13,BOLIVAR,1989,11,11000000000,EXPLOTACION DE MINAS Y CANTERAS,S07
13,BOLIVAR,1990,22,22000000000,EXPLOTACION DE MINAS Y CANTERAS,S07
13,BOLIVAR,1991,79,79000000000,EXPLOTACION DE MINAS Y CANTERAS,S07
13,BOLIVAR,1992,107,1.07E+11,EXPLOTACION DE MINAS Y CANTERAS,S07
13,BOLIVAR,1993,125,1.25E+11,EXPLOTACION DE MINAS Y CANTERAS,S07
13,BOLIVAR,1994,92,92000000000,EXPLOTACION DE MINAS Y CANTERAS,S07
13,BOLIVAR,1995,129,1.29E+11,EXPLOTACION DE MINAS Y CANTERAS,S07
13,BOLIVAR,1996,148,1.48E+11,EXPLOTACION DE MINAS Y CANTERAS,S07
13,BOLIVAR,1997,106,1.06E+11,EXPLOTACION DE MINAS Y CANTERAS,S07
13,BOLIVAR,1998,77,77000000000,EXPLOTACION DE MINAS Y CANTERAS,S07
13,BOLIVAR,1999,107,1.07E+11,EXPLOTACION DE MINAS Y CANTERAS,S07
13,BOLIVAR,2000,130,1.30E+11,EXPLOTACION DE MINAS Y CANTERAS,S07
13,BOLIVAR,2001,133,1.33E+11,EXPLOTACION DE MINAS Y CANTERAS,S07
13,BOLIVAR,2002,154,1.54E+11,EXPLOTACION DE MINAS Y CANTERAS,S07
13,BOLIVAR,2003,357,3.57E+11,EXPLOTACION DE MINAS Y CANTERAS,S07
13,BOLIVAR,2004,273,2.73E+11,EXPLOTACION DE MINAS Y CANTERAS,S07
13,BOLIVAR,2005,364,3.64E+11,EXPLOTACION DE MINAS Y CANTERAS,S07
13,BOLIVAR,2006,475,4.75E+11,EXPLOTACION DE MINAS Y CANTERAS,S07
13,BOLIVAR,2007,474,4.74E+11,EXPLOTACION DE MINAS Y CANTERAS,S07
13,BOLIVAR,2008,711,7.11E+11,EXPLOTACION DE MINAS Y CANTERAS,S07
13,BOLIVAR,2009,605,6.05E+11,EXPLOTACION DE MINAS Y CANTERAS,S07
13,BOLIVAR,2010,805,8.05E+11,EXPLOTACION DE MINAS Y CANTERAS,S07
13,BOLIVAR,2011,1235,1.24E+12,EXPLOTACION DE MINAS Y CANTERAS,S07
13,BOLIVAR,2012,1202,1.20E+12,EXPLOTACION DE MINAS Y CANTERAS,S07
13,BOLIVAR,2013,1127,1.13E+12,EXPLOTACION DE MINAS Y CANTERAS,S07
13,BOLIVAR,2014,760,7.60E+11,EXPLOTACION DE MINAS Y CANTERAS,S07
13,BOLIVAR,2015,677,6.77E+11,EXPLOTACION DE MINAS Y CANTERAS,S07
13,BOLIVAR,2016,704,7.04E+11,EXPLOTACION DE MINAS Y CANTERAS,S07
13,BOLIVAR,2017,742,7.42E+11,EXPLOTACION DE MINAS Y CANTERAS,S07
13,BOLIVAR,2018,873,8.73E+11,EXPLOTACION DE MINAS Y CANTERAS,S07
13,BOLIVAR,2019,1093,1.09E+12,EXPLOTACION DE MINAS Y CANTERAS,S07
13,BOLIVAR,2020,909,9.09E+11,EXPLOTACION DE MINAS Y CANTERAS,S07
13,BOLIVAR,2021,1296,1.30E+12,EXPLOTACION DE MINAS Y CANTERAS,S07
13,BOLIVAR,2022,1419,1.42E+12,EXPLOTACION DE MINAS Y CANTERAS,S07
13,BOLIVAR,2023p,1352,1.35E+12,EXPLOTACION DE MINAS Y CANTERAS,S07
13,BOLIVAR,2024pr,1328,1.33E+12,EXPLOTACION DE MINAS Y CANTERAS,S07
15,BOYACA,1980,4,4000000000,EXPLOTACION DE MINAS Y CANTERAS,S07
15,BOYACA,1981,5,5000000000,EXPLOTACION DE MINAS Y CANTERAS,S07
15,BOYACA,1982,6,6000000000,EXPLOTACION DE MINAS Y CANTERAS,S07
15,BOYACA,1983,7,7000000000,EXPLOTACION DE MINAS Y CANTERAS,S07
15,BOYACA,1984,9,9000000000,EXPLOTACION DE MINAS Y CANTERAS,S07
15,BOYACA,1985,13,13000000000,EXPLOTACION DE MINAS Y CANTERAS,S07
15,BOYACA,1986,17,17000000000,EXPLOTACION DE MINAS Y CANTERAS,S07
15,BOYACA,1987,31,31000000000,EXPLOTACION DE MINAS Y CANTERAS,S07
15,BOYACA,1988,45,45000000000,EXPLOTACION DE MINAS Y CANTERAS,S07
15,BOYACA,1989,75,75000000000,EXPLOTACION DE MINAS Y CANTERAS,S07
15,BOYACA,1990,112,1.12E+11,EXPLOTACION DE MINAS Y CANTERAS,S07
15,BOYACA,1991,139,1.39E+11,EXPLOTACION DE MINAS Y CANTERAS,S07
15,BOYACA,1992,165,1.65E+11,EXPLOTACION DE MINAS Y CANTERAS,S07
15,BOYACA,1993,326,3.26E+11,EXPLOTACION DE MINAS Y CANTERAS,S07
15,BOYACA,1994,360,3.60E+11,EXPLOTACION DE MINAS Y CANTERAS,S07
15,BOYACA,1995,425,4.25E+11,EXPLOTACION DE MINAS Y CANTERAS,S07
15,BOYACA,1996,237,2.37E+11,EXPLOTACION DE MINAS Y CANTERAS,S07
15,BOYACA,1997,209,2.09E+11,EXPLOTACION DE MINAS Y CANTERAS,S07
15,BOYACA,1998,172,1.72E+11,EXPLOTACION DE MINAS Y CANTERAS,S07
15,BOYACA,1999,234,2.34E+11,EXPLOTACION DE MINAS Y CANTERAS,S07
15,BOYACA,2000,267,2.67E+11,EXPLOTACION DE MINAS Y CANTERAS,S07
15,BOYACA,2001,274,2.74E+11,EXPLOTACION DE MINAS Y CANTERAS,S07
15,BOYACA,2002,314,3.14E+11,EXPLOTACION DE MINAS Y CANTERAS,S07
15,BOYACA,2003,351,3.51E+11,EXPLOTACION DE MINAS Y CANTERAS,S07
15,BOYACA,2004,334,3.34E+11,EXPLOTACION DE MINAS Y CANTERAS,S07
15,BOYACA,2005,374,3.74E+11,EXPLOTACION DE MINAS Y CANTERAS,S07
15,BOYACA,2006,517,5.17E+11,EXPLOTACION DE MINAS Y CANTERAS,S07
15,BOYACA,2007,1031,1.03E+12,EXPLOTACION DE MINAS Y CANTERAS,S07
15,BOYACA,2008,1664,1.66E+12,EXPLOTACION DE MINAS Y CANTERAS,S07
15,BOYACA,2009,1450,1.45E+12,EXPLOTACION DE MINAS Y CANTERAS,S07
15,BOYACA,2010,1996,2.00E+12,EXPLOTACION DE MINAS Y CANTERAS,S07
15,BOYACA,2011,3045,3.05E+12,EXPLOTACION DE MINAS Y CANTERAS,S07
15,BOYACA,2012,3181,3.18E+12,EXPLOTACION DE MINAS Y CANTERAS,S07
15,BOYACA,2013,3057,3.06E+12,EXPLOTACION DE MINAS Y CANTERAS,S07
15,BOYACA,2014,2703,2.70E+12,EXPLOTACION DE MINAS Y CANTERAS,S07
15,BOYACA,2015,2109,2.11E+12,EXPLOTACION DE MINAS Y CANTERAS,S07
15,BOYACA,2016,1694,1.69E+12,EXPLOTACION DE MINAS Y CANTERAS,S07
15,BOYACA,2017,1904,1.90E+12,EXPLOTACION DE MINAS Y CANTERAS,S07
15,BOYACA,2018,2258,2.26E+12,EXPLOTACION DE MINAS Y CANTERAS,S07
15,BOYACA,2019,2127,2.13E+12,EXPLOTACION DE MINAS Y CANTERAS,S07
15,BOYACA,2020,1547,1.55E+12,EXPLOTACION DE MINAS Y CANTERAS,S07
15,BOYACA,2021,2164,2.16E+12,EXPLOTACION DE MINAS Y CANTERAS,S07
15,BOYACA,2022,4107,4.11E+12,EXPLOTACION DE MINAS Y CANTERAS,S07
15,BOYACA,2023p,3231,3.23E+12,EXPLOTACION DE MINAS Y CANTERAS,S07
15,BOYACA,2024pr,2709,2.71E+12,EXPLOTACION DE MINAS Y CANTERAS,S07
17,CALDAS,1980,0,0,EXPLOTACION DE MINAS Y CANTERAS,S07
17,CALDAS,1981,0,0,EXPLOTACION DE MINAS Y CANTERAS,S07
17,CALDAS,1982,0,0,EXPLOTACION DE MINAS Y CANTERAS,S07
17,CALDAS,1983,0,0,EXPLOTACION DE MINAS Y CANTERAS,S07
17,CALDAS,1984,0,0,EXPLOTACION DE MINAS Y CANTERAS,S07
17,CALDAS,1985,1,1000000000,EXPLOTACION DE MINAS Y CANTERAS,S07
17,CALDAS,1986,2,2000000000,EXPLOTACION DE MINAS Y CANTERAS,S07
17,CALDAS,1987,4,4000000000,EXPLOTACION DE MINAS Y CANTERAS,S07
17,CALDAS,1988,5,5000000000,EXPLOTACION DE MINAS Y CANTERAS,S07
17,CALDAS,1989,7,7000000000,EXPLOTACION DE MINAS Y CANTERAS,S07
17,CALDAS,1990,9,9000000000,EXPLOTACION DE MINAS Y CANTERAS,S07
17,CALDAS,1991,14,14000000000,EXPLOTACION DE MINAS Y CANTERAS,S07
17,CALDAS,1992,23,23000000000,EXPLOTACION DE MINAS Y CANTERAS,S07
17,CALDAS,1993,19,19000000000,EXPLOTACION DE MINAS Y CANTERAS,S07
17,CALDAS,1994,22,22000000000,EXPLOTACION DE MINAS Y CANTERAS,S07
17,CALDAS,1995,28,28000000000,EXPLOTACION DE MINAS Y CANTERAS,S07
17,CALDAS,1996,18,18000000000,EXPLOTACION DE MINAS Y CANTERAS,S07
17,CALDAS,1997,19,19000000000,EXPLOTACION DE MINAS Y CANTERAS,S07
17,CALDAS,1998,23,23000000000,EXPLOTACION DE MINAS Y CANTERAS,S07
17,CALDAS,1999,16,16000000000,EXPLOTACION DE MINAS Y CANTERAS,S07
17,CALDAS,2000,20,20000000000,EXPLOTACION DE MINAS Y CANTERAS,S07
17,CALDAS,2001,26,26000000000,EXPLOTACION DE MINAS Y CANTERAS,S07
17,CALDAS,2002,37,37000000000,EXPLOTACION DE MINAS Y CANTERAS,S07
17,CALDAS,2003,47,47000000000,EXPLOTACION DE MINAS Y CANTERAS,S07
17,CALDAS,2004,52,52000000000,EXPLOTACION DE MINAS Y CANTERAS,S07
17,CALDAS,2005,67,67000000000,EXPLOTACION DE MINAS Y CANTERAS,S07
17,CALDAS,2006,131,1.31E+11,EXPLOTACION DE MINAS Y CANTERAS,S07
17,CALDAS,2007,115,1.15E+11,EXPLOTACION DE MINAS Y CANTERAS,S07
17,CALDAS,2008,74,74000000000,EXPLOTACION DE MINAS Y CANTERAS,S07
17,CALDAS,2009,76,76000000000,EXPLOTACION DE MINAS Y CANTERAS,S07
17,CALDAS,2010,84,84000000000,EXPLOTACION DE MINAS Y CANTERAS,S07
17,CALDAS,2011,110,1.10E+11,EXPLOTACION DE MINAS Y CANTERAS,S07
17,CALDAS,2012,132,1.32E+11,EXPLOTACION DE MINAS Y CANTERAS,S07
17,CALDAS,2013,122,1.22E+11,EXPLOTACION DE MINAS Y CANTERAS,S07
17,CALDAS,2014,146,1.46E+11,EXPLOTACION DE MINAS Y CANTERAS,S07
17,CALDAS,2015,141,1.41E+11,EXPLOTACION DE MINAS Y CANTERAS,S07
17,CALDAS,2016,232,2.32E+11,EXPLOTACION DE MINAS Y CANTERAS,S07
17,CALDAS,2017,216,2.16E+11,EXPLOTACION DE MINAS Y CANTERAS,S07
17,CALDAS,2018,196,1.96E+11,EXPLOTACION DE MINAS Y CANTERAS,S07
17,CALDAS,2019,235,2.35E+11,EXPLOTACION DE MINAS Y CANTERAS,S07
17,CALDAS,2020,399,3.99E+11,EXPLOTACION DE MINAS Y CANTERAS,S07
17,CALDAS,2021,430,4.30E+11,EXPLOTACION DE MINAS Y CANTERAS,S07
17,CALDAS,2022,456,4.56E+11,EXPLOTACION DE MINAS Y CANTERAS,S07
17,CALDAS,2023p,493,4.93E+11,EXPLOTACION DE MINAS Y CANTERAS,S07
17,CALDAS,2024pr,529,5.29E+11,EXPLOTACION DE MINAS Y CANTERAS,S07
18,CAQUETA,1980,0,0,EXPLOTACION DE MINAS Y CANTERAS,S07
18,CAQUETA,1981,0,0,EXPLOTACION DE MINAS Y CANTERAS,S07
18,CAQUETA,1982,0,0,EXPLOTACION DE MINAS Y CANTERAS,S07
18,CAQUETA,1983,0,0,EXPLOTACION DE MINAS Y CANTERAS,S07
18,CAQUETA,1984,0,0,EXPLOTACION DE MINAS Y CANTERAS,S07
18,CAQUETA,1985,0,0,EXPLOTACION DE MINAS Y CANTERAS,S07
18,CAQUETA,1986,0,0,EXPLOTACION DE MINAS Y CANTERAS,S07
18,CAQUETA,1987,1,1000000000,EXPLOTACION DE MINAS Y CANTERAS,S07
18,CAQUETA,1988,1,1000000000,EXPLOTACION DE MINAS Y CANTERAS,S07
18,CAQUETA,1989,1,1000000000,EXPLOTACION DE MINAS Y CANTERAS,S07
18,CAQUETA,1990,1,1000000000,EXPLOTACION DE MINAS Y CANTERAS,S07
18,CAQUETA,1991,3,3000000000,EXPLOTACION DE MINAS Y CANTERAS,S07
18,CAQUETA,1992,5,5000000000,EXPLOTACION DE MINAS Y CANTERAS,S07
18,CAQUETA,1993,2,2000000000,EXPLOTACION DE MINAS Y CANTERAS,S07
18,CAQUETA,1994,1,1000000000,EXPLOTACION DE MINAS Y CANTERAS,S07
18,CAQUETA,1995,1,1000000000,EXPLOTACION DE MINAS Y CANTERAS,S07
18,CAQUETA,1996,1,1000000000,EXPLOTACION DE MINAS Y CANTERAS,S07
18,CAQUETA,1997,2,2000000000,EXPLOTACION DE MINAS Y CANTERAS,S07
18,CAQUETA,1998,1,1000000000,EXPLOTACION DE MINAS Y CANTERAS,S07
18,CAQUETA,1999,1,1000000000,EXPLOTACION DE MINAS Y CANTERAS,S07
18,CAQUETA,2000,1,1000000000,EXPLOTACION DE MINAS Y CANTERAS,S07
18,CAQUETA,2001,1,1000000000,EXPLOTACION DE MINAS Y CANTERAS,S07
18,CAQUETA,2002,1,1000000000,EXPLOTACION DE MINAS Y CANTERAS,S07
18,CAQUETA,2003,1,1000000000,EXPLOTACION DE MINAS Y CANTERAS,S07
18,CAQUETA,2004,1,1000000000,EXPLOTACION DE MINAS Y CANTERAS,S07
18,CAQUETA,2005,2,2000000000,EXPLOTACION DE MINAS Y CANTERAS,S07
18,CAQUETA,2006,4,4000000000,EXPLOTACION DE MINAS Y CANTERAS,S07
18,CAQUETA,2007,5,5000000000,EXPLOTACION DE MINAS Y CANTERAS,S07
18,CAQUETA,2008,6,6000000000,EXPLOTACION DE MINAS Y CANTERAS,S07
18,CAQUETA,2009,6,6000000000,EXPLOTACION DE MINAS Y CANTERAS,S07
18,CAQUETA,2010,9,9000000000,EXPLOTACION DE MINAS Y CANTERAS,S07
18,CAQUETA,2011,9,9000000000,EXPLOTACION DE MINAS Y CANTERAS,S07
18,CAQUETA,2012,16,16000000000,EXPLOTACION DE MINAS Y CANTERAS,S07
18,CAQUETA,2013,18,18000000000,EXPLOTACION DE MINAS Y CANTERAS,S07
18,CAQUETA,2014,17,17000000000,EXPLOTACION DE MINAS Y CANTERAS,S07
18,CAQUETA,2015,16,16000000000,EXPLOTACION DE MINAS Y CANTERAS,S07
18,CAQUETA,2016,17,17000000000,EXPLOTACION DE MINAS Y CANTERAS,S07
18,CAQUETA,2017,15,15000000000,EXPLOTACION DE MINAS Y CANTERAS,S07
18,CAQUETA,2018,16,16000000000,EXPLOTACION DE MINAS Y CANTERAS,S07
18,CAQUETA,2019,16,16000000000,EXPLOTACION DE MINAS Y CANTERAS,S07
18,CAQUETA,2020,15,15000000000,EXPLOTACION DE MINAS Y CANTERAS,S07
18,CAQUETA,2021,17,17000000000,EXPLOTACION DE MINAS Y CANTERAS,S07
18,CAQUETA,2022,16,16000000000,EXPLOTACION DE MINAS Y CANTERAS,S07
18,CAQUETA,2023p,18,18000000000,EXPLOTACION DE MINAS Y CANTERAS,S07
18,CAQUETA,2024pr,19,19000000000,EXPLOTACION DE MINAS Y CANTERAS,S07
19,CAUCA,1980,0,0,EXPLOTACION DE MINAS Y CANTERAS,S07
19,CAUCA,1981,0,0,EXPLOTACION DE MINAS Y CANTERAS,S07
19,CAUCA,1982,0,0,EXPLOTACION DE MINAS Y CANTERAS,S07
19,CAUCA,1983,0,0,EXPLOTACION DE MINAS Y CANTERAS,S07
19,CAUCA,1984,1,1000000000,EXPLOTACION DE MINAS Y CANTERAS,S07
19,CAUCA,1985,1,1000000000,EXPLOTACION DE MINAS Y CANTERAS,S07
19,CAUCA,1986,2,2000000000,EXPLOTACION DE MINAS Y CANTERAS,S07
19,CAUCA,1987,3,3000000000,EXPLOTACION DE MINAS Y CANTERAS,S07
19,CAUCA,1988,4,4000000000,EXPLOTACION DE MINAS Y CANTERAS,S07
19,CAUCA,1989,7,7000000000,EXPLOTACION DE MINAS Y CANTERAS,S07
19,CAUCA,1990,9,9000000000,EXPLOTACION DE MINAS Y CANTERAS,S07
19,CAUCA,1991,11,11000000000,EXPLOTACION DE MINAS Y CANTERAS,S07
19,CAUCA,1992,13,13000000000,EXPLOTACION DE MINAS Y CANTERAS,S07
19,CAUCA,1993,12,12000000000,EXPLOTACION DE MINAS Y CANTERAS,S07
19,CAUCA,1994,13,13000000000,EXPLOTACION DE MINAS Y CANTERAS,S07
19,CAUCA,1995,20,20000000000,EXPLOTACION DE MINAS Y CANTERAS,S07
19,CAUCA,1996,28,28000000000,EXPLOTACION DE MINAS Y CANTERAS,S07
19,CAUCA,1997,23,23000000000,EXPLOTACION DE MINAS Y CANTERAS,S07
19,CAUCA,1998,17,17000000000,EXPLOTACION DE MINAS Y CANTERAS,S07
19,CAUCA,1999,20,20000000000,EXPLOTACION DE MINAS Y CANTERAS,S07
19,CAUCA,2000,24,24000000000,EXPLOTACION DE MINAS Y CANTERAS,S07
19,CAUCA,2001,27,27000000000,EXPLOTACION DE MINAS Y CANTERAS,S07
19,CAUCA,2002,30,30000000000,EXPLOTACION DE MINAS Y CANTERAS,S07
19,CAUCA,2003,43,43000000000,EXPLOTACION DE MINAS Y CANTERAS,S07
19,CAUCA,2004,40,40000000000,EXPLOTACION DE MINAS Y CANTERAS,S07
19,CAUCA,2005,46,46000000000,EXPLOTACION DE MINAS Y CANTERAS,S07
19,CAUCA,2006,65,65000000000,EXPLOTACION DE MINAS Y CANTERAS,S07
19,CAUCA,2007,80,80000000000,EXPLOTACION DE MINAS Y CANTERAS,S07
19,CAUCA,2008,95,95000000000,EXPLOTACION DE MINAS Y CANTERAS,S07
19,CAUCA,2009,149,1.49E+11,EXPLOTACION DE MINAS Y CANTERAS,S07
19,CAUCA,2010,120,1.20E+11,EXPLOTACION DE MINAS Y CANTERAS,S07
19,CAUCA,2011,162,1.62E+11,EXPLOTACION DE MINAS Y CANTERAS,S07
19,CAUCA,2012,286,2.86E+11,EXPLOTACION DE MINAS Y CANTERAS,S07
19,CAUCA,2013,330,3.30E+11,EXPLOTACION DE MINAS Y CANTERAS,S07
19,CAUCA,2014,320,3.20E+11,EXPLOTACION DE MINAS Y CANTERAS,S07
19,CAUCA,2015,392,3.92E+11,EXPLOTACION DE MINAS Y CANTERAS,S07
19,CAUCA,2016,370,3.70E+11,EXPLOTACION DE MINAS Y CANTERAS,S07
19,CAUCA,2017,262,2.62E+11,EXPLOTACION DE MINAS Y CANTERAS,S07
19,CAUCA,2018,202,2.02E+11,EXPLOTACION DE MINAS Y CANTERAS,S07
19,CAUCA,2019,226,2.26E+11,EXPLOTACION DE MINAS Y CANTERAS,S07
19,CAUCA,2020,206,2.06E+11,EXPLOTACION DE MINAS Y CANTERAS,S07
19,CAUCA,2021,236,2.36E+11,EXPLOTACION DE MINAS Y CANTERAS,S07
19,CAUCA,2022,211,2.11E+11,EXPLOTACION DE MINAS Y CANTERAS,S07
19,CAUCA,2023p,221,2.21E+11,EXPLOTACION DE MINAS Y CANTERAS,S07
19,CAUCA,2024pr,230,2.30E+11,EXPLOTACION DE MINAS Y CANTERAS,S07
20,CESAR,1980,1,1000000000,EXPLOTACION DE MINAS Y CANTERAS,S07
20,CESAR,1981,1,1000000000,EXPLOTACION DE MINAS Y CANTERAS,S07
20,CESAR,1982,1,1000000000,EXPLOTACION DE MINAS Y CANTERAS,S07
20,CESAR,1983,1,1000000000,EXPLOTACION DE MINAS Y CANTERAS,S07
20,CESAR,1984,1,1000000000,EXPLOTACION DE MINAS Y CANTERAS,S07
20,CESAR,1985,1,1000000000,EXPLOTACION DE MINAS Y CANTERAS,S07
20,CESAR,1986,1,1000000000,EXPLOTACION DE MINAS Y CANTERAS,S07
20,CESAR,1987,1,1000000000,EXPLOTACION DE MINAS Y CANTERAS,S07
20,CESAR,1988,1,1000000000,EXPLOTACION DE MINAS Y CANTERAS,S07
20,CESAR,1989,1,1000000000,EXPLOTACION DE MINAS Y CANTERAS,S07
20,CESAR,1990,2,2000000000,EXPLOTACION DE MINAS Y CANTERAS,S07
20,CESAR,1991,9,9000000000,EXPLOTACION DE MINAS Y CANTERAS,S07
20,CESAR,1992,6,6000000000,EXPLOTACION DE MINAS Y CANTERAS,S07
20,CESAR,1993,33,33000000000,EXPLOTACION DE MINAS Y CANTERAS,S07
20,CESAR,1994,48,48000000000,EXPLOTACION DE MINAS Y CANTERAS,S07
20,CESAR,1995,148,1.48E+11,EXPLOTACION DE MINAS Y CANTERAS,S07
20,CESAR,1996,219,2.19E+11,EXPLOTACION DE MINAS Y CANTERAS,S07
20,CESAR,1997,227,2.27E+11,EXPLOTACION DE MINAS Y CANTERAS,S07
20,CESAR,1998,286,2.86E+11,EXPLOTACION DE MINAS Y CANTERAS,S07
20,CESAR,1999,322,3.22E+11,EXPLOTACION DE MINAS Y CANTERAS,S07
20,CESAR,2000,380,3.80E+11,EXPLOTACION DE MINAS Y CANTERAS,S07
20,CESAR,2001,684,6.84E+11,EXPLOTACION DE MINAS Y CANTERAS,S07
20,CESAR,2002,844,8.44E+11,EXPLOTACION DE MINAS Y CANTERAS,S07
20,CESAR,2003,1213,1.21E+12,EXPLOTACION DE MINAS Y CANTERAS,S07
20,CESAR,2004,1851,1.85E+12,EXPLOTACION DE MINAS Y CANTERAS,S07
20,CESAR,2005,2465,2.47E+12,EXPLOTACION DE MINAS Y CANTERAS,S07
20,CESAR,2006,2961,2.96E+12,EXPLOTACION DE MINAS Y CANTERAS,S07
20,CESAR,2007,3010,3.01E+12,EXPLOTACION DE MINAS Y CANTERAS,S07
20,CESAR,2008,4250,4.25E+12,EXPLOTACION DE MINAS Y CANTERAS,S07
20,CESAR,2009,4398,4.40E+12,EXPLOTACION DE MINAS Y CANTERAS,S07
20,CESAR,2010,4620,4.62E+12,EXPLOTACION DE MINAS Y CANTERAS,S07
20,CESAR,2011,6358,6.36E+12,EXPLOTACION DE MINAS Y CANTERAS,S07
20,CESAR,2012,6430,6.43E+12,EXPLOTACION DE MINAS Y CANTERAS,S07
20,CESAR,2013,5477,5.48E+12,EXPLOTACION DE MINAS Y CANTERAS,S07
20,CESAR,2014,4932,4.93E+12,EXPLOTACION DE MINAS Y CANTERAS,S07
20,CESAR,2015,4985,4.99E+12,EXPLOTACION DE MINAS Y CANTERAS,S07
20,CESAR,2016,6651,6.65E+12,EXPLOTACION DE MINAS Y CANTERAS,S07
20,CESAR,2017,8455,8.46E+12,EXPLOTACION DE MINAS Y CANTERAS,S07
20,CESAR,2018,9573,9.57E+12,EXPLOTACION DE MINAS Y CANTERAS,S07
20,CESAR,2019,8199,8.20E+12,EXPLOTACION DE MINAS Y CANTERAS,S07
20,CESAR,2020,5392,5.39E+12,EXPLOTACION DE MINAS Y CANTERAS,S07
20,CESAR,2021,8771,8.77E+12,EXPLOTACION DE MINAS Y CANTERAS,S07
20,CESAR,2022,21455,2.15E+13,EXPLOTACION DE MINAS Y CANTERAS,S07
20,CESAR,2023p,15462,1.55E+13,EXPLOTACION DE MINAS Y CANTERAS,S07
20,CESAR,2024pr,9950,9.95E+12,EXPLOTACION DE MINAS Y CANTERAS,S07
27,CHOCO,1980,1,1000000000,EXPLOTACION DE MINAS Y CANTERAS,S07
27,CHOCO,1981,1,1000000000,EXPLOTACION DE MINAS Y CANTERAS,S07
27,CHOCO,1982,1,1000000000,EXPLOTACION DE MINAS Y CANTERAS,S07
27,CHOCO,1983,2,2000000000,EXPLOTACION DE MINAS Y CANTERAS,S07
27,CHOCO,1984,2,2000000000,EXPLOTACION DE MINAS Y CANTERAS,S07
27,CHOCO,1985,3,3000000000,EXPLOTACION DE MINAS Y CANTERAS,S07
27,CHOCO,1986,6,6000000000,EXPLOTACION DE MINAS Y CANTERAS,S07
27,CHOCO,1987,10,10000000000,EXPLOTACION DE MINAS Y CANTERAS,S07
27,CHOCO,1988,15,15000000000,EXPLOTACION DE MINAS Y CANTERAS,S07
27,CHOCO,1989,26,26000000000,EXPLOTACION DE MINAS Y CANTERAS,S07
27,CHOCO,1990,37,37000000000,EXPLOTACION DE MINAS Y CANTERAS,S07
27,CHOCO,1991,42,42000000000,EXPLOTACION DE MINAS Y CANTERAS,S07
27,CHOCO,1992,44,44000000000,EXPLOTACION DE MINAS Y CANTERAS,S07
27,CHOCO,1993,40,40000000000,EXPLOTACION DE MINAS Y CANTERAS,S07
27,CHOCO,1994,36,36000000000,EXPLOTACION DE MINAS Y CANTERAS,S07
27,CHOCO,1995,38,38000000000,EXPLOTACION DE MINAS Y CANTERAS,S07
27,CHOCO,1996,20,20000000000,EXPLOTACION DE MINAS Y CANTERAS,S07
27,CHOCO,1997,14,14000000000,EXPLOTACION DE MINAS Y CANTERAS,S07
27,CHOCO,1998,19,19000000000,EXPLOTACION DE MINAS Y CANTERAS,S07
27,CHOCO,1999,21,21000000000,EXPLOTACION DE MINAS Y CANTERAS,S07
27,CHOCO,2000,29,29000000000,EXPLOTACION DE MINAS Y CANTERAS,S07
27,CHOCO,2001,44,44000000000,EXPLOTACION DE MINAS Y CANTERAS,S07
27,CHOCO,2002,46,46000000000,EXPLOTACION DE MINAS Y CANTERAS,S07
27,CHOCO,2003,78,78000000000,EXPLOTACION DE MINAS Y CANTERAS,S07
27,CHOCO,2004,111,1.11E+11,EXPLOTACION DE MINAS Y CANTERAS,S07
27,CHOCO,2005,128,1.28E+11,EXPLOTACION DE MINAS Y CANTERAS,S07
27,CHOCO,2006,227,2.27E+11,EXPLOTACION DE MINAS Y CANTERAS,S07
27,CHOCO,2007,239,2.39E+11,EXPLOTACION DE MINAS Y CANTERAS,S07
27,CHOCO,2008,244,2.44E+11,EXPLOTACION DE MINAS Y CANTERAS,S07
27,CHOCO,2009,563,5.63E+11,EXPLOTACION DE MINAS Y CANTERAS,S07
27,CHOCO,2010,1243,1.24E+12,EXPLOTACION DE MINAS Y CANTERAS,S07
27,CHOCO,2011,1874,1.87E+12,EXPLOTACION DE MINAS Y CANTERAS,S07
27,CHOCO,2012,1591,1.59E+12,EXPLOTACION DE MINAS Y CANTERAS,S07
27,CHOCO,2013,850,8.50E+11,EXPLOTACION DE MINAS Y CANTERAS,S07
27,CHOCO,2014,700,7.00E+11,EXPLOTACION DE MINAS Y CANTERAS,S07
27,CHOCO,2015,913,9.13E+11,EXPLOTACION DE MINAS Y CANTERAS,S07
27,CHOCO,2016,1192,1.19E+12,EXPLOTACION DE MINAS Y CANTERAS,S07
27,CHOCO,2017,759,7.59E+11,EXPLOTACION DE MINAS Y CANTERAS,S07
27,CHOCO,2018,398,3.98E+11,EXPLOTACION DE MINAS Y CANTERAS,S07
27,CHOCO,2019,555,5.55E+11,EXPLOTACION DE MINAS Y CANTERAS,S07
27,CHOCO,2020,903,9.03E+11,EXPLOTACION DE MINAS Y CANTERAS,S07
27,CHOCO,2021,972,9.72E+11,EXPLOTACION DE MINAS Y CANTERAS,S07
27,CHOCO,2022,1047,1.05E+12,EXPLOTACION DE MINAS Y CANTERAS,S07
27,CHOCO,2023p,1216,1.22E+12,EXPLOTACION DE MINAS Y CANTERAS,S07
27,CHOCO,2024pr,1293,1.29E+12,EXPLOTACION DE MINAS Y CANTERAS,S07
23,CORDOBA,1980,0,0,EXPLOTACION DE MINAS Y CANTERAS,S07
23,CORDOBA,1981,0,0,EXPLOTACION DE MINAS Y CANTERAS,S07
23,CORDOBA,1982,0,0,EXPLOTACION DE MINAS Y CANTERAS,S07
23,CORDOBA,1983,1,1000000000,EXPLOTACION DE MINAS Y CANTERAS,S07
23,CORDOBA,1984,1,1000000000,EXPLOTACION DE MINAS Y CANTERAS,S07
23,CORDOBA,1985,1,1000000000,EXPLOTACION DE MINAS Y CANTERAS,S07
23,CORDOBA,1986,1,1000000000,EXPLOTACION DE MINAS Y CANTERAS,S07
23,CORDOBA,1987,3,3000000000,EXPLOTACION DE MINAS Y CANTERAS,S07
23,CORDOBA,1988,7,7000000000,EXPLOTACION DE MINAS Y CANTERAS,S07
23,CORDOBA,1989,14,14000000000,EXPLOTACION DE MINAS Y CANTERAS,S07
23,CORDOBA,1990,21,21000000000,EXPLOTACION DE MINAS Y CANTERAS,S07
23,CORDOBA,1991,26,26000000000,EXPLOTACION DE MINAS Y CANTERAS,S07
23,CORDOBA,1992,26,26000000000,EXPLOTACION DE MINAS Y CANTERAS,S07
23,CORDOBA,1993,24,24000000000,EXPLOTACION DE MINAS Y CANTERAS,S07
23,CORDOBA,1994,31,31000000000,EXPLOTACION DE MINAS Y CANTERAS,S07
23,CORDOBA,1995,45,45000000000,EXPLOTACION DE MINAS Y CANTERAS,S07
23,CORDOBA,1996,47,47000000000,EXPLOTACION DE MINAS Y CANTERAS,S07
23,CORDOBA,1997,50,50000000000,EXPLOTACION DE MINAS Y CANTERAS,S07
23,CORDOBA,1998,69,69000000000,EXPLOTACION DE MINAS Y CANTERAS,S07
23,CORDOBA,1999,90,90000000000,EXPLOTACION DE MINAS Y CANTERAS,S07
23,CORDOBA,2000,127,1.27E+11,EXPLOTACION DE MINAS Y CANTERAS,S07
23,CORDOBA,2001,120,1.20E+11,EXPLOTACION DE MINAS Y CANTERAS,S07
23,CORDOBA,2002,143,1.43E+11,EXPLOTACION DE MINAS Y CANTERAS,S07
23,CORDOBA,2003,230,2.30E+11,EXPLOTACION DE MINAS Y CANTERAS,S07
23,CORDOBA,2004,337,3.37E+11,EXPLOTACION DE MINAS Y CANTERAS,S07
23,CORDOBA,2005,287,2.87E+11,EXPLOTACION DE MINAS Y CANTERAS,S07
23,CORDOBA,2006,442,4.42E+11,EXPLOTACION DE MINAS Y CANTERAS,S07
23,CORDOBA,2007,607,6.07E+11,EXPLOTACION DE MINAS Y CANTERAS,S07
23,CORDOBA,2008,282,2.82E+11,EXPLOTACION DE MINAS Y CANTERAS,S07
23,CORDOBA,2009,249,2.49E+11,EXPLOTACION DE MINAS Y CANTERAS,S07
23,CORDOBA,2010,330,3.30E+11,EXPLOTACION DE MINAS Y CANTERAS,S07
23,CORDOBA,2011,263,2.63E+11,EXPLOTACION DE MINAS Y CANTERAS,S07
23,CORDOBA,2012,273,2.73E+11,EXPLOTACION DE MINAS Y CANTERAS,S07
23,CORDOBA,2013,196,1.96E+11,EXPLOTACION DE MINAS Y CANTERAS,S07
23,CORDOBA,2014,178,1.78E+11,EXPLOTACION DE MINAS Y CANTERAS,S07
23,CORDOBA,2015,201,2.01E+11,EXPLOTACION DE MINAS Y CANTERAS,S07
23,CORDOBA,2016,247,2.47E+11,EXPLOTACION DE MINAS Y CANTERAS,S07
23,CORDOBA,2017,254,2.54E+11,EXPLOTACION DE MINAS Y CANTERAS,S07
23,CORDOBA,2018,308,3.08E+11,EXPLOTACION DE MINAS Y CANTERAS,S07
23,CORDOBA,2019,454,4.54E+11,EXPLOTACION DE MINAS Y CANTERAS,S07
23,CORDOBA,2020,707,7.07E+11,EXPLOTACION DE MINAS Y CANTERAS,S07
23,CORDOBA,2021,767,7.67E+11,EXPLOTACION DE MINAS Y CANTERAS,S07
23,CORDOBA,2022,1066,1.07E+12,EXPLOTACION DE MINAS Y CANTERAS,S07
23,CORDOBA,2023p,1094,1.09E+12,EXPLOTACION DE MINAS Y CANTERAS,S07
23,CORDOBA,2024pr,1148,1.15E+12,EXPLOTACION DE MINAS Y CANTERAS,S07
25,CUNDINAMARCA,1980,3,3000000000,EXPLOTACION DE MINAS Y CANTERAS,S07
25,CUNDINAMARCA,1981,2,2000000000,EXPLOTACION DE MINAS Y CANTERAS,S07
25,CUNDINAMARCA,1982,3,3000000000,EXPLOTACION DE MINAS Y CANTERAS,S07
25,CUNDINAMARCA,1983,4,4000000000,EXPLOTACION DE MINAS Y CANTERAS,S07
25,CUNDINAMARCA,1984,5,5000000000,EXPLOTACION DE MINAS Y CANTERAS,S07
25,CUNDINAMARCA,1985,7,7000000000,EXPLOTACION DE MINAS Y CANTERAS,S07
25,CUNDINAMARCA,1986,11,11000000000,EXPLOTACION DE MINAS Y CANTERAS,S07
25,CUNDINAMARCA,1987,15,15000000000,EXPLOTACION DE MINAS Y CANTERAS,S07
25,CUNDINAMARCA,1988,19,19000000000,EXPLOTACION DE MINAS Y CANTERAS,S07
25,CUNDINAMARCA,1989,31,31000000000,EXPLOTACION DE MINAS Y CANTERAS,S07
25,CUNDINAMARCA,1990,44,44000000000,EXPLOTACION DE MINAS Y CANTERAS,S07
25,CUNDINAMARCA,1991,62,62000000000,EXPLOTACION DE MINAS Y CANTERAS,S07
25,CUNDINAMARCA,1992,90,90000000000,EXPLOTACION DE MINAS Y CANTERAS,S07
25,CUNDINAMARCA,1993,108,1.08E+11,EXPLOTACION DE MINAS Y CANTERAS,S07
25,CUNDINAMARCA,1994,112,1.12E+11,EXPLOTACION DE MINAS Y CANTERAS,S07
25,CUNDINAMARCA,1995,136,1.36E+11,EXPLOTACION DE MINAS Y CANTERAS,S07
25,CUNDINAMARCA,1996,97,97000000000,EXPLOTACION DE MINAS Y CANTERAS,S07
25,CUNDINAMARCA,1997,96,96000000000,EXPLOTACION DE MINAS Y CANTERAS,S07
25,CUNDINAMARCA,1998,82,82000000000,EXPLOTACION DE MINAS Y CANTERAS,S07
25,CUNDINAMARCA,1999,90,90000000000,EXPLOTACION DE MINAS Y CANTERAS,S07
25,CUNDINAMARCA,2000,109,1.09E+11,EXPLOTACION DE MINAS Y CANTERAS,S07
25,CUNDINAMARCA,2001,160,1.60E+11,EXPLOTACION DE MINAS Y CANTERAS,S07
25,CUNDINAMARCA,2002,186,1.86E+11,EXPLOTACION DE MINAS Y CANTERAS,S07
25,CUNDINAMARCA,2003,210,2.10E+11,EXPLOTACION DE MINAS Y CANTERAS,S07
25,CUNDINAMARCA,2004,203,2.03E+11,EXPLOTACION DE MINAS Y CANTERAS,S07
25,CUNDINAMARCA,2005,234,2.34E+11,EXPLOTACION DE MINAS Y CANTERAS,S07
25,CUNDINAMARCA,2006,253,2.53E+11,EXPLOTACION DE MINAS Y CANTERAS,S07
25,CUNDINAMARCA,2007,313,3.13E+11,EXPLOTACION DE MINAS Y CANTERAS,S07
25,CUNDINAMARCA,2008,486,4.86E+11,EXPLOTACION DE MINAS Y CANTERAS,S07
25,CUNDINAMARCA,2009,407,4.07E+11,EXPLOTACION DE MINAS Y CANTERAS,S07
25,CUNDINAMARCA,2010,427,4.27E+11,EXPLOTACION DE MINAS Y CANTERAS,S07
25,CUNDINAMARCA,2011,663,6.63E+11,EXPLOTACION DE MINAS Y CANTERAS,S07
25,CUNDINAMARCA,2012,470,4.70E+11,EXPLOTACION DE MINAS Y CANTERAS,S07
25,CUNDINAMARCA,2013,561,5.61E+11,EXPLOTACION DE MINAS Y CANTERAS,S07
25,CUNDINAMARCA,2014,495,4.95E+11,EXPLOTACION DE MINAS Y CANTERAS,S07
25,CUNDINAMARCA,2015,489,4.89E+11,EXPLOTACION DE MINAS Y CANTERAS,S07
25,CUNDINAMARCA,2016,528,5.28E+11,EXPLOTACION DE MINAS Y CANTERAS,S07
25,CUNDINAMARCA,2017,599,5.99E+11,EXPLOTACION DE MINAS Y CANTERAS,S07
25,CUNDINAMARCA,2018,628,6.28E+11,EXPLOTACION DE MINAS Y CANTERAS,S07
25,CUNDINAMARCA,2019,539,5.39E+11,EXPLOTACION DE MINAS Y CANTERAS,S07
25,CUNDINAMARCA,2020,410,4.10E+11,EXPLOTACION DE MINAS Y CANTERAS,S07
25,CUNDINAMARCA,2021,559,5.59E+11,EXPLOTACION DE MINAS Y CANTERAS,S07
25,CUNDINAMARCA,2022,1364,1.36E+12,EXPLOTACION DE MINAS Y CANTERAS,S07
25,CUNDINAMARCA,2023p,1062,1.06E+12,EXPLOTACION DE MINAS Y CANTERAS,S07
25,CUNDINAMARCA,2024pr,810,8.10E+11,EXPLOTACION DE MINAS Y CANTERAS,S07
41,HUILA,1980,3,3000000000,EXPLOTACION DE MINAS Y CANTERAS,S07
41,HUILA,1981,5,5000000000,EXPLOTACION DE MINAS Y CANTERAS,S07
41,HUILA,1982,9,9000000000,EXPLOTACION DE MINAS Y CANTERAS,S07
41,HUILA,1983,12,12000000000,EXPLOTACION DE MINAS Y CANTERAS,S07
41,HUILA,1984,18,18000000000,EXPLOTACION DE MINAS Y CANTERAS,S07
41,HUILA,1985,27,27000000000,EXPLOTACION DE MINAS Y CANTERAS,S07
41,HUILA,1986,28,28000000000,EXPLOTACION DE MINAS Y CANTERAS,S07
41,HUILA,1987,50,50000000000,EXPLOTACION DE MINAS Y CANTERAS,S07
41,HUILA,1988,67,67000000000,EXPLOTACION DE MINAS Y CANTERAS,S07
41,HUILA,1989,91,91000000000,EXPLOTACION DE MINAS Y CANTERAS,S07
41,HUILA,1990,145,1.45E+11,EXPLOTACION DE MINAS Y CANTERAS,S07
41,HUILA,1991,135,1.35E+11,EXPLOTACION DE MINAS Y CANTERAS,S07
41,HUILA,1992,161,1.61E+11,EXPLOTACION DE MINAS Y CANTERAS,S07
41,HUILA,1993,156,1.56E+11,EXPLOTACION DE MINAS Y CANTERAS,S07
41,HUILA,1994,164,1.64E+11,EXPLOTACION DE MINAS Y CANTERAS,S07
41,HUILA,1995,216,2.16E+11,EXPLOTACION DE MINAS Y CANTERAS,S07
41,HUILA,1996,278,2.78E+11,EXPLOTACION DE MINAS Y CANTERAS,S07
41,HUILA,1997,263,2.63E+11,EXPLOTACION DE MINAS Y CANTERAS,S07
41,HUILA,1998,253,2.53E+11,EXPLOTACION DE MINAS Y CANTERAS,S07
41,HUILA,1999,596,5.96E+11,EXPLOTACION DE MINAS Y CANTERAS,S07
41,HUILA,2000,976,9.76E+11,EXPLOTACION DE MINAS Y CANTERAS,S07
41,HUILA,2001,795,7.95E+11,EXPLOTACION DE MINAS Y CANTERAS,S07
41,HUILA,2002,829,8.29E+11,EXPLOTACION DE MINAS Y CANTERAS,S07
41,HUILA,2003,1035,1.04E+12,EXPLOTACION DE MINAS Y CANTERAS,S07
41,HUILA,2004,1167,1.17E+12,EXPLOTACION DE MINAS Y CANTERAS,S07
41,HUILA,2005,1331,1.33E+12,EXPLOTACION DE MINAS Y CANTERAS,S07
41,HUILA,2006,1470,1.47E+12,EXPLOTACION DE MINAS Y CANTERAS,S07
41,HUILA,2007,1323,1.32E+12,EXPLOTACION DE MINAS Y CANTERAS,S07
41,HUILA,2008,1923,1.92E+12,EXPLOTACION DE MINAS Y CANTERAS,S07
41,HUILA,2009,1596,1.60E+12,EXPLOTACION DE MINAS Y CANTERAS,S07
41,HUILA,2010,1859,1.86E+12,EXPLOTACION DE MINAS Y CANTERAS,S07
41,HUILA,2011,2419,2.42E+12,EXPLOTACION DE MINAS Y CANTERAS,S07
41,HUILA,2012,2184,2.18E+12,EXPLOTACION DE MINAS Y CANTERAS,S07
41,HUILA,2013,1970,1.97E+12,EXPLOTACION DE MINAS Y CANTERAS,S07
41,HUILA,2014,1693,1.69E+12,EXPLOTACION DE MINAS Y CANTERAS,S07
41,HUILA,2015,1015,1.02E+12,EXPLOTACION DE MINAS Y CANTERAS,S07
41,HUILA,2016,700,7.00E+11,EXPLOTACION DE MINAS Y CANTERAS,S07
41,HUILA,2017,839,8.39E+11,EXPLOTACION DE MINAS Y CANTERAS,S07
41,HUILA,2018,1068,1.07E+12,EXPLOTACION DE MINAS Y CANTERAS,S07
41,HUILA,2019,1093,1.09E+12,EXPLOTACION DE MINAS Y CANTERAS,S07
41,HUILA,2020,822,8.22E+11,EXPLOTACION DE MINAS Y CANTERAS,S07
41,HUILA,2021,1253,1.25E+12,EXPLOTACION DE MINAS Y CANTERAS,S07
41,HUILA,2022,1709,1.71E+12,EXPLOTACION DE MINAS Y CANTERAS,S07
41,HUILA,2023p,1424,1.42E+12,EXPLOTACION DE MINAS Y CANTERAS,S07
41,HUILA,2024pr,1242,1.24E+12,EXPLOTACION DE MINAS Y CANTERAS,S07
44,LA GUAJIRA,1980,3,3000000000,EXPLOTACION DE MINAS Y CANTERAS,S07
44,LA GUAJIRA,1981,4,4000000000,EXPLOTACION DE MINAS Y CANTERAS,S07
44,LA GUAJIRA,1982,6,6000000000,EXPLOTACION DE MINAS Y CANTERAS,S07
44,LA GUAJIRA,1983,8,8000000000,EXPLOTACION DE MINAS Y CANTERAS,S07
44,LA GUAJIRA,1984,11,11000000000,EXPLOTACION DE MINAS Y CANTERAS,S07
44,LA GUAJIRA,1985,20,20000000000,EXPLOTACION DE MINAS Y CANTERAS,S07
44,LA GUAJIRA,1986,38,38000000000,EXPLOTACION DE MINAS Y CANTERAS,S07
44,LA GUAJIRA,1987,58,58000000000,EXPLOTACION DE MINAS Y CANTERAS,S07
44,LA GUAJIRA,1988,74,74000000000,EXPLOTACION DE MINAS Y CANTERAS,S07
44,LA GUAJIRA,1989,138,1.38E+11,EXPLOTACION DE MINAS Y CANTERAS,S07
44,LA GUAJIRA,1990,208,2.08E+11,EXPLOTACION DE MINAS Y CANTERAS,S07
44,LA GUAJIRA,1991,263,2.63E+11,EXPLOTACION DE MINAS Y CANTERAS,S07
44,LA GUAJIRA,1992,254,2.54E+11,EXPLOTACION DE MINAS Y CANTERAS,S07
44,LA GUAJIRA,1993,310,3.10E+11,EXPLOTACION DE MINAS Y CANTERAS,S07
44,LA GUAJIRA,1994,360,3.60E+11,EXPLOTACION DE MINAS Y CANTERAS,S07
44,LA GUAJIRA,1995,316,3.16E+11,EXPLOTACION DE MINAS Y CANTERAS,S07
44,LA GUAJIRA,1996,449,4.49E+11,EXPLOTACION DE MINAS Y CANTERAS,S07
44,LA GUAJIRA,1997,554,5.54E+11,EXPLOTACION DE MINAS Y CANTERAS,S07
44,LA GUAJIRA,1998,642,6.42E+11,EXPLOTACION DE MINAS Y CANTERAS,S07
44,LA GUAJIRA,1999,642,6.42E+11,EXPLOTACION DE MINAS Y CANTERAS,S07
44,LA GUAJIRA,2000,719,7.19E+11,EXPLOTACION DE MINAS Y CANTERAS,S07
44,LA GUAJIRA,2001,1094,1.09E+12,EXPLOTACION DE MINAS Y CANTERAS,S07
44,LA GUAJIRA,2002,992,9.92E+11,EXPLOTACION DE MINAS Y CANTERAS,S07
44,LA GUAJIRA,2003,1364,1.36E+12,EXPLOTACION DE MINAS Y CANTERAS,S07
44,LA GUAJIRA,2004,1893,1.89E+12,EXPLOTACION DE MINAS Y CANTERAS,S07
44,LA GUAJIRA,2005,2516,2.52E+12,EXPLOTACION DE MINAS Y CANTERAS,S07
44,LA GUAJIRA,2006,2860,2.86E+12,EXPLOTACION DE MINAS Y CANTERAS,S07
44,LA GUAJIRA,2007,2818,2.82E+12,EXPLOTACION DE MINAS Y CANTERAS,S07
44,LA GUAJIRA,2008,4120,4.12E+12,EXPLOTACION DE MINAS Y CANTERAS,S07
44,LA GUAJIRA,2009,4173,4.17E+12,EXPLOTACION DE MINAS Y CANTERAS,S07
44,LA GUAJIRA,2010,4086,4.09E+12,EXPLOTACION DE MINAS Y CANTERAS,S07
44,LA GUAJIRA,2011,4889,4.89E+12,EXPLOTACION DE MINAS Y CANTERAS,S07
44,LA GUAJIRA,2012,4879,4.88E+12,EXPLOTACION DE MINAS Y CANTERAS,S07
44,LA GUAJIRA,2013,4148,4.15E+12,EXPLOTACION DE MINAS Y CANTERAS,S07
44,LA GUAJIRA,2014,3660,3.66E+12,EXPLOTACION DE MINAS Y CANTERAS,S07
44,LA GUAJIRA,2015,3639,3.64E+12,EXPLOTACION DE MINAS Y CANTERAS,S07
44,LA GUAJIRA,2016,3898,3.90E+12,EXPLOTACION DE MINAS Y CANTERAS,S07
44,LA GUAJIRA,2017,4679,4.68E+12,EXPLOTACION DE MINAS Y CANTERAS,S07
44,LA GUAJIRA,2018,5405,5.41E+12,EXPLOTACION DE MINAS Y CANTERAS,S07
44,LA GUAJIRA,2019,4250,4.25E+12,EXPLOTACION DE MINAS Y CANTERAS,S07
44,LA GUAJIRA,2020,1951,1.95E+12,EXPLOTACION DE MINAS Y CANTERAS,S07
44,LA GUAJIRA,2021,6528,6.53E+12,EXPLOTACION DE MINAS Y CANTERAS,S07
44,LA GUAJIRA,2022,13389,1.34E+13,EXPLOTACION DE MINAS Y CANTERAS,S07
44,LA GUAJIRA,2023p,9628,9.63E+12,EXPLOTACION DE MINAS Y CANTERAS,S07
44,LA GUAJIRA,2024pr,5693,5.69E+12,EXPLOTACION DE MINAS Y CANTERAS,S07
47,MAGDALENA,1980,0,0,EXPLOTACION DE MINAS Y CANTERAS,S07
47,MAGDALENA,1981,0,0,EXPLOTACION DE MINAS Y CANTERAS,S07
47,MAGDALENA,1982,0,0,EXPLOTACION DE MINAS Y CANTERAS,S07
47,MAGDALENA,1983,0,0,EXPLOTACION DE MINAS Y CANTERAS,S07
47,MAGDALENA,1984,0,0,EXPLOTACION DE MINAS Y CANTERAS,S07
47,MAGDALENA,1985,0,0,EXPLOTACION DE MINAS Y CANTERAS,S07
47,MAGDALENA,1986,1,1000000000,EXPLOTACION DE MINAS Y CANTERAS,S07
47,MAGDALENA,1987,1,1000000000,EXPLOTACION DE MINAS Y CANTERAS,S07
47,MAGDALENA,1988,1,1000000000,EXPLOTACION DE MINAS Y CANTERAS,S07
47,MAGDALENA,1989,2,2000000000,EXPLOTACION DE MINAS Y CANTERAS,S07
47,MAGDALENA,1990,3,3000000000,EXPLOTACION DE MINAS Y CANTERAS,S07
47,MAGDALENA,1991,3,3000000000,EXPLOTACION DE MINAS Y CANTERAS,S07
47,MAGDALENA,1992,4,4000000000,EXPLOTACION DE MINAS Y CANTERAS,S07
47,MAGDALENA,1993,4,4000000000,EXPLOTACION DE MINAS Y CANTERAS,S07
47,MAGDALENA,1994,4,4000000000,EXPLOTACION DE MINAS Y CANTERAS,S07
47,MAGDALENA,1995,7,7000000000,EXPLOTACION DE MINAS Y CANTERAS,S07
47,MAGDALENA,1996,9,9000000000,EXPLOTACION DE MINAS Y CANTERAS,S07
47,MAGDALENA,1997,10,10000000000,EXPLOTACION DE MINAS Y CANTERAS,S07
47,MAGDALENA,1998,15,15000000000,EXPLOTACION DE MINAS Y CANTERAS,S07
47,MAGDALENA,1999,16,16000000000,EXPLOTACION DE MINAS Y CANTERAS,S07
47,MAGDALENA,2000,20,20000000000,EXPLOTACION DE MINAS Y CANTERAS,S07
47,MAGDALENA,2001,19,19000000000,EXPLOTACION DE MINAS Y CANTERAS,S07
47,MAGDALENA,2002,17,17000000000,EXPLOTACION DE MINAS Y CANTERAS,S07
47,MAGDALENA,2003,18,18000000000,EXPLOTACION DE MINAS Y CANTERAS,S07
47,MAGDALENA,2004,16,16000000000,EXPLOTACION DE MINAS Y CANTERAS,S07
47,MAGDALENA,2005,15,15000000000,EXPLOTACION DE MINAS Y CANTERAS,S07
47,MAGDALENA,2006,13,13000000000,EXPLOTACION DE MINAS Y CANTERAS,S07
47,MAGDALENA,2007,17,17000000000,EXPLOTACION DE MINAS Y CANTERAS,S07
47,MAGDALENA,2008,17,17000000000,EXPLOTACION DE MINAS Y CANTERAS,S07
47,MAGDALENA,2009,27,27000000000,EXPLOTACION DE MINAS Y CANTERAS,S07
47,MAGDALENA,2010,23,23000000000,EXPLOTACION DE MINAS Y CANTERAS,S07
47,MAGDALENA,2011,27,27000000000,EXPLOTACION DE MINAS Y CANTERAS,S07
47,MAGDALENA,2012,33,33000000000,EXPLOTACION DE MINAS Y CANTERAS,S07
47,MAGDALENA,2013,35,35000000000,EXPLOTACION DE MINAS Y CANTERAS,S07
47,MAGDALENA,2014,31,31000000000,EXPLOTACION DE MINAS Y CANTERAS,S07
47,MAGDALENA,2015,39,39000000000,EXPLOTACION DE MINAS Y CANTERAS,S07
47,MAGDALENA,2016,42,42000000000,EXPLOTACION DE MINAS Y CANTERAS,S07
47,MAGDALENA,2017,42,42000000000,EXPLOTACION DE MINAS Y CANTERAS,S07
47,MAGDALENA,2018,44,44000000000,EXPLOTACION DE MINAS Y CANTERAS,S07
47,MAGDALENA,2019,46,46000000000,EXPLOTACION DE MINAS Y CANTERAS,S07
47,MAGDALENA,2020,39,39000000000,EXPLOTACION DE MINAS Y CANTERAS,S07
47,MAGDALENA,2021,58,58000000000,EXPLOTACION DE MINAS Y CANTERAS,S07
47,MAGDALENA,2022,88,88000000000,EXPLOTACION DE MINAS Y CANTERAS,S07
47,MAGDALENA,2023p,91,91000000000,EXPLOTACION DE MINAS Y CANTERAS,S07
47,MAGDALENA,2024pr,93,93000000000,EXPLOTACION DE MINAS Y CANTERAS,S07
50,META,1980,0,0,EXPLOTACION DE MINAS Y CANTERAS,S07
50,META,1981,1,1000000000,EXPLOTACION DE MINAS Y CANTERAS,S07
50,META,1982,1,1000000000,EXPLOTACION DE MINAS Y CANTERAS,S07
50,META,1983,3,3000000000,EXPLOTACION DE MINAS Y CANTERAS,S07
50,META,1984,5,5000000000,EXPLOTACION DE MINAS Y CANTERAS,S07
50,META,1985,8,8000000000,EXPLOTACION DE MINAS Y CANTERAS,S07
50,META,1986,9,9000000000,EXPLOTACION DE MINAS Y CANTERAS,S07
50,META,1987,21,21000000000,EXPLOTACION DE MINAS Y CANTERAS,S07
50,META,1988,28,28000000000,EXPLOTACION DE MINAS Y CANTERAS,S07
50,META,1989,51,51000000000,EXPLOTACION DE MINAS Y CANTERAS,S07
50,META,1990,97,97000000000,EXPLOTACION DE MINAS Y CANTERAS,S07
50,META,1991,108,1.08E+11,EXPLOTACION DE MINAS Y CANTERAS,S07
50,META,1992,139,1.39E+11,EXPLOTACION DE MINAS Y CANTERAS,S07
50,META,1993,150,1.50E+11,EXPLOTACION DE MINAS Y CANTERAS,S07
50,META,1994,166,1.66E+11,EXPLOTACION DE MINAS Y CANTERAS,S07
50,META,1995,210,2.10E+11,EXPLOTACION DE MINAS Y CANTERAS,S07
50,META,1996,338,3.38E+11,EXPLOTACION DE MINAS Y CANTERAS,S07
50,META,1997,392,3.92E+11,EXPLOTACION DE MINAS Y CANTERAS,S07
50,META,1998,349,3.49E+11,EXPLOTACION DE MINAS Y CANTERAS,S07
50,META,1999,616,6.16E+11,EXPLOTACION DE MINAS Y CANTERAS,S07
50,META,2000,942,9.42E+11,EXPLOTACION DE MINAS Y CANTERAS,S07
50,META,2001,829,8.29E+11,EXPLOTACION DE MINAS Y CANTERAS,S07
50,META,2002,1009,1.01E+12,EXPLOTACION DE MINAS Y CANTERAS,S07
50,META,2003,1458,1.46E+12,EXPLOTACION DE MINAS Y CANTERAS,S07
50,META,2004,1902,1.90E+12,EXPLOTACION DE MINAS Y CANTERAS,S07
50,META,2005,2520,2.52E+12,EXPLOTACION DE MINAS Y CANTERAS,S07
50,META,2006,3372,3.37E+12,EXPLOTACION DE MINAS Y CANTERAS,S07
50,META,2007,3643,3.64E+12,EXPLOTACION DE MINAS Y CANTERAS,S07
50,META,2008,7168,7.17E+12,EXPLOTACION DE MINAS Y CANTERAS,S07
50,META,2009,7979,7.98E+12,EXPLOTACION DE MINAS Y CANTERAS,S07
50,META,2010,13988,1.40E+13,EXPLOTACION DE MINAS Y CANTERAS,S07
50,META,2011,24840,2.48E+13,EXPLOTACION DE MINAS Y CANTERAS,S07
50,META,2012,27569,2.76E+13,EXPLOTACION DE MINAS Y CANTERAS,S07
50,META,2013,29127,2.91E+13,EXPLOTACION DE MINAS Y CANTERAS,S07
50,META,2014,24069,2.41E+13,EXPLOTACION DE MINAS Y CANTERAS,S07
50,META,2015,16456,1.65E+13,EXPLOTACION DE MINAS Y CANTERAS,S07
50,META,2016,11344,1.13E+13,EXPLOTACION DE MINAS Y CANTERAS,S07
50,META,2017,13803,1.38E+13,EXPLOTACION DE MINAS Y CANTERAS,S07
50,META,2018,17880,1.79E+13,EXPLOTACION DE MINAS Y CANTERAS,S07
50,META,2019,19621,1.96E+13,EXPLOTACION DE MINAS Y CANTERAS,S07
50,META,2020,12326,1.23E+13,EXPLOTACION DE MINAS Y CANTERAS,S07
50,META,2021,18916,1.89E+13,EXPLOTACION DE MINAS Y CANTERAS,S07
50,META,2022,28698,2.87E+13,EXPLOTACION DE MINAS Y CANTERAS,S07
50,META,2023p,24518,2.45E+13,EXPLOTACION DE MINAS Y CANTERAS,S07
50,META,2024pr,22613,2.26E+13,EXPLOTACION DE MINAS Y CANTERAS,S07
52,NARINO,1980,0,0,EXPLOTACION DE MINAS Y CANTERAS,S07
52,NARINO,1981,1,1000000000,EXPLOTACION DE MINAS Y CANTERAS,S07
52,NARINO,1982,0,0,EXPLOTACION DE MINAS Y CANTERAS,S07
52,NARINO,1983,0,0,EXPLOTACION DE MINAS Y CANTERAS,S07
52,NARINO,1984,1,1000000000,EXPLOTACION DE MINAS Y CANTERAS,S07
52,NARINO,1985,1,1000000000,EXPLOTACION DE MINAS Y CANTERAS,S07
52,NARINO,1986,2,2000000000,EXPLOTACION DE MINAS Y CANTERAS,S07
52,NARINO,1987,2,2000000000,EXPLOTACION DE MINAS Y CANTERAS,S07
52,NARINO,1988,3,3000000000,EXPLOTACION DE MINAS Y CANTERAS,S07
52,NARINO,1989,6,6000000000,EXPLOTACION DE MINAS Y CANTERAS,S07
52,NARINO,1990,9,9000000000,EXPLOTACION DE MINAS Y CANTERAS,S07
52,NARINO,1991,13,13000000000,EXPLOTACION DE MINAS Y CANTERAS,S07
52,NARINO,1992,12,12000000000,EXPLOTACION DE MINAS Y CANTERAS,S07
52,NARINO,1993,19,19000000000,EXPLOTACION DE MINAS Y CANTERAS,S07
52,NARINO,1994,22,22000000000,EXPLOTACION DE MINAS Y CANTERAS,S07
52,NARINO,1995,15,15000000000,EXPLOTACION DE MINAS Y CANTERAS,S07
52,NARINO,1996,8,8000000000,EXPLOTACION DE MINAS Y CANTERAS,S07
52,NARINO,1997,7,7000000000,EXPLOTACION DE MINAS Y CANTERAS,S07
52,NARINO,1998,8,8000000000,EXPLOTACION DE MINAS Y CANTERAS,S07
52,NARINO,1999,8,8000000000,EXPLOTACION DE MINAS Y CANTERAS,S07
52,NARINO,2000,11,11000000000,EXPLOTACION DE MINAS Y CANTERAS,S07
52,NARINO,2001,18,18000000000,EXPLOTACION DE MINAS Y CANTERAS,S07
52,NARINO,2002,20,20000000000,EXPLOTACION DE MINAS Y CANTERAS,S07
52,NARINO,2003,42,42000000000,EXPLOTACION DE MINAS Y CANTERAS,S07
52,NARINO,2004,36,36000000000,EXPLOTACION DE MINAS Y CANTERAS,S07
52,NARINO,2005,30,30000000000,EXPLOTACION DE MINAS Y CANTERAS,S07
52,NARINO,2006,40,40000000000,EXPLOTACION DE MINAS Y CANTERAS,S07
52,NARINO,2007,50,50000000000,EXPLOTACION DE MINAS Y CANTERAS,S07
52,NARINO,2008,45,45000000000,EXPLOTACION DE MINAS Y CANTERAS,S07
52,NARINO,2009,61,61000000000,EXPLOTACION DE MINAS Y CANTERAS,S07
52,NARINO,2010,101,1.01E+11,EXPLOTACION DE MINAS Y CANTERAS,S07
52,NARINO,2011,127,1.27E+11,EXPLOTACION DE MINAS Y CANTERAS,S07
52,NARINO,2012,276,2.76E+11,EXPLOTACION DE MINAS Y CANTERAS,S07
52,NARINO,2013,220,2.20E+11,EXPLOTACION DE MINAS Y CANTERAS,S07
52,NARINO,2014,322,3.22E+11,EXPLOTACION DE MINAS Y CANTERAS,S07
52,NARINO,2015,486,4.86E+11,EXPLOTACION DE MINAS Y CANTERAS,S07
52,NARINO,2016,778,7.78E+11,EXPLOTACION DE MINAS Y CANTERAS,S07
52,NARINO,2017,264,2.64E+11,EXPLOTACION DE MINAS Y CANTERAS,S07
52,NARINO,2018,147,1.47E+11,EXPLOTACION DE MINAS Y CANTERAS,S07
52,NARINO,2019,170,1.70E+11,EXPLOTACION DE MINAS Y CANTERAS,S07
52,NARINO,2020,143,1.43E+11,EXPLOTACION DE MINAS Y CANTERAS,S07
52,NARINO,2021,145,1.45E+11,EXPLOTACION DE MINAS Y CANTERAS,S07
52,NARINO,2022,189,1.89E+11,EXPLOTACION DE MINAS Y CANTERAS,S07
52,NARINO,2023p,212,2.12E+11,EXPLOTACION DE MINAS Y CANTERAS,S07
52,NARINO,2024pr,224,2.24E+11,EXPLOTACION DE MINAS Y CANTERAS,S07
54,NORTE DE SANTANDER,1980,1,1000000000,EXPLOTACION DE MINAS Y CANTERAS,S07
54,NORTE DE SANTANDER,1981,2,2000000000,EXPLOTACION DE MINAS Y CANTERAS,S07
54,NORTE DE SANTANDER,1982,2,2000000000,EXPLOTACION DE MINAS Y CANTERAS,S07
54,NORTE DE SANTANDER,1983,3,3000000000,EXPLOTACION DE MINAS Y CANTERAS,S07
54,NORTE DE SANTANDER,1984,4,4000000000,EXPLOTACION DE MINAS Y CANTERAS,S07
54,NORTE DE SANTANDER,1985,6,6000000000,EXPLOTACION DE MINAS Y CANTERAS,S07
54,NORTE DE SANTANDER,1986,7,7000000000,EXPLOTACION DE MINAS Y CANTERAS,S07
54,NORTE DE SANTANDER,1987,9,9000000000,EXPLOTACION DE MINAS Y CANTERAS,S07
54,NORTE DE SANTANDER,1988,11,11000000000,EXPLOTACION DE MINAS Y CANTERAS,S07
54,NORTE DE SANTANDER,1989,18,18000000000,EXPLOTACION DE MINAS Y CANTERAS,S07
54,NORTE DE SANTANDER,1990,23,23000000000,EXPLOTACION DE MINAS Y CANTERAS,S07
54,NORTE DE SANTANDER,1991,26,26000000000,EXPLOTACION DE MINAS Y CANTERAS,S07
54,NORTE DE SANTANDER,1992,26,26000000000,EXPLOTACION DE MINAS Y CANTERAS,S07
54,NORTE DE SANTANDER,1993,28,28000000000,EXPLOTACION DE MINAS Y CANTERAS,S07
54,NORTE DE SANTANDER,1994,34,34000000000,EXPLOTACION DE MINAS Y CANTERAS,S07
54,NORTE DE SANTANDER,1995,44,44000000000,EXPLOTACION DE MINAS Y CANTERAS,S07
54,NORTE DE SANTANDER,1996,46,46000000000,EXPLOTACION DE MINAS Y CANTERAS,S07
54,NORTE DE SANTANDER,1997,46,46000000000,EXPLOTACION DE MINAS Y CANTERAS,S07
54,NORTE DE SANTANDER,1998,50,50000000000,EXPLOTACION DE MINAS Y CANTERAS,S07
54,NORTE DE SANTANDER,1999,54,54000000000,EXPLOTACION DE MINAS Y CANTERAS,S07
54,NORTE DE SANTANDER,2000,70,70000000000,EXPLOTACION DE MINAS Y CANTERAS,S07
54,NORTE DE SANTANDER,2001,66,66000000000,EXPLOTACION DE MINAS Y CANTERAS,S07
54,NORTE DE SANTANDER,2002,88,88000000000,EXPLOTACION DE MINAS Y CANTERAS,S07
54,NORTE DE SANTANDER,2003,125,1.25E+11,EXPLOTACION DE MINAS Y CANTERAS,S07
54,NORTE DE SANTANDER,2004,164,1.64E+11,EXPLOTACION DE MINAS Y CANTERAS,S07
54,NORTE DE SANTANDER,2005,214,2.14E+11,EXPLOTACION DE MINAS Y CANTERAS,S07
54,NORTE DE SANTANDER,2006,294,2.94E+11,EXPLOTACION DE MINAS Y CANTERAS,S07
54,NORTE DE SANTANDER,2007,270,2.70E+11,EXPLOTACION DE MINAS Y CANTERAS,S07
54,NORTE DE SANTANDER,2008,423,4.23E+11,EXPLOTACION DE MINAS Y CANTERAS,S07
54,NORTE DE SANTANDER,2009,394,3.94E+11,EXPLOTACION DE MINAS Y CANTERAS,S07
54,NORTE DE SANTANDER,2010,437,4.37E+11,EXPLOTACION DE MINAS Y CANTERAS,S07
54,NORTE DE SANTANDER,2011,497,4.97E+11,EXPLOTACION DE MINAS Y CANTERAS,S07
54,NORTE DE SANTANDER,2012,627,6.27E+11,EXPLOTACION DE MINAS Y CANTERAS,S07
54,NORTE DE SANTANDER,2013,377,3.77E+11,EXPLOTACION DE MINAS Y CANTERAS,S07
54,NORTE DE SANTANDER,2014,387,3.87E+11,EXPLOTACION DE MINAS Y CANTERAS,S07
54,NORTE DE SANTANDER,2015,395,3.95E+11,EXPLOTACION DE MINAS Y CANTERAS,S07
54,NORTE DE SANTANDER,2016,405,4.05E+11,EXPLOTACION DE MINAS Y CANTERAS,S07
54,NORTE DE SANTANDER,2017,486,4.86E+11,EXPLOTACION DE MINAS Y CANTERAS,S07
54,NORTE DE SANTANDER,2018,587,5.87E+11,EXPLOTACION DE MINAS Y CANTERAS,S07
54,NORTE DE SANTANDER,2019,458,4.58E+11,EXPLOTACION DE MINAS Y CANTERAS,S07
54,NORTE DE SANTANDER,2020,382,3.82E+11,EXPLOTACION DE MINAS Y CANTERAS,S07
54,NORTE DE SANTANDER,2021,476,4.76E+11,EXPLOTACION DE MINAS Y CANTERAS,S07
54,NORTE DE SANTANDER,2022,1506,1.51E+12,EXPLOTACION DE MINAS Y CANTERAS,S07
54,NORTE DE SANTANDER,2023p,1124,1.12E+12,EXPLOTACION DE MINAS Y CANTERAS,S07
54,NORTE DE SANTANDER,2024pr,764,7.64E+11,EXPLOTACION DE MINAS Y CANTERAS,S07
63,QUNDIO,1980,0,0,EXPLOTACION DE MINAS Y CANTERAS,S07
63,QUNDIO,1981,0,0,EXPLOTACION DE MINAS Y CANTERAS,S07
63,QUNDIO,1982,0,0,EXPLOTACION DE MINAS Y CANTERAS,S07
63,QUNDIO,1983,0,0,EXPLOTACION DE MINAS Y CANTERAS,S07
63,QUNDIO,1984,0,0,EXPLOTACION DE MINAS Y CANTERAS,S07
63,QUNDIO,1985,0,0,EXPLOTACION DE MINAS Y CANTERAS,S07
63,QUNDIO,1986,1,1000000000,EXPLOTACION DE MINAS Y CANTERAS,S07
63,QUNDIO,1987,1,1000000000,EXPLOTACION DE MINAS Y CANTERAS,S07
63,QUNDIO,1988,2,2000000000,EXPLOTACION DE MINAS Y CANTERAS,S07
63,QUNDIO,1989,3,3000000000,EXPLOTACION DE MINAS Y CANTERAS,S07
63,QUNDIO,1990,4,4000000000,EXPLOTACION DE MINAS Y CANTERAS,S07
63,QUNDIO,1991,4,4000000000,EXPLOTACION DE MINAS Y CANTERAS,S07
63,QUNDIO,1992,5,5000000000,EXPLOTACION DE MINAS Y CANTERAS,S07
63,QUNDIO,1993,5,5000000000,EXPLOTACION DE MINAS Y CANTERAS,S07
63,QUNDIO,1994,5,5000000000,EXPLOTACION DE MINAS Y CANTERAS,S07
63,QUNDIO,1995,4,4000000000,EXPLOTACION DE MINAS Y CANTERAS,S07
63,QUNDIO,1996,3,3000000000,EXPLOTACION DE MINAS Y CANTERAS,S07
63,QUNDIO,1997,4,4000000000,EXPLOTACION DE MINAS Y CANTERAS,S07
63,QUNDIO,1998,3,3000000000,EXPLOTACION DE MINAS Y CANTERAS,S07
63,QUNDIO,1999,2,2000000000,EXPLOTACION DE MINAS Y CANTERAS,S07
63,QUNDIO,2000,2,2000000000,EXPLOTACION DE MINAS Y CANTERAS,S07
63,QUNDIO,2001,23,23000000000,EXPLOTACION DE MINAS Y CANTERAS,S07
63,QUNDIO,2002,16,16000000000,EXPLOTACION DE MINAS Y CANTERAS,S07
63,QUNDIO,2003,12,12000000000,EXPLOTACION DE MINAS Y CANTERAS,S07
63,QUNDIO,2004,8,8000000000,EXPLOTACION DE MINAS Y CANTERAS,S07
63,QUNDIO,2005,12,12000000000,EXPLOTACION DE MINAS Y CANTERAS,S07
63,QUNDIO,2006,13,13000000000,EXPLOTACION DE MINAS Y CANTERAS,S07
63,QUNDIO,2007,17,17000000000,EXPLOTACION DE MINAS Y CANTERAS,S07
63,QUNDIO,2008,14,14000000000,EXPLOTACION DE MINAS Y CANTERAS,S07
63,QUNDIO,2009,16,16000000000,EXPLOTACION DE MINAS Y CANTERAS,S07
63,QUNDIO,2010,13,13000000000,EXPLOTACION DE MINAS Y CANTERAS,S07
63,QUNDIO,2011,20,20000000000,EXPLOTACION DE MINAS Y CANTERAS,S07
63,QUNDIO,2012,30,30000000000,EXPLOTACION DE MINAS Y CANTERAS,S07
63,QUNDIO,2013,27,27000000000,EXPLOTACION DE MINAS Y CANTERAS,S07
63,QUNDIO,2014,22,22000000000,EXPLOTACION DE MINAS Y CANTERAS,S07
63,QUNDIO,2015,27,27000000000,EXPLOTACION DE MINAS Y CANTERAS,S07
63,QUNDIO,2016,28,28000000000,EXPLOTACION DE MINAS Y CANTERAS,S07
63,QUNDIO,2017,28,28000000000,EXPLOTACION DE MINAS Y CANTERAS,S07
63,QUNDIO,2018,28,28000000000,EXPLOTACION DE MINAS Y CANTERAS,S07
63,QUNDIO,2019,29,29000000000,EXPLOTACION DE MINAS Y CANTERAS,S07
63,QUNDIO,2020,21,21000000000,EXPLOTACION DE MINAS Y CANTERAS,S07
63,QUNDIO,2021,25,25000000000,EXPLOTACION DE MINAS Y CANTERAS,S07
63,QUNDIO,2022,33,33000000000,EXPLOTACION DE MINAS Y CANTERAS,S07
63,QUNDIO,2023p,38,38000000000,EXPLOTACION DE MINAS Y CANTERAS,S07
63,QUNDIO,2024pr,40,40000000000,EXPLOTACION DE MINAS Y CANTERAS,S07
66,RISARALDA,1980,0,0,EXPLOTACION DE MINAS Y CANTERAS,S07
66,RISARALDA,1981,0,0,EXPLOTACION DE MINAS Y CANTERAS,S07
66,RISARALDA,1982,0,0,EXPLOTACION DE MINAS Y CANTERAS,S07
66,RISARALDA,1983,0,0,EXPLOTACION DE MINAS Y CANTERAS,S07
66,RISARALDA,1984,0,0,EXPLOTACION DE MINAS Y CANTERAS,S07
66,RISARALDA,1985,0,0,EXPLOTACION DE MINAS Y CANTERAS,S07
66,RISARALDA,1986,0,0,EXPLOTACION DE MINAS Y CANTERAS,S07
66,RISARALDA,1987,1,1000000000,EXPLOTACION DE MINAS Y CANTERAS,S07
66,RISARALDA,1988,2,2000000000,EXPLOTACION DE MINAS Y CANTERAS,S07
66,RISARALDA,1989,5,5000000000,EXPLOTACION DE MINAS Y CANTERAS,S07
66,RISARALDA,1990,8,8000000000,EXPLOTACION DE MINAS Y CANTERAS,S07
66,RISARALDA,1991,7,7000000000,EXPLOTACION DE MINAS Y CANTERAS,S07
66,RISARALDA,1992,9,9000000000,EXPLOTACION DE MINAS Y CANTERAS,S07
66,RISARALDA,1993,10,10000000000,EXPLOTACION DE MINAS Y CANTERAS,S07
66,RISARALDA,1994,7,7000000000,EXPLOTACION DE MINAS Y CANTERAS,S07
66,RISARALDA,1995,9,9000000000,EXPLOTACION DE MINAS Y CANTERAS,S07
66,RISARALDA,1996,9,9000000000,EXPLOTACION DE MINAS Y CANTERAS,S07
66,RISARALDA,1997,10,10000000000,EXPLOTACION DE MINAS Y CANTERAS,S07
66,RISARALDA,1998,6,6000000000,EXPLOTACION DE MINAS Y CANTERAS,S07
66,RISARALDA,1999,5,5000000000,EXPLOTACION DE MINAS Y CANTERAS,S07
66,RISARALDA,2000,5,5000000000,EXPLOTACION DE MINAS Y CANTERAS,S07
66,RISARALDA,2001,8,8000000000,EXPLOTACION DE MINAS Y CANTERAS,S07
66,RISARALDA,2002,11,11000000000,EXPLOTACION DE MINAS Y CANTERAS,S07
66,RISARALDA,2003,23,23000000000,EXPLOTACION DE MINAS Y CANTERAS,S07
66,RISARALDA,2004,25,25000000000,EXPLOTACION DE MINAS Y CANTERAS,S07
66,RISARALDA,2005,42,42000000000,EXPLOTACION DE MINAS Y CANTERAS,S07
66,RISARALDA,2006,51,51000000000,EXPLOTACION DE MINAS Y CANTERAS,S07
66,RISARALDA,2007,45,45000000000,EXPLOTACION DE MINAS Y CANTERAS,S07
66,RISARALDA,2008,43,43000000000,EXPLOTACION DE MINAS Y CANTERAS,S07
66,RISARALDA,2009,42,42000000000,EXPLOTACION DE MINAS Y CANTERAS,S07
66,RISARALDA,2010,34,34000000000,EXPLOTACION DE MINAS Y CANTERAS,S07
66,RISARALDA,2011,32,32000000000,EXPLOTACION DE MINAS Y CANTERAS,S07
66,RISARALDA,2012,36,36000000000,EXPLOTACION DE MINAS Y CANTERAS,S07
66,RISARALDA,2013,43,43000000000,EXPLOTACION DE MINAS Y CANTERAS,S07
66,RISARALDA,2014,47,47000000000,EXPLOTACION DE MINAS Y CANTERAS,S07
66,RISARALDA,2015,45,45000000000,EXPLOTACION DE MINAS Y CANTERAS,S07
66,RISARALDA,2016,59,59000000000,EXPLOTACION DE MINAS Y CANTERAS,S07
66,RISARALDA,2017,53,53000000000,EXPLOTACION DE MINAS Y CANTERAS,S07
66,RISARALDA,2018,55,55000000000,EXPLOTACION DE MINAS Y CANTERAS,S07
66,RISARALDA,2019,59,59000000000,EXPLOTACION DE MINAS Y CANTERAS,S07
66,RISARALDA,2020,71,71000000000,EXPLOTACION DE MINAS Y CANTERAS,S07
66,RISARALDA,2021,75,75000000000,EXPLOTACION DE MINAS Y CANTERAS,S07
66,RISARALDA,2022,72,72000000000,EXPLOTACION DE MINAS Y CANTERAS,S07
66,RISARALDA,2023p,82,82000000000,EXPLOTACION DE MINAS Y CANTERAS,S07
66,RISARALDA,2024pr,86,86000000000,EXPLOTACION DE MINAS Y CANTERAS,S07
68,SANTANDER,1980,7,7000000000,EXPLOTACION DE MINAS Y CANTERAS,S07
68,SANTANDER,1981,11,11000000000,EXPLOTACION DE MINAS Y CANTERAS,S07
68,SANTANDER,1982,15,15000000000,EXPLOTACION DE MINAS Y CANTERAS,S07
68,SANTANDER,1983,20,20000000000,EXPLOTACION DE MINAS Y CANTERAS,S07
68,SANTANDER,1984,27,27000000000,EXPLOTACION DE MINAS Y CANTERAS,S07
68,SANTANDER,1985,39,39000000000,EXPLOTACION DE MINAS Y CANTERAS,S07
68,SANTANDER,1986,42,42000000000,EXPLOTACION DE MINAS Y CANTERAS,S07
68,SANTANDER,1987,64,64000000000,EXPLOTACION DE MINAS Y CANTERAS,S07
68,SANTANDER,1988,64,64000000000,EXPLOTACION DE MINAS Y CANTERAS,S07
68,SANTANDER,1989,91,91000000000,EXPLOTACION DE MINAS Y CANTERAS,S07
68,SANTANDER,1990,136,1.36E+11,EXPLOTACION DE MINAS Y CANTERAS,S07
68,SANTANDER,1991,118,1.18E+11,EXPLOTACION DE MINAS Y CANTERAS,S07
68,SANTANDER,1992,118,1.18E+11,EXPLOTACION DE MINAS Y CANTERAS,S07
68,SANTANDER,1993,111,1.11E+11,EXPLOTACION DE MINAS Y CANTERAS,S07
68,SANTANDER,1994,113,1.13E+11,EXPLOTACION DE MINAS Y CANTERAS,S07
68,SANTANDER,1995,123,1.23E+11,EXPLOTACION DE MINAS Y CANTERAS,S07
68,SANTANDER,1996,157,1.57E+11,EXPLOTACION DE MINAS Y CANTERAS,S07
68,SANTANDER,1997,156,1.56E+11,EXPLOTACION DE MINAS Y CANTERAS,S07
68,SANTANDER,1998,146,1.46E+11,EXPLOTACION DE MINAS Y CANTERAS,S07
68,SANTANDER,1999,224,2.24E+11,EXPLOTACION DE MINAS Y CANTERAS,S07
68,SANTANDER,2000,338,3.38E+11,EXPLOTACION DE MINAS Y CANTERAS,S07
68,SANTANDER,2001,282,2.82E+11,EXPLOTACION DE MINAS Y CANTERAS,S07
68,SANTANDER,2002,314,3.14E+11,EXPLOTACION DE MINAS Y CANTERAS,S07
68,SANTANDER,2003,410,4.10E+11,EXPLOTACION DE MINAS Y CANTERAS,S07
68,SANTANDER,2004,492,4.92E+11,EXPLOTACION DE MINAS Y CANTERAS,S07
68,SANTANDER,2005,598,5.98E+11,EXPLOTACION DE MINAS Y CANTERAS,S07
68,SANTANDER,2006,737,7.37E+11,EXPLOTACION DE MINAS Y CANTERAS,S07
68,SANTANDER,2007,915,9.15E+11,EXPLOTACION DE MINAS Y CANTERAS,S07
68,SANTANDER,2008,1690,1.69E+12,EXPLOTACION DE MINAS Y CANTERAS,S07
68,SANTANDER,2009,1753,1.75E+12,EXPLOTACION DE MINAS Y CANTERAS,S07
68,SANTANDER,2010,2128,2.13E+12,EXPLOTACION DE MINAS Y CANTERAS,S07
68,SANTANDER,2011,3156,3.16E+12,EXPLOTACION DE MINAS Y CANTERAS,S07
68,SANTANDER,2012,3344,3.34E+12,EXPLOTACION DE MINAS Y CANTERAS,S07
68,SANTANDER,2013,3345,3.35E+12,EXPLOTACION DE MINAS Y CANTERAS,S07
68,SANTANDER,2014,3441,3.44E+12,EXPLOTACION DE MINAS Y CANTERAS,S07
68,SANTANDER,2015,2367,2.37E+12,EXPLOTACION DE MINAS Y CANTERAS,S07
68,SANTANDER,2016,1706,1.71E+12,EXPLOTACION DE MINAS Y CANTERAS,S07
68,SANTANDER,2017,2168,2.17E+12,EXPLOTACION DE MINAS Y CANTERAS,S07
68,SANTANDER,2018,2983,2.98E+12,EXPLOTACION DE MINAS Y CANTERAS,S07
68,SANTANDER,2019,2924,2.92E+12,EXPLOTACION DE MINAS Y CANTERAS,S07
68,SANTANDER,2020,1919,1.92E+12,EXPLOTACION DE MINAS Y CANTERAS,S07
68,SANTANDER,2021,2914,2.91E+12,EXPLOTACION DE MINAS Y CANTERAS,S07
68,SANTANDER,2022,3980,3.98E+12,EXPLOTACION DE MINAS Y CANTERAS,S07
68,SANTANDER,2023p,3310,3.31E+12,EXPLOTACION DE MINAS Y CANTERAS,S07
68,SANTANDER,2024pr,3002,3.00E+12,EXPLOTACION DE MINAS Y CANTERAS,S07
70,SUCRE,1980,0,0,EXPLOTACION DE MINAS Y CANTERAS,S07
70,SUCRE,1981,1,1000000000,EXPLOTACION DE MINAS Y CANTERAS,S07
70,SUCRE,1982,0,0,EXPLOTACION DE MINAS Y CANTERAS,S07
70,SUCRE,1983,0,0,EXPLOTACION DE MINAS Y CANTERAS,S07
70,SUCRE,1984,0,0,EXPLOTACION DE MINAS Y CANTERAS,S07
70,SUCRE,1985,0,0,EXPLOTACION DE MINAS Y CANTERAS,S07
70,SUCRE,1986,0,0,EXPLOTACION DE MINAS Y CANTERAS,S07
70,SUCRE,1987,0,0,EXPLOTACION DE MINAS Y CANTERAS,S07
70,SUCRE,1988,2,2000000000,EXPLOTACION DE MINAS Y CANTERAS,S07
70,SUCRE,1989,6,6000000000,EXPLOTACION DE MINAS Y CANTERAS,S07
70,SUCRE,1990,13,13000000000,EXPLOTACION DE MINAS Y CANTERAS,S07
70,SUCRE,1991,1,1000000000,EXPLOTACION DE MINAS Y CANTERAS,S07
70,SUCRE,1992,1,1000000000,EXPLOTACION DE MINAS Y CANTERAS,S07
70,SUCRE,1993,11,11000000000,EXPLOTACION DE MINAS Y CANTERAS,S07
70,SUCRE,1994,10,10000000000,EXPLOTACION DE MINAS Y CANTERAS,S07
70,SUCRE,1995,9,9000000000,EXPLOTACION DE MINAS Y CANTERAS,S07
70,SUCRE,1996,13,13000000000,EXPLOTACION DE MINAS Y CANTERAS,S07
70,SUCRE,1997,13,13000000000,EXPLOTACION DE MINAS Y CANTERAS,S07
70,SUCRE,1998,12,12000000000,EXPLOTACION DE MINAS Y CANTERAS,S07
70,SUCRE,1999,8,8000000000,EXPLOTACION DE MINAS Y CANTERAS,S07
70,SUCRE,2000,9,9000000000,EXPLOTACION DE MINAS Y CANTERAS,S07
70,SUCRE,2001,14,14000000000,EXPLOTACION DE MINAS Y CANTERAS,S07
70,SUCRE,2002,12,12000000000,EXPLOTACION DE MINAS Y CANTERAS,S07
70,SUCRE,2003,11,11000000000,EXPLOTACION DE MINAS Y CANTERAS,S07
70,SUCRE,2004,23,23000000000,EXPLOTACION DE MINAS Y CANTERAS,S07
70,SUCRE,2005,11,11000000000,EXPLOTACION DE MINAS Y CANTERAS,S07
70,SUCRE,2006,14,14000000000,EXPLOTACION DE MINAS Y CANTERAS,S07
70,SUCRE,2007,15,15000000000,EXPLOTACION DE MINAS Y CANTERAS,S07
70,SUCRE,2008,22,22000000000,EXPLOTACION DE MINAS Y CANTERAS,S07
70,SUCRE,2009,27,27000000000,EXPLOTACION DE MINAS Y CANTERAS,S07
70,SUCRE,2010,32,32000000000,EXPLOTACION DE MINAS Y CANTERAS,S07
70,SUCRE,2011,36,36000000000,EXPLOTACION DE MINAS Y CANTERAS,S07
70,SUCRE,2012,41,41000000000,EXPLOTACION DE MINAS Y CANTERAS,S07
70,SUCRE,2013,45,45000000000,EXPLOTACION DE MINAS Y CANTERAS,S07
70,SUCRE,2014,69,69000000000,EXPLOTACION DE MINAS Y CANTERAS,S07
70,SUCRE,2015,42,42000000000,EXPLOTACION DE MINAS Y CANTERAS,S07
70,SUCRE,2016,31,31000000000,EXPLOTACION DE MINAS Y CANTERAS,S07
70,SUCRE,2017,40,40000000000,EXPLOTACION DE MINAS Y CANTERAS,S07
70,SUCRE,2018,49,49000000000,EXPLOTACION DE MINAS Y CANTERAS,S07
70,SUCRE,2019,53,53000000000,EXPLOTACION DE MINAS Y CANTERAS,S07
70,SUCRE,2020,50,50000000000,EXPLOTACION DE MINAS Y CANTERAS,S07
70,SUCRE,2021,68,68000000000,EXPLOTACION DE MINAS Y CANTERAS,S07
70,SUCRE,2022,92,92000000000,EXPLOTACION DE MINAS Y CANTERAS,S07
70,SUCRE,2023p,85,85000000000,EXPLOTACION DE MINAS Y CANTERAS,S07
70,SUCRE,2024pr,80,80000000000,EXPLOTACION DE MINAS Y CANTERAS,S07
73,TOLIMA,1980,1,1000000000,EXPLOTACION DE MINAS Y CANTERAS,S07
73,TOLIMA,1981,1,1000000000,EXPLOTACION DE MINAS Y CANTERAS,S07
73,TOLIMA,1982,1,1000000000,EXPLOTACION DE MINAS Y CANTERAS,S07
73,TOLIMA,1983,1,1000000000,EXPLOTACION DE MINAS Y CANTERAS,S07
73,TOLIMA,1984,2,2000000000,EXPLOTACION DE MINAS Y CANTERAS,S07
73,TOLIMA,1985,3,3000000000,EXPLOTACION DE MINAS Y CANTERAS,S07
73,TOLIMA,1986,5,5000000000,EXPLOTACION DE MINAS Y CANTERAS,S07
73,TOLIMA,1987,8,8000000000,EXPLOTACION DE MINAS Y CANTERAS,S07
73,TOLIMA,1988,10,10000000000,EXPLOTACION DE MINAS Y CANTERAS,S07
73,TOLIMA,1989,17,17000000000,EXPLOTACION DE MINAS Y CANTERAS,S07
73,TOLIMA,1990,22,22000000000,EXPLOTACION DE MINAS Y CANTERAS,S07
73,TOLIMA,1991,25,25000000000,EXPLOTACION DE MINAS Y CANTERAS,S07
73,TOLIMA,1992,29,29000000000,EXPLOTACION DE MINAS Y CANTERAS,S07
73,TOLIMA,1993,46,46000000000,EXPLOTACION DE MINAS Y CANTERAS,S07
73,TOLIMA,1994,39,39000000000,EXPLOTACION DE MINAS Y CANTERAS,S07
73,TOLIMA,1995,52,52000000000,EXPLOTACION DE MINAS Y CANTERAS,S07
73,TOLIMA,1996,62,62000000000,EXPLOTACION DE MINAS Y CANTERAS,S07
73,TOLIMA,1997,90,90000000000,EXPLOTACION DE MINAS Y CANTERAS,S07
73,TOLIMA,1998,87,87000000000,EXPLOTACION DE MINAS Y CANTERAS,S07
73,TOLIMA,1999,106,1.06E+11,EXPLOTACION DE MINAS Y CANTERAS,S07
73,TOLIMA,2000,243,2.43E+11,EXPLOTACION DE MINAS Y CANTERAS,S07
73,TOLIMA,2001,283,2.83E+11,EXPLOTACION DE MINAS Y CANTERAS,S07
73,TOLIMA,2002,366,3.66E+11,EXPLOTACION DE MINAS Y CANTERAS,S07
73,TOLIMA,2003,561,5.61E+11,EXPLOTACION DE MINAS Y CANTERAS,S07
73,TOLIMA,2004,771,7.71E+11,EXPLOTACION DE MINAS Y CANTERAS,S07
73,TOLIMA,2005,1032,1.03E+12,EXPLOTACION DE MINAS Y CANTERAS,S07
73,TOLIMA,2006,1321,1.32E+12,EXPLOTACION DE MINAS Y CANTERAS,S07
73,TOLIMA,2007,1435,1.44E+12,EXPLOTACION DE MINAS Y CANTERAS,S07
73,TOLIMA,2008,1926,1.93E+12,EXPLOTACION DE MINAS Y CANTERAS,S07
73,TOLIMA,2009,1463,1.46E+12,EXPLOTACION DE MINAS Y CANTERAS,S07
73,TOLIMA,2010,1537,1.54E+12,EXPLOTACION DE MINAS Y CANTERAS,S07
73,TOLIMA,2011,1854,1.85E+12,EXPLOTACION DE MINAS Y CANTERAS,S07
73,TOLIMA,2012,1988,1.99E+12,EXPLOTACION DE MINAS Y CANTERAS,S07
73,TOLIMA,2013,1519,1.52E+12,EXPLOTACION DE MINAS Y CANTERAS,S07
73,TOLIMA,2014,1151,1.15E+12,EXPLOTACION DE MINAS Y CANTERAS,S07
73,TOLIMA,2015,720,7.20E+11,EXPLOTACION DE MINAS Y CANTERAS,S07
73,TOLIMA,2016,481,4.81E+11,EXPLOTACION DE MINAS Y CANTERAS,S07
73,TOLIMA,2017,647,6.47E+11,EXPLOTACION DE MINAS Y CANTERAS,S07
73,TOLIMA,2018,738,7.38E+11,EXPLOTACION DE MINAS Y CANTERAS,S07
73,TOLIMA,2019,778,7.78E+11,EXPLOTACION DE MINAS Y CANTERAS,S07
73,TOLIMA,2020,608,6.08E+11,EXPLOTACION DE MINAS Y CANTERAS,S07
73,TOLIMA,2021,817,8.17E+11,EXPLOTACION DE MINAS Y CANTERAS,S07
73,TOLIMA,2022,1088,1.09E+12,EXPLOTACION DE MINAS Y CANTERAS,S07
73,TOLIMA,2023p,949,9.49E+11,EXPLOTACION DE MINAS Y CANTERAS,S07
73,TOLIMA,2024pr,889,8.89E+11,EXPLOTACION DE MINAS Y CANTERAS,S07
76,VALLE DEL CAUCA,1980,1,1000000000,EXPLOTACION DE MINAS Y CANTERAS,S07
76,VALLE DEL CAUCA,1981,1,1000000000,EXPLOTACION DE MINAS Y CANTERAS,S07
76,VALLE DEL CAUCA,1982,2,2000000000,EXPLOTACION DE MINAS Y CANTERAS,S07
76,VALLE DEL CAUCA,1983,2,2000000000,EXPLOTACION DE MINAS Y CANTERAS,S07
76,VALLE DEL CAUCA,1984,3,3000000000,EXPLOTACION DE MINAS Y CANTERAS,S07
76,VALLE DEL CAUCA,1985,5,5000000000,EXPLOTACION DE MINAS Y CANTERAS,S07
76,VALLE DEL CAUCA,1986,6,6000000000,EXPLOTACION DE MINAS Y CANTERAS,S07
76,VALLE DEL CAUCA,1987,9,9000000000,EXPLOTACION DE MINAS Y CANTERAS,S07
76,VALLE DEL CAUCA,1988,11,11000000000,EXPLOTACION DE MINAS Y CANTERAS,S07
76,VALLE DEL CAUCA,1989,17,17000000000,EXPLOTACION DE MINAS Y CANTERAS,S07
76,VALLE DEL CAUCA,1990,22,22000000000,EXPLOTACION DE MINAS Y CANTERAS,S07
76,VALLE DEL CAUCA,1991,27,27000000000,EXPLOTACION DE MINAS Y CANTERAS,S07
76,VALLE DEL CAUCA,1992,26,26000000000,EXPLOTACION DE MINAS Y CANTERAS,S07
76,VALLE DEL CAUCA,1993,35,35000000000,EXPLOTACION DE MINAS Y CANTERAS,S07
76,VALLE DEL CAUCA,1994,49,49000000000,EXPLOTACION DE MINAS Y CANTERAS,S07
76,VALLE DEL CAUCA,1995,60,60000000000,EXPLOTACION DE MINAS Y CANTERAS,S07
76,VALLE DEL CAUCA,1996,63,63000000000,EXPLOTACION DE MINAS Y CANTERAS,S07
76,VALLE DEL CAUCA,1997,55,55000000000,EXPLOTACION DE MINAS Y CANTERAS,S07
76,VALLE DEL CAUCA,1998,50,50000000000,EXPLOTACION DE MINAS Y CANTERAS,S07
76,VALLE DEL CAUCA,1999,39,39000000000,EXPLOTACION DE MINAS Y CANTERAS,S07
76,VALLE DEL CAUCA,2000,40,40000000000,EXPLOTACION DE MINAS Y CANTERAS,S07
76,VALLE DEL CAUCA,2001,45,45000000000,EXPLOTACION DE MINAS Y CANTERAS,S07
76,VALLE DEL CAUCA,2002,62,62000000000,EXPLOTACION DE MINAS Y CANTERAS,S07
76,VALLE DEL CAUCA,2003,95,95000000000,EXPLOTACION DE MINAS Y CANTERAS,S07
76,VALLE DEL CAUCA,2004,106,1.06E+11,EXPLOTACION DE MINAS Y CANTERAS,S07
76,VALLE DEL CAUCA,2005,108,1.08E+11,EXPLOTACION DE MINAS Y CANTERAS,S07
76,VALLE DEL CAUCA,2006,125,1.25E+11,EXPLOTACION DE MINAS Y CANTERAS,S07
76,VALLE DEL CAUCA,2007,133,1.33E+11,EXPLOTACION DE MINAS Y CANTERAS,S07
76,VALLE DEL CAUCA,2008,137,1.37E+11,EXPLOTACION DE MINAS Y CANTERAS,S07
76,VALLE DEL CAUCA,2009,149,1.49E+11,EXPLOTACION DE MINAS Y CANTERAS,S07
76,VALLE DEL CAUCA,2010,128,1.28E+11,EXPLOTACION DE MINAS Y CANTERAS,S07
76,VALLE DEL CAUCA,2011,127,1.27E+11,EXPLOTACION DE MINAS Y CANTERAS,S07
76,VALLE DEL CAUCA,2012,139,1.39E+11,EXPLOTACION DE MINAS Y CANTERAS,S07
76,VALLE DEL CAUCA,2013,141,1.41E+11,EXPLOTACION DE MINAS Y CANTERAS,S07
76,VALLE DEL CAUCA,2014,159,1.59E+11,EXPLOTACION DE MINAS Y CANTERAS,S07
76,VALLE DEL CAUCA,2015,160,1.60E+11,EXPLOTACION DE MINAS Y CANTERAS,S07
76,VALLE DEL CAUCA,2016,168,1.68E+11,EXPLOTACION DE MINAS Y CANTERAS,S07
76,VALLE DEL CAUCA,2017,146,1.46E+11,EXPLOTACION DE MINAS Y CANTERAS,S07
76,VALLE DEL CAUCA,2018,156,1.56E+11,EXPLOTACION DE MINAS Y CANTERAS,S07
76,VALLE DEL CAUCA,2019,179,1.79E+11,EXPLOTACION DE MINAS Y CANTERAS,S07
76,VALLE DEL CAUCA,2020,135,1.35E+11,EXPLOTACION DE MINAS Y CANTERAS,S07
76,VALLE DEL CAUCA,2021,180,1.80E+11,EXPLOTACION DE MINAS Y CANTERAS,S07
76,VALLE DEL CAUCA,2022,162,1.62E+11,EXPLOTACION DE MINAS Y CANTERAS,S07
76,VALLE DEL CAUCA,2023p,178,1.78E+11,EXPLOTACION DE MINAS Y CANTERAS,S07
76,VALLE DEL CAUCA,2024pr,187,1.87E+11,EXPLOTACION DE MINAS Y CANTERAS,S07
99999,NUEVOS DEPARTAMENTOS,1980,2,2000000000,EXPLOTACION DE MINAS Y CANTERAS,S07
99999,NUEVOS DEPARTAMENTOS,1981,3,3000000000,EXPLOTACION DE MINAS Y CANTERAS,S07
99999,NUEVOS DEPARTAMENTOS,1982,6,6000000000,EXPLOTACION DE MINAS Y CANTERAS,S07
99999,NUEVOS DEPARTAMENTOS,1983,8,8000000000,EXPLOTACION DE MINAS Y CANTERAS,S07
99999,NUEVOS DEPARTAMENTOS,1984,14,14000000000,EXPLOTACION DE MINAS Y CANTERAS,S07
99999,NUEVOS DEPARTAMENTOS,1985,23,23000000000,EXPLOTACION DE MINAS Y CANTERAS,S07
99999,NUEVOS DEPARTAMENTOS,1986,75,75000000000,EXPLOTACION DE MINAS Y CANTERAS,S07
99999,NUEVOS DEPARTAMENTOS,1987,202,2.02E+11,EXPLOTACION DE MINAS Y CANTERAS,S07
99999,NUEVOS DEPARTAMENTOS,1988,223,2.23E+11,EXPLOTACION DE MINAS Y CANTERAS,S07
99999,NUEVOS DEPARTAMENTOS,1989,373,3.73E+11,EXPLOTACION DE MINAS Y CANTERAS,S07
99999,NUEVOS DEPARTAMENTOS,1990,710,7.10E+11,EXPLOTACION DE MINAS Y CANTERAS,S07
99999,NUEVOS DEPARTAMENTOS,1991,754,7.54E+11,EXPLOTACION DE MINAS Y CANTERAS,S07
99999,NUEVOS DEPARTAMENTOS,1992,745,7.45E+11,EXPLOTACION DE MINAS Y CANTERAS,S07
99999,NUEVOS DEPARTAMENTOS,1993,751,7.51E+11,EXPLOTACION DE MINAS Y CANTERAS,S07
99999,NUEVOS DEPARTAMENTOS,1994,722,7.22E+11,EXPLOTACION DE MINAS Y CANTERAS,S07
99999,NUEVOS DEPARTAMENTOS,1995,1315,1.32E+12,EXPLOTACION DE MINAS Y CANTERAS,S07
99999,NUEVOS DEPARTAMENTOS,1996,2100,2.10E+12,EXPLOTACION DE MINAS Y CANTERAS,S07
99999,NUEVOS DEPARTAMENTOS,1997,2193,2.19E+12,EXPLOTACION DE MINAS Y CANTERAS,S07
99999,NUEVOS DEPARTAMENTOS,1998,2551,2.55E+12,EXPLOTACION DE MINAS Y CANTERAS,S07
99999,NUEVOS DEPARTAMENTOS,1999,5720,5.72E+12,EXPLOTACION DE MINAS Y CANTERAS,S07
99999,NUEVOS DEPARTAMENTOS,2000,7489,7.49E+12,EXPLOTACION DE MINAS Y CANTERAS,S07
99999,NUEVOS DEPARTAMENTOS,2001,5132,5.13E+12,EXPLOTACION DE MINAS Y CANTERAS,S07
99999,NUEVOS DEPARTAMENTOS,2002,5170,5.17E+12,EXPLOTACION DE MINAS Y CANTERAS,S07
99999,NUEVOS DEPARTAMENTOS,2003,6334,6.33E+12,EXPLOTACION DE MINAS Y CANTERAS,S07
99999,NUEVOS DEPARTAMENTOS,2004,7058,7.06E+12,EXPLOTACION DE MINAS Y CANTERAS,S07
99999,NUEVOS DEPARTAMENTOS,2005,8006,8.01E+12,EXPLOTACION DE MINAS Y CANTERAS,S07
99999,NUEVOS DEPARTAMENTOS,2006,8586,8.59E+12,EXPLOTACION DE MINAS Y CANTERAS,S07
99999,NUEVOS DEPARTAMENTOS,2007,8038,8.04E+12,EXPLOTACION DE MINAS Y CANTERAS,S07
99999,NUEVOS DEPARTAMENTOS,2008,11062,1.11E+13,EXPLOTACION DE MINAS Y CANTERAS,S07
99999,NUEVOS DEPARTAMENTOS,2009,9314,9.31E+12,EXPLOTACION DE MINAS Y CANTERAS,S07
99999,NUEVOS DEPARTAMENTOS,2010,10901,1.09E+13,EXPLOTACION DE MINAS Y CANTERAS,S07
99999,NUEVOS DEPARTAMENTOS,2011,15823,1.58E+13,EXPLOTACION DE MINAS Y CANTERAS,S07
99999,NUEVOS DEPARTAMENTOS,2012,16258,1.63E+13,EXPLOTACION DE MINAS Y CANTERAS,S07
99999,NUEVOS DEPARTAMENTOS,2013,17215,1.72E+13,EXPLOTACION DE MINAS Y CANTERAS,S07
99999,NUEVOS DEPARTAMENTOS,2014,15620,1.56E+13,EXPLOTACION DE MINAS Y CANTERAS,S07
99999,NUEVOS DEPARTAMENTOS,2015,9462,9.46E+12,EXPLOTACION DE MINAS Y CANTERAS,S07
99999,NUEVOS DEPARTAMENTOS,2016,6417,6.42E+12,EXPLOTACION DE MINAS Y CANTERAS,S07
99999,NUEVOS DEPARTAMENTOS,2017,8220,8.22E+12,EXPLOTACION DE MINAS Y CANTERAS,S07
99999,NUEVOS DEPARTAMENTOS,2018,11015,1.10E+13,EXPLOTACION DE MINAS Y CANTERAS,S07
99999,NUEVOS DEPARTAMENTOS,2019,11510,1.15E+13,EXPLOTACION DE MINAS Y CANTERAS,S07
99999,NUEVOS DEPARTAMENTOS,2020,6538,6.54E+12,EXPLOTACION DE MINAS Y CANTERAS,S07
99999,NUEVOS DEPARTAMENTOS,2021,10884,1.09E+13,EXPLOTACION DE MINAS Y CANTERAS,S07
99999,NUEVOS DEPARTAMENTOS,2022,16958,1.70E+13,EXPLOTACION DE MINAS Y CANTERAS,S07
99999,NUEVOS DEPARTAMENTOS,2023p,14660,1.47E+13,EXPLOTACION DE MINAS Y CANTERAS,S07
99999,NUEVOS DEPARTAMENTOS,2024pr,13370,1.34E+13,EXPLOTACION DE MINAS Y CANTERAS,S07
0,COLOMBIA,1980,410,4.10E+11,INDUSTRIAS MANUFACTURERAS,S08
0,COLOMBIA,1981,455,4.55E+11,INDUSTRIAS MANUFACTURERAS,S08
0,COLOMBIA,1982,564,5.64E+11,INDUSTRIAS MANUFACTURERAS,S08
0,COLOMBIA,1983,676,6.76E+11,INDUSTRIAS MANUFACTURERAS,S08
0,COLOMBIA,1984,901,9.01E+11,INDUSTRIAS MANUFACTURERAS,S08
0,COLOMBIA,1985,1100,1.10E+12,INDUSTRIAS MANUFACTURERAS,S08
0,COLOMBIA,1986,1550,1.55E+12,INDUSTRIAS MANUFACTURERAS,S08
0,COLOMBIA,1987,1718,1.72E+12,INDUSTRIAS MANUFACTURERAS,S08
0,COLOMBIA,1988,2443,2.44E+12,INDUSTRIAS MANUFACTURERAS,S08
0,COLOMBIA,1989,3112,3.11E+12,INDUSTRIAS MANUFACTURERAS,S08
0,COLOMBIA,1990,3922,3.92E+12,INDUSTRIAS MANUFACTURERAS,S08
0,COLOMBIA,1991,5269,5.27E+12,INDUSTRIAS MANUFACTURERAS,S08
0,COLOMBIA,1992,6355,6.36E+12,INDUSTRIAS MANUFACTURERAS,S08
0,COLOMBIA,1993,8720,8.72E+12,INDUSTRIAS MANUFACTURERAS,S08
0,COLOMBIA,1994,11432,1.14E+13,INDUSTRIAS MANUFACTURERAS,S08
0,COLOMBIA,1995,13931,1.39E+13,INDUSTRIAS MANUFACTURERAS,S08
0,COLOMBIA,1996,16479,1.65E+13,INDUSTRIAS MANUFACTURERAS,S08
0,COLOMBIA,1997,19277,1.93E+13,INDUSTRIAS MANUFACTURERAS,S08
0,COLOMBIA,1998,22735,2.27E+13,INDUSTRIAS MANUFACTURERAS,S08
0,COLOMBIA,1999,25331,2.53E+13,INDUSTRIAS MANUFACTURERAS,S08
0,COLOMBIA,2000,31113,3.11E+13,INDUSTRIAS MANUFACTURERAS,S08
0,COLOMBIA,2001,34660,3.47E+13,INDUSTRIAS MANUFACTURERAS,S08
0,COLOMBIA,2002,37025,3.70E+13,INDUSTRIAS MANUFACTURERAS,S08
0,COLOMBIA,2003,42238,4.22E+13,INDUSTRIAS MANUFACTURERAS,S08
0,COLOMBIA,2004,48570,4.86E+13,INDUSTRIAS MANUFACTURERAS,S08
0,COLOMBIA,2005,54043,5.40E+13,INDUSTRIAS MANUFACTURERAS,S08
0,COLOMBIA,2006,60975,6.10E+13,INDUSTRIAS MANUFACTURERAS,S08
0,COLOMBIA,2007,69222,6.92E+13,INDUSTRIAS MANUFACTURERAS,S08
0,COLOMBIA,2008,73264,7.33E+13,INDUSTRIAS MANUFACTURERAS,S08
0,COLOMBIA,2009,74133,7.41E+13,INDUSTRIAS MANUFACTURERAS,S08
0,COLOMBIA,2010,75989,7.60E+13,INDUSTRIAS MANUFACTURERAS,S08
0,COLOMBIA,2011,81820,8.18E+13,INDUSTRIAS MANUFACTURERAS,S08
0,COLOMBIA,2012,87241,8.72E+13,INDUSTRIAS MANUFACTURERAS,S08
0,COLOMBIA,2013,90421,9.04E+13,INDUSTRIAS MANUFACTURERAS,S08
0,COLOMBIA,2014,93603,9.36E+13,INDUSTRIAS MANUFACTURERAS,S08
0,COLOMBIA,2015,99789,9.98E+13,INDUSTRIAS MANUFACTURERAS,S08
0,COLOMBIA,2016,106226,1.06E+14,INDUSTRIAS MANUFACTURERAS,S08
0,COLOMBIA,2017,105022,1.05E+14,INDUSTRIAS MANUFACTURERAS,S08
0,COLOMBIA,2018,110157,1.10E+14,INDUSTRIAS MANUFACTURERAS,S08
0,COLOMBIA,2019,115830,1.16E+14,INDUSTRIAS MANUFACTURERAS,S08
0,COLOMBIA,2020,107111,1.07E+14,INDUSTRIAS MANUFACTURERAS,S08
0,COLOMBIA,2021,133565,1.34E+14,INDUSTRIAS MANUFACTURERAS,S08
0,COLOMBIA,2022,163991,1.64E+14,INDUSTRIAS MANUFACTURERAS,S08
0,COLOMBIA,2023p,172226,1.72E+14,INDUSTRIAS MANUFACTURERAS,S08
0,COLOMBIA,2024pr,172275,1.72E+14,INDUSTRIAS MANUFACTURERAS,S08
5,ANTIOQUIA,1980,117,1.17E+11,INDUSTRIAS MANUFACTURERAS,S08
5,ANTIOQUIA,1981,134,1.34E+11,INDUSTRIAS MANUFACTURERAS,S08
5,ANTIOQUIA,1982,159,1.59E+11,INDUSTRIAS MANUFACTURERAS,S08
5,ANTIOQUIA,1983,181,1.81E+11,INDUSTRIAS MANUFACTURERAS,S08
5,ANTIOQUIA,1984,256,2.56E+11,INDUSTRIAS MANUFACTURERAS,S08
5,ANTIOQUIA,1985,312,3.12E+11,INDUSTRIAS MANUFACTURERAS,S08
5,ANTIOQUIA,1986,431,4.31E+11,INDUSTRIAS MANUFACTURERAS,S08
5,ANTIOQUIA,1987,484,4.84E+11,INDUSTRIAS MANUFACTURERAS,S08
5,ANTIOQUIA,1988,680,6.80E+11,INDUSTRIAS MANUFACTURERAS,S08
5,ANTIOQUIA,1989,931,9.31E+11,INDUSTRIAS MANUFACTURERAS,S08
5,ANTIOQUIA,1990,1163,1.16E+12,INDUSTRIAS MANUFACTURERAS,S08
5,ANTIOQUIA,1991,1521,1.52E+12,INDUSTRIAS MANUFACTURERAS,S08
5,ANTIOQUIA,1992,1838,1.84E+12,INDUSTRIAS MANUFACTURERAS,S08
5,ANTIOQUIA,1993,2502,2.50E+12,INDUSTRIAS MANUFACTURERAS,S08
5,ANTIOQUIA,1994,3120,3.12E+12,INDUSTRIAS MANUFACTURERAS,S08
5,ANTIOQUIA,1995,3835,3.84E+12,INDUSTRIAS MANUFACTURERAS,S08
5,ANTIOQUIA,1996,4446,4.45E+12,INDUSTRIAS MANUFACTURERAS,S08
5,ANTIOQUIA,1997,5012,5.01E+12,INDUSTRIAS MANUFACTURERAS,S08
5,ANTIOQUIA,1998,5916,5.92E+12,INDUSTRIAS MANUFACTURERAS,S08
5,ANTIOQUIA,1999,6290,6.29E+12,INDUSTRIAS MANUFACTURERAS,S08
5,ANTIOQUIA,2000,7944,7.94E+12,INDUSTRIAS MANUFACTURERAS,S08
5,ANTIOQUIA,2001,8661,8.66E+12,INDUSTRIAS MANUFACTURERAS,S08
5,ANTIOQUIA,2002,9223,9.22E+12,INDUSTRIAS MANUFACTURERAS,S08
5,ANTIOQUIA,2003,9945,9.95E+12,INDUSTRIAS MANUFACTURERAS,S08
5,ANTIOQUIA,2004,11752,1.18E+13,INDUSTRIAS MANUFACTURERAS,S08
5,ANTIOQUIA,2005,12390,1.24E+13,INDUSTRIAS MANUFACTURERAS,S08
5,ANTIOQUIA,2006,13445,1.34E+13,INDUSTRIAS MANUFACTURERAS,S08
5,ANTIOQUIA,2007,15315,1.53E+13,INDUSTRIAS MANUFACTURERAS,S08
5,ANTIOQUIA,2008,15154,1.52E+13,INDUSTRIAS MANUFACTURERAS,S08
5,ANTIOQUIA,2009,14967,1.50E+13,INDUSTRIAS MANUFACTURERAS,S08
5,ANTIOQUIA,2010,15606,1.56E+13,INDUSTRIAS MANUFACTURERAS,S08
5,ANTIOQUIA,2011,17056,1.71E+13,INDUSTRIAS MANUFACTURERAS,S08
5,ANTIOQUIA,2012,18321,1.83E+13,INDUSTRIAS MANUFACTURERAS,S08
5,ANTIOQUIA,2013,18728,1.87E+13,INDUSTRIAS MANUFACTURERAS,S08
5,ANTIOQUIA,2014,18809,1.88E+13,INDUSTRIAS MANUFACTURERAS,S08
5,ANTIOQUIA,2015,19853,1.99E+13,INDUSTRIAS MANUFACTURERAS,S08
5,ANTIOQUIA,2016,21032,2.10E+13,INDUSTRIAS MANUFACTURERAS,S08
5,ANTIOQUIA,2017,20388,2.04E+13,INDUSTRIAS MANUFACTURERAS,S08
5,ANTIOQUIA,2018,21029,2.10E+13,INDUSTRIAS MANUFACTURERAS,S08
5,ANTIOQUIA,2019,22127,2.21E+13,INDUSTRIAS MANUFACTURERAS,S08
5,ANTIOQUIA,2020,20382,2.04E+13,INDUSTRIAS MANUFACTURERAS,S08
5,ANTIOQUIA,2021,25123,2.51E+13,INDUSTRIAS MANUFACTURERAS,S08
5,ANTIOQUIA,2022,30476,3.05E+13,INDUSTRIAS MANUFACTURERAS,S08
5,ANTIOQUIA,2023p,31164,3.12E+13,INDUSTRIAS MANUFACTURERAS,S08
5,ANTIOQUIA,2024pr,31293,3.13E+13,INDUSTRIAS MANUFACTURERAS,S08
8,ATLANTICO,1980,21,21000000000,INDUSTRIAS MANUFACTURERAS,S08
8,ATLANTICO,1981,25,25000000000,INDUSTRIAS MANUFACTURERAS,S08
8,ATLANTICO,1982,32,32000000000,INDUSTRIAS MANUFACTURERAS,S08
8,ATLANTICO,1983,42,42000000000,INDUSTRIAS MANUFACTURERAS,S08
8,ATLANTICO,1984,53,53000000000,INDUSTRIAS MANUFACTURERAS,S08
8,ATLANTICO,1985,63,63000000000,INDUSTRIAS MANUFACTURERAS,S08
8,ATLANTICO,1986,89,89000000000,INDUSTRIAS MANUFACTURERAS,S08
8,ATLANTICO,1987,96,96000000000,INDUSTRIAS MANUFACTURERAS,S08
8,ATLANTICO,1988,139,1.39E+11,INDUSTRIAS MANUFACTURERAS,S08
8,ATLANTICO,1989,198,1.98E+11,INDUSTRIAS MANUFACTURERAS,S08
8,ATLANTICO,1990,275,2.75E+11,INDUSTRIAS MANUFACTURERAS,S08
8,ATLANTICO,1991,377,3.77E+11,INDUSTRIAS MANUFACTURERAS,S08
8,ATLANTICO,1992,472,4.72E+11,INDUSTRIAS MANUFACTURERAS,S08
8,ATLANTICO,1993,697,6.97E+11,INDUSTRIAS MANUFACTURERAS,S08
8,ATLANTICO,1994,620,6.20E+11,INDUSTRIAS MANUFACTURERAS,S08
8,ATLANTICO,1995,751,7.51E+11,INDUSTRIAS MANUFACTURERAS,S08
8,ATLANTICO,1996,897,8.97E+11,INDUSTRIAS MANUFACTURERAS,S08
8,ATLANTICO,1997,1074,1.07E+12,INDUSTRIAS MANUFACTURERAS,S08
8,ATLANTICO,1998,1226,1.23E+12,INDUSTRIAS MANUFACTURERAS,S08
8,ATLANTICO,1999,1308,1.31E+12,INDUSTRIAS MANUFACTURERAS,S08
8,ATLANTICO,2000,1529,1.53E+12,INDUSTRIAS MANUFACTURERAS,S08
8,ATLANTICO,2001,1551,1.55E+12,INDUSTRIAS MANUFACTURERAS,S08
8,ATLANTICO,2002,1477,1.48E+12,INDUSTRIAS MANUFACTURERAS,S08
8,ATLANTICO,2003,1864,1.86E+12,INDUSTRIAS MANUFACTURERAS,S08
8,ATLANTICO,2004,2090,2.09E+12,INDUSTRIAS MANUFACTURERAS,S08
8,ATLANTICO,2005,2580,2.58E+12,INDUSTRIAS MANUFACTURERAS,S08
8,ATLANTICO,2006,3034,3.03E+12,INDUSTRIAS MANUFACTURERAS,S08
8,ATLANTICO,2007,3910,3.91E+12,INDUSTRIAS MANUFACTURERAS,S08
8,ATLANTICO,2008,4047,4.05E+12,INDUSTRIAS MANUFACTURERAS,S08
8,ATLANTICO,2009,4126,4.13E+12,INDUSTRIAS MANUFACTURERAS,S08
8,ATLANTICO,2010,3607,3.61E+12,INDUSTRIAS MANUFACTURERAS,S08
8,ATLANTICO,2011,3874,3.87E+12,INDUSTRIAS MANUFACTURERAS,S08
8,ATLANTICO,2012,4431,4.43E+12,INDUSTRIAS MANUFACTURERAS,S08
8,ATLANTICO,2013,4889,4.89E+12,INDUSTRIAS MANUFACTURERAS,S08
8,ATLANTICO,2014,5427,5.43E+12,INDUSTRIAS MANUFACTURERAS,S08
8,ATLANTICO,2015,5992,5.99E+12,INDUSTRIAS MANUFACTURERAS,S08
8,ATLANTICO,2016,6431,6.43E+12,INDUSTRIAS MANUFACTURERAS,S08
8,ATLANTICO,2017,6189,6.19E+12,INDUSTRIAS MANUFACTURERAS,S08
8,ATLANTICO,2018,6401,6.40E+12,INDUSTRIAS MANUFACTURERAS,S08
8,ATLANTICO,2019,6751,6.75E+12,INDUSTRIAS MANUFACTURERAS,S08
8,ATLANTICO,2020,6626,6.63E+12,INDUSTRIAS MANUFACTURERAS,S08
8,ATLANTICO,2021,8129,8.13E+12,INDUSTRIAS MANUFACTURERAS,S08
8,ATLANTICO,2022,10339,1.03E+13,INDUSTRIAS MANUFACTURERAS,S08
8,ATLANTICO,2023p,10900,1.09E+13,INDUSTRIAS MANUFACTURERAS,S08
8,ATLANTICO,2024pr,10680,1.07E+13,INDUSTRIAS MANUFACTURERAS,S08
11,SANTAFE DE BOGOTA D.C,1980,67,67000000000,INDUSTRIAS MANUFACTURERAS,S08
11,SANTAFE DE BOGOTA D.C,1981,79,79000000000,INDUSTRIAS MANUFACTURERAS,S08
11,SANTAFE DE BOGOTA D.C,1982,97,97000000000,INDUSTRIAS MANUFACTURERAS,S08
11,SANTAFE DE BOGOTA D.C,1983,121,1.21E+11,INDUSTRIAS MANUFACTURERAS,S08
11,SANTAFE DE BOGOTA D.C,1984,157,1.57E+11,INDUSTRIAS MANUFACTURERAS,S08
11,SANTAFE DE BOGOTA D.C,1985,186,1.86E+11,INDUSTRIAS MANUFACTURERAS,S08
11,SANTAFE DE BOGOTA D.C,1986,256,2.56E+11,INDUSTRIAS MANUFACTURERAS,S08
11,SANTAFE DE BOGOTA D.C,1987,301,3.01E+11,INDUSTRIAS MANUFACTURERAS,S08
11,SANTAFE DE BOGOTA D.C,1988,422,4.22E+11,INDUSTRIAS MANUFACTURERAS,S08
11,SANTAFE DE BOGOTA D.C,1989,512,5.12E+11,INDUSTRIAS MANUFACTURERAS,S08
11,SANTAFE DE BOGOTA D.C,1990,667,6.67E+11,INDUSTRIAS MANUFACTURERAS,S08
11,SANTAFE DE BOGOTA D.C,1991,882,8.82E+11,INDUSTRIAS MANUFACTURERAS,S08
11,SANTAFE DE BOGOTA D.C,1992,1062,1.06E+12,INDUSTRIAS MANUFACTURERAS,S08
11,SANTAFE DE BOGOTA D.C,1993,1507,1.51E+12,INDUSTRIAS MANUFACTURERAS,S08
11,SANTAFE DE BOGOTA D.C,1994,2664,2.66E+12,INDUSTRIAS MANUFACTURERAS,S08
11,SANTAFE DE BOGOTA D.C,1995,3111,3.11E+12,INDUSTRIAS MANUFACTURERAS,S08
11,SANTAFE DE BOGOTA D.C,1996,3618,3.62E+12,INDUSTRIAS MANUFACTURERAS,S08
11,SANTAFE DE BOGOTA D.C,1997,4354,4.35E+12,INDUSTRIAS MANUFACTURERAS,S08
11,SANTAFE DE BOGOTA D.C,1998,5015,5.02E+12,INDUSTRIAS MANUFACTURERAS,S08
11,SANTAFE DE BOGOTA D.C,1999,5394,5.39E+12,INDUSTRIAS MANUFACTURERAS,S08
11,SANTAFE DE BOGOTA D.C,2000,6493,6.49E+12,INDUSTRIAS MANUFACTURERAS,S08
11,SANTAFE DE BOGOTA D.C,2001,7334,7.33E+12,INDUSTRIAS MANUFACTURERAS,S08
11,SANTAFE DE BOGOTA D.C,2002,8053,8.05E+12,INDUSTRIAS MANUFACTURERAS,S08
11,SANTAFE DE BOGOTA D.C,2003,9083,9.08E+12,INDUSTRIAS MANUFACTURERAS,S08
11,SANTAFE DE BOGOTA D.C,2004,10226,1.02E+13,INDUSTRIAS MANUFACTURERAS,S08
11,SANTAFE DE BOGOTA D.C,2005,12154,1.22E+13,INDUSTRIAS MANUFACTURERAS,S08
11,SANTAFE DE BOGOTA D.C,2006,14198,1.42E+13,INDUSTRIAS MANUFACTURERAS,S08
11,SANTAFE DE BOGOTA D.C,2007,15697,1.57E+13,INDUSTRIAS MANUFACTURERAS,S08
11,SANTAFE DE BOGOTA D.C,2008,15939,1.59E+13,INDUSTRIAS MANUFACTURERAS,S08
11,SANTAFE DE BOGOTA D.C,2009,16506,1.65E+13,INDUSTRIAS MANUFACTURERAS,S08
11,SANTAFE DE BOGOTA D.C,2010,16637,1.66E+13,INDUSTRIAS MANUFACTURERAS,S08
11,SANTAFE DE BOGOTA D.C,2011,17060,1.71E+13,INDUSTRIAS MANUFACTURERAS,S08
11,SANTAFE DE BOGOTA D.C,2012,18055,1.81E+13,INDUSTRIAS MANUFACTURERAS,S08
11,SANTAFE DE BOGOTA D.C,2013,18654,1.87E+13,INDUSTRIAS MANUFACTURERAS,S08
11,SANTAFE DE BOGOTA D.C,2014,18980,1.90E+13,INDUSTRIAS MANUFACTURERAS,S08
11,SANTAFE DE BOGOTA D.C,2015,19680,1.97E+13,INDUSTRIAS MANUFACTURERAS,S08
11,SANTAFE DE BOGOTA D.C,2016,20596,2.06E+13,INDUSTRIAS MANUFACTURERAS,S08
11,SANTAFE DE BOGOTA D.C,2017,19524,1.95E+13,INDUSTRIAS MANUFACTURERAS,S08
11,SANTAFE DE BOGOTA D.C,2018,20069,2.01E+13,INDUSTRIAS MANUFACTURERAS,S08
11,SANTAFE DE BOGOTA D.C,2019,21074,2.11E+13,INDUSTRIAS MANUFACTURERAS,S08
11,SANTAFE DE BOGOTA D.C,2020,18761,1.88E+13,INDUSTRIAS MANUFACTURERAS,S08
11,SANTAFE DE BOGOTA D.C,2021,23593,2.36E+13,INDUSTRIAS MANUFACTURERAS,S08
11,SANTAFE DE BOGOTA D.C,2022,28617,2.86E+13,INDUSTRIAS MANUFACTURERAS,S08
11,SANTAFE DE BOGOTA D.C,2023p,29663,2.97E+13,INDUSTRIAS MANUFACTURERAS,S08
11,SANTAFE DE BOGOTA D.C,2024pr,29614,2.96E+13,INDUSTRIAS MANUFACTURERAS,S08
13,BOLIVAR,1980,7,7000000000,INDUSTRIAS MANUFACTURERAS,S08
13,BOLIVAR,1981,8,8000000000,INDUSTRIAS MANUFACTURERAS,S08
13,BOLIVAR,1982,9,9000000000,INDUSTRIAS MANUFACTURERAS,S08
13,BOLIVAR,1983,13,13000000000,INDUSTRIAS MANUFACTURERAS,S08
13,BOLIVAR,1984,17,17000000000,INDUSTRIAS MANUFACTURERAS,S08
13,BOLIVAR,1985,21,21000000000,INDUSTRIAS MANUFACTURERAS,S08
13,BOLIVAR,1986,29,29000000000,INDUSTRIAS MANUFACTURERAS,S08
13,BOLIVAR,1987,36,36000000000,INDUSTRIAS MANUFACTURERAS,S08
13,BOLIVAR,1988,49,49000000000,INDUSTRIAS MANUFACTURERAS,S08
13,BOLIVAR,1989,61,61000000000,INDUSTRIAS MANUFACTURERAS,S08
13,BOLIVAR,1990,80,80000000000,INDUSTRIAS MANUFACTURERAS,S08
13,BOLIVAR,1991,105,1.05E+11,INDUSTRIAS MANUFACTURERAS,S08
13,BOLIVAR,1992,127,1.27E+11,INDUSTRIAS MANUFACTURERAS,S08
13,BOLIVAR,1993,139,1.39E+11,INDUSTRIAS MANUFACTURERAS,S08
13,BOLIVAR,1994,221,2.21E+11,INDUSTRIAS MANUFACTURERAS,S08
13,BOLIVAR,1995,280,2.80E+11,INDUSTRIAS MANUFACTURERAS,S08
13,BOLIVAR,1996,322,3.22E+11,INDUSTRIAS MANUFACTURERAS,S08
13,BOLIVAR,1997,374,3.74E+11,INDUSTRIAS MANUFACTURERAS,S08
13,BOLIVAR,1998,552,5.52E+11,INDUSTRIAS MANUFACTURERAS,S08
13,BOLIVAR,1999,580,5.80E+11,INDUSTRIAS MANUFACTURERAS,S08
13,BOLIVAR,2000,857,8.57E+11,INDUSTRIAS MANUFACTURERAS,S08
13,BOLIVAR,2001,987,9.87E+11,INDUSTRIAS MANUFACTURERAS,S08
13,BOLIVAR,2002,1086,1.09E+12,INDUSTRIAS MANUFACTURERAS,S08
13,BOLIVAR,2003,1715,1.72E+12,INDUSTRIAS MANUFACTURERAS,S08
13,BOLIVAR,2004,2035,2.04E+12,INDUSTRIAS MANUFACTURERAS,S08
13,BOLIVAR,2005,2047,2.05E+12,INDUSTRIAS MANUFACTURERAS,S08
13,BOLIVAR,2006,2392,2.39E+12,INDUSTRIAS MANUFACTURERAS,S08
13,BOLIVAR,2007,2753,2.75E+12,INDUSTRIAS MANUFACTURERAS,S08
13,BOLIVAR,2008,2792,2.79E+12,INDUSTRIAS MANUFACTURERAS,S08
13,BOLIVAR,2009,2518,2.52E+12,INDUSTRIAS MANUFACTURERAS,S08
13,BOLIVAR,2010,2933,2.93E+12,INDUSTRIAS MANUFACTURERAS,S08
13,BOLIVAR,2011,3915,3.92E+12,INDUSTRIAS MANUFACTURERAS,S08
13,BOLIVAR,2012,3912,3.91E+12,INDUSTRIAS MANUFACTURERAS,S08
13,BOLIVAR,2013,4561,4.56E+12,INDUSTRIAS MANUFACTURERAS,S08
13,BOLIVAR,2014,3988,3.99E+12,INDUSTRIAS MANUFACTURERAS,S08
13,BOLIVAR,2015,4274,4.27E+12,INDUSTRIAS MANUFACTURERAS,S08
13,BOLIVAR,2016,4657,4.66E+12,INDUSTRIAS MANUFACTURERAS,S08
13,BOLIVAR,2017,4974,4.97E+12,INDUSTRIAS MANUFACTURERAS,S08
13,BOLIVAR,2018,5520,5.52E+12,INDUSTRIAS MANUFACTURERAS,S08
13,BOLIVAR,2019,5884,5.88E+12,INDUSTRIAS MANUFACTURERAS,S08
13,BOLIVAR,2020,5227,5.23E+12,INDUSTRIAS MANUFACTURERAS,S08
13,BOLIVAR,2021,7211,7.21E+12,INDUSTRIAS MANUFACTURERAS,S08
13,BOLIVAR,2022,8753,8.75E+12,INDUSTRIAS MANUFACTURERAS,S08
13,BOLIVAR,2023p,9916,9.92E+12,INDUSTRIAS MANUFACTURERAS,S08
13,BOLIVAR,2024pr,9692,9.69E+12,INDUSTRIAS MANUFACTURERAS,S08
15,BOYACA,1980,8,8000000000,INDUSTRIAS MANUFACTURERAS,S08
15,BOYACA,1981,10,10000000000,INDUSTRIAS MANUFACTURERAS,S08
15,BOYACA,1982,11,11000000000,INDUSTRIAS MANUFACTURERAS,S08
15,BOYACA,1983,15,15000000000,INDUSTRIAS MANUFACTURERAS,S08
15,BOYACA,1984,16,16000000000,INDUSTRIAS MANUFACTURERAS,S08
15,BOYACA,1985,19,19000000000,INDUSTRIAS MANUFACTURERAS,S08
15,BOYACA,1986,24,24000000000,INDUSTRIAS MANUFACTURERAS,S08
15,BOYACA,1987,30,30000000000,INDUSTRIAS MANUFACTURERAS,S08
15,BOYACA,1988,47,47000000000,INDUSTRIAS MANUFACTURERAS,S08
15,BOYACA,1989,61,61000000000,INDUSTRIAS MANUFACTURERAS,S08
15,BOYACA,1990,74,74000000000,INDUSTRIAS MANUFACTURERAS,S08
15,BOYACA,1991,125,1.25E+11,INDUSTRIAS MANUFACTURERAS,S08
15,BOYACA,1992,155,1.55E+11,INDUSTRIAS MANUFACTURERAS,S08
15,BOYACA,1993,235,2.35E+11,INDUSTRIAS MANUFACTURERAS,S08
15,BOYACA,1994,167,1.67E+11,INDUSTRIAS MANUFACTURERAS,S08
15,BOYACA,1995,215,2.15E+11,INDUSTRIAS MANUFACTURERAS,S08
15,BOYACA,1996,262,2.62E+11,INDUSTRIAS MANUFACTURERAS,S08
15,BOYACA,1997,327,3.27E+11,INDUSTRIAS MANUFACTURERAS,S08
15,BOYACA,1998,386,3.86E+11,INDUSTRIAS MANUFACTURERAS,S08
15,BOYACA,1999,399,3.99E+11,INDUSTRIAS MANUFACTURERAS,S08
15,BOYACA,2000,555,5.55E+11,INDUSTRIAS MANUFACTURERAS,S08
15,BOYACA,2001,599,5.99E+11,INDUSTRIAS MANUFACTURERAS,S08
15,BOYACA,2002,641,6.41E+11,INDUSTRIAS MANUFACTURERAS,S08
15,BOYACA,2003,886,8.86E+11,INDUSTRIAS MANUFACTURERAS,S08
15,BOYACA,2004,1145,1.15E+12,INDUSTRIAS MANUFACTURERAS,S08
15,BOYACA,2005,1375,1.38E+12,INDUSTRIAS MANUFACTURERAS,S08
15,BOYACA,2006,1386,1.39E+12,INDUSTRIAS MANUFACTURERAS,S08
15,BOYACA,2007,1587,1.59E+12,INDUSTRIAS MANUFACTURERAS,S08
15,BOYACA,2008,1899,1.90E+12,INDUSTRIAS MANUFACTURERAS,S08
15,BOYACA,2009,1986,1.99E+12,INDUSTRIAS MANUFACTURERAS,S08
15,BOYACA,2010,1887,1.89E+12,INDUSTRIAS MANUFACTURERAS,S08
15,BOYACA,2011,2296,2.30E+12,INDUSTRIAS MANUFACTURERAS,S08
15,BOYACA,2012,2403,2.40E+12,INDUSTRIAS MANUFACTURERAS,S08
15,BOYACA,2013,2433,2.43E+12,INDUSTRIAS MANUFACTURERAS,S08
15,BOYACA,2014,2712,2.71E+12,INDUSTRIAS MANUFACTURERAS,S08
15,BOYACA,2015,2981,2.98E+12,INDUSTRIAS MANUFACTURERAS,S08
15,BOYACA,2016,3051,3.05E+12,INDUSTRIAS MANUFACTURERAS,S08
15,BOYACA,2017,2814,2.81E+12,INDUSTRIAS MANUFACTURERAS,S08
15,BOYACA,2018,2962,2.96E+12,INDUSTRIAS MANUFACTURERAS,S08
15,BOYACA,2019,3137,3.14E+12,INDUSTRIAS MANUFACTURERAS,S08
15,BOYACA,2020,2987,2.99E+12,INDUSTRIAS MANUFACTURERAS,S08
15,BOYACA,2021,3519,3.52E+12,INDUSTRIAS MANUFACTURERAS,S08
15,BOYACA,2022,4205,4.21E+12,INDUSTRIAS MANUFACTURERAS,S08
15,BOYACA,2023p,4539,4.54E+12,INDUSTRIAS MANUFACTURERAS,S08
15,BOYACA,2024pr,4568,4.57E+12,INDUSTRIAS MANUFACTURERAS,S08
17,CALDAS,1980,6,6000000000,INDUSTRIAS MANUFACTURERAS,S08
17,CALDAS,1981,7,7000000000,INDUSTRIAS MANUFACTURERAS,S08
17,CALDAS,1982,9,9000000000,INDUSTRIAS MANUFACTURERAS,S08
17,CALDAS,1983,11,11000000000,INDUSTRIAS MANUFACTURERAS,S08
17,CALDAS,1984,16,16000000000,INDUSTRIAS MANUFACTURERAS,S08
17,CALDAS,1985,18,18000000000,INDUSTRIAS MANUFACTURERAS,S08
17,CALDAS,1986,28,28000000000,INDUSTRIAS MANUFACTURERAS,S08
17,CALDAS,1987,30,30000000000,INDUSTRIAS MANUFACTURERAS,S08
17,CALDAS,1988,42,42000000000,INDUSTRIAS MANUFACTURERAS,S08
17,CALDAS,1989,50,50000000000,INDUSTRIAS MANUFACTURERAS,S08
17,CALDAS,1990,65,65000000000,INDUSTRIAS MANUFACTURERAS,S08
17,CALDAS,1991,94,94000000000,INDUSTRIAS MANUFACTURERAS,S08
17,CALDAS,1992,120,1.20E+11,INDUSTRIAS MANUFACTURERAS,S08
17,CALDAS,1993,190,1.90E+11,INDUSTRIAS MANUFACTURERAS,S08
17,CALDAS,1994,188,1.88E+11,INDUSTRIAS MANUFACTURERAS,S08
17,CALDAS,1995,213,2.13E+11,INDUSTRIAS MANUFACTURERAS,S08
17,CALDAS,1996,250,2.50E+11,INDUSTRIAS MANUFACTURERAS,S08
17,CALDAS,1997,301,3.01E+11,INDUSTRIAS MANUFACTURERAS,S08
17,CALDAS,1998,372,3.72E+11,INDUSTRIAS MANUFACTURERAS,S08
17,CALDAS,1999,413,4.13E+11,INDUSTRIAS MANUFACTURERAS,S08
17,CALDAS,2000,575,5.75E+11,INDUSTRIAS MANUFACTURERAS,S08
17,CALDAS,2001,665,6.65E+11,INDUSTRIAS MANUFACTURERAS,S08
17,CALDAS,2002,750,7.50E+11,INDUSTRIAS MANUFACTURERAS,S08
17,CALDAS,2003,809,8.09E+11,INDUSTRIAS MANUFACTURERAS,S08
17,CALDAS,2004,913,9.13E+11,INDUSTRIAS MANUFACTURERAS,S08
17,CALDAS,2005,1071,1.07E+12,INDUSTRIAS MANUFACTURERAS,S08
17,CALDAS,2006,1335,1.34E+12,INDUSTRIAS MANUFACTURERAS,S08
17,CALDAS,2007,1363,1.36E+12,INDUSTRIAS MANUFACTURERAS,S08
17,CALDAS,2008,1454,1.45E+12,INDUSTRIAS MANUFACTURERAS,S08
17,CALDAS,2009,1311,1.31E+12,INDUSTRIAS MANUFACTURERAS,S08
17,CALDAS,2010,1244,1.24E+12,INDUSTRIAS MANUFACTURERAS,S08
17,CALDAS,2011,1172,1.17E+12,INDUSTRIAS MANUFACTURERAS,S08
17,CALDAS,2012,1236,1.24E+12,INDUSTRIAS MANUFACTURERAS,S08
17,CALDAS,2013,1317,1.32E+12,INDUSTRIAS MANUFACTURERAS,S08
17,CALDAS,2014,1460,1.46E+12,INDUSTRIAS MANUFACTURERAS,S08
17,CALDAS,2015,1639,1.64E+12,INDUSTRIAS MANUFACTURERAS,S08
17,CALDAS,2016,1765,1.77E+12,INDUSTRIAS MANUFACTURERAS,S08
17,CALDAS,2017,1797,1.80E+12,INDUSTRIAS MANUFACTURERAS,S08
17,CALDAS,2018,1851,1.85E+12,INDUSTRIAS MANUFACTURERAS,S08
17,CALDAS,2019,1934,1.93E+12,INDUSTRIAS MANUFACTURERAS,S08
17,CALDAS,2020,1798,1.80E+12,INDUSTRIAS MANUFACTURERAS,S08
17,CALDAS,2021,2215,2.22E+12,INDUSTRIAS MANUFACTURERAS,S08
17,CALDAS,2022,2612,2.61E+12,INDUSTRIAS MANUFACTURERAS,S08
17,CALDAS,2023p,2692,2.69E+12,INDUSTRIAS MANUFACTURERAS,S08
17,CALDAS,2024pr,2785,2.79E+12,INDUSTRIAS MANUFACTURERAS,S08
18,CAQUETA,1980,1,1000000000,INDUSTRIAS MANUFACTURERAS,S08
18,CAQUETA,1981,1,1000000000,INDUSTRIAS MANUFACTURERAS,S08
18,CAQUETA,1982,1,1000000000,INDUSTRIAS MANUFACTURERAS,S08
18,CAQUETA,1983,1,1000000000,INDUSTRIAS MANUFACTURERAS,S08
18,CAQUETA,1984,1,1000000000,INDUSTRIAS MANUFACTURERAS,S08
18,CAQUETA,1985,1,1000000000,INDUSTRIAS MANUFACTURERAS,S08
18,CAQUETA,1986,2,2000000000,INDUSTRIAS MANUFACTURERAS,S08
18,CAQUETA,1987,2,2000000000,INDUSTRIAS MANUFACTURERAS,S08
18,CAQUETA,1988,2,2000000000,INDUSTRIAS MANUFACTURERAS,S08
18,CAQUETA,1989,3,3000000000,INDUSTRIAS MANUFACTURERAS,S08
18,CAQUETA,1990,4,4000000000,INDUSTRIAS MANUFACTURERAS,S08
18,CAQUETA,1991,6,6000000000,INDUSTRIAS MANUFACTURERAS,S08
18,CAQUETA,1992,7,7000000000,INDUSTRIAS MANUFACTURERAS,S08
18,CAQUETA,1993,11,11000000000,INDUSTRIAS MANUFACTURERAS,S08
18,CAQUETA,1994,9,9000000000,INDUSTRIAS MANUFACTURERAS,S08
18,CAQUETA,1995,13,13000000000,INDUSTRIAS MANUFACTURERAS,S08
18,CAQUETA,1996,18,18000000000,INDUSTRIAS MANUFACTURERAS,S08
18,CAQUETA,1997,24,24000000000,INDUSTRIAS MANUFACTURERAS,S08
18,CAQUETA,1998,36,36000000000,INDUSTRIAS MANUFACTURERAS,S08
18,CAQUETA,1999,44,44000000000,INDUSTRIAS MANUFACTURERAS,S08
18,CAQUETA,2000,56,56000000000,INDUSTRIAS MANUFACTURERAS,S08
18,CAQUETA,2001,58,58000000000,INDUSTRIAS MANUFACTURERAS,S08
18,CAQUETA,2002,47,47000000000,INDUSTRIAS MANUFACTURERAS,S08
18,CAQUETA,2003,63,63000000000,INDUSTRIAS MANUFACTURERAS,S08
18,CAQUETA,2004,66,66000000000,INDUSTRIAS MANUFACTURERAS,S08
18,CAQUETA,2005,70,70000000000,INDUSTRIAS MANUFACTURERAS,S08
18,CAQUETA,2006,76,76000000000,INDUSTRIAS MANUFACTURERAS,S08
18,CAQUETA,2007,84,84000000000,INDUSTRIAS MANUFACTURERAS,S08
18,CAQUETA,2008,94,94000000000,INDUSTRIAS MANUFACTURERAS,S08
18,CAQUETA,2009,101,1.01E+11,INDUSTRIAS MANUFACTURERAS,S08
18,CAQUETA,2010,85,85000000000,INDUSTRIAS MANUFACTURERAS,S08
18,CAQUETA,2011,93,93000000000,INDUSTRIAS MANUFACTURERAS,S08
18,CAQUETA,2012,99,99000000000,INDUSTRIAS MANUFACTURERAS,S08
18,CAQUETA,2013,99,99000000000,INDUSTRIAS MANUFACTURERAS,S08
18,CAQUETA,2014,99,99000000000,INDUSTRIAS MANUFACTURERAS,S08
18,CAQUETA,2015,99,99000000000,INDUSTRIAS MANUFACTURERAS,S08
18,CAQUETA,2016,105,1.05E+11,INDUSTRIAS MANUFACTURERAS,S08
18,CAQUETA,2017,104,1.04E+11,INDUSTRIAS MANUFACTURERAS,S08
18,CAQUETA,2018,108,1.08E+11,INDUSTRIAS MANUFACTURERAS,S08
18,CAQUETA,2019,109,1.09E+11,INDUSTRIAS MANUFACTURERAS,S08
18,CAQUETA,2020,111,1.11E+11,INDUSTRIAS MANUFACTURERAS,S08
18,CAQUETA,2021,134,1.34E+11,INDUSTRIAS MANUFACTURERAS,S08
18,CAQUETA,2022,159,1.59E+11,INDUSTRIAS MANUFACTURERAS,S08
18,CAQUETA,2023p,172,1.72E+11,INDUSTRIAS MANUFACTURERAS,S08
18,CAQUETA,2024pr,172,1.72E+11,INDUSTRIAS MANUFACTURERAS,S08
19,CAUCA,1980,7,7000000000,INDUSTRIAS MANUFACTURERAS,S08
19,CAUCA,1981,6,6000000000,INDUSTRIAS MANUFACTURERAS,S08
19,CAUCA,1982,7,7000000000,INDUSTRIAS MANUFACTURERAS,S08
19,CAUCA,1983,10,10000000000,INDUSTRIAS MANUFACTURERAS,S08
19,CAUCA,1984,10,10000000000,INDUSTRIAS MANUFACTURERAS,S08
19,CAUCA,1985,11,11000000000,INDUSTRIAS MANUFACTURERAS,S08
19,CAUCA,1986,16,16000000000,INDUSTRIAS MANUFACTURERAS,S08
19,CAUCA,1987,16,16000000000,INDUSTRIAS MANUFACTURERAS,S08
19,CAUCA,1988,23,23000000000,INDUSTRIAS MANUFACTURERAS,S08
19,CAUCA,1989,34,34000000000,INDUSTRIAS MANUFACTURERAS,S08
19,CAUCA,1990,43,43000000000,INDUSTRIAS MANUFACTURERAS,S08
19,CAUCA,1991,55,55000000000,INDUSTRIAS MANUFACTURERAS,S08
19,CAUCA,1992,57,57000000000,INDUSTRIAS MANUFACTURERAS,S08
19,CAUCA,1993,78,78000000000,INDUSTRIAS MANUFACTURERAS,S08
19,CAUCA,1994,111,1.11E+11,INDUSTRIAS MANUFACTURERAS,S08
19,CAUCA,1995,134,1.34E+11,INDUSTRIAS MANUFACTURERAS,S08
19,CAUCA,1996,183,1.83E+11,INDUSTRIAS MANUFACTURERAS,S08
19,CAUCA,1997,214,2.14E+11,INDUSTRIAS MANUFACTURERAS,S08
19,CAUCA,1998,262,2.62E+11,INDUSTRIAS MANUFACTURERAS,S08
19,CAUCA,1999,357,3.57E+11,INDUSTRIAS MANUFACTURERAS,S08
19,CAUCA,2000,504,5.04E+11,INDUSTRIAS MANUFACTURERAS,S08
19,CAUCA,2001,546,5.46E+11,INDUSTRIAS MANUFACTURERAS,S08
19,CAUCA,2002,595,5.95E+11,INDUSTRIAS MANUFACTURERAS,S08
19,CAUCA,2003,671,6.71E+11,INDUSTRIAS MANUFACTURERAS,S08
19,CAUCA,2004,800,8.00E+11,INDUSTRIAS MANUFACTURERAS,S08
19,CAUCA,2005,894,8.94E+11,INDUSTRIAS MANUFACTURERAS,S08
19,CAUCA,2006,1094,1.09E+12,INDUSTRIAS MANUFACTURERAS,S08
19,CAUCA,2007,1029,1.03E+12,INDUSTRIAS MANUFACTURERAS,S08
19,CAUCA,2008,1175,1.18E+12,INDUSTRIAS MANUFACTURERAS,S08
19,CAUCA,2009,1478,1.48E+12,INDUSTRIAS MANUFACTURERAS,S08
19,CAUCA,2010,1549,1.55E+12,INDUSTRIAS MANUFACTURERAS,S08
19,CAUCA,2011,1621,1.62E+12,INDUSTRIAS MANUFACTURERAS,S08
19,CAUCA,2012,1823,1.82E+12,INDUSTRIAS MANUFACTURERAS,S08
19,CAUCA,2013,2002,2.00E+12,INDUSTRIAS MANUFACTURERAS,S08
19,CAUCA,2014,2377,2.38E+12,INDUSTRIAS MANUFACTURERAS,S08
19,CAUCA,2015,2642,2.64E+12,INDUSTRIAS MANUFACTURERAS,S08
19,CAUCA,2016,2736,2.74E+12,INDUSTRIAS MANUFACTURERAS,S08
19,CAUCA,2017,2767,2.77E+12,INDUSTRIAS MANUFACTURERAS,S08
19,CAUCA,2018,2831,2.83E+12,INDUSTRIAS MANUFACTURERAS,S08
19,CAUCA,2019,2843,2.84E+12,INDUSTRIAS MANUFACTURERAS,S08
19,CAUCA,2020,2936,2.94E+12,INDUSTRIAS MANUFACTURERAS,S08
19,CAUCA,2021,3466,3.47E+12,INDUSTRIAS MANUFACTURERAS,S08
19,CAUCA,2022,4288,4.29E+12,INDUSTRIAS MANUFACTURERAS,S08
19,CAUCA,2023p,4319,4.32E+12,INDUSTRIAS MANUFACTURERAS,S08
19,CAUCA,2024pr,4249,4.25E+12,INDUSTRIAS MANUFACTURERAS,S08
20,CESAR,1980,3,3000000000,INDUSTRIAS MANUFACTURERAS,S08
20,CESAR,1981,4,4000000000,INDUSTRIAS MANUFACTURERAS,S08
20,CESAR,1982,4,4000000000,INDUSTRIAS MANUFACTURERAS,S08
20,CESAR,1983,5,5000000000,INDUSTRIAS MANUFACTURERAS,S08
20,CESAR,1984,6,6000000000,INDUSTRIAS MANUFACTURERAS,S08
20,CESAR,1985,8,8000000000,INDUSTRIAS MANUFACTURERAS,S08
20,CESAR,1986,11,11000000000,INDUSTRIAS MANUFACTURERAS,S08
20,CESAR,1987,12,12000000000,INDUSTRIAS MANUFACTURERAS,S08
20,CESAR,1988,18,18000000000,INDUSTRIAS MANUFACTURERAS,S08
20,CESAR,1989,25,25000000000,INDUSTRIAS MANUFACTURERAS,S08
20,CESAR,1990,29,29000000000,INDUSTRIAS MANUFACTURERAS,S08
20,CESAR,1991,43,43000000000,INDUSTRIAS MANUFACTURERAS,S08
20,CESAR,1992,50,50000000000,INDUSTRIAS MANUFACTURERAS,S08
20,CESAR,1993,69,69000000000,INDUSTRIAS MANUFACTURERAS,S08
20,CESAR,1994,102,1.02E+11,INDUSTRIAS MANUFACTURERAS,S08
20,CESAR,1995,96,96000000000,INDUSTRIAS MANUFACTURERAS,S08
20,CESAR,1996,131,1.31E+11,INDUSTRIAS MANUFACTURERAS,S08
20,CESAR,1997,138,1.38E+11,INDUSTRIAS MANUFACTURERAS,S08
20,CESAR,1998,138,1.38E+11,INDUSTRIAS MANUFACTURERAS,S08
20,CESAR,1999,184,1.84E+11,INDUSTRIAS MANUFACTURERAS,S08
20,CESAR,2000,155,1.55E+11,INDUSTRIAS MANUFACTURERAS,S08
20,CESAR,2001,159,1.59E+11,INDUSTRIAS MANUFACTURERAS,S08
20,CESAR,2002,193,1.93E+11,INDUSTRIAS MANUFACTURERAS,S08
20,CESAR,2003,326,3.26E+11,INDUSTRIAS MANUFACTURERAS,S08
20,CESAR,2004,289,2.89E+11,INDUSTRIAS MANUFACTURERAS,S08
20,CESAR,2005,280,2.80E+11,INDUSTRIAS MANUFACTURERAS,S08
20,CESAR,2006,298,2.98E+11,INDUSTRIAS MANUFACTURERAS,S08
20,CESAR,2007,297,2.97E+11,INDUSTRIAS MANUFACTURERAS,S08
20,CESAR,2008,381,3.81E+11,INDUSTRIAS MANUFACTURERAS,S08
20,CESAR,2009,410,4.10E+11,INDUSTRIAS MANUFACTURERAS,S08
20,CESAR,2010,412,4.12E+11,INDUSTRIAS MANUFACTURERAS,S08
20,CESAR,2011,440,4.40E+11,INDUSTRIAS MANUFACTURERAS,S08
20,CESAR,2012,439,4.39E+11,INDUSTRIAS MANUFACTURERAS,S08
20,CESAR,2013,451,4.51E+11,INDUSTRIAS MANUFACTURERAS,S08
20,CESAR,2014,521,5.21E+11,INDUSTRIAS MANUFACTURERAS,S08
20,CESAR,2015,563,5.63E+11,INDUSTRIAS MANUFACTURERAS,S08
20,CESAR,2016,612,6.12E+11,INDUSTRIAS MANUFACTURERAS,S08
20,CESAR,2017,602,6.02E+11,INDUSTRIAS MANUFACTURERAS,S08
20,CESAR,2018,602,6.02E+11,INDUSTRIAS MANUFACTURERAS,S08
20,CESAR,2019,592,5.92E+11,INDUSTRIAS MANUFACTURERAS,S08
20,CESAR,2020,592,5.92E+11,INDUSTRIAS MANUFACTURERAS,S08
20,CESAR,2021,849,8.49E+11,INDUSTRIAS MANUFACTURERAS,S08
20,CESAR,2022,1076,1.08E+12,INDUSTRIAS MANUFACTURERAS,S08
20,CESAR,2023p,1025,1.03E+12,INDUSTRIAS MANUFACTURERAS,S08
20,CESAR,2024pr,979,9.79E+11,INDUSTRIAS MANUFACTURERAS,S08
27,CHOCO,1980,0,0,INDUSTRIAS MANUFACTURERAS,S08
27,CHOCO,1981,0,0,INDUSTRIAS MANUFACTURERAS,S08
27,CHOCO,1982,0,0,INDUSTRIAS MANUFACTURERAS,S08
27,CHOCO,1983,0,0,INDUSTRIAS MANUFACTURERAS,S08
27,CHOCO,1984,1,1000000000,INDUSTRIAS MANUFACTURERAS,S08
27,CHOCO,1985,1,1000000000,INDUSTRIAS MANUFACTURERAS,S08
27,CHOCO,1986,1,1000000000,INDUSTRIAS MANUFACTURERAS,S08
27,CHOCO,1987,1,1000000000,INDUSTRIAS MANUFACTURERAS,S08
27,CHOCO,1988,2,2000000000,INDUSTRIAS MANUFACTURERAS,S08
27,CHOCO,1989,2,2000000000,INDUSTRIAS MANUFACTURERAS,S08
27,CHOCO,1990,2,2000000000,INDUSTRIAS MANUFACTURERAS,S08
27,CHOCO,1991,3,3000000000,INDUSTRIAS MANUFACTURERAS,S08
27,CHOCO,1992,4,4000000000,INDUSTRIAS MANUFACTURERAS,S08
27,CHOCO,1993,5,5000000000,INDUSTRIAS MANUFACTURERAS,S08
27,CHOCO,1994,6,6000000000,INDUSTRIAS MANUFACTURERAS,S08
27,CHOCO,1995,7,7000000000,INDUSTRIAS MANUFACTURERAS,S08
27,CHOCO,1996,8,8000000000,INDUSTRIAS MANUFACTURERAS,S08
27,CHOCO,1997,9,9000000000,INDUSTRIAS MANUFACTURERAS,S08
27,CHOCO,1998,12,12000000000,INDUSTRIAS MANUFACTURERAS,S08
27,CHOCO,1999,11,11000000000,INDUSTRIAS MANUFACTURERAS,S08
27,CHOCO,2000,13,13000000000,INDUSTRIAS MANUFACTURERAS,S08
27,CHOCO,2001,14,14000000000,INDUSTRIAS MANUFACTURERAS,S08
27,CHOCO,2002,17,17000000000,INDUSTRIAS MANUFACTURERAS,S08
27,CHOCO,2003,19,19000000000,INDUSTRIAS MANUFACTURERAS,S08
27,CHOCO,2004,22,22000000000,INDUSTRIAS MANUFACTURERAS,S08
27,CHOCO,2005,23,23000000000,INDUSTRIAS MANUFACTURERAS,S08
27,CHOCO,2006,25,25000000000,INDUSTRIAS MANUFACTURERAS,S08
27,CHOCO,2007,27,27000000000,INDUSTRIAS MANUFACTURERAS,S08
27,CHOCO,2008,28,28000000000,INDUSTRIAS MANUFACTURERAS,S08
27,CHOCO,2009,32,32000000000,INDUSTRIAS MANUFACTURERAS,S08
27,CHOCO,2010,33,33000000000,INDUSTRIAS MANUFACTURERAS,S08
27,CHOCO,2011,35,35000000000,INDUSTRIAS MANUFACTURERAS,S08
27,CHOCO,2012,35,35000000000,INDUSTRIAS MANUFACTURERAS,S08
27,CHOCO,2013,34,34000000000,INDUSTRIAS MANUFACTURERAS,S08
27,CHOCO,2014,30,30000000000,INDUSTRIAS MANUFACTURERAS,S08
27,CHOCO,2015,31,31000000000,INDUSTRIAS MANUFACTURERAS,S08
27,CHOCO,2016,34,34000000000,INDUSTRIAS MANUFACTURERAS,S08
27,CHOCO,2017,32,32000000000,INDUSTRIAS MANUFACTURERAS,S08
27,CHOCO,2018,32,32000000000,INDUSTRIAS MANUFACTURERAS,S08
27,CHOCO,2019,33,33000000000,INDUSTRIAS MANUFACTURERAS,S08
27,CHOCO,2020,32,32000000000,INDUSTRIAS MANUFACTURERAS,S08
27,CHOCO,2021,40,40000000000,INDUSTRIAS MANUFACTURERAS,S08
27,CHOCO,2022,47,47000000000,INDUSTRIAS MANUFACTURERAS,S08
27,CHOCO,2023p,48,48000000000,INDUSTRIAS MANUFACTURERAS,S08
27,CHOCO,2024pr,48,48000000000,INDUSTRIAS MANUFACTURERAS,S08
23,CORDOBA,1980,8,8000000000,INDUSTRIAS MANUFACTURERAS,S08
23,CORDOBA,1981,9,9000000000,INDUSTRIAS MANUFACTURERAS,S08
23,CORDOBA,1982,12,12000000000,INDUSTRIAS MANUFACTURERAS,S08
23,CORDOBA,1983,17,17000000000,INDUSTRIAS MANUFACTURERAS,S08
23,CORDOBA,1984,28,28000000000,INDUSTRIAS MANUFACTURERAS,S08
23,CORDOBA,1985,25,25000000000,INDUSTRIAS MANUFACTURERAS,S08
23,CORDOBA,1986,33,33000000000,INDUSTRIAS MANUFACTURERAS,S08
23,CORDOBA,1987,35,35000000000,INDUSTRIAS MANUFACTURERAS,S08
23,CORDOBA,1988,48,48000000000,INDUSTRIAS MANUFACTURERAS,S08
23,CORDOBA,1989,51,51000000000,INDUSTRIAS MANUFACTURERAS,S08
23,CORDOBA,1990,52,52000000000,INDUSTRIAS MANUFACTURERAS,S08
23,CORDOBA,1991,75,75000000000,INDUSTRIAS MANUFACTURERAS,S08
23,CORDOBA,1992,89,89000000000,INDUSTRIAS MANUFACTURERAS,S08
23,CORDOBA,1993,158,1.58E+11,INDUSTRIAS MANUFACTURERAS,S08
23,CORDOBA,1994,188,1.88E+11,INDUSTRIAS MANUFACTURERAS,S08
23,CORDOBA,1995,239,2.39E+11,INDUSTRIAS MANUFACTURERAS,S08
23,CORDOBA,1996,301,3.01E+11,INDUSTRIAS MANUFACTURERAS,S08
23,CORDOBA,1997,391,3.91E+11,INDUSTRIAS MANUFACTURERAS,S08
23,CORDOBA,1998,446,4.46E+11,INDUSTRIAS MANUFACTURERAS,S08
23,CORDOBA,1999,673,6.73E+11,INDUSTRIAS MANUFACTURERAS,S08
23,CORDOBA,2000,648,6.48E+11,INDUSTRIAS MANUFACTURERAS,S08
23,CORDOBA,2001,717,7.17E+11,INDUSTRIAS MANUFACTURERAS,S08
23,CORDOBA,2002,759,7.59E+11,INDUSTRIAS MANUFACTURERAS,S08
23,CORDOBA,2003,838,8.38E+11,INDUSTRIAS MANUFACTURERAS,S08
23,CORDOBA,2004,932,9.32E+11,INDUSTRIAS MANUFACTURERAS,S08
23,CORDOBA,2005,995,9.95E+11,INDUSTRIAS MANUFACTURERAS,S08
23,CORDOBA,2006,1047,1.05E+12,INDUSTRIAS MANUFACTURERAS,S08
23,CORDOBA,2007,1253,1.25E+12,INDUSTRIAS MANUFACTURERAS,S08
23,CORDOBA,2008,1343,1.34E+12,INDUSTRIAS MANUFACTURERAS,S08
23,CORDOBA,2009,1303,1.30E+12,INDUSTRIAS MANUFACTURERAS,S08
23,CORDOBA,2010,1218,1.22E+12,INDUSTRIAS MANUFACTURERAS,S08
23,CORDOBA,2011,1303,1.30E+12,INDUSTRIAS MANUFACTURERAS,S08
23,CORDOBA,2012,1307,1.31E+12,INDUSTRIAS MANUFACTURERAS,S08
23,CORDOBA,2013,1382,1.38E+12,INDUSTRIAS MANUFACTURERAS,S08
23,CORDOBA,2014,1406,1.41E+12,INDUSTRIAS MANUFACTURERAS,S08
23,CORDOBA,2015,1341,1.34E+12,INDUSTRIAS MANUFACTURERAS,S08
23,CORDOBA,2016,1432,1.43E+12,INDUSTRIAS MANUFACTURERAS,S08
23,CORDOBA,2017,1539,1.54E+12,INDUSTRIAS MANUFACTURERAS,S08
23,CORDOBA,2018,1667,1.67E+12,INDUSTRIAS MANUFACTURERAS,S08
23,CORDOBA,2019,1824,1.82E+12,INDUSTRIAS MANUFACTURERAS,S08
23,CORDOBA,2020,1899,1.90E+12,INDUSTRIAS MANUFACTURERAS,S08
23,CORDOBA,2021,2456,2.46E+12,INDUSTRIAS MANUFACTURERAS,S08
23,CORDOBA,2022,2987,2.99E+12,INDUSTRIAS MANUFACTURERAS,S08
23,CORDOBA,2023p,3060,3.06E+12,INDUSTRIAS MANUFACTURERAS,S08
23,CORDOBA,2024pr,3160,3.16E+12,INDUSTRIAS MANUFACTURERAS,S08
25,CUNDINAMARCA,1980,27,27000000000,INDUSTRIAS MANUFACTURERAS,S08
25,CUNDINAMARCA,1981,29,29000000000,INDUSTRIAS MANUFACTURERAS,S08
25,CUNDINAMARCA,1982,41,41000000000,INDUSTRIAS MANUFACTURERAS,S08
25,CUNDINAMARCA,1983,50,50000000000,INDUSTRIAS MANUFACTURERAS,S08
25,CUNDINAMARCA,1984,63,63000000000,INDUSTRIAS MANUFACTURERAS,S08
25,CUNDINAMARCA,1985,78,78000000000,INDUSTRIAS MANUFACTURERAS,S08
25,CUNDINAMARCA,1986,107,1.07E+11,INDUSTRIAS MANUFACTURERAS,S08
25,CUNDINAMARCA,1987,118,1.18E+11,INDUSTRIAS MANUFACTURERAS,S08
25,CUNDINAMARCA,1988,190,1.90E+11,INDUSTRIAS MANUFACTURERAS,S08
25,CUNDINAMARCA,1989,237,2.37E+11,INDUSTRIAS MANUFACTURERAS,S08
25,CUNDINAMARCA,1990,313,3.13E+11,INDUSTRIAS MANUFACTURERAS,S08
25,CUNDINAMARCA,1991,422,4.22E+11,INDUSTRIAS MANUFACTURERAS,S08
25,CUNDINAMARCA,1992,507,5.07E+11,INDUSTRIAS MANUFACTURERAS,S08
25,CUNDINAMARCA,1993,748,7.48E+11,INDUSTRIAS MANUFACTURERAS,S08
25,CUNDINAMARCA,1994,979,9.79E+11,INDUSTRIAS MANUFACTURERAS,S08
25,CUNDINAMARCA,1995,1163,1.16E+12,INDUSTRIAS MANUFACTURERAS,S08
25,CUNDINAMARCA,1996,1450,1.45E+12,INDUSTRIAS MANUFACTURERAS,S08
25,CUNDINAMARCA,1997,1692,1.69E+12,INDUSTRIAS MANUFACTURERAS,S08
25,CUNDINAMARCA,1998,2007,2.01E+12,INDUSTRIAS MANUFACTURERAS,S08
25,CUNDINAMARCA,1999,2266,2.27E+12,INDUSTRIAS MANUFACTURERAS,S08
25,CUNDINAMARCA,2000,2758,2.76E+12,INDUSTRIAS MANUFACTURERAS,S08
25,CUNDINAMARCA,2001,3284,3.28E+12,INDUSTRIAS MANUFACTURERAS,S08
25,CUNDINAMARCA,2002,3449,3.45E+12,INDUSTRIAS MANUFACTURERAS,S08
25,CUNDINAMARCA,2003,3969,3.97E+12,INDUSTRIAS MANUFACTURERAS,S08
25,CUNDINAMARCA,2004,4532,4.53E+12,INDUSTRIAS MANUFACTURERAS,S08
25,CUNDINAMARCA,2005,5110,5.11E+12,INDUSTRIAS MANUFACTURERAS,S08
25,CUNDINAMARCA,2006,5311,5.31E+12,INDUSTRIAS MANUFACTURERAS,S08
25,CUNDINAMARCA,2007,6004,6.00E+12,INDUSTRIAS MANUFACTURERAS,S08
25,CUNDINAMARCA,2008,6946,6.95E+12,INDUSTRIAS MANUFACTURERAS,S08
25,CUNDINAMARCA,2009,7631,7.63E+12,INDUSTRIAS MANUFACTURERAS,S08
25,CUNDINAMARCA,2010,8055,8.06E+12,INDUSTRIAS MANUFACTURERAS,S08
25,CUNDINAMARCA,2011,8647,8.65E+12,INDUSTRIAS MANUFACTURERAS,S08
25,CUNDINAMARCA,2012,9282,9.28E+12,INDUSTRIAS MANUFACTURERAS,S08
25,CUNDINAMARCA,2013,9495,9.50E+12,INDUSTRIAS MANUFACTURERAS,S08
25,CUNDINAMARCA,2014,9722,9.72E+12,INDUSTRIAS MANUFACTURERAS,S08
25,CUNDINAMARCA,2015,10680,1.07E+13,INDUSTRIAS MANUFACTURERAS,S08
25,CUNDINAMARCA,2016,11671,1.17E+13,INDUSTRIAS MANUFACTURERAS,S08
25,CUNDINAMARCA,2017,11509,1.15E+13,INDUSTRIAS MANUFACTURERAS,S08
25,CUNDINAMARCA,2018,11974,1.20E+13,INDUSTRIAS MANUFACTURERAS,S08
25,CUNDINAMARCA,2019,12468,1.25E+13,INDUSTRIAS MANUFACTURERAS,S08
25,CUNDINAMARCA,2020,12013,1.20E+13,INDUSTRIAS MANUFACTURERAS,S08
25,CUNDINAMARCA,2021,14510,1.45E+13,INDUSTRIAS MANUFACTURERAS,S08
25,CUNDINAMARCA,2022,17922,1.79E+13,INDUSTRIAS MANUFACTURERAS,S08
25,CUNDINAMARCA,2023p,18810,1.88E+13,INDUSTRIAS MANUFACTURERAS,S08
25,CUNDINAMARCA,2024pr,18947,1.89E+13,INDUSTRIAS MANUFACTURERAS,S08
41,HUILA,1980,2,2000000000,INDUSTRIAS MANUFACTURERAS,S08
41,HUILA,1981,2,2000000000,INDUSTRIAS MANUFACTURERAS,S08
41,HUILA,1982,3,3000000000,INDUSTRIAS MANUFACTURERAS,S08
41,HUILA,1983,4,4000000000,INDUSTRIAS MANUFACTURERAS,S08
41,HUILA,1984,6,6000000000,INDUSTRIAS MANUFACTURERAS,S08
41,HUILA,1985,6,6000000000,INDUSTRIAS MANUFACTURERAS,S08
41,HUILA,1986,9,9000000000,INDUSTRIAS MANUFACTURERAS,S08
41,HUILA,1987,8,8000000000,INDUSTRIAS MANUFACTURERAS,S08
41,HUILA,1988,10,10000000000,INDUSTRIAS MANUFACTURERAS,S08
41,HUILA,1989,11,11000000000,INDUSTRIAS MANUFACTURERAS,S08
41,HUILA,1990,12,12000000000,INDUSTRIAS MANUFACTURERAS,S08
41,HUILA,1991,19,19000000000,INDUSTRIAS MANUFACTURERAS,S08
41,HUILA,1992,22,22000000000,INDUSTRIAS MANUFACTURERAS,S08
41,HUILA,1993,33,33000000000,INDUSTRIAS MANUFACTURERAS,S08
41,HUILA,1994,50,50000000000,INDUSTRIAS MANUFACTURERAS,S08
41,HUILA,1995,62,62000000000,INDUSTRIAS MANUFACTURERAS,S08
41,HUILA,1996,87,87000000000,INDUSTRIAS MANUFACTURERAS,S08
41,HUILA,1997,123,1.23E+11,INDUSTRIAS MANUFACTURERAS,S08
41,HUILA,1998,153,1.53E+11,INDUSTRIAS MANUFACTURERAS,S08
41,HUILA,1999,187,1.87E+11,INDUSTRIAS MANUFACTURERAS,S08
41,HUILA,2000,209,2.09E+11,INDUSTRIAS MANUFACTURERAS,S08
41,HUILA,2001,214,2.14E+11,INDUSTRIAS MANUFACTURERAS,S08
41,HUILA,2002,218,2.18E+11,INDUSTRIAS MANUFACTURERAS,S08
41,HUILA,2003,280,2.80E+11,INDUSTRIAS MANUFACTURERAS,S08
41,HUILA,2004,358,3.58E+11,INDUSTRIAS MANUFACTURERAS,S08
41,HUILA,2005,326,3.26E+11,INDUSTRIAS MANUFACTURERAS,S08
41,HUILA,2006,328,3.28E+11,INDUSTRIAS MANUFACTURERAS,S08
41,HUILA,2007,362,3.62E+11,INDUSTRIAS MANUFACTURERAS,S08
41,HUILA,2008,420,4.20E+11,INDUSTRIAS MANUFACTURERAS,S08
41,HUILA,2009,395,3.95E+11,INDUSTRIAS MANUFACTURERAS,S08
41,HUILA,2010,363,3.63E+11,INDUSTRIAS MANUFACTURERAS,S08
41,HUILA,2011,390,3.90E+11,INDUSTRIAS MANUFACTURERAS,S08
41,HUILA,2012,424,4.24E+11,INDUSTRIAS MANUFACTURERAS,S08
41,HUILA,2013,448,4.48E+11,INDUSTRIAS MANUFACTURERAS,S08
41,HUILA,2014,407,4.07E+11,INDUSTRIAS MANUFACTURERAS,S08
41,HUILA,2015,485,4.85E+11,INDUSTRIAS MANUFACTURERAS,S08
41,HUILA,2016,510,5.10E+11,INDUSTRIAS MANUFACTURERAS,S08
41,HUILA,2017,503,5.03E+11,INDUSTRIAS MANUFACTURERAS,S08
41,HUILA,2018,525,5.25E+11,INDUSTRIAS MANUFACTURERAS,S08
41,HUILA,2019,547,5.47E+11,INDUSTRIAS MANUFACTURERAS,S08
41,HUILA,2020,543,5.43E+11,INDUSTRIAS MANUFACTURERAS,S08
41,HUILA,2021,676,6.76E+11,INDUSTRIAS MANUFACTURERAS,S08
41,HUILA,2022,824,8.24E+11,INDUSTRIAS MANUFACTURERAS,S08
41,HUILA,2023p,847,8.47E+11,INDUSTRIAS MANUFACTURERAS,S08
41,HUILA,2024pr,817,8.17E+11,INDUSTRIAS MANUFACTURERAS,S08
44,LA GUAJIRA,1980,0,0,INDUSTRIAS MANUFACTURERAS,S08
44,LA GUAJIRA,1981,0,0,INDUSTRIAS MANUFACTURERAS,S08
44,LA GUAJIRA,1982,0,0,INDUSTRIAS MANUFACTURERAS,S08
44,LA GUAJIRA,1983,1,1000000000,INDUSTRIAS MANUFACTURERAS,S08
44,LA GUAJIRA,1984,1,1000000000,INDUSTRIAS MANUFACTURERAS,S08
44,LA GUAJIRA,1985,1,1000000000,INDUSTRIAS MANUFACTURERAS,S08
44,LA GUAJIRA,1986,1,1000000000,INDUSTRIAS MANUFACTURERAS,S08
44,LA GUAJIRA,1987,1,1000000000,INDUSTRIAS MANUFACTURERAS,S08
44,LA GUAJIRA,1988,2,2000000000,INDUSTRIAS MANUFACTURERAS,S08
44,LA GUAJIRA,1989,2,2000000000,INDUSTRIAS MANUFACTURERAS,S08
44,LA GUAJIRA,1990,3,3000000000,INDUSTRIAS MANUFACTURERAS,S08
44,LA GUAJIRA,1991,4,4000000000,INDUSTRIAS MANUFACTURERAS,S08
44,LA GUAJIRA,1992,6,6000000000,INDUSTRIAS MANUFACTURERAS,S08
44,LA GUAJIRA,1993,9,9000000000,INDUSTRIAS MANUFACTURERAS,S08
44,LA GUAJIRA,1994,5,5000000000,INDUSTRIAS MANUFACTURERAS,S08
44,LA GUAJIRA,1995,8,8000000000,INDUSTRIAS MANUFACTURERAS,S08
44,LA GUAJIRA,1996,11,11000000000,INDUSTRIAS MANUFACTURERAS,S08
44,LA GUAJIRA,1997,15,15000000000,INDUSTRIAS MANUFACTURERAS,S08
44,LA GUAJIRA,1998,25,25000000000,INDUSTRIAS MANUFACTURERAS,S08
44,LA GUAJIRA,1999,30,30000000000,INDUSTRIAS MANUFACTURERAS,S08
44,LA GUAJIRA,2000,42,42000000000,INDUSTRIAS MANUFACTURERAS,S08
44,LA GUAJIRA,2001,33,33000000000,INDUSTRIAS MANUFACTURERAS,S08
44,LA GUAJIRA,2002,29,29000000000,INDUSTRIAS MANUFACTURERAS,S08
44,LA GUAJIRA,2003,33,33000000000,INDUSTRIAS MANUFACTURERAS,S08
44,LA GUAJIRA,2004,38,38000000000,INDUSTRIAS MANUFACTURERAS,S08
44,LA GUAJIRA,2005,42,42000000000,INDUSTRIAS MANUFACTURERAS,S08
44,LA GUAJIRA,2006,43,43000000000,INDUSTRIAS MANUFACTURERAS,S08
44,LA GUAJIRA,2007,46,46000000000,INDUSTRIAS MANUFACTURERAS,S08
44,LA GUAJIRA,2008,51,51000000000,INDUSTRIAS MANUFACTURERAS,S08
44,LA GUAJIRA,2009,61,61000000000,INDUSTRIAS MANUFACTURERAS,S08
44,LA GUAJIRA,2010,56,56000000000,INDUSTRIAS MANUFACTURERAS,S08
44,LA GUAJIRA,2011,54,54000000000,INDUSTRIAS MANUFACTURERAS,S08
44,LA GUAJIRA,2012,56,56000000000,INDUSTRIAS MANUFACTURERAS,S08
44,LA GUAJIRA,2013,58,58000000000,INDUSTRIAS MANUFACTURERAS,S08
44,LA GUAJIRA,2014,54,54000000000,INDUSTRIAS MANUFACTURERAS,S08
44,LA GUAJIRA,2015,53,53000000000,INDUSTRIAS MANUFACTURERAS,S08
44,LA GUAJIRA,2016,61,61000000000,INDUSTRIAS MANUFACTURERAS,S08
44,LA GUAJIRA,2017,58,58000000000,INDUSTRIAS MANUFACTURERAS,S08
44,LA GUAJIRA,2018,60,60000000000,INDUSTRIAS MANUFACTURERAS,S08
44,LA GUAJIRA,2019,62,62000000000,INDUSTRIAS MANUFACTURERAS,S08
44,LA GUAJIRA,2020,61,61000000000,INDUSTRIAS MANUFACTURERAS,S08
44,LA GUAJIRA,2021,78,78000000000,INDUSTRIAS MANUFACTURERAS,S08
44,LA GUAJIRA,2022,97,97000000000,INDUSTRIAS MANUFACTURERAS,S08
44,LA GUAJIRA,2023p,100,1.00E+11,INDUSTRIAS MANUFACTURERAS,S08
44,LA GUAJIRA,2024pr,98,98000000000,INDUSTRIAS MANUFACTURERAS,S08
47,MAGDALENA,1980,3,3000000000,INDUSTRIAS MANUFACTURERAS,S08
47,MAGDALENA,1981,3,3000000000,INDUSTRIAS MANUFACTURERAS,S08
47,MAGDALENA,1982,3,3000000000,INDUSTRIAS MANUFACTURERAS,S08
47,MAGDALENA,1983,4,4000000000,INDUSTRIAS MANUFACTURERAS,S08
47,MAGDALENA,1984,4,4000000000,INDUSTRIAS MANUFACTURERAS,S08
47,MAGDALENA,1985,5,5000000000,INDUSTRIAS MANUFACTURERAS,S08
47,MAGDALENA,1986,7,7000000000,INDUSTRIAS MANUFACTURERAS,S08
47,MAGDALENA,1987,7,7000000000,INDUSTRIAS MANUFACTURERAS,S08
47,MAGDALENA,1988,10,10000000000,INDUSTRIAS MANUFACTURERAS,S08
47,MAGDALENA,1989,12,12000000000,INDUSTRIAS MANUFACTURERAS,S08
47,MAGDALENA,1990,15,15000000000,INDUSTRIAS MANUFACTURERAS,S08
47,MAGDALENA,1991,20,20000000000,INDUSTRIAS MANUFACTURERAS,S08
47,MAGDALENA,1992,22,22000000000,INDUSTRIAS MANUFACTURERAS,S08
47,MAGDALENA,1993,33,33000000000,INDUSTRIAS MANUFACTURERAS,S08
47,MAGDALENA,1994,42,42000000000,INDUSTRIAS MANUFACTURERAS,S08
47,MAGDALENA,1995,61,61000000000,INDUSTRIAS MANUFACTURERAS,S08
47,MAGDALENA,1996,87,87000000000,INDUSTRIAS MANUFACTURERAS,S08
47,MAGDALENA,1997,117,1.17E+11,INDUSTRIAS MANUFACTURERAS,S08
47,MAGDALENA,1998,142,1.42E+11,INDUSTRIAS MANUFACTURERAS,S08
47,MAGDALENA,1999,166,1.66E+11,INDUSTRIAS MANUFACTURERAS,S08
47,MAGDALENA,2000,174,1.74E+11,INDUSTRIAS MANUFACTURERAS,S08
47,MAGDALENA,2001,193,1.93E+11,INDUSTRIAS MANUFACTURERAS,S08
47,MAGDALENA,2002,231,2.31E+11,INDUSTRIAS MANUFACTURERAS,S08
47,MAGDALENA,2003,234,2.34E+11,INDUSTRIAS MANUFACTURERAS,S08
47,MAGDALENA,2004,236,2.36E+11,INDUSTRIAS MANUFACTURERAS,S08
47,MAGDALENA,2005,312,3.12E+11,INDUSTRIAS MANUFACTURERAS,S08
47,MAGDALENA,2006,340,3.40E+11,INDUSTRIAS MANUFACTURERAS,S08
47,MAGDALENA,2007,362,3.62E+11,INDUSTRIAS MANUFACTURERAS,S08
47,MAGDALENA,2008,412,4.12E+11,INDUSTRIAS MANUFACTURERAS,S08
47,MAGDALENA,2009,450,4.50E+11,INDUSTRIAS MANUFACTURERAS,S08
47,MAGDALENA,2010,435,4.35E+11,INDUSTRIAS MANUFACTURERAS,S08
47,MAGDALENA,2011,438,4.38E+11,INDUSTRIAS MANUFACTURERAS,S08
47,MAGDALENA,2012,437,4.37E+11,INDUSTRIAS MANUFACTURERAS,S08
47,MAGDALENA,2013,448,4.48E+11,INDUSTRIAS MANUFACTURERAS,S08
47,MAGDALENA,2014,426,4.26E+11,INDUSTRIAS MANUFACTURERAS,S08
47,MAGDALENA,2015,464,4.64E+11,INDUSTRIAS MANUFACTURERAS,S08
47,MAGDALENA,2016,521,5.21E+11,INDUSTRIAS MANUFACTURERAS,S08
47,MAGDALENA,2017,493,4.93E+11,INDUSTRIAS MANUFACTURERAS,S08
47,MAGDALENA,2018,505,5.05E+11,INDUSTRIAS MANUFACTURERAS,S08
47,MAGDALENA,2019,500,5.00E+11,INDUSTRIAS MANUFACTURERAS,S08
47,MAGDALENA,2020,486,4.86E+11,INDUSTRIAS MANUFACTURERAS,S08
47,MAGDALENA,2021,662,6.62E+11,INDUSTRIAS MANUFACTURERAS,S08
47,MAGDALENA,2022,815,8.15E+11,INDUSTRIAS MANUFACTURERAS,S08
47,MAGDALENA,2023p,783,7.83E+11,INDUSTRIAS MANUFACTURERAS,S08
47,MAGDALENA,2024pr,754,7.54E+11,INDUSTRIAS MANUFACTURERAS,S08
50,META,1980,2,2000000000,INDUSTRIAS MANUFACTURERAS,S08
50,META,1981,3,3000000000,INDUSTRIAS MANUFACTURERAS,S08
50,META,1982,3,3000000000,INDUSTRIAS MANUFACTURERAS,S08
50,META,1983,4,4000000000,INDUSTRIAS MANUFACTURERAS,S08
50,META,1984,6,6000000000,INDUSTRIAS MANUFACTURERAS,S08
50,META,1985,8,8000000000,INDUSTRIAS MANUFACTURERAS,S08
50,META,1986,13,13000000000,INDUSTRIAS MANUFACTURERAS,S08
50,META,1987,14,14000000000,INDUSTRIAS MANUFACTURERAS,S08
50,META,1988,24,24000000000,INDUSTRIAS MANUFACTURERAS,S08
50,META,1989,32,32000000000,INDUSTRIAS MANUFACTURERAS,S08
50,META,1990,34,34000000000,INDUSTRIAS MANUFACTURERAS,S08
50,META,1991,49,49000000000,INDUSTRIAS MANUFACTURERAS,S08
50,META,1992,58,58000000000,INDUSTRIAS MANUFACTURERAS,S08
50,META,1993,69,69000000000,INDUSTRIAS MANUFACTURERAS,S08
50,META,1994,97,97000000000,INDUSTRIAS MANUFACTURERAS,S08
50,META,1995,129,1.29E+11,INDUSTRIAS MANUFACTURERAS,S08
50,META,1996,162,1.62E+11,INDUSTRIAS MANUFACTURERAS,S08
50,META,1997,193,1.93E+11,INDUSTRIAS MANUFACTURERAS,S08
50,META,1998,233,2.33E+11,INDUSTRIAS MANUFACTURERAS,S08
50,META,1999,311,3.11E+11,INDUSTRIAS MANUFACTURERAS,S08
50,META,2000,324,3.24E+11,INDUSTRIAS MANUFACTURERAS,S08
50,META,2001,360,3.60E+11,INDUSTRIAS MANUFACTURERAS,S08
50,META,2002,382,3.82E+11,INDUSTRIAS MANUFACTURERAS,S08
50,META,2003,395,3.95E+11,INDUSTRIAS MANUFACTURERAS,S08
50,META,2004,443,4.43E+11,INDUSTRIAS MANUFACTURERAS,S08
50,META,2005,476,4.76E+11,INDUSTRIAS MANUFACTURERAS,S08
50,META,2006,527,5.27E+11,INDUSTRIAS MANUFACTURERAS,S08
50,META,2007,569,5.69E+11,INDUSTRIAS MANUFACTURERAS,S08
50,META,2008,644,6.44E+11,INDUSTRIAS MANUFACTURERAS,S08
50,META,2009,619,6.19E+11,INDUSTRIAS MANUFACTURERAS,S08
50,META,2010,670,6.70E+11,INDUSTRIAS MANUFACTURERAS,S08
50,META,2011,672,6.72E+11,INDUSTRIAS MANUFACTURERAS,S08
50,META,2012,817,8.17E+11,INDUSTRIAS MANUFACTURERAS,S08
50,META,2013,746,7.46E+11,INDUSTRIAS MANUFACTURERAS,S08
50,META,2014,604,6.04E+11,INDUSTRIAS MANUFACTURERAS,S08
50,META,2015,652,6.52E+11,INDUSTRIAS MANUFACTURERAS,S08
50,META,2016,697,6.97E+11,INDUSTRIAS MANUFACTURERAS,S08
50,META,2017,723,7.23E+11,INDUSTRIAS MANUFACTURERAS,S08
50,META,2018,747,7.47E+11,INDUSTRIAS MANUFACTURERAS,S08
50,META,2019,766,7.66E+11,INDUSTRIAS MANUFACTURERAS,S08
50,META,2020,767,7.67E+11,INDUSTRIAS MANUFACTURERAS,S08
50,META,2021,1029,1.03E+12,INDUSTRIAS MANUFACTURERAS,S08
50,META,2022,1292,1.29E+12,INDUSTRIAS MANUFACTURERAS,S08
50,META,2023p,1396,1.40E+12,INDUSTRIAS MANUFACTURERAS,S08
50,META,2024pr,1376,1.38E+12,INDUSTRIAS MANUFACTURERAS,S08
52,NARINO,1980,2,2000000000,INDUSTRIAS MANUFACTURERAS,S08
52,NARINO,1981,2,2000000000,INDUSTRIAS MANUFACTURERAS,S08
52,NARINO,1982,2,2000000000,INDUSTRIAS MANUFACTURERAS,S08
52,NARINO,1983,2,2000000000,INDUSTRIAS MANUFACTURERAS,S08
52,NARINO,1984,3,3000000000,INDUSTRIAS MANUFACTURERAS,S08
52,NARINO,1985,5,5000000000,INDUSTRIAS MANUFACTURERAS,S08
52,NARINO,1986,7,7000000000,INDUSTRIAS MANUFACTURERAS,S08
52,NARINO,1987,7,7000000000,INDUSTRIAS MANUFACTURERAS,S08
52,NARINO,1988,11,11000000000,INDUSTRIAS MANUFACTURERAS,S08
52,NARINO,1989,13,13000000000,INDUSTRIAS MANUFACTURERAS,S08
52,NARINO,1990,16,16000000000,INDUSTRIAS MANUFACTURERAS,S08
52,NARINO,1991,24,24000000000,INDUSTRIAS MANUFACTURERAS,S08
52,NARINO,1992,30,30000000000,INDUSTRIAS MANUFACTURERAS,S08
52,NARINO,1993,47,47000000000,INDUSTRIAS MANUFACTURERAS,S08
52,NARINO,1994,52,52000000000,INDUSTRIAS MANUFACTURERAS,S08
52,NARINO,1995,66,66000000000,INDUSTRIAS MANUFACTURERAS,S08
52,NARINO,1996,88,88000000000,INDUSTRIAS MANUFACTURERAS,S08
52,NARINO,1997,106,1.06E+11,INDUSTRIAS MANUFACTURERAS,S08
52,NARINO,1998,130,1.30E+11,INDUSTRIAS MANUFACTURERAS,S08
52,NARINO,1999,169,1.69E+11,INDUSTRIAS MANUFACTURERAS,S08
52,NARINO,2000,212,2.12E+11,INDUSTRIAS MANUFACTURERAS,S08
52,NARINO,2001,209,2.09E+11,INDUSTRIAS MANUFACTURERAS,S08
52,NARINO,2002,222,2.22E+11,INDUSTRIAS MANUFACTURERAS,S08
52,NARINO,2003,262,2.62E+11,INDUSTRIAS MANUFACTURERAS,S08
52,NARINO,2004,342,3.42E+11,INDUSTRIAS MANUFACTURERAS,S08
52,NARINO,2005,359,3.59E+11,INDUSTRIAS MANUFACTURERAS,S08
52,NARINO,2006,403,4.03E+11,INDUSTRIAS MANUFACTURERAS,S08
52,NARINO,2007,442,4.42E+11,INDUSTRIAS MANUFACTURERAS,S08
52,NARINO,2008,404,4.04E+11,INDUSTRIAS MANUFACTURERAS,S08
52,NARINO,2009,385,3.85E+11,INDUSTRIAS MANUFACTURERAS,S08
52,NARINO,2010,366,3.66E+11,INDUSTRIAS MANUFACTURERAS,S08
52,NARINO,2011,382,3.82E+11,INDUSTRIAS MANUFACTURERAS,S08
52,NARINO,2012,394,3.94E+11,INDUSTRIAS MANUFACTURERAS,S08
52,NARINO,2013,401,4.01E+11,INDUSTRIAS MANUFACTURERAS,S08
52,NARINO,2014,336,3.36E+11,INDUSTRIAS MANUFACTURERAS,S08
52,NARINO,2015,355,3.55E+11,INDUSTRIAS MANUFACTURERAS,S08
52,NARINO,2016,369,3.69E+11,INDUSTRIAS MANUFACTURERAS,S08
52,NARINO,2017,365,3.65E+11,INDUSTRIAS MANUFACTURERAS,S08
52,NARINO,2018,376,3.76E+11,INDUSTRIAS MANUFACTURERAS,S08
52,NARINO,2019,386,3.86E+11,INDUSTRIAS MANUFACTURERAS,S08
52,NARINO,2020,359,3.59E+11,INDUSTRIAS MANUFACTURERAS,S08
52,NARINO,2021,423,4.23E+11,INDUSTRIAS MANUFACTURERAS,S08
52,NARINO,2022,506,5.06E+11,INDUSTRIAS MANUFACTURERAS,S08
52,NARINO,2023p,507,5.07E+11,INDUSTRIAS MANUFACTURERAS,S08
52,NARINO,2024pr,517,5.17E+11,INDUSTRIAS MANUFACTURERAS,S08
54,NORTE DE SANTANDER,1980,5,5000000000,INDUSTRIAS MANUFACTURERAS,S08
54,NORTE DE SANTANDER,1981,6,6000000000,INDUSTRIAS MANUFACTURERAS,S08
54,NORTE DE SANTANDER,1982,6,6000000000,INDUSTRIAS MANUFACTURERAS,S08
54,NORTE DE SANTANDER,1983,6,6000000000,INDUSTRIAS MANUFACTURERAS,S08
54,NORTE DE SANTANDER,1984,7,7000000000,INDUSTRIAS MANUFACTURERAS,S08
54,NORTE DE SANTANDER,1985,9,9000000000,INDUSTRIAS MANUFACTURERAS,S08
54,NORTE DE SANTANDER,1986,13,13000000000,INDUSTRIAS MANUFACTURERAS,S08
54,NORTE DE SANTANDER,1987,13,13000000000,INDUSTRIAS MANUFACTURERAS,S08
54,NORTE DE SANTANDER,1988,21,21000000000,INDUSTRIAS MANUFACTURERAS,S08
54,NORTE DE SANTANDER,1989,28,28000000000,INDUSTRIAS MANUFACTURERAS,S08
54,NORTE DE SANTANDER,1990,32,32000000000,INDUSTRIAS MANUFACTURERAS,S08
54,NORTE DE SANTANDER,1991,44,44000000000,INDUSTRIAS MANUFACTURERAS,S08
54,NORTE DE SANTANDER,1992,52,52000000000,INDUSTRIAS MANUFACTURERAS,S08
54,NORTE DE SANTANDER,1993,74,74000000000,INDUSTRIAS MANUFACTURERAS,S08
54,NORTE DE SANTANDER,1994,77,77000000000,INDUSTRIAS MANUFACTURERAS,S08
54,NORTE DE SANTANDER,1995,93,93000000000,INDUSTRIAS MANUFACTURERAS,S08
54,NORTE DE SANTANDER,1996,124,1.24E+11,INDUSTRIAS MANUFACTURERAS,S08
54,NORTE DE SANTANDER,1997,166,1.66E+11,INDUSTRIAS MANUFACTURERAS,S08
54,NORTE DE SANTANDER,1998,203,2.03E+11,INDUSTRIAS MANUFACTURERAS,S08
54,NORTE DE SANTANDER,1999,246,2.46E+11,INDUSTRIAS MANUFACTURERAS,S08
54,NORTE DE SANTANDER,2000,293,2.93E+11,INDUSTRIAS MANUFACTURERAS,S08
54,NORTE DE SANTANDER,2001,304,3.04E+11,INDUSTRIAS MANUFACTURERAS,S08
54,NORTE DE SANTANDER,2002,320,3.20E+11,INDUSTRIAS MANUFACTURERAS,S08
54,NORTE DE SANTANDER,2003,331,3.31E+11,INDUSTRIAS MANUFACTURERAS,S08
54,NORTE DE SANTANDER,2004,387,3.87E+11,INDUSTRIAS MANUFACTURERAS,S08
54,NORTE DE SANTANDER,2005,454,4.54E+11,INDUSTRIAS MANUFACTURERAS,S08
54,NORTE DE SANTANDER,2006,505,5.05E+11,INDUSTRIAS MANUFACTURERAS,S08
54,NORTE DE SANTANDER,2007,643,6.43E+11,INDUSTRIAS MANUFACTURERAS,S08
54,NORTE DE SANTANDER,2008,744,7.44E+11,INDUSTRIAS MANUFACTURERAS,S08
54,NORTE DE SANTANDER,2009,697,6.97E+11,INDUSTRIAS MANUFACTURERAS,S08
54,NORTE DE SANTANDER,2010,685,6.85E+11,INDUSTRIAS MANUFACTURERAS,S08
54,NORTE DE SANTANDER,2011,741,7.41E+11,INDUSTRIAS MANUFACTURERAS,S08
54,NORTE DE SANTANDER,2012,801,8.01E+11,INDUSTRIAS MANUFACTURERAS,S08
54,NORTE DE SANTANDER,2013,826,8.26E+11,INDUSTRIAS MANUFACTURERAS,S08
54,NORTE DE SANTANDER,2014,827,8.27E+11,INDUSTRIAS MANUFACTURERAS,S08
54,NORTE DE SANTANDER,2015,860,8.60E+11,INDUSTRIAS MANUFACTURERAS,S08
54,NORTE DE SANTANDER,2016,884,8.84E+11,INDUSTRIAS MANUFACTURERAS,S08
54,NORTE DE SANTANDER,2017,831,8.31E+11,INDUSTRIAS MANUFACTURERAS,S08
54,NORTE DE SANTANDER,2018,855,8.55E+11,INDUSTRIAS MANUFACTURERAS,S08
54,NORTE DE SANTANDER,2019,885,8.85E+11,INDUSTRIAS MANUFACTURERAS,S08
54,NORTE DE SANTANDER,2020,803,8.03E+11,INDUSTRIAS MANUFACTURERAS,S08
54,NORTE DE SANTANDER,2021,1006,1.01E+12,INDUSTRIAS MANUFACTURERAS,S08
54,NORTE DE SANTANDER,2022,1215,1.22E+12,INDUSTRIAS MANUFACTURERAS,S08
54,NORTE DE SANTANDER,2023p,1263,1.26E+12,INDUSTRIAS MANUFACTURERAS,S08
54,NORTE DE SANTANDER,2024pr,1213,1.21E+12,INDUSTRIAS MANUFACTURERAS,S08
63,QUNDIO,1980,14,14000000000,INDUSTRIAS MANUFACTURERAS,S08
63,QUNDIO,1981,8,8000000000,INDUSTRIAS MANUFACTURERAS,S08
63,QUNDIO,1982,11,11000000000,INDUSTRIAS MANUFACTURERAS,S08
63,QUNDIO,1983,8,8000000000,INDUSTRIAS MANUFACTURERAS,S08
63,QUNDIO,1984,11,11000000000,INDUSTRIAS MANUFACTURERAS,S08
63,QUNDIO,1985,14,14000000000,INDUSTRIAS MANUFACTURERAS,S08
63,QUNDIO,1986,20,20000000000,INDUSTRIAS MANUFACTURERAS,S08
63,QUNDIO,1987,17,17000000000,INDUSTRIAS MANUFACTURERAS,S08
63,QUNDIO,1988,22,22000000000,INDUSTRIAS MANUFACTURERAS,S08
63,QUNDIO,1989,19,19000000000,INDUSTRIAS MANUFACTURERAS,S08
63,QUNDIO,1990,20,20000000000,INDUSTRIAS MANUFACTURERAS,S08
63,QUNDIO,1991,32,32000000000,INDUSTRIAS MANUFACTURERAS,S08
63,QUNDIO,1992,35,35000000000,INDUSTRIAS MANUFACTURERAS,S08
63,QUNDIO,1993,51,51000000000,INDUSTRIAS MANUFACTURERAS,S08
63,QUNDIO,1994,42,42000000000,INDUSTRIAS MANUFACTURERAS,S08
63,QUNDIO,1995,56,56000000000,INDUSTRIAS MANUFACTURERAS,S08
63,QUNDIO,1996,62,62000000000,INDUSTRIAS MANUFACTURERAS,S08
63,QUNDIO,1997,76,76000000000,INDUSTRIAS MANUFACTURERAS,S08
63,QUNDIO,1998,95,95000000000,INDUSTRIAS MANUFACTURERAS,S08
63,QUNDIO,1999,110,1.10E+11,INDUSTRIAS MANUFACTURERAS,S08
63,QUNDIO,2000,138,1.38E+11,INDUSTRIAS MANUFACTURERAS,S08
63,QUNDIO,2001,128,1.28E+11,INDUSTRIAS MANUFACTURERAS,S08
63,QUNDIO,2002,122,1.22E+11,INDUSTRIAS MANUFACTURERAS,S08
63,QUNDIO,2003,153,1.53E+11,INDUSTRIAS MANUFACTURERAS,S08
63,QUNDIO,2004,173,1.73E+11,INDUSTRIAS MANUFACTURERAS,S08
63,QUNDIO,2005,219,2.19E+11,INDUSTRIAS MANUFACTURERAS,S08
63,QUNDIO,2006,294,2.94E+11,INDUSTRIAS MANUFACTURERAS,S08
63,QUNDIO,2007,294,2.94E+11,INDUSTRIAS MANUFACTURERAS,S08
63,QUNDIO,2008,268,2.68E+11,INDUSTRIAS MANUFACTURERAS,S08
63,QUNDIO,2009,255,2.55E+11,INDUSTRIAS MANUFACTURERAS,S08
63,QUNDIO,2010,273,2.73E+11,INDUSTRIAS MANUFACTURERAS,S08
63,QUNDIO,2011,297,2.97E+11,INDUSTRIAS MANUFACTURERAS,S08
63,QUNDIO,2012,311,3.11E+11,INDUSTRIAS MANUFACTURERAS,S08
63,QUNDIO,2013,317,3.17E+11,INDUSTRIAS MANUFACTURERAS,S08
63,QUNDIO,2014,309,3.09E+11,INDUSTRIAS MANUFACTURERAS,S08
63,QUNDIO,2015,336,3.36E+11,INDUSTRIAS MANUFACTURERAS,S08
63,QUNDIO,2016,360,3.60E+11,INDUSTRIAS MANUFACTURERAS,S08
63,QUNDIO,2017,348,3.48E+11,INDUSTRIAS MANUFACTURERAS,S08
63,QUNDIO,2018,362,3.62E+11,INDUSTRIAS MANUFACTURERAS,S08
63,QUNDIO,2019,370,3.70E+11,INDUSTRIAS MANUFACTURERAS,S08
63,QUNDIO,2020,346,3.46E+11,INDUSTRIAS MANUFACTURERAS,S08
63,QUNDIO,2021,439,4.39E+11,INDUSTRIAS MANUFACTURERAS,S08
63,QUNDIO,2022,521,5.21E+11,INDUSTRIAS MANUFACTURERAS,S08
63,QUNDIO,2023p,552,5.52E+11,INDUSTRIAS MANUFACTURERAS,S08
63,QUNDIO,2024pr,560,5.60E+11,INDUSTRIAS MANUFACTURERAS,S08
66,RISARALDA,1980,9,9000000000,INDUSTRIAS MANUFACTURERAS,S08
66,RISARALDA,1981,9,9000000000,INDUSTRIAS MANUFACTURERAS,S08
66,RISARALDA,1982,11,11000000000,INDUSTRIAS MANUFACTURERAS,S08
66,RISARALDA,1983,14,14000000000,INDUSTRIAS MANUFACTURERAS,S08
66,RISARALDA,1984,17,17000000000,INDUSTRIAS MANUFACTURERAS,S08
66,RISARALDA,1985,24,24000000000,INDUSTRIAS MANUFACTURERAS,S08
66,RISARALDA,1986,38,38000000000,INDUSTRIAS MANUFACTURERAS,S08
66,RISARALDA,1987,35,35000000000,INDUSTRIAS MANUFACTURERAS,S08
66,RISARALDA,1988,51,51000000000,INDUSTRIAS MANUFACTURERAS,S08
66,RISARALDA,1989,62,62000000000,INDUSTRIAS MANUFACTURERAS,S08
66,RISARALDA,1990,82,82000000000,INDUSTRIAS MANUFACTURERAS,S08
66,RISARALDA,1991,110,1.10E+11,INDUSTRIAS MANUFACTURERAS,S08
66,RISARALDA,1992,127,1.27E+11,INDUSTRIAS MANUFACTURERAS,S08
66,RISARALDA,1993,185,1.85E+11,INDUSTRIAS MANUFACTURERAS,S08
66,RISARALDA,1994,193,1.93E+11,INDUSTRIAS MANUFACTURERAS,S08
66,RISARALDA,1995,242,2.42E+11,INDUSTRIAS MANUFACTURERAS,S08
66,RISARALDA,1996,322,3.22E+11,INDUSTRIAS MANUFACTURERAS,S08
66,RISARALDA,1997,359,3.59E+11,INDUSTRIAS MANUFACTURERAS,S08
66,RISARALDA,1998,455,4.55E+11,INDUSTRIAS MANUFACTURERAS,S08
66,RISARALDA,1999,529,5.29E+11,INDUSTRIAS MANUFACTURERAS,S08
66,RISARALDA,2000,610,6.10E+11,INDUSTRIAS MANUFACTURERAS,S08
66,RISARALDA,2001,663,6.63E+11,INDUSTRIAS MANUFACTURERAS,S08
66,RISARALDA,2002,551,5.51E+11,INDUSTRIAS MANUFACTURERAS,S08
66,RISARALDA,2003,634,6.34E+11,INDUSTRIAS MANUFACTURERAS,S08
66,RISARALDA,2004,770,7.70E+11,INDUSTRIAS MANUFACTURERAS,S08
66,RISARALDA,2005,850,8.50E+11,INDUSTRIAS MANUFACTURERAS,S08
66,RISARALDA,2006,938,9.38E+11,INDUSTRIAS MANUFACTURERAS,S08
66,RISARALDA,2007,940,9.40E+11,INDUSTRIAS MANUFACTURERAS,S08
66,RISARALDA,2008,1055,1.06E+12,INDUSTRIAS MANUFACTURERAS,S08
66,RISARALDA,2009,1194,1.19E+12,INDUSTRIAS MANUFACTURERAS,S08
66,RISARALDA,2010,1231,1.23E+12,INDUSTRIAS MANUFACTURERAS,S08
66,RISARALDA,2011,1237,1.24E+12,INDUSTRIAS MANUFACTURERAS,S08
66,RISARALDA,2012,1337,1.34E+12,INDUSTRIAS MANUFACTURERAS,S08
66,RISARALDA,2013,1442,1.44E+12,INDUSTRIAS MANUFACTURERAS,S08
66,RISARALDA,2014,1611,1.61E+12,INDUSTRIAS MANUFACTURERAS,S08
66,RISARALDA,2015,1723,1.72E+12,INDUSTRIAS MANUFACTURERAS,S08
66,RISARALDA,2016,1860,1.86E+12,INDUSTRIAS MANUFACTURERAS,S08
66,RISARALDA,2017,1884,1.88E+12,INDUSTRIAS MANUFACTURERAS,S08
66,RISARALDA,2018,1953,1.95E+12,INDUSTRIAS MANUFACTURERAS,S08
66,RISARALDA,2019,2029,2.03E+12,INDUSTRIAS MANUFACTURERAS,S08
66,RISARALDA,2020,1981,1.98E+12,INDUSTRIAS MANUFACTURERAS,S08
66,RISARALDA,2021,2448,2.45E+12,INDUSTRIAS MANUFACTURERAS,S08
66,RISARALDA,2022,3078,3.08E+12,INDUSTRIAS MANUFACTURERAS,S08
66,RISARALDA,2023p,3261,3.26E+12,INDUSTRIAS MANUFACTURERAS,S08
66,RISARALDA,2024pr,3283,3.28E+12,INDUSTRIAS MANUFACTURERAS,S08
68,SANTANDER,1980,9,9000000000,INDUSTRIAS MANUFACTURERAS,S08
68,SANTANDER,1981,11,11000000000,INDUSTRIAS MANUFACTURERAS,S08
68,SANTANDER,1982,15,15000000000,INDUSTRIAS MANUFACTURERAS,S08
68,SANTANDER,1983,17,17000000000,INDUSTRIAS MANUFACTURERAS,S08
68,SANTANDER,1984,23,23000000000,INDUSTRIAS MANUFACTURERAS,S08
68,SANTANDER,1985,28,28000000000,INDUSTRIAS MANUFACTURERAS,S08
68,SANTANDER,1986,46,46000000000,INDUSTRIAS MANUFACTURERAS,S08
68,SANTANDER,1987,59,59000000000,INDUSTRIAS MANUFACTURERAS,S08
68,SANTANDER,1988,73,73000000000,INDUSTRIAS MANUFACTURERAS,S08
68,SANTANDER,1989,94,94000000000,INDUSTRIAS MANUFACTURERAS,S08
68,SANTANDER,1990,121,1.21E+11,INDUSTRIAS MANUFACTURERAS,S08
68,SANTANDER,1991,159,1.59E+11,INDUSTRIAS MANUFACTURERAS,S08
68,SANTANDER,1992,192,1.92E+11,INDUSTRIAS MANUFACTURERAS,S08
68,SANTANDER,1993,253,2.53E+11,INDUSTRIAS MANUFACTURERAS,S08
68,SANTANDER,1994,334,3.34E+11,INDUSTRIAS MANUFACTURERAS,S08
68,SANTANDER,1995,440,4.40E+11,INDUSTRIAS MANUFACTURERAS,S08
68,SANTANDER,1996,539,5.39E+11,INDUSTRIAS MANUFACTURERAS,S08
68,SANTANDER,1997,604,6.04E+11,INDUSTRIAS MANUFACTURERAS,S08
68,SANTANDER,1998,728,7.28E+11,INDUSTRIAS MANUFACTURERAS,S08
68,SANTANDER,1999,885,8.85E+11,INDUSTRIAS MANUFACTURERAS,S08
68,SANTANDER,2000,1206,1.21E+12,INDUSTRIAS MANUFACTURERAS,S08
68,SANTANDER,2001,1437,1.44E+12,INDUSTRIAS MANUFACTURERAS,S08
68,SANTANDER,2002,1609,1.61E+12,INDUSTRIAS MANUFACTURERAS,S08
68,SANTANDER,2003,1967,1.97E+12,INDUSTRIAS MANUFACTURERAS,S08
68,SANTANDER,2004,2534,2.53E+12,INDUSTRIAS MANUFACTURERAS,S08
68,SANTANDER,2005,3436,3.44E+12,INDUSTRIAS MANUFACTURERAS,S08
68,SANTANDER,2006,4127,4.13E+12,INDUSTRIAS MANUFACTURERAS,S08
68,SANTANDER,2007,4853,4.85E+12,INDUSTRIAS MANUFACTURERAS,S08
68,SANTANDER,2008,5455,5.46E+12,INDUSTRIAS MANUFACTURERAS,S08
68,SANTANDER,2009,4645,4.65E+12,INDUSTRIAS MANUFACTURERAS,S08
68,SANTANDER,2010,5583,5.58E+12,INDUSTRIAS MANUFACTURERAS,S08
68,SANTANDER,2011,6559,6.56E+12,INDUSTRIAS MANUFACTURERAS,S08
68,SANTANDER,2012,6794,6.79E+12,INDUSTRIAS MANUFACTURERAS,S08
68,SANTANDER,2013,6756,6.76E+12,INDUSTRIAS MANUFACTURERAS,S08
68,SANTANDER,2014,8109,8.11E+12,INDUSTRIAS MANUFACTURERAS,S08
68,SANTANDER,2015,8327,8.33E+12,INDUSTRIAS MANUFACTURERAS,S08
68,SANTANDER,2016,8807,8.81E+12,INDUSTRIAS MANUFACTURERAS,S08
68,SANTANDER,2017,10130,1.01E+13,INDUSTRIAS MANUFACTURERAS,S08
68,SANTANDER,2018,11759,1.18E+13,INDUSTRIAS MANUFACTURERAS,S08
68,SANTANDER,2019,12919,1.29E+13,INDUSTRIAS MANUFACTURERAS,S08
68,SANTANDER,2020,9838,9.84E+12,INDUSTRIAS MANUFACTURERAS,S08
68,SANTANDER,2021,13978,1.40E+13,INDUSTRIAS MANUFACTURERAS,S08
68,SANTANDER,2022,17615,1.76E+13,INDUSTRIAS MANUFACTURERAS,S08
68,SANTANDER,2023p,19497,1.95E+13,INDUSTRIAS MANUFACTURERAS,S08
68,SANTANDER,2024pr,19756,1.98E+13,INDUSTRIAS MANUFACTURERAS,S08
70,SUCRE,1980,2,2000000000,INDUSTRIAS MANUFACTURERAS,S08
70,SUCRE,1981,3,3000000000,INDUSTRIAS MANUFACTURERAS,S08
70,SUCRE,1982,3,3000000000,INDUSTRIAS MANUFACTURERAS,S08
70,SUCRE,1983,4,4000000000,INDUSTRIAS MANUFACTURERAS,S08
70,SUCRE,1984,4,4000000000,INDUSTRIAS MANUFACTURERAS,S08
70,SUCRE,1985,6,6000000000,INDUSTRIAS MANUFACTURERAS,S08
70,SUCRE,1986,8,8000000000,INDUSTRIAS MANUFACTURERAS,S08
70,SUCRE,1987,9,9000000000,INDUSTRIAS MANUFACTURERAS,S08
70,SUCRE,1988,12,12000000000,INDUSTRIAS MANUFACTURERAS,S08
70,SUCRE,1989,16,16000000000,INDUSTRIAS MANUFACTURERAS,S08
70,SUCRE,1990,21,21000000000,INDUSTRIAS MANUFACTURERAS,S08
70,SUCRE,1991,29,29000000000,INDUSTRIAS MANUFACTURERAS,S08
70,SUCRE,1992,35,35000000000,INDUSTRIAS MANUFACTURERAS,S08
70,SUCRE,1993,45,45000000000,INDUSTRIAS MANUFACTURERAS,S08
70,SUCRE,1994,61,61000000000,INDUSTRIAS MANUFACTURERAS,S08
70,SUCRE,1995,71,71000000000,INDUSTRIAS MANUFACTURERAS,S08
70,SUCRE,1996,92,92000000000,INDUSTRIAS MANUFACTURERAS,S08
70,SUCRE,1997,102,1.02E+11,INDUSTRIAS MANUFACTURERAS,S08
70,SUCRE,1998,115,1.15E+11,INDUSTRIAS MANUFACTURERAS,S08
70,SUCRE,1999,126,1.26E+11,INDUSTRIAS MANUFACTURERAS,S08
70,SUCRE,2000,156,1.56E+11,INDUSTRIAS MANUFACTURERAS,S08
70,SUCRE,2001,175,1.75E+11,INDUSTRIAS MANUFACTURERAS,S08
70,SUCRE,2002,202,2.02E+11,INDUSTRIAS MANUFACTURERAS,S08
70,SUCRE,2003,215,2.15E+11,INDUSTRIAS MANUFACTURERAS,S08
70,SUCRE,2004,221,2.21E+11,INDUSTRIAS MANUFACTURERAS,S08
70,SUCRE,2005,252,2.52E+11,INDUSTRIAS MANUFACTURERAS,S08
70,SUCRE,2006,317,3.17E+11,INDUSTRIAS MANUFACTURERAS,S08
70,SUCRE,2007,338,3.38E+11,INDUSTRIAS MANUFACTURERAS,S08
70,SUCRE,2008,398,3.98E+11,INDUSTRIAS MANUFACTURERAS,S08
70,SUCRE,2009,405,4.05E+11,INDUSTRIAS MANUFACTURERAS,S08
70,SUCRE,2010,394,3.94E+11,INDUSTRIAS MANUFACTURERAS,S08
70,SUCRE,2011,425,4.25E+11,INDUSTRIAS MANUFACTURERAS,S08
70,SUCRE,2012,452,4.52E+11,INDUSTRIAS MANUFACTURERAS,S08
70,SUCRE,2013,491,4.91E+11,INDUSTRIAS MANUFACTURERAS,S08
70,SUCRE,2014,492,4.92E+11,INDUSTRIAS MANUFACTURERAS,S08
70,SUCRE,2015,619,6.19E+11,INDUSTRIAS MANUFACTURERAS,S08
70,SUCRE,2016,610,6.10E+11,INDUSTRIAS MANUFACTURERAS,S08
70,SUCRE,2017,557,5.57E+11,INDUSTRIAS MANUFACTURERAS,S08
70,SUCRE,2018,555,5.55E+11,INDUSTRIAS MANUFACTURERAS,S08
70,SUCRE,2019,562,5.62E+11,INDUSTRIAS MANUFACTURERAS,S08
70,SUCRE,2020,536,5.36E+11,INDUSTRIAS MANUFACTURERAS,S08
70,SUCRE,2021,634,6.34E+11,INDUSTRIAS MANUFACTURERAS,S08
70,SUCRE,2022,756,7.56E+11,INDUSTRIAS MANUFACTURERAS,S08
70,SUCRE,2023p,819,8.19E+11,INDUSTRIAS MANUFACTURERAS,S08
70,SUCRE,2024pr,805,8.05E+11,INDUSTRIAS MANUFACTURERAS,S08
73,TOLIMA,1980,8,8000000000,INDUSTRIAS MANUFACTURERAS,S08
73,TOLIMA,1981,10,10000000000,INDUSTRIAS MANUFACTURERAS,S08
73,TOLIMA,1982,11,11000000000,INDUSTRIAS MANUFACTURERAS,S08
73,TOLIMA,1983,11,11000000000,INDUSTRIAS MANUFACTURERAS,S08
73,TOLIMA,1984,17,17000000000,INDUSTRIAS MANUFACTURERAS,S08
73,TOLIMA,1985,24,24000000000,INDUSTRIAS MANUFACTURERAS,S08
73,TOLIMA,1986,39,39000000000,INDUSTRIAS MANUFACTURERAS,S08
73,TOLIMA,1987,39,39000000000,INDUSTRIAS MANUFACTURERAS,S08
73,TOLIMA,1988,59,59000000000,INDUSTRIAS MANUFACTURERAS,S08
73,TOLIMA,1989,73,73000000000,INDUSTRIAS MANUFACTURERAS,S08
73,TOLIMA,1990,85,85000000000,INDUSTRIAS MANUFACTURERAS,S08
73,TOLIMA,1991,118,1.18E+11,INDUSTRIAS MANUFACTURERAS,S08
73,TOLIMA,1992,141,1.41E+11,INDUSTRIAS MANUFACTURERAS,S08
73,TOLIMA,1993,187,1.87E+11,INDUSTRIAS MANUFACTURERAS,S08
73,TOLIMA,1994,211,2.11E+11,INDUSTRIAS MANUFACTURERAS,S08
73,TOLIMA,1995,273,2.73E+11,INDUSTRIAS MANUFACTURERAS,S08
73,TOLIMA,1996,331,3.31E+11,INDUSTRIAS MANUFACTURERAS,S08
73,TOLIMA,1997,465,4.65E+11,INDUSTRIAS MANUFACTURERAS,S08
73,TOLIMA,1998,513,5.13E+11,INDUSTRIAS MANUFACTURERAS,S08
73,TOLIMA,1999,525,5.25E+11,INDUSTRIAS MANUFACTURERAS,S08
73,TOLIMA,2000,650,6.50E+11,INDUSTRIAS MANUFACTURERAS,S08
73,TOLIMA,2001,787,7.87E+11,INDUSTRIAS MANUFACTURERAS,S08
73,TOLIMA,2002,823,8.23E+11,INDUSTRIAS MANUFACTURERAS,S08
73,TOLIMA,2003,772,7.72E+11,INDUSTRIAS MANUFACTURERAS,S08
73,TOLIMA,2004,808,8.08E+11,INDUSTRIAS MANUFACTURERAS,S08
73,TOLIMA,2005,800,8.00E+11,INDUSTRIAS MANUFACTURERAS,S08
73,TOLIMA,2006,835,8.35E+11,INDUSTRIAS MANUFACTURERAS,S08
73,TOLIMA,2007,1089,1.09E+12,INDUSTRIAS MANUFACTURERAS,S08
73,TOLIMA,2008,1241,1.24E+12,INDUSTRIAS MANUFACTURERAS,S08
73,TOLIMA,2009,1237,1.24E+12,INDUSTRIAS MANUFACTURERAS,S08
73,TOLIMA,2010,1068,1.07E+12,INDUSTRIAS MANUFACTURERAS,S08
73,TOLIMA,2011,1215,1.22E+12,INDUSTRIAS MANUFACTURERAS,S08
73,TOLIMA,2012,1352,1.35E+12,INDUSTRIAS MANUFACTURERAS,S08
73,TOLIMA,2013,1460,1.46E+12,INDUSTRIAS MANUFACTURERAS,S08
73,TOLIMA,2014,1829,1.83E+12,INDUSTRIAS MANUFACTURERAS,S08
73,TOLIMA,2015,1897,1.90E+12,INDUSTRIAS MANUFACTURERAS,S08
73,TOLIMA,2016,2063,2.06E+12,INDUSTRIAS MANUFACTURERAS,S08
73,TOLIMA,2017,1897,1.90E+12,INDUSTRIAS MANUFACTURERAS,S08
73,TOLIMA,2018,1952,1.95E+12,INDUSTRIAS MANUFACTURERAS,S08
73,TOLIMA,2019,2020,2.02E+12,INDUSTRIAS MANUFACTURERAS,S08
73,TOLIMA,2020,1868,1.87E+12,INDUSTRIAS MANUFACTURERAS,S08
73,TOLIMA,2021,2120,2.12E+12,INDUSTRIAS MANUFACTURERAS,S08
73,TOLIMA,2022,2558,2.56E+12,INDUSTRIAS MANUFACTURERAS,S08
73,TOLIMA,2023p,2732,2.73E+12,INDUSTRIAS MANUFACTURERAS,S08
73,TOLIMA,2024pr,2719,2.72E+12,INDUSTRIAS MANUFACTURERAS,S08
76,VALLE DEL CAUCA,1980,81,81000000000,INDUSTRIAS MANUFACTURERAS,S08
76,VALLE DEL CAUCA,1981,86,86000000000,INDUSTRIAS MANUFACTURERAS,S08
76,VALLE DEL CAUCA,1982,112,1.12E+11,INDUSTRIAS MANUFACTURERAS,S08
76,VALLE DEL CAUCA,1983,133,1.33E+11,INDUSTRIAS MANUFACTURERAS,S08
76,VALLE DEL CAUCA,1984,176,1.76E+11,INDUSTRIAS MANUFACTURERAS,S08
76,VALLE DEL CAUCA,1985,224,2.24E+11,INDUSTRIAS MANUFACTURERAS,S08
76,VALLE DEL CAUCA,1986,316,3.16E+11,INDUSTRIAS MANUFACTURERAS,S08
76,VALLE DEL CAUCA,1987,345,3.45E+11,INDUSTRIAS MANUFACTURERAS,S08
76,VALLE DEL CAUCA,1988,480,4.80E+11,INDUSTRIAS MANUFACTURERAS,S08
76,VALLE DEL CAUCA,1989,578,5.78E+11,INDUSTRIAS MANUFACTURERAS,S08
76,VALLE DEL CAUCA,1990,706,7.06E+11,INDUSTRIAS MANUFACTURERAS,S08
76,VALLE DEL CAUCA,1991,942,9.42E+11,INDUSTRIAS MANUFACTURERAS,S08
76,VALLE DEL CAUCA,1992,1133,1.13E+12,INDUSTRIAS MANUFACTURERAS,S08
76,VALLE DEL CAUCA,1993,1377,1.38E+12,INDUSTRIAS MANUFACTURERAS,S08
76,VALLE DEL CAUCA,1994,1872,1.87E+12,INDUSTRIAS MANUFACTURERAS,S08
76,VALLE DEL CAUCA,1995,2342,2.34E+12,INDUSTRIAS MANUFACTURERAS,S08
76,VALLE DEL CAUCA,1996,2645,2.65E+12,INDUSTRIAS MANUFACTURERAS,S08
76,VALLE DEL CAUCA,1997,2970,2.97E+12,INDUSTRIAS MANUFACTURERAS,S08
76,VALLE DEL CAUCA,1998,3496,3.50E+12,INDUSTRIAS MANUFACTURERAS,S08
76,VALLE DEL CAUCA,1999,3976,3.98E+12,INDUSTRIAS MANUFACTURERAS,S08
76,VALLE DEL CAUCA,2000,4798,4.80E+12,INDUSTRIAS MANUFACTURERAS,S08
76,VALLE DEL CAUCA,2001,5387,5.39E+12,INDUSTRIAS MANUFACTURERAS,S08
76,VALLE DEL CAUCA,2002,5827,5.83E+12,INDUSTRIAS MANUFACTURERAS,S08
76,VALLE DEL CAUCA,2003,6546,6.55E+12,INDUSTRIAS MANUFACTURERAS,S08
76,VALLE DEL CAUCA,2004,7213,7.21E+12,INDUSTRIAS MANUFACTURERAS,S08
76,VALLE DEL CAUCA,2005,7258,7.26E+12,INDUSTRIAS MANUFACTURERAS,S08
76,VALLE DEL CAUCA,2006,8381,8.38E+12,INDUSTRIAS MANUFACTURERAS,S08
76,VALLE DEL CAUCA,2007,9609,9.61E+12,INDUSTRIAS MANUFACTURERAS,S08
76,VALLE DEL CAUCA,2008,10504,1.05E+13,INDUSTRIAS MANUFACTURERAS,S08
76,VALLE DEL CAUCA,2009,10988,1.10E+13,INDUSTRIAS MANUFACTURERAS,S08
76,VALLE DEL CAUCA,2010,11197,1.12E+13,INDUSTRIAS MANUFACTURERAS,S08
76,VALLE DEL CAUCA,2011,11431,1.14E+13,INDUSTRIAS MANUFACTURERAS,S08
76,VALLE DEL CAUCA,2012,12247,1.22E+13,INDUSTRIAS MANUFACTURERAS,S08
76,VALLE DEL CAUCA,2013,12497,1.25E+13,INDUSTRIAS MANUFACTURERAS,S08
76,VALLE DEL CAUCA,2014,12559,1.26E+13,INDUSTRIAS MANUFACTURERAS,S08
76,VALLE DEL CAUCA,2015,13729,1.37E+13,INDUSTRIAS MANUFACTURERAS,S08
76,VALLE DEL CAUCA,2016,14791,1.48E+13,INDUSTRIAS MANUFACTURERAS,S08
76,VALLE DEL CAUCA,2017,14446,1.44E+13,INDUSTRIAS MANUFACTURERAS,S08
76,VALLE DEL CAUCA,2018,14900,1.49E+13,INDUSTRIAS MANUFACTURERAS,S08
76,VALLE DEL CAUCA,2019,15443,1.54E+13,INDUSTRIAS MANUFACTURERAS,S08
76,VALLE DEL CAUCA,2020,15603,1.56E+13,INDUSTRIAS MANUFACTURERAS,S08
76,VALLE DEL CAUCA,2021,18038,1.80E+13,INDUSTRIAS MANUFACTURERAS,S08
76,VALLE DEL CAUCA,2022,22237,2.22E+13,INDUSTRIAS MANUFACTURERAS,S08
76,VALLE DEL CAUCA,2023p,23161,2.32E+13,INDUSTRIAS MANUFACTURERAS,S08
76,VALLE DEL CAUCA,2024pr,23238,2.32E+13,INDUSTRIAS MANUFACTURERAS,S08
99999,NUEVOS DEPARTAMENTOS,1980,1,1000000000,INDUSTRIAS MANUFACTURERAS,S08
99999,NUEVOS DEPARTAMENTOS,1981,1,1000000000,INDUSTRIAS MANUFACTURERAS,S08
99999,NUEVOS DEPARTAMENTOS,1982,2,2000000000,INDUSTRIAS MANUFACTURERAS,S08
99999,NUEVOS DEPARTAMENTOS,1983,2,2000000000,INDUSTRIAS MANUFACTURERAS,S08
99999,NUEVOS DEPARTAMENTOS,1984,2,2000000000,INDUSTRIAS MANUFACTURERAS,S08
99999,NUEVOS DEPARTAMENTOS,1985,3,3000000000,INDUSTRIAS MANUFACTURERAS,S08
99999,NUEVOS DEPARTAMENTOS,1986,4,4000000000,INDUSTRIAS MANUFACTURERAS,S08
99999,NUEVOS DEPARTAMENTOS,1987,4,4000000000,INDUSTRIAS MANUFACTURERAS,S08
99999,NUEVOS DEPARTAMENTOS,1988,5,5000000000,INDUSTRIAS MANUFACTURERAS,S08
99999,NUEVOS DEPARTAMENTOS,1989,6,6000000000,INDUSTRIAS MANUFACTURERAS,S08
99999,NUEVOS DEPARTAMENTOS,1990,8,8000000000,INDUSTRIAS MANUFACTURERAS,S08
99999,NUEVOS DEPARTAMENTOS,1991,11,11000000000,INDUSTRIAS MANUFACTURERAS,S08
99999,NUEVOS DEPARTAMENTOS,1992,13,13000000000,INDUSTRIAS MANUFACTURERAS,S08
99999,NUEVOS DEPARTAMENTOS,1993,18,18000000000,INDUSTRIAS MANUFACTURERAS,S08
99999,NUEVOS DEPARTAMENTOS,1994,21,21000000000,INDUSTRIAS MANUFACTURERAS,S08
99999,NUEVOS DEPARTAMENTOS,1995,32,32000000000,INDUSTRIAS MANUFACTURERAS,S08
99999,NUEVOS DEPARTAMENTOS,1996,42,42000000000,INDUSTRIAS MANUFACTURERAS,S08
99999,NUEVOS DEPARTAMENTOS,1997,70,70000000000,INDUSTRIAS MANUFACTURERAS,S08
99999,NUEVOS DEPARTAMENTOS,1998,81,81000000000,INDUSTRIAS MANUFACTURERAS,S08
99999,NUEVOS DEPARTAMENTOS,1999,153,1.53E+11,INDUSTRIAS MANUFACTURERAS,S08
99999,NUEVOS DEPARTAMENTOS,2000,213,2.13E+11,INDUSTRIAS MANUFACTURERAS,S08
99999,NUEVOS DEPARTAMENTOS,2001,197,1.97E+11,INDUSTRIAS MANUFACTURERAS,S08
99999,NUEVOS DEPARTAMENTOS,2002,197,1.97E+11,INDUSTRIAS MANUFACTURERAS,S08
99999,NUEVOS DEPARTAMENTOS,2003,228,2.28E+11,INDUSTRIAS MANUFACTURERAS,S08
99999,NUEVOS DEPARTAMENTOS,2004,245,2.45E+11,INDUSTRIAS MANUFACTURERAS,S08
99999,NUEVOS DEPARTAMENTOS,2005,272,2.72E+11,INDUSTRIAS MANUFACTURERAS,S08
99999,NUEVOS DEPARTAMENTOS,2006,296,2.96E+11,INDUSTRIAS MANUFACTURERAS,S08
99999,NUEVOS DEPARTAMENTOS,2007,353,3.53E+11,INDUSTRIAS MANUFACTURERAS,S08
99999,NUEVOS DEPARTAMENTOS,2008,415,4.15E+11,INDUSTRIAS MANUFACTURERAS,S08
99999,NUEVOS DEPARTAMENTOS,2009,434,4.34E+11,INDUSTRIAS MANUFACTURERAS,S08
99999,NUEVOS DEPARTAMENTOS,2010,400,4.00E+11,INDUSTRIAS MANUFACTURERAS,S08
99999,NUEVOS DEPARTAMENTOS,2011,469,4.69E+11,INDUSTRIAS MANUFACTURERAS,S08
99999,NUEVOS DEPARTAMENTOS,2012,476,4.76E+11,INDUSTRIAS MANUFACTURERAS,S08
99999,NUEVOS DEPARTAMENTOS,2013,486,4.86E+11,INDUSTRIAS MANUFACTURERAS,S08
99999,NUEVOS DEPARTAMENTOS,2014,510,5.10E+11,INDUSTRIAS MANUFACTURERAS,S08
99999,NUEVOS DEPARTAMENTOS,2015,513,5.13E+11,INDUSTRIAS MANUFACTURERAS,S08
99999,NUEVOS DEPARTAMENTOS,2016,570,5.70E+11,INDUSTRIAS MANUFACTURERAS,S08
99999,NUEVOS DEPARTAMENTOS,2017,547,5.47E+11,INDUSTRIAS MANUFACTURERAS,S08
99999,NUEVOS DEPARTAMENTOS,2018,562,5.62E+11,INDUSTRIAS MANUFACTURERAS,S08
99999,NUEVOS DEPARTAMENTOS,2019,566,5.66E+11,INDUSTRIAS MANUFACTURERAS,S08
99999,NUEVOS DEPARTAMENTOS,2020,556,5.56E+11,INDUSTRIAS MANUFACTURERAS,S08
99999,NUEVOS DEPARTAMENTOS,2021,790,7.90E+11,INDUSTRIAS MANUFACTURERAS,S08
99999,NUEVOS DEPARTAMENTOS,2022,996,9.96E+11,INDUSTRIAS MANUFACTURERAS,S08
99999,NUEVOS DEPARTAMENTOS,2023p,1000,1.00E+12,INDUSTRIAS MANUFACTURERAS,S08
99999,NUEVOS DEPARTAMENTOS,2024pr,952,9.52E+11,INDUSTRIAS MANUFACTURERAS,S08
0,COLOMBIA,1980,55,55000000000,CONSTRUCCION,S05
0,COLOMBIA,1981,75,75000000000,CONSTRUCCION,S05
0,COLOMBIA,1982,93,93000000000,CONSTRUCCION,S05
0,COLOMBIA,1983,125,1.25E+11,CONSTRUCCION,S05
0,COLOMBIA,1984,165,1.65E+11,CONSTRUCCION,S05
0,COLOMBIA,1985,265,2.65E+11,CONSTRUCCION,S05
0,COLOMBIA,1986,351,3.51E+11,CONSTRUCCION,S05
0,COLOMBIA,1987,388,3.88E+11,CONSTRUCCION,S05
0,COLOMBIA,1988,624,6.24E+11,CONSTRUCCION,S05
0,COLOMBIA,1989,731,7.31E+11,CONSTRUCCION,S05
0,COLOMBIA,1990,823,8.23E+11,CONSTRUCCION,S05
0,COLOMBIA,1991,1097,1.10E+12,CONSTRUCCION,S05
0,COLOMBIA,1992,1537,1.54E+12,CONSTRUCCION,S05
0,COLOMBIA,1993,2485,2.49E+12,CONSTRUCCION,S05
0,COLOMBIA,1994,3387,3.39E+12,CONSTRUCCION,S05
0,COLOMBIA,1995,4335,4.34E+12,CONSTRUCCION,S05
0,COLOMBIA,1996,4891,4.89E+12,CONSTRUCCION,S05
0,COLOMBIA,1997,5782,5.78E+12,CONSTRUCCION,S05
0,COLOMBIA,1998,6058,6.06E+12,CONSTRUCCION,S05
0,COLOMBIA,1999,5120,5.12E+12,CONSTRUCCION,S05
0,COLOMBIA,2000,5242,5.24E+12,CONSTRUCCION,S05
0,COLOMBIA,2001,5679,5.68E+12,CONSTRUCCION,S05
0,COLOMBIA,2002,6665,6.67E+12,CONSTRUCCION,S05
0,COLOMBIA,2003,8354,8.35E+12,CONSTRUCCION,S05
0,COLOMBIA,2004,12054,1.21E+13,CONSTRUCCION,S05
0,COLOMBIA,2005,14415,1.44E+13,CONSTRUCCION,S05
0,COLOMBIA,2006,17575,1.76E+13,CONSTRUCCION,S05
0,COLOMBIA,2007,20611,2.06E+13,CONSTRUCCION,S05
0,COLOMBIA,2008,25288,2.53E+13,CONSTRUCCION,S05
0,COLOMBIA,2009,29019,2.90E+13,CONSTRUCCION,S05
0,COLOMBIA,2010,29776,2.98E+13,CONSTRUCCION,S05
0,COLOMBIA,2011,34462,3.45E+13,CONSTRUCCION,S05
0,COLOMBIA,2012,40385,4.04E+13,CONSTRUCCION,S05
0,COLOMBIA,2013,48320,4.83E+13,CONSTRUCCION,S05
0,COLOMBIA,2014,55568,5.56E+13,CONSTRUCCION,S05
0,COLOMBIA,2015,58042,5.80E+13,CONSTRUCCION,S05
0,COLOMBIA,2016,64325,6.43E+13,CONSTRUCCION,S05
0,COLOMBIA,2017,64474,6.45E+13,CONSTRUCCION,S05
0,COLOMBIA,2018,65110,6.51E+13,CONSTRUCCION,S05
0,COLOMBIA,2019,65277,6.53E+13,CONSTRUCCION,S05
0,COLOMBIA,2020,47384,4.74E+13,CONSTRUCCION,S05
0,COLOMBIA,2021,50235,5.02E+13,CONSTRUCCION,S05
0,COLOMBIA,2022,57772,5.78E+13,CONSTRUCCION,S05
0,COLOMBIA,2023p,64208,6.42E+13,CONSTRUCCION,S05
0,COLOMBIA,2024pr,71253,7.13E+13,CONSTRUCCION,S05
5,ANTIOQUIA,1980,12,12000000000,CONSTRUCCION,S05
5,ANTIOQUIA,1981,18,18000000000,CONSTRUCCION,S05
5,ANTIOQUIA,1982,21,21000000000,CONSTRUCCION,S05
5,ANTIOQUIA,1983,27,27000000000,CONSTRUCCION,S05
5,ANTIOQUIA,1984,36,36000000000,CONSTRUCCION,S05
5,ANTIOQUIA,1985,44,44000000000,CONSTRUCCION,S05
5,ANTIOQUIA,1986,68,68000000000,CONSTRUCCION,S05
5,ANTIOQUIA,1987,79,79000000000,CONSTRUCCION,S05
5,ANTIOQUIA,1988,159,1.59E+11,CONSTRUCCION,S05
5,ANTIOQUIA,1989,80,80000000000,CONSTRUCCION,S05
5,ANTIOQUIA,1990,161,1.61E+11,CONSTRUCCION,S05
5,ANTIOQUIA,1991,154,1.54E+11,CONSTRUCCION,S05
5,ANTIOQUIA,1992,207,2.07E+11,CONSTRUCCION,S05
5,ANTIOQUIA,1993,361,3.61E+11,CONSTRUCCION,S05
5,ANTIOQUIA,1994,521,5.21E+11,CONSTRUCCION,S05
5,ANTIOQUIA,1995,676,6.76E+11,CONSTRUCCION,S05
5,ANTIOQUIA,1996,626,6.26E+11,CONSTRUCCION,S05
5,ANTIOQUIA,1997,1050,1.05E+12,CONSTRUCCION,S05
5,ANTIOQUIA,1998,838,8.38E+11,CONSTRUCCION,S05
5,ANTIOQUIA,1999,766,7.66E+11,CONSTRUCCION,S05
5,ANTIOQUIA,2000,819,8.19E+11,CONSTRUCCION,S05
5,ANTIOQUIA,2001,769,7.69E+11,CONSTRUCCION,S05
5,ANTIOQUIA,2002,933,9.33E+11,CONSTRUCCION,S05
5,ANTIOQUIA,2003,1073,1.07E+12,CONSTRUCCION,S05
5,ANTIOQUIA,2004,2004,2.00E+12,CONSTRUCCION,S05
5,ANTIOQUIA,2005,2525,2.53E+12,CONSTRUCCION,S05
5,ANTIOQUIA,2006,3170,3.17E+12,CONSTRUCCION,S05
5,ANTIOQUIA,2007,3340,3.34E+12,CONSTRUCCION,S05
5,ANTIOQUIA,2008,4029,4.03E+12,CONSTRUCCION,S05
5,ANTIOQUIA,2009,4436,4.44E+12,CONSTRUCCION,S05
5,ANTIOQUIA,2010,4061,4.06E+12,CONSTRUCCION,S05
5,ANTIOQUIA,2011,4930,4.93E+12,CONSTRUCCION,S05
5,ANTIOQUIA,2012,5256,5.26E+12,CONSTRUCCION,S05
5,ANTIOQUIA,2013,6478,6.48E+12,CONSTRUCCION,S05
5,ANTIOQUIA,2014,7947,7.95E+12,CONSTRUCCION,S05
5,ANTIOQUIA,2015,8573,8.57E+12,CONSTRUCCION,S05
5,ANTIOQUIA,2016,9482,9.48E+12,CONSTRUCCION,S05
5,ANTIOQUIA,2017,9819,9.82E+12,CONSTRUCCION,S05
5,ANTIOQUIA,2018,10688,1.07E+13,CONSTRUCCION,S05
5,ANTIOQUIA,2019,11049,1.10E+13,CONSTRUCCION,S05
5,ANTIOQUIA,2020,7933,7.93E+12,CONSTRUCCION,S05
5,ANTIOQUIA,2021,9234,9.23E+12,CONSTRUCCION,S05
5,ANTIOQUIA,2022,7690,7.69E+12,CONSTRUCCION,S05
5,ANTIOQUIA,2023p,8401,8.40E+12,CONSTRUCCION,S05
5,ANTIOQUIA,2024pr,10558,1.06E+13,CONSTRUCCION,S05
8,ATLANTICO,1980,3,3000000000,CONSTRUCCION,S05
8,ATLANTICO,1981,2,2000000000,CONSTRUCCION,S05
8,ATLANTICO,1982,3,3000000000,CONSTRUCCION,S05
8,ATLANTICO,1983,6,6000000000,CONSTRUCCION,S05
8,ATLANTICO,1984,7,7000000000,CONSTRUCCION,S05
8,ATLANTICO,1985,9,9000000000,CONSTRUCCION,S05
8,ATLANTICO,1986,9,9000000000,CONSTRUCCION,S05
8,ATLANTICO,1987,13,13000000000,CONSTRUCCION,S05
8,ATLANTICO,1988,11,11000000000,CONSTRUCCION,S05
8,ATLANTICO,1989,21,21000000000,CONSTRUCCION,S05
8,ATLANTICO,1990,23,23000000000,CONSTRUCCION,S05
8,ATLANTICO,1991,37,37000000000,CONSTRUCCION,S05
8,ATLANTICO,1992,53,53000000000,CONSTRUCCION,S05
8,ATLANTICO,1993,120,1.20E+11,CONSTRUCCION,S05
8,ATLANTICO,1994,133,1.33E+11,CONSTRUCCION,S05
8,ATLANTICO,1995,196,1.96E+11,CONSTRUCCION,S05
8,ATLANTICO,1996,205,2.05E+11,CONSTRUCCION,S05
8,ATLANTICO,1997,307,3.07E+11,CONSTRUCCION,S05
8,ATLANTICO,1998,234,2.34E+11,CONSTRUCCION,S05
8,ATLANTICO,1999,196,1.96E+11,CONSTRUCCION,S05
8,ATLANTICO,2000,160,1.60E+11,CONSTRUCCION,S05
8,ATLANTICO,2001,135,1.35E+11,CONSTRUCCION,S05
8,ATLANTICO,2002,196,1.96E+11,CONSTRUCCION,S05
8,ATLANTICO,2003,232,2.32E+11,CONSTRUCCION,S05
8,ATLANTICO,2004,388,3.88E+11,CONSTRUCCION,S05
8,ATLANTICO,2005,370,3.70E+11,CONSTRUCCION,S05
8,ATLANTICO,2006,646,6.46E+11,CONSTRUCCION,S05
8,ATLANTICO,2007,758,7.58E+11,CONSTRUCCION,S05
8,ATLANTICO,2008,929,9.29E+11,CONSTRUCCION,S05
8,ATLANTICO,2009,1077,1.08E+12,CONSTRUCCION,S05
8,ATLANTICO,2010,1025,1.03E+12,CONSTRUCCION,S05
8,ATLANTICO,2011,1164,1.16E+12,CONSTRUCCION,S05
8,ATLANTICO,2012,1687,1.69E+12,CONSTRUCCION,S05
8,ATLANTICO,2013,1980,1.98E+12,CONSTRUCCION,S05
8,ATLANTICO,2014,2340,2.34E+12,CONSTRUCCION,S05
8,ATLANTICO,2015,2885,2.89E+12,CONSTRUCCION,S05
8,ATLANTICO,2016,3047,3.05E+12,CONSTRUCCION,S05
8,ATLANTICO,2017,3288,3.29E+12,CONSTRUCCION,S05
8,ATLANTICO,2018,3013,3.01E+12,CONSTRUCCION,S05
8,ATLANTICO,2019,2731,2.73E+12,CONSTRUCCION,S05
8,ATLANTICO,2020,1962,1.96E+12,CONSTRUCCION,S05
8,ATLANTICO,2021,2050,2.05E+12,CONSTRUCCION,S05
8,ATLANTICO,2022,2296,2.30E+12,CONSTRUCCION,S05
8,ATLANTICO,2023p,2500,2.50E+12,CONSTRUCCION,S05
8,ATLANTICO,2024pr,2790,2.79E+12,CONSTRUCCION,S05
11,SANTAFE DE BOGOTA D.C,1980,10,10000000000,CONSTRUCCION,S05
11,SANTAFE DE BOGOTA D.C,1981,14,14000000000,CONSTRUCCION,S05
11,SANTAFE DE BOGOTA D.C,1982,19,19000000000,CONSTRUCCION,S05
11,SANTAFE DE BOGOTA D.C,1983,26,26000000000,CONSTRUCCION,S05
11,SANTAFE DE BOGOTA D.C,1984,29,29000000000,CONSTRUCCION,S05
11,SANTAFE DE BOGOTA D.C,1985,53,53000000000,CONSTRUCCION,S05
11,SANTAFE DE BOGOTA D.C,1986,75,75000000000,CONSTRUCCION,S05
11,SANTAFE DE BOGOTA D.C,1987,101,1.01E+11,CONSTRUCCION,S05
11,SANTAFE DE BOGOTA D.C,1988,159,1.59E+11,CONSTRUCCION,S05
11,SANTAFE DE BOGOTA D.C,1989,231,2.31E+11,CONSTRUCCION,S05
11,SANTAFE DE BOGOTA D.C,1990,280,2.80E+11,CONSTRUCCION,S05
11,SANTAFE DE BOGOTA D.C,1991,405,4.05E+11,CONSTRUCCION,S05
11,SANTAFE DE BOGOTA D.C,1992,606,6.06E+11,CONSTRUCCION,S05
11,SANTAFE DE BOGOTA D.C,1993,791,7.91E+11,CONSTRUCCION,S05
11,SANTAFE DE BOGOTA D.C,1994,1237,1.24E+12,CONSTRUCCION,S05
11,SANTAFE DE BOGOTA D.C,1995,1615,1.62E+12,CONSTRUCCION,S05
11,SANTAFE DE BOGOTA D.C,1996,1478,1.48E+12,CONSTRUCCION,S05
11,SANTAFE DE BOGOTA D.C,1997,1526,1.53E+12,CONSTRUCCION,S05
11,SANTAFE DE BOGOTA D.C,1998,2067,2.07E+12,CONSTRUCCION,S05
11,SANTAFE DE BOGOTA D.C,1999,1251,1.25E+12,CONSTRUCCION,S05
11,SANTAFE DE BOGOTA D.C,2000,1576,1.58E+12,CONSTRUCCION,S05
11,SANTAFE DE BOGOTA D.C,2001,1498,1.50E+12,CONSTRUCCION,S05
11,SANTAFE DE BOGOTA D.C,2002,1785,1.79E+12,CONSTRUCCION,S05
11,SANTAFE DE BOGOTA D.C,2003,2428,2.43E+12,CONSTRUCCION,S05
11,SANTAFE DE BOGOTA D.C,2004,3696,3.70E+12,CONSTRUCCION,S05
11,SANTAFE DE BOGOTA D.C,2005,4729,4.73E+12,CONSTRUCCION,S05
11,SANTAFE DE BOGOTA D.C,2006,5023,5.02E+12,CONSTRUCCION,S05
11,SANTAFE DE BOGOTA D.C,2007,5211,5.21E+12,CONSTRUCCION,S05
11,SANTAFE DE BOGOTA D.C,2008,6754,6.75E+12,CONSTRUCCION,S05
11,SANTAFE DE BOGOTA D.C,2009,7371,7.37E+12,CONSTRUCCION,S05
11,SANTAFE DE BOGOTA D.C,2010,7178,7.18E+12,CONSTRUCCION,S05
11,SANTAFE DE BOGOTA D.C,2011,7677,7.68E+12,CONSTRUCCION,S05
11,SANTAFE DE BOGOTA D.C,2012,7725,7.73E+12,CONSTRUCCION,S05
11,SANTAFE DE BOGOTA D.C,2013,7818,7.82E+12,CONSTRUCCION,S05
11,SANTAFE DE BOGOTA D.C,2014,8411,8.41E+12,CONSTRUCCION,S05
11,SANTAFE DE BOGOTA D.C,2015,9730,9.73E+12,CONSTRUCCION,S05
11,SANTAFE DE BOGOTA D.C,2016,11367,1.14E+13,CONSTRUCCION,S05
11,SANTAFE DE BOGOTA D.C,2017,11085,1.11E+13,CONSTRUCCION,S05
11,SANTAFE DE BOGOTA D.C,2018,11392,1.14E+13,CONSTRUCCION,S05
11,SANTAFE DE BOGOTA D.C,2019,10808,1.08E+13,CONSTRUCCION,S05
11,SANTAFE DE BOGOTA D.C,2020,8064,8.06E+12,CONSTRUCCION,S05
11,SANTAFE DE BOGOTA D.C,2021,8441,8.44E+12,CONSTRUCCION,S05
11,SANTAFE DE BOGOTA D.C,2022,12273,1.23E+13,CONSTRUCCION,S05
11,SANTAFE DE BOGOTA D.C,2023p,12762,1.28E+13,CONSTRUCCION,S05
11,SANTAFE DE BOGOTA D.C,2024pr,14927,1.49E+13,CONSTRUCCION,S05
13,BOLIVAR,1980,4,4000000000,CONSTRUCCION,S05
13,BOLIVAR,1981,1,1000000000,CONSTRUCCION,S05
13,BOLIVAR,1982,1,1000000000,CONSTRUCCION,S05
13,BOLIVAR,1983,4,4000000000,CONSTRUCCION,S05
13,BOLIVAR,1984,3,3000000000,CONSTRUCCION,S05
13,BOLIVAR,1985,5,5000000000,CONSTRUCCION,S05
13,BOLIVAR,1986,6,6000000000,CONSTRUCCION,S05
13,BOLIVAR,1987,11,11000000000,CONSTRUCCION,S05
13,BOLIVAR,1988,11,11000000000,CONSTRUCCION,S05
13,BOLIVAR,1989,17,17000000000,CONSTRUCCION,S05
13,BOLIVAR,1990,16,16000000000,CONSTRUCCION,S05
13,BOLIVAR,1991,17,17000000000,CONSTRUCCION,S05
13,BOLIVAR,1992,26,26000000000,CONSTRUCCION,S05
13,BOLIVAR,1993,59,59000000000,CONSTRUCCION,S05
13,BOLIVAR,1994,69,69000000000,CONSTRUCCION,S05
13,BOLIVAR,1995,91,91000000000,CONSTRUCCION,S05
13,BOLIVAR,1996,69,69000000000,CONSTRUCCION,S05
13,BOLIVAR,1997,164,1.64E+11,CONSTRUCCION,S05
13,BOLIVAR,1998,233,2.33E+11,CONSTRUCCION,S05
13,BOLIVAR,1999,365,3.65E+11,CONSTRUCCION,S05
13,BOLIVAR,2000,124,1.24E+11,CONSTRUCCION,S05
13,BOLIVAR,2001,191,1.91E+11,CONSTRUCCION,S05
13,BOLIVAR,2002,236,2.36E+11,CONSTRUCCION,S05
13,BOLIVAR,2003,261,2.61E+11,CONSTRUCCION,S05
13,BOLIVAR,2004,291,2.91E+11,CONSTRUCCION,S05
13,BOLIVAR,2005,363,3.63E+11,CONSTRUCCION,S05
13,BOLIVAR,2006,427,4.27E+11,CONSTRUCCION,S05
13,BOLIVAR,2007,693,6.93E+11,CONSTRUCCION,S05
13,BOLIVAR,2008,893,8.93E+11,CONSTRUCCION,S05
13,BOLIVAR,2009,1057,1.06E+12,CONSTRUCCION,S05
13,BOLIVAR,2010,1260,1.26E+12,CONSTRUCCION,S05
13,BOLIVAR,2011,1368,1.37E+12,CONSTRUCCION,S05
13,BOLIVAR,2012,1822,1.82E+12,CONSTRUCCION,S05
13,BOLIVAR,2013,2302,2.30E+12,CONSTRUCCION,S05
13,BOLIVAR,2014,3124,3.12E+12,CONSTRUCCION,S05
13,BOLIVAR,2015,2912,2.91E+12,CONSTRUCCION,S05
13,BOLIVAR,2016,3498,3.50E+12,CONSTRUCCION,S05
13,BOLIVAR,2017,3930,3.93E+12,CONSTRUCCION,S05
13,BOLIVAR,2018,3582,3.58E+12,CONSTRUCCION,S05
13,BOLIVAR,2019,3864,3.86E+12,CONSTRUCCION,S05
13,BOLIVAR,2020,2793,2.79E+12,CONSTRUCCION,S05
13,BOLIVAR,2021,2848,2.85E+12,CONSTRUCCION,S05
13,BOLIVAR,2022,3660,3.66E+12,CONSTRUCCION,S05
13,BOLIVAR,2023p,4289,4.29E+12,CONSTRUCCION,S05
13,BOLIVAR,2024pr,4790,4.79E+12,CONSTRUCCION,S05
15,BOYACA,1980,2,2000000000,CONSTRUCCION,S05
15,BOYACA,1981,3,3000000000,CONSTRUCCION,S05
15,BOYACA,1982,3,3000000000,CONSTRUCCION,S05
15,BOYACA,1983,4,4000000000,CONSTRUCCION,S05
15,BOYACA,1984,5,5000000000,CONSTRUCCION,S05
15,BOYACA,1985,8,8000000000,CONSTRUCCION,S05
15,BOYACA,1986,8,8000000000,CONSTRUCCION,S05
15,BOYACA,1987,9,9000000000,CONSTRUCCION,S05
15,BOYACA,1988,15,15000000000,CONSTRUCCION,S05
15,BOYACA,1989,19,19000000000,CONSTRUCCION,S05
15,BOYACA,1990,20,20000000000,CONSTRUCCION,S05
15,BOYACA,1991,21,21000000000,CONSTRUCCION,S05
15,BOYACA,1992,27,27000000000,CONSTRUCCION,S05
15,BOYACA,1993,83,83000000000,CONSTRUCCION,S05
15,BOYACA,1994,59,59000000000,CONSTRUCCION,S05
15,BOYACA,1995,80,80000000000,CONSTRUCCION,S05
15,BOYACA,1996,100,1.00E+11,CONSTRUCCION,S05
15,BOYACA,1997,141,1.41E+11,CONSTRUCCION,S05
15,BOYACA,1998,151,1.51E+11,CONSTRUCCION,S05
15,BOYACA,1999,140,1.40E+11,CONSTRUCCION,S05
15,BOYACA,2000,129,1.29E+11,CONSTRUCCION,S05
15,BOYACA,2001,138,1.38E+11,CONSTRUCCION,S05
15,BOYACA,2002,144,1.44E+11,CONSTRUCCION,S05
15,BOYACA,2003,204,2.04E+11,CONSTRUCCION,S05
15,BOYACA,2004,243,2.43E+11,CONSTRUCCION,S05
15,BOYACA,2005,251,2.51E+11,CONSTRUCCION,S05
15,BOYACA,2006,312,3.12E+11,CONSTRUCCION,S05
15,BOYACA,2007,497,4.97E+11,CONSTRUCCION,S05
15,BOYACA,2008,676,6.76E+11,CONSTRUCCION,S05
15,BOYACA,2009,786,7.86E+11,CONSTRUCCION,S05
15,BOYACA,2010,962,9.62E+11,CONSTRUCCION,S05
15,BOYACA,2011,1142,1.14E+12,CONSTRUCCION,S05
15,BOYACA,2012,1420,1.42E+12,CONSTRUCCION,S05
15,BOYACA,2013,1578,1.58E+12,CONSTRUCCION,S05
15,BOYACA,2014,1778,1.78E+12,CONSTRUCCION,S05
15,BOYACA,2015,2205,2.21E+12,CONSTRUCCION,S05
15,BOYACA,2016,2489,2.49E+12,CONSTRUCCION,S05
15,BOYACA,2017,2639,2.64E+12,CONSTRUCCION,S05
15,BOYACA,2018,2887,2.89E+12,CONSTRUCCION,S05
15,BOYACA,2019,2932,2.93E+12,CONSTRUCCION,S05
15,BOYACA,2020,2009,2.01E+12,CONSTRUCCION,S05
15,BOYACA,2021,2063,2.06E+12,CONSTRUCCION,S05
15,BOYACA,2022,2508,2.51E+12,CONSTRUCCION,S05
15,BOYACA,2023p,2813,2.81E+12,CONSTRUCCION,S05
15,BOYACA,2024pr,2925,2.93E+12,CONSTRUCCION,S05
17,CALDAS,1980,1,1000000000,CONSTRUCCION,S05
17,CALDAS,1981,2,2000000000,CONSTRUCCION,S05
17,CALDAS,1982,2,2000000000,CONSTRUCCION,S05
17,CALDAS,1983,3,3000000000,CONSTRUCCION,S05
17,CALDAS,1984,3,3000000000,CONSTRUCCION,S05
17,CALDAS,1985,3,3000000000,CONSTRUCCION,S05
17,CALDAS,1986,5,5000000000,CONSTRUCCION,S05
17,CALDAS,1987,7,7000000000,CONSTRUCCION,S05
17,CALDAS,1988,7,7000000000,CONSTRUCCION,S05
17,CALDAS,1989,14,14000000000,CONSTRUCCION,S05
17,CALDAS,1990,17,17000000000,CONSTRUCCION,S05
17,CALDAS,1991,21,21000000000,CONSTRUCCION,S05
17,CALDAS,1992,29,29000000000,CONSTRUCCION,S05
17,CALDAS,1993,50,50000000000,CONSTRUCCION,S05
17,CALDAS,1994,55,55000000000,CONSTRUCCION,S05
17,CALDAS,1995,68,68000000000,CONSTRUCCION,S05
17,CALDAS,1996,78,78000000000,CONSTRUCCION,S05
17,CALDAS,1997,134,1.34E+11,CONSTRUCCION,S05
17,CALDAS,1998,113,1.13E+11,CONSTRUCCION,S05
17,CALDAS,1999,116,1.16E+11,CONSTRUCCION,S05
17,CALDAS,2000,90,90000000000,CONSTRUCCION,S05
17,CALDAS,2001,91,91000000000,CONSTRUCCION,S05
17,CALDAS,2002,131,1.31E+11,CONSTRUCCION,S05
17,CALDAS,2003,157,1.57E+11,CONSTRUCCION,S05
17,CALDAS,2004,178,1.78E+11,CONSTRUCCION,S05
17,CALDAS,2005,224,2.24E+11,CONSTRUCCION,S05
17,CALDAS,2006,259,2.59E+11,CONSTRUCCION,S05
17,CALDAS,2007,397,3.97E+11,CONSTRUCCION,S05
17,CALDAS,2008,484,4.84E+11,CONSTRUCCION,S05
17,CALDAS,2009,452,4.52E+11,CONSTRUCCION,S05
17,CALDAS,2010,526,5.26E+11,CONSTRUCCION,S05
17,CALDAS,2011,563,5.63E+11,CONSTRUCCION,S05
17,CALDAS,2012,604,6.04E+11,CONSTRUCCION,S05
17,CALDAS,2013,715,7.15E+11,CONSTRUCCION,S05
17,CALDAS,2014,805,8.05E+11,CONSTRUCCION,S05
17,CALDAS,2015,784,7.84E+11,CONSTRUCCION,S05
17,CALDAS,2016,1052,1.05E+12,CONSTRUCCION,S05
17,CALDAS,2017,1066,1.07E+12,CONSTRUCCION,S05
17,CALDAS,2018,1110,1.11E+12,CONSTRUCCION,S05
17,CALDAS,2019,1102,1.10E+12,CONSTRUCCION,S05
17,CALDAS,2020,772,7.72E+11,CONSTRUCCION,S05
17,CALDAS,2021,828,8.28E+11,CONSTRUCCION,S05
17,CALDAS,2022,1076,1.08E+12,CONSTRUCCION,S05
17,CALDAS,2023p,1217,1.22E+12,CONSTRUCCION,S05
17,CALDAS,2024pr,1228,1.23E+12,CONSTRUCCION,S05
18,CAQUETA,1980,0,0,CONSTRUCCION,S05
18,CAQUETA,1981,0,0,CONSTRUCCION,S05
18,CAQUETA,1982,1,1000000000,CONSTRUCCION,S05
18,CAQUETA,1983,1,1000000000,CONSTRUCCION,S05
18,CAQUETA,1984,1,1000000000,CONSTRUCCION,S05
18,CAQUETA,1985,2,2000000000,CONSTRUCCION,S05
18,CAQUETA,1986,2,2000000000,CONSTRUCCION,S05
18,CAQUETA,1987,2,2000000000,CONSTRUCCION,S05
18,CAQUETA,1988,3,3000000000,CONSTRUCCION,S05
18,CAQUETA,1989,4,4000000000,CONSTRUCCION,S05
18,CAQUETA,1990,5,5000000000,CONSTRUCCION,S05
18,CAQUETA,1991,6,6000000000,CONSTRUCCION,S05
18,CAQUETA,1992,9,9000000000,CONSTRUCCION,S05
18,CAQUETA,1993,15,15000000000,CONSTRUCCION,S05
18,CAQUETA,1994,17,17000000000,CONSTRUCCION,S05
18,CAQUETA,1995,19,19000000000,CONSTRUCCION,S05
18,CAQUETA,1996,19,19000000000,CONSTRUCCION,S05
18,CAQUETA,1997,26,26000000000,CONSTRUCCION,S05
18,CAQUETA,1998,18,18000000000,CONSTRUCCION,S05
18,CAQUETA,1999,23,23000000000,CONSTRUCCION,S05
18,CAQUETA,2000,24,24000000000,CONSTRUCCION,S05
18,CAQUETA,2001,24,24000000000,CONSTRUCCION,S05
18,CAQUETA,2002,29,29000000000,CONSTRUCCION,S05
18,CAQUETA,2003,35,35000000000,CONSTRUCCION,S05
18,CAQUETA,2004,42,42000000000,CONSTRUCCION,S05
18,CAQUETA,2005,40,40000000000,CONSTRUCCION,S05
18,CAQUETA,2006,77,77000000000,CONSTRUCCION,S05
18,CAQUETA,2007,85,85000000000,CONSTRUCCION,S05
18,CAQUETA,2008,134,1.34E+11,CONSTRUCCION,S05
18,CAQUETA,2009,143,1.43E+11,CONSTRUCCION,S05
18,CAQUETA,2010,190,1.90E+11,CONSTRUCCION,S05
18,CAQUETA,2011,201,2.01E+11,CONSTRUCCION,S05
18,CAQUETA,2012,381,3.81E+11,CONSTRUCCION,S05
18,CAQUETA,2013,474,4.74E+11,CONSTRUCCION,S05
18,CAQUETA,2014,501,5.01E+11,CONSTRUCCION,S05
18,CAQUETA,2015,487,4.87E+11,CONSTRUCCION,S05
18,CAQUETA,2016,481,4.81E+11,CONSTRUCCION,S05
18,CAQUETA,2017,459,4.59E+11,CONSTRUCCION,S05
18,CAQUETA,2018,466,4.66E+11,CONSTRUCCION,S05
18,CAQUETA,2019,427,4.27E+11,CONSTRUCCION,S05
18,CAQUETA,2020,319,3.19E+11,CONSTRUCCION,S05
18,CAQUETA,2021,322,3.22E+11,CONSTRUCCION,S05
18,CAQUETA,2022,289,2.89E+11,CONSTRUCCION,S05
18,CAQUETA,2023p,342,3.42E+11,CONSTRUCCION,S05
18,CAQUETA,2024pr,374,3.74E+11,CONSTRUCCION,S05
19,CAUCA,1980,1,1000000000,CONSTRUCCION,S05
19,CAUCA,1981,1,1000000000,CONSTRUCCION,S05
19,CAUCA,1982,2,2000000000,CONSTRUCCION,S05
19,CAUCA,1983,2,2000000000,CONSTRUCCION,S05
19,CAUCA,1984,4,4000000000,CONSTRUCCION,S05
19,CAUCA,1985,5,5000000000,CONSTRUCCION,S05
19,CAUCA,1986,5,5000000000,CONSTRUCCION,S05
19,CAUCA,1987,5,5000000000,CONSTRUCCION,S05
19,CAUCA,1988,9,9000000000,CONSTRUCCION,S05
19,CAUCA,1989,9,9000000000,CONSTRUCCION,S05
19,CAUCA,1990,8,8000000000,CONSTRUCCION,S05
19,CAUCA,1991,11,11000000000,CONSTRUCCION,S05
19,CAUCA,1992,26,26000000000,CONSTRUCCION,S05
19,CAUCA,1993,43,43000000000,CONSTRUCCION,S05
19,CAUCA,1994,31,31000000000,CONSTRUCCION,S05
19,CAUCA,1995,46,46000000000,CONSTRUCCION,S05
19,CAUCA,1996,49,49000000000,CONSTRUCCION,S05
19,CAUCA,1997,41,41000000000,CONSTRUCCION,S05
19,CAUCA,1998,72,72000000000,CONSTRUCCION,S05
19,CAUCA,1999,59,59000000000,CONSTRUCCION,S05
19,CAUCA,2000,54,54000000000,CONSTRUCCION,S05
19,CAUCA,2001,63,63000000000,CONSTRUCCION,S05
19,CAUCA,2002,67,67000000000,CONSTRUCCION,S05
19,CAUCA,2003,101,1.01E+11,CONSTRUCCION,S05
19,CAUCA,2004,116,1.16E+11,CONSTRUCCION,S05
19,CAUCA,2005,130,1.30E+11,CONSTRUCCION,S05
19,CAUCA,2006,174,1.74E+11,CONSTRUCCION,S05
19,CAUCA,2007,268,2.68E+11,CONSTRUCCION,S05
19,CAUCA,2008,357,3.57E+11,CONSTRUCCION,S05
19,CAUCA,2009,327,3.27E+11,CONSTRUCCION,S05
19,CAUCA,2010,436,4.36E+11,CONSTRUCCION,S05
19,CAUCA,2011,439,4.39E+11,CONSTRUCCION,S05
19,CAUCA,2012,678,6.78E+11,CONSTRUCCION,S05
19,CAUCA,2013,1057,1.06E+12,CONSTRUCCION,S05
19,CAUCA,2014,1127,1.13E+12,CONSTRUCCION,S05
19,CAUCA,2015,1289,1.29E+12,CONSTRUCCION,S05
19,CAUCA,2016,1604,1.60E+12,CONSTRUCCION,S05
19,CAUCA,2017,1520,1.52E+12,CONSTRUCCION,S05
19,CAUCA,2018,1625,1.63E+12,CONSTRUCCION,S05
19,CAUCA,2019,1736,1.74E+12,CONSTRUCCION,S05
19,CAUCA,2020,1236,1.24E+12,CONSTRUCCION,S05
19,CAUCA,2021,1338,1.34E+12,CONSTRUCCION,S05
19,CAUCA,2022,1522,1.52E+12,CONSTRUCCION,S05
19,CAUCA,2023p,1805,1.81E+12,CONSTRUCCION,S05
19,CAUCA,2024pr,1906,1.91E+12,CONSTRUCCION,S05
20,CESAR,1980,1,1000000000,CONSTRUCCION,S05
20,CESAR,1981,1,1000000000,CONSTRUCCION,S05
20,CESAR,1982,1,1000000000,CONSTRUCCION,S05
20,CESAR,1983,1,1000000000,CONSTRUCCION,S05
20,CESAR,1984,1,1000000000,CONSTRUCCION,S05
20,CESAR,1985,7,7000000000,CONSTRUCCION,S05
20,CESAR,1986,10,10000000000,CONSTRUCCION,S05
20,CESAR,1987,4,4000000000,CONSTRUCCION,S05
20,CESAR,1988,9,9000000000,CONSTRUCCION,S05
20,CESAR,1989,10,10000000000,CONSTRUCCION,S05
20,CESAR,1990,11,11000000000,CONSTRUCCION,S05
20,CESAR,1991,10,10000000000,CONSTRUCCION,S05
20,CESAR,1992,10,10000000000,CONSTRUCCION,S05
20,CESAR,1993,31,31000000000,CONSTRUCCION,S05
20,CESAR,1994,38,38000000000,CONSTRUCCION,S05
20,CESAR,1995,56,56000000000,CONSTRUCCION,S05
20,CESAR,1996,73,73000000000,CONSTRUCCION,S05
20,CESAR,1997,99,99000000000,CONSTRUCCION,S05
20,CESAR,1998,70,70000000000,CONSTRUCCION,S05
20,CESAR,1999,78,78000000000,CONSTRUCCION,S05
20,CESAR,2000,51,51000000000,CONSTRUCCION,S05
20,CESAR,2001,81,81000000000,CONSTRUCCION,S05
20,CESAR,2002,155,1.55E+11,CONSTRUCCION,S05
20,CESAR,2003,101,1.01E+11,CONSTRUCCION,S05
20,CESAR,2004,120,1.20E+11,CONSTRUCCION,S05
20,CESAR,2005,138,1.38E+11,CONSTRUCCION,S05
20,CESAR,2006,161,1.61E+11,CONSTRUCCION,S05
20,CESAR,2007,239,2.39E+11,CONSTRUCCION,S05
20,CESAR,2008,274,2.74E+11,CONSTRUCCION,S05
20,CESAR,2009,361,3.61E+11,CONSTRUCCION,S05
20,CESAR,2010,434,4.34E+11,CONSTRUCCION,S05
20,CESAR,2011,477,4.77E+11,CONSTRUCCION,S05
20,CESAR,2012,715,7.15E+11,CONSTRUCCION,S05
20,CESAR,2013,650,6.50E+11,CONSTRUCCION,S05
20,CESAR,2014,682,6.82E+11,CONSTRUCCION,S05
20,CESAR,2015,864,8.64E+11,CONSTRUCCION,S05
20,CESAR,2016,813,8.13E+11,CONSTRUCCION,S05
20,CESAR,2017,827,8.27E+11,CONSTRUCCION,S05
20,CESAR,2018,897,8.97E+11,CONSTRUCCION,S05
20,CESAR,2019,918,9.18E+11,CONSTRUCCION,S05
20,CESAR,2020,855,8.55E+11,CONSTRUCCION,S05
20,CESAR,2021,976,9.76E+11,CONSTRUCCION,S05
20,CESAR,2022,1257,1.26E+12,CONSTRUCCION,S05
20,CESAR,2023p,1302,1.30E+12,CONSTRUCCION,S05
20,CESAR,2024pr,1407,1.41E+12,CONSTRUCCION,S05
27,CHOCO,1980,0,0,CONSTRUCCION,S05
27,CHOCO,1981,0,0,CONSTRUCCION,S05
27,CHOCO,1982,1,1000000000,CONSTRUCCION,S05
27,CHOCO,1983,1,1000000000,CONSTRUCCION,S05
27,CHOCO,1984,1,1000000000,CONSTRUCCION,S05
27,CHOCO,1985,1,1000000000,CONSTRUCCION,S05
27,CHOCO,1986,1,1000000000,CONSTRUCCION,S05
27,CHOCO,1987,1,1000000000,CONSTRUCCION,S05
27,CHOCO,1988,2,2000000000,CONSTRUCCION,S05
27,CHOCO,1989,5,5000000000,CONSTRUCCION,S05
27,CHOCO,1990,2,2000000000,CONSTRUCCION,S05
27,CHOCO,1991,4,4000000000,CONSTRUCCION,S05
27,CHOCO,1992,4,4000000000,CONSTRUCCION,S05
27,CHOCO,1993,5,5000000000,CONSTRUCCION,S05
27,CHOCO,1994,9,9000000000,CONSTRUCCION,S05
27,CHOCO,1995,13,13000000000,CONSTRUCCION,S05
27,CHOCO,1996,13,13000000000,CONSTRUCCION,S05
27,CHOCO,1997,10,10000000000,CONSTRUCCION,S05
27,CHOCO,1998,13,13000000000,CONSTRUCCION,S05
27,CHOCO,1999,13,13000000000,CONSTRUCCION,S05
27,CHOCO,2000,6,6000000000,CONSTRUCCION,S05
27,CHOCO,2001,21,21000000000,CONSTRUCCION,S05
27,CHOCO,2002,31,31000000000,CONSTRUCCION,S05
27,CHOCO,2003,30,30000000000,CONSTRUCCION,S05
27,CHOCO,2004,50,50000000000,CONSTRUCCION,S05
27,CHOCO,2005,41,41000000000,CONSTRUCCION,S05
27,CHOCO,2006,46,46000000000,CONSTRUCCION,S05
27,CHOCO,2007,57,57000000000,CONSTRUCCION,S05
27,CHOCO,2008,58,58000000000,CONSTRUCCION,S05
27,CHOCO,2009,86,86000000000,CONSTRUCCION,S05
27,CHOCO,2010,81,81000000000,CONSTRUCCION,S05
27,CHOCO,2011,93,93000000000,CONSTRUCCION,S05
27,CHOCO,2012,108,1.08E+11,CONSTRUCCION,S05
27,CHOCO,2013,148,1.48E+11,CONSTRUCCION,S05
27,CHOCO,2014,219,2.19E+11,CONSTRUCCION,S05
27,CHOCO,2015,179,1.79E+11,CONSTRUCCION,S05
27,CHOCO,2016,226,2.26E+11,CONSTRUCCION,S05
27,CHOCO,2017,215,2.15E+11,CONSTRUCCION,S05
27,CHOCO,2018,220,2.20E+11,CONSTRUCCION,S05
27,CHOCO,2019,210,2.10E+11,CONSTRUCCION,S05
27,CHOCO,2020,157,1.57E+11,CONSTRUCCION,S05
27,CHOCO,2021,167,1.67E+11,CONSTRUCCION,S05
27,CHOCO,2022,220,2.20E+11,CONSTRUCCION,S05
27,CHOCO,2023p,236,2.36E+11,CONSTRUCCION,S05
27,CHOCO,2024pr,242,2.42E+11,CONSTRUCCION,S05
23,CORDOBA,1980,1,1000000000,CONSTRUCCION,S05
23,CORDOBA,1981,1,1000000000,CONSTRUCCION,S05
23,CORDOBA,1982,1,1000000000,CONSTRUCCION,S05
23,CORDOBA,1983,2,2000000000,CONSTRUCCION,S05
23,CORDOBA,1984,2,2000000000,CONSTRUCCION,S05
23,CORDOBA,1985,4,4000000000,CONSTRUCCION,S05
23,CORDOBA,1986,5,5000000000,CONSTRUCCION,S05
23,CORDOBA,1987,5,5000000000,CONSTRUCCION,S05
23,CORDOBA,1988,9,9000000000,CONSTRUCCION,S05
23,CORDOBA,1989,10,10000000000,CONSTRUCCION,S05
23,CORDOBA,1990,11,11000000000,CONSTRUCCION,S05
23,CORDOBA,1991,16,16000000000,CONSTRUCCION,S05
23,CORDOBA,1992,22,22000000000,CONSTRUCCION,S05
23,CORDOBA,1993,38,38000000000,CONSTRUCCION,S05
23,CORDOBA,1994,44,44000000000,CONSTRUCCION,S05
23,CORDOBA,1995,55,55000000000,CONSTRUCCION,S05
23,CORDOBA,1996,69,69000000000,CONSTRUCCION,S05
23,CORDOBA,1997,81,81000000000,CONSTRUCCION,S05
23,CORDOBA,1998,84,84000000000,CONSTRUCCION,S05
23,CORDOBA,1999,69,69000000000,CONSTRUCCION,S05
23,CORDOBA,2000,71,71000000000,CONSTRUCCION,S05
23,CORDOBA,2001,79,79000000000,CONSTRUCCION,S05
23,CORDOBA,2002,93,93000000000,CONSTRUCCION,S05
23,CORDOBA,2003,118,1.18E+11,CONSTRUCCION,S05
23,CORDOBA,2004,175,1.75E+11,CONSTRUCCION,S05
23,CORDOBA,2005,269,2.69E+11,CONSTRUCCION,S05
23,CORDOBA,2006,310,3.10E+11,CONSTRUCCION,S05
23,CORDOBA,2007,356,3.56E+11,CONSTRUCCION,S05
23,CORDOBA,2008,378,3.78E+11,CONSTRUCCION,S05
23,CORDOBA,2009,429,4.29E+11,CONSTRUCCION,S05
23,CORDOBA,2010,447,4.47E+11,CONSTRUCCION,S05
23,CORDOBA,2011,583,5.83E+11,CONSTRUCCION,S05
23,CORDOBA,2012,963,9.63E+11,CONSTRUCCION,S05
23,CORDOBA,2013,1089,1.09E+12,CONSTRUCCION,S05
23,CORDOBA,2014,1140,1.14E+12,CONSTRUCCION,S05
23,CORDOBA,2015,1256,1.26E+12,CONSTRUCCION,S05
23,CORDOBA,2016,1259,1.26E+12,CONSTRUCCION,S05
23,CORDOBA,2017,1340,1.34E+12,CONSTRUCCION,S05
23,CORDOBA,2018,1217,1.22E+12,CONSTRUCCION,S05
23,CORDOBA,2019,1299,1.30E+12,CONSTRUCCION,S05
23,CORDOBA,2020,786,7.86E+11,CONSTRUCCION,S05
23,CORDOBA,2021,792,7.92E+11,CONSTRUCCION,S05
23,CORDOBA,2022,1017,1.02E+12,CONSTRUCCION,S05
23,CORDOBA,2023p,1262,1.26E+12,CONSTRUCCION,S05
23,CORDOBA,2024pr,1426,1.43E+12,CONSTRUCCION,S05
25,CUNDINAMARCA,1980,3,3000000000,CONSTRUCCION,S05
25,CUNDINAMARCA,1981,4,4000000000,CONSTRUCCION,S05
25,CUNDINAMARCA,1982,8,8000000000,CONSTRUCCION,S05
25,CUNDINAMARCA,1983,6,6000000000,CONSTRUCCION,S05
25,CUNDINAMARCA,1984,14,14000000000,CONSTRUCCION,S05
25,CUNDINAMARCA,1985,22,22000000000,CONSTRUCCION,S05
25,CUNDINAMARCA,1986,29,29000000000,CONSTRUCCION,S05
25,CUNDINAMARCA,1987,36,36000000000,CONSTRUCCION,S05
25,CUNDINAMARCA,1988,51,51000000000,CONSTRUCCION,S05
25,CUNDINAMARCA,1989,50,50000000000,CONSTRUCCION,S05
25,CUNDINAMARCA,1990,44,44000000000,CONSTRUCCION,S05
25,CUNDINAMARCA,1991,59,59000000000,CONSTRUCCION,S05
25,CUNDINAMARCA,1992,94,94000000000,CONSTRUCCION,S05
25,CUNDINAMARCA,1993,122,1.22E+11,CONSTRUCCION,S05
25,CUNDINAMARCA,1994,135,1.35E+11,CONSTRUCCION,S05
25,CUNDINAMARCA,1995,136,1.36E+11,CONSTRUCCION,S05
25,CUNDINAMARCA,1996,190,1.90E+11,CONSTRUCCION,S05
25,CUNDINAMARCA,1997,230,2.30E+11,CONSTRUCCION,S05
25,CUNDINAMARCA,1998,144,1.44E+11,CONSTRUCCION,S05
25,CUNDINAMARCA,1999,136,1.36E+11,CONSTRUCCION,S05
25,CUNDINAMARCA,2000,333,3.33E+11,CONSTRUCCION,S05
25,CUNDINAMARCA,2001,470,4.70E+11,CONSTRUCCION,S05
25,CUNDINAMARCA,2002,307,3.07E+11,CONSTRUCCION,S05
25,CUNDINAMARCA,2003,309,3.09E+11,CONSTRUCCION,S05
25,CUNDINAMARCA,2004,274,2.74E+11,CONSTRUCCION,S05
25,CUNDINAMARCA,2005,282,2.82E+11,CONSTRUCCION,S05
25,CUNDINAMARCA,2006,376,3.76E+11,CONSTRUCCION,S05
25,CUNDINAMARCA,2007,659,6.59E+11,CONSTRUCCION,S05
25,CUNDINAMARCA,2008,1071,1.07E+12,CONSTRUCCION,S05
25,CUNDINAMARCA,2009,1168,1.17E+12,CONSTRUCCION,S05
25,CUNDINAMARCA,2010,1093,1.09E+12,CONSTRUCCION,S05
25,CUNDINAMARCA,2011,1865,1.87E+12,CONSTRUCCION,S05
25,CUNDINAMARCA,2012,2470,2.47E+12,CONSTRUCCION,S05
25,CUNDINAMARCA,2013,3334,3.33E+12,CONSTRUCCION,S05
25,CUNDINAMARCA,2014,3495,3.50E+12,CONSTRUCCION,S05
25,CUNDINAMARCA,2015,3767,3.77E+12,CONSTRUCCION,S05
25,CUNDINAMARCA,2016,4564,4.56E+12,CONSTRUCCION,S05
25,CUNDINAMARCA,2017,4479,4.48E+12,CONSTRUCCION,S05
25,CUNDINAMARCA,2018,4457,4.46E+12,CONSTRUCCION,S05
25,CUNDINAMARCA,2019,4257,4.26E+12,CONSTRUCCION,S05
25,CUNDINAMARCA,2020,2819,2.82E+12,CONSTRUCCION,S05
25,CUNDINAMARCA,2021,2668,2.67E+12,CONSTRUCCION,S05
25,CUNDINAMARCA,2022,3230,3.23E+12,CONSTRUCCION,S05
25,CUNDINAMARCA,2023p,4384,4.38E+12,CONSTRUCCION,S05
25,CUNDINAMARCA,2024pr,4426,4.43E+12,CONSTRUCCION,S05
41,HUILA,1980,1,1000000000,CONSTRUCCION,S05
41,HUILA,1981,1,1000000000,CONSTRUCCION,S05
41,HUILA,1982,1,1000000000,CONSTRUCCION,S05
41,HUILA,1983,2,2000000000,CONSTRUCCION,S05
41,HUILA,1984,9,9000000000,CONSTRUCCION,S05
41,HUILA,1985,14,14000000000,CONSTRUCCION,S05
41,HUILA,1986,12,12000000000,CONSTRUCCION,S05
41,HUILA,1987,9,9000000000,CONSTRUCCION,S05
41,HUILA,1988,10,10000000000,CONSTRUCCION,S05
41,HUILA,1989,12,12000000000,CONSTRUCCION,S05
41,HUILA,1990,12,12000000000,CONSTRUCCION,S05
41,HUILA,1991,30,30000000000,CONSTRUCCION,S05
41,HUILA,1992,28,28000000000,CONSTRUCCION,S05
41,HUILA,1993,53,53000000000,CONSTRUCCION,S05
41,HUILA,1994,58,58000000000,CONSTRUCCION,S05
41,HUILA,1995,84,84000000000,CONSTRUCCION,S05
41,HUILA,1996,160,1.60E+11,CONSTRUCCION,S05
41,HUILA,1997,137,1.37E+11,CONSTRUCCION,S05
41,HUILA,1998,130,1.30E+11,CONSTRUCCION,S05
41,HUILA,1999,99,99000000000,CONSTRUCCION,S05
41,HUILA,2000,128,1.28E+11,CONSTRUCCION,S05
41,HUILA,2001,230,2.30E+11,CONSTRUCCION,S05
41,HUILA,2002,254,2.54E+11,CONSTRUCCION,S05
41,HUILA,2003,278,2.78E+11,CONSTRUCCION,S05
41,HUILA,2004,365,3.65E+11,CONSTRUCCION,S05
41,HUILA,2005,419,4.19E+11,CONSTRUCCION,S05
41,HUILA,2006,479,4.79E+11,CONSTRUCCION,S05
41,HUILA,2007,635,6.35E+11,CONSTRUCCION,S05
41,HUILA,2008,791,7.91E+11,CONSTRUCCION,S05
41,HUILA,2009,911,9.11E+11,CONSTRUCCION,S05
41,HUILA,2010,1083,1.08E+12,CONSTRUCCION,S05
41,HUILA,2011,1335,1.34E+12,CONSTRUCCION,S05
41,HUILA,2012,1729,1.73E+12,CONSTRUCCION,S05
41,HUILA,2013,1951,1.95E+12,CONSTRUCCION,S05
41,HUILA,2014,2016,2.02E+12,CONSTRUCCION,S05
41,HUILA,2015,2132,2.13E+12,CONSTRUCCION,S05
41,HUILA,2016,2150,2.15E+12,CONSTRUCCION,S05
41,HUILA,2017,1840,1.84E+12,CONSTRUCCION,S05
41,HUILA,2018,1717,1.72E+12,CONSTRUCCION,S05
41,HUILA,2019,1744,1.74E+12,CONSTRUCCION,S05
41,HUILA,2020,1323,1.32E+12,CONSTRUCCION,S05
41,HUILA,2021,1523,1.52E+12,CONSTRUCCION,S05
41,HUILA,2022,1590,1.59E+12,CONSTRUCCION,S05
41,HUILA,2023p,1608,1.61E+12,CONSTRUCCION,S05
41,HUILA,2024pr,1849,1.85E+12,CONSTRUCCION,S05
44,LA GUAJIRA,1980,1,1000000000,CONSTRUCCION,S05
44,LA GUAJIRA,1981,1,1000000000,CONSTRUCCION,S05
44,LA GUAJIRA,1982,1,1000000000,CONSTRUCCION,S05
44,LA GUAJIRA,1983,1,1000000000,CONSTRUCCION,S05
44,LA GUAJIRA,1984,2,2000000000,CONSTRUCCION,S05
44,LA GUAJIRA,1985,3,3000000000,CONSTRUCCION,S05
44,LA GUAJIRA,1986,4,4000000000,CONSTRUCCION,S05
44,LA GUAJIRA,1987,4,4000000000,CONSTRUCCION,S05
44,LA GUAJIRA,1988,7,7000000000,CONSTRUCCION,S05
44,LA GUAJIRA,1989,9,9000000000,CONSTRUCCION,S05
44,LA GUAJIRA,1990,10,10000000000,CONSTRUCCION,S05
44,LA GUAJIRA,1991,13,13000000000,CONSTRUCCION,S05
44,LA GUAJIRA,1992,18,18000000000,CONSTRUCCION,S05
44,LA GUAJIRA,1993,32,32000000000,CONSTRUCCION,S05
44,LA GUAJIRA,1994,36,36000000000,CONSTRUCCION,S05
44,LA GUAJIRA,1995,46,46000000000,CONSTRUCCION,S05
44,LA GUAJIRA,1996,58,58000000000,CONSTRUCCION,S05
44,LA GUAJIRA,1997,68,68000000000,CONSTRUCCION,S05
44,LA GUAJIRA,1998,70,70000000000,CONSTRUCCION,S05
44,LA GUAJIRA,1999,58,58000000000,CONSTRUCCION,S05
44,LA GUAJIRA,2000,59,59000000000,CONSTRUCCION,S05
44,LA GUAJIRA,2001,60,60000000000,CONSTRUCCION,S05
44,LA GUAJIRA,2002,60,60000000000,CONSTRUCCION,S05
44,LA GUAJIRA,2003,59,59000000000,CONSTRUCCION,S05
44,LA GUAJIRA,2004,70,70000000000,CONSTRUCCION,S05
44,LA GUAJIRA,2005,75,75000000000,CONSTRUCCION,S05
44,LA GUAJIRA,2006,107,1.07E+11,CONSTRUCCION,S05
44,LA GUAJIRA,2007,174,1.74E+11,CONSTRUCCION,S05
44,LA GUAJIRA,2008,199,1.99E+11,CONSTRUCCION,S05
44,LA GUAJIRA,2009,214,2.14E+11,CONSTRUCCION,S05
44,LA GUAJIRA,2010,208,2.08E+11,CONSTRUCCION,S05
44,LA GUAJIRA,2011,239,2.39E+11,CONSTRUCCION,S05
44,LA GUAJIRA,2012,285,2.85E+11,CONSTRUCCION,S05
44,LA GUAJIRA,2013,367,3.67E+11,CONSTRUCCION,S05
44,LA GUAJIRA,2014,503,5.03E+11,CONSTRUCCION,S05
44,LA GUAJIRA,2015,465,4.65E+11,CONSTRUCCION,S05
44,LA GUAJIRA,2016,578,5.78E+11,CONSTRUCCION,S05
44,LA GUAJIRA,2017,685,6.85E+11,CONSTRUCCION,S05
44,LA GUAJIRA,2018,658,6.58E+11,CONSTRUCCION,S05
44,LA GUAJIRA,2019,661,6.61E+11,CONSTRUCCION,S05
44,LA GUAJIRA,2020,591,5.91E+11,CONSTRUCCION,S05
44,LA GUAJIRA,2021,670,6.70E+11,CONSTRUCCION,S05
44,LA GUAJIRA,2022,769,7.69E+11,CONSTRUCCION,S05
44,LA GUAJIRA,2023p,823,8.23E+11,CONSTRUCCION,S05
44,LA GUAJIRA,2024pr,915,9.15E+11,CONSTRUCCION,S05
47,MAGDALENA,1980,1,1000000000,CONSTRUCCION,S05
47,MAGDALENA,1981,1,1000000000,CONSTRUCCION,S05
47,MAGDALENA,1982,1,1000000000,CONSTRUCCION,S05
47,MAGDALENA,1983,1,1000000000,CONSTRUCCION,S05
47,MAGDALENA,1984,1,1000000000,CONSTRUCCION,S05
47,MAGDALENA,1985,6,6000000000,CONSTRUCCION,S05
47,MAGDALENA,1986,7,7000000000,CONSTRUCCION,S05
47,MAGDALENA,1987,3,3000000000,CONSTRUCCION,S05
47,MAGDALENA,1988,8,8000000000,CONSTRUCCION,S05
47,MAGDALENA,1989,5,5000000000,CONSTRUCCION,S05
47,MAGDALENA,1990,12,12000000000,CONSTRUCCION,S05
47,MAGDALENA,1991,9,9000000000,CONSTRUCCION,S05
47,MAGDALENA,1992,15,15000000000,CONSTRUCCION,S05
47,MAGDALENA,1993,37,37000000000,CONSTRUCCION,S05
47,MAGDALENA,1994,42,42000000000,CONSTRUCCION,S05
47,MAGDALENA,1995,59,59000000000,CONSTRUCCION,S05
47,MAGDALENA,1996,62,62000000000,CONSTRUCCION,S05
47,MAGDALENA,1997,63,63000000000,CONSTRUCCION,S05
47,MAGDALENA,1998,99,99000000000,CONSTRUCCION,S05
47,MAGDALENA,1999,50,50000000000,CONSTRUCCION,S05
47,MAGDALENA,2000,62,62000000000,CONSTRUCCION,S05
47,MAGDALENA,2001,53,53000000000,CONSTRUCCION,S05
47,MAGDALENA,2002,71,71000000000,CONSTRUCCION,S05
47,MAGDALENA,2003,104,1.04E+11,CONSTRUCCION,S05
47,MAGDALENA,2004,123,1.23E+11,CONSTRUCCION,S05
47,MAGDALENA,2005,200,2.00E+11,CONSTRUCCION,S05
47,MAGDALENA,2006,166,1.66E+11,CONSTRUCCION,S05
47,MAGDALENA,2007,248,2.48E+11,CONSTRUCCION,S05
47,MAGDALENA,2008,306,3.06E+11,CONSTRUCCION,S05
47,MAGDALENA,2009,541,5.41E+11,CONSTRUCCION,S05
47,MAGDALENA,2010,584,5.84E+11,CONSTRUCCION,S05
47,MAGDALENA,2011,682,6.82E+11,CONSTRUCCION,S05
47,MAGDALENA,2012,986,9.86E+11,CONSTRUCCION,S05
47,MAGDALENA,2013,1244,1.24E+12,CONSTRUCCION,S05
47,MAGDALENA,2014,877,8.77E+11,CONSTRUCCION,S05
47,MAGDALENA,2015,998,9.98E+11,CONSTRUCCION,S05
47,MAGDALENA,2016,1139,1.14E+12,CONSTRUCCION,S05
47,MAGDALENA,2017,1074,1.07E+12,CONSTRUCCION,S05
47,MAGDALENA,2018,1057,1.06E+12,CONSTRUCCION,S05
47,MAGDALENA,2019,955,9.55E+11,CONSTRUCCION,S05
47,MAGDALENA,2020,789,7.89E+11,CONSTRUCCION,S05
47,MAGDALENA,2021,904,9.04E+11,CONSTRUCCION,S05
47,MAGDALENA,2022,1098,1.10E+12,CONSTRUCCION,S05
47,MAGDALENA,2023p,1166,1.17E+12,CONSTRUCCION,S05
47,MAGDALENA,2024pr,1281,1.28E+12,CONSTRUCCION,S05
50,META,1980,1,1000000000,CONSTRUCCION,S05
50,META,1981,1,1000000000,CONSTRUCCION,S05
50,META,1982,2,2000000000,CONSTRUCCION,S05
50,META,1983,2,2000000000,CONSTRUCCION,S05
50,META,1984,3,3000000000,CONSTRUCCION,S05
50,META,1985,3,3000000000,CONSTRUCCION,S05
50,META,1986,5,5000000000,CONSTRUCCION,S05
50,META,1987,8,8000000000,CONSTRUCCION,S05
50,META,1988,11,11000000000,CONSTRUCCION,S05
50,META,1989,28,28000000000,CONSTRUCCION,S05
50,META,1990,12,12000000000,CONSTRUCCION,S05
50,META,1991,18,18000000000,CONSTRUCCION,S05
50,META,1992,23,23000000000,CONSTRUCCION,S05
50,META,1993,32,32000000000,CONSTRUCCION,S05
50,META,1994,40,40000000000,CONSTRUCCION,S05
50,META,1995,59,59000000000,CONSTRUCCION,S05
50,META,1996,88,88000000000,CONSTRUCCION,S05
50,META,1997,80,80000000000,CONSTRUCCION,S05
50,META,1998,77,77000000000,CONSTRUCCION,S05
50,META,1999,54,54000000000,CONSTRUCCION,S05
50,META,2000,100,1.00E+11,CONSTRUCCION,S05
50,META,2001,104,1.04E+11,CONSTRUCCION,S05
50,META,2002,114,1.14E+11,CONSTRUCCION,S05
50,META,2003,159,1.59E+11,CONSTRUCCION,S05
50,META,2004,233,2.33E+11,CONSTRUCCION,S05
50,META,2005,346,3.46E+11,CONSTRUCCION,S05
50,META,2006,631,6.31E+11,CONSTRUCCION,S05
50,META,2007,686,6.86E+11,CONSTRUCCION,S05
50,META,2008,865,8.65E+11,CONSTRUCCION,S05
50,META,2009,1121,1.12E+12,CONSTRUCCION,S05
50,META,2010,1272,1.27E+12,CONSTRUCCION,S05
50,META,2011,1644,1.64E+12,CONSTRUCCION,S05
50,META,2012,1840,1.84E+12,CONSTRUCCION,S05
50,META,2013,2364,2.36E+12,CONSTRUCCION,S05
50,META,2014,2275,2.28E+12,CONSTRUCCION,S05
50,META,2015,1955,1.96E+12,CONSTRUCCION,S05
50,META,2016,1682,1.68E+12,CONSTRUCCION,S05
50,META,2017,1492,1.49E+12,CONSTRUCCION,S05
50,META,2018,1626,1.63E+12,CONSTRUCCION,S05
50,META,2019,1635,1.64E+12,CONSTRUCCION,S05
50,META,2020,1129,1.13E+12,CONSTRUCCION,S05
50,META,2021,1078,1.08E+12,CONSTRUCCION,S05
50,META,2022,1406,1.41E+12,CONSTRUCCION,S05
50,META,2023p,1501,1.50E+12,CONSTRUCCION,S05
50,META,2024pr,1734,1.73E+12,CONSTRUCCION,S05
52,NARINO,1980,1,1000000000,CONSTRUCCION,S05
52,NARINO,1981,1,1000000000,CONSTRUCCION,S05
52,NARINO,1982,1,1000000000,CONSTRUCCION,S05
52,NARINO,1983,2,2000000000,CONSTRUCCION,S05
52,NARINO,1984,2,2000000000,CONSTRUCCION,S05
52,NARINO,1985,4,4000000000,CONSTRUCCION,S05
52,NARINO,1986,5,5000000000,CONSTRUCCION,S05
52,NARINO,1987,5,5000000000,CONSTRUCCION,S05
52,NARINO,1988,8,8000000000,CONSTRUCCION,S05
52,NARINO,1989,7,7000000000,CONSTRUCCION,S05
52,NARINO,1990,9,9000000000,CONSTRUCCION,S05
52,NARINO,1991,13,13000000000,CONSTRUCCION,S05
52,NARINO,1992,20,20000000000,CONSTRUCCION,S05
52,NARINO,1993,31,31000000000,CONSTRUCCION,S05
52,NARINO,1994,49,49000000000,CONSTRUCCION,S05
52,NARINO,1995,58,58000000000,CONSTRUCCION,S05
52,NARINO,1996,62,62000000000,CONSTRUCCION,S05
52,NARINO,1997,67,67000000000,CONSTRUCCION,S05
52,NARINO,1998,98,98000000000,CONSTRUCCION,S05
52,NARINO,1999,76,76000000000,CONSTRUCCION,S05
52,NARINO,2000,63,63000000000,CONSTRUCCION,S05
52,NARINO,2001,104,1.04E+11,CONSTRUCCION,S05
52,NARINO,2002,128,1.28E+11,CONSTRUCCION,S05
52,NARINO,2003,181,1.81E+11,CONSTRUCCION,S05
52,NARINO,2004,285,2.85E+11,CONSTRUCCION,S05
52,NARINO,2005,291,2.91E+11,CONSTRUCCION,S05
52,NARINO,2006,332,3.32E+11,CONSTRUCCION,S05
52,NARINO,2007,375,3.75E+11,CONSTRUCCION,S05
52,NARINO,2008,405,4.05E+11,CONSTRUCCION,S05
52,NARINO,2009,551,5.51E+11,CONSTRUCCION,S05
52,NARINO,2010,509,5.09E+11,CONSTRUCCION,S05
52,NARINO,2011,604,6.04E+11,CONSTRUCCION,S05
52,NARINO,2012,690,6.90E+11,CONSTRUCCION,S05
52,NARINO,2013,928,9.28E+11,CONSTRUCCION,S05
52,NARINO,2014,1033,1.03E+12,CONSTRUCCION,S05
52,NARINO,2015,1183,1.18E+12,CONSTRUCCION,S05
52,NARINO,2016,1456,1.46E+12,CONSTRUCCION,S05
52,NARINO,2017,1361,1.36E+12,CONSTRUCCION,S05
52,NARINO,2018,1385,1.39E+12,CONSTRUCCION,S05
52,NARINO,2019,1436,1.44E+12,CONSTRUCCION,S05
52,NARINO,2020,1120,1.12E+12,CONSTRUCCION,S05
52,NARINO,2021,1116,1.12E+12,CONSTRUCCION,S05
52,NARINO,2022,1215,1.22E+12,CONSTRUCCION,S05
52,NARINO,2023p,1205,1.21E+12,CONSTRUCCION,S05
52,NARINO,2024pr,1154,1.15E+12,CONSTRUCCION,S05
54,NORTE DE SANTANDER,1980,1,1000000000,CONSTRUCCION,S05
54,NORTE DE SANTANDER,1981,1,1000000000,CONSTRUCCION,S05
54,NORTE DE SANTANDER,1982,2,2000000000,CONSTRUCCION,S05
54,NORTE DE SANTANDER,1983,3,3000000000,CONSTRUCCION,S05
54,NORTE DE SANTANDER,1984,3,3000000000,CONSTRUCCION,S05
54,NORTE DE SANTANDER,1985,14,14000000000,CONSTRUCCION,S05
54,NORTE DE SANTANDER,1986,20,20000000000,CONSTRUCCION,S05
54,NORTE DE SANTANDER,1987,7,7000000000,CONSTRUCCION,S05
54,NORTE DE SANTANDER,1988,17,17000000000,CONSTRUCCION,S05
54,NORTE DE SANTANDER,1989,14,14000000000,CONSTRUCCION,S05
54,NORTE DE SANTANDER,1990,16,16000000000,CONSTRUCCION,S05
54,NORTE DE SANTANDER,1991,15,15000000000,CONSTRUCCION,S05
54,NORTE DE SANTANDER,1992,20,20000000000,CONSTRUCCION,S05
54,NORTE DE SANTANDER,1993,33,33000000000,CONSTRUCCION,S05
54,NORTE DE SANTANDER,1994,42,42000000000,CONSTRUCCION,S05
54,NORTE DE SANTANDER,1995,72,72000000000,CONSTRUCCION,S05
54,NORTE DE SANTANDER,1996,73,73000000000,CONSTRUCCION,S05
54,NORTE DE SANTANDER,1997,91,91000000000,CONSTRUCCION,S05
54,NORTE DE SANTANDER,1998,102,1.02E+11,CONSTRUCCION,S05
54,NORTE DE SANTANDER,1999,70,70000000000,CONSTRUCCION,S05
54,NORTE DE SANTANDER,2000,46,46000000000,CONSTRUCCION,S05
54,NORTE DE SANTANDER,2001,70,70000000000,CONSTRUCCION,S05
54,NORTE DE SANTANDER,2002,119,1.19E+11,CONSTRUCCION,S05
54,NORTE DE SANTANDER,2003,212,2.12E+11,CONSTRUCCION,S05
54,NORTE DE SANTANDER,2004,240,2.40E+11,CONSTRUCCION,S05
54,NORTE DE SANTANDER,2005,136,1.36E+11,CONSTRUCCION,S05
54,NORTE DE SANTANDER,2006,286,2.86E+11,CONSTRUCCION,S05
54,NORTE DE SANTANDER,2007,343,3.43E+11,CONSTRUCCION,S05
54,NORTE DE SANTANDER,2008,413,4.13E+11,CONSTRUCCION,S05
54,NORTE DE SANTANDER,2009,635,6.35E+11,CONSTRUCCION,S05
54,NORTE DE SANTANDER,2010,639,6.39E+11,CONSTRUCCION,S05
54,NORTE DE SANTANDER,2011,677,6.77E+11,CONSTRUCCION,S05
54,NORTE DE SANTANDER,2012,623,6.23E+11,CONSTRUCCION,S05
54,NORTE DE SANTANDER,2013,1072,1.07E+12,CONSTRUCCION,S05
54,NORTE DE SANTANDER,2014,1313,1.31E+12,CONSTRUCCION,S05
54,NORTE DE SANTANDER,2015,1329,1.33E+12,CONSTRUCCION,S05
54,NORTE DE SANTANDER,2016,1699,1.70E+12,CONSTRUCCION,S05
54,NORTE DE SANTANDER,2017,1548,1.55E+12,CONSTRUCCION,S05
54,NORTE DE SANTANDER,2018,1687,1.69E+12,CONSTRUCCION,S05
54,NORTE DE SANTANDER,2019,1559,1.56E+12,CONSTRUCCION,S05
54,NORTE DE SANTANDER,2020,1225,1.23E+12,CONSTRUCCION,S05
54,NORTE DE SANTANDER,2021,1428,1.43E+12,CONSTRUCCION,S05
54,NORTE DE SANTANDER,2022,1589,1.59E+12,CONSTRUCCION,S05
54,NORTE DE SANTANDER,2023p,1719,1.72E+12,CONSTRUCCION,S05
54,NORTE DE SANTANDER,2024pr,1774,1.77E+12,CONSTRUCCION,S05
63,QUNDIO,1980,1,1000000000,CONSTRUCCION,S05
63,QUNDIO,1981,1,1000000000,CONSTRUCCION,S05
63,QUNDIO,1982,1,1000000000,CONSTRUCCION,S05
63,QUNDIO,1983,1,1000000000,CONSTRUCCION,S05
63,QUNDIO,1984,2,2000000000,CONSTRUCCION,S05
63,QUNDIO,1985,3,3000000000,CONSTRUCCION,S05
63,QUNDIO,1986,4,4000000000,CONSTRUCCION,S05
63,QUNDIO,1987,3,3000000000,CONSTRUCCION,S05
63,QUNDIO,1988,6,6000000000,CONSTRUCCION,S05
63,QUNDIO,1989,7,7000000000,CONSTRUCCION,S05
63,QUNDIO,1990,7,7000000000,CONSTRUCCION,S05
63,QUNDIO,1991,20,20000000000,CONSTRUCCION,S05
63,QUNDIO,1992,21,21000000000,CONSTRUCCION,S05
63,QUNDIO,1993,33,33000000000,CONSTRUCCION,S05
63,QUNDIO,1994,72,72000000000,CONSTRUCCION,S05
63,QUNDIO,1995,56,56000000000,CONSTRUCCION,S05
63,QUNDIO,1996,50,50000000000,CONSTRUCCION,S05
63,QUNDIO,1997,64,64000000000,CONSTRUCCION,S05
63,QUNDIO,1998,51,51000000000,CONSTRUCCION,S05
63,QUNDIO,1999,66,66000000000,CONSTRUCCION,S05
63,QUNDIO,2000,101,1.01E+11,CONSTRUCCION,S05
63,QUNDIO,2001,159,1.59E+11,CONSTRUCCION,S05
63,QUNDIO,2002,125,1.25E+11,CONSTRUCCION,S05
63,QUNDIO,2003,88,88000000000,CONSTRUCCION,S05
63,QUNDIO,2004,95,95000000000,CONSTRUCCION,S05
63,QUNDIO,2005,128,1.28E+11,CONSTRUCCION,S05
63,QUNDIO,2006,144,1.44E+11,CONSTRUCCION,S05
63,QUNDIO,2007,221,2.21E+11,CONSTRUCCION,S05
63,QUNDIO,2008,223,2.23E+11,CONSTRUCCION,S05
63,QUNDIO,2009,243,2.43E+11,CONSTRUCCION,S05
63,QUNDIO,2010,240,2.40E+11,CONSTRUCCION,S05
63,QUNDIO,2011,415,4.15E+11,CONSTRUCCION,S05
63,QUNDIO,2012,635,6.35E+11,CONSTRUCCION,S05
63,QUNDIO,2013,603,6.03E+11,CONSTRUCCION,S05
63,QUNDIO,2014,588,5.88E+11,CONSTRUCCION,S05
63,QUNDIO,2015,674,6.74E+11,CONSTRUCCION,S05
63,QUNDIO,2016,812,8.12E+11,CONSTRUCCION,S05
63,QUNDIO,2017,850,8.50E+11,CONSTRUCCION,S05
63,QUNDIO,2018,755,7.55E+11,CONSTRUCCION,S05
63,QUNDIO,2019,721,7.21E+11,CONSTRUCCION,S05
63,QUNDIO,2020,488,4.88E+11,CONSTRUCCION,S05
63,QUNDIO,2021,491,4.91E+11,CONSTRUCCION,S05
63,QUNDIO,2022,691,6.91E+11,CONSTRUCCION,S05
63,QUNDIO,2023p,727,7.27E+11,CONSTRUCCION,S05
63,QUNDIO,2024pr,673,6.73E+11,CONSTRUCCION,S05
66,RISARALDA,1980,1,1000000000,CONSTRUCCION,S05
66,RISARALDA,1981,1,1000000000,CONSTRUCCION,S05
66,RISARALDA,1982,2,2000000000,CONSTRUCCION,S05
66,RISARALDA,1983,3,3000000000,CONSTRUCCION,S05
66,RISARALDA,1984,3,3000000000,CONSTRUCCION,S05
66,RISARALDA,1985,6,6000000000,CONSTRUCCION,S05
66,RISARALDA,1986,6,6000000000,CONSTRUCCION,S05
66,RISARALDA,1987,8,8000000000,CONSTRUCCION,S05
66,RISARALDA,1988,11,11000000000,CONSTRUCCION,S05
66,RISARALDA,1989,20,20000000000,CONSTRUCCION,S05
66,RISARALDA,1990,16,16000000000,CONSTRUCCION,S05
66,RISARALDA,1991,31,31000000000,CONSTRUCCION,S05
66,RISARALDA,1992,35,35000000000,CONSTRUCCION,S05
66,RISARALDA,1993,60,60000000000,CONSTRUCCION,S05
66,RISARALDA,1994,84,84000000000,CONSTRUCCION,S05
66,RISARALDA,1995,107,1.07E+11,CONSTRUCCION,S05
66,RISARALDA,1996,126,1.26E+11,CONSTRUCCION,S05
66,RISARALDA,1997,145,1.45E+11,CONSTRUCCION,S05
66,RISARALDA,1998,105,1.05E+11,CONSTRUCCION,S05
66,RISARALDA,1999,83,83000000000,CONSTRUCCION,S05
66,RISARALDA,2000,92,92000000000,CONSTRUCCION,S05
66,RISARALDA,2001,76,76000000000,CONSTRUCCION,S05
66,RISARALDA,2002,168,1.68E+11,CONSTRUCCION,S05
66,RISARALDA,2003,228,2.28E+11,CONSTRUCCION,S05
66,RISARALDA,2004,336,3.36E+11,CONSTRUCCION,S05
66,RISARALDA,2005,423,4.23E+11,CONSTRUCCION,S05
66,RISARALDA,2006,520,5.20E+11,CONSTRUCCION,S05
66,RISARALDA,2007,482,4.82E+11,CONSTRUCCION,S05
66,RISARALDA,2008,578,5.78E+11,CONSTRUCCION,S05
66,RISARALDA,2009,614,6.14E+11,CONSTRUCCION,S05
66,RISARALDA,2010,578,5.78E+11,CONSTRUCCION,S05
66,RISARALDA,2011,549,5.49E+11,CONSTRUCCION,S05
66,RISARALDA,2012,599,5.99E+11,CONSTRUCCION,S05
66,RISARALDA,2013,853,8.53E+11,CONSTRUCCION,S05
66,RISARALDA,2014,1009,1.01E+12,CONSTRUCCION,S05
66,RISARALDA,2015,953,9.53E+11,CONSTRUCCION,S05
66,RISARALDA,2016,1054,1.05E+12,CONSTRUCCION,S05
66,RISARALDA,2017,1179,1.18E+12,CONSTRUCCION,S05
66,RISARALDA,2018,1229,1.23E+12,CONSTRUCCION,S05
66,RISARALDA,2019,1226,1.23E+12,CONSTRUCCION,S05
66,RISARALDA,2020,912,9.12E+11,CONSTRUCCION,S05
66,RISARALDA,2021,967,9.67E+11,CONSTRUCCION,S05
66,RISARALDA,2022,1280,1.28E+12,CONSTRUCCION,S05
66,RISARALDA,2023p,1563,1.56E+12,CONSTRUCCION,S05
66,RISARALDA,2024pr,1534,1.53E+12,CONSTRUCCION,S05
68,SANTANDER,1980,3,3000000000,CONSTRUCCION,S05
68,SANTANDER,1981,5,5000000000,CONSTRUCCION,S05
68,SANTANDER,1982,6,6000000000,CONSTRUCCION,S05
68,SANTANDER,1983,5,5000000000,CONSTRUCCION,S05
68,SANTANDER,1984,6,6000000000,CONSTRUCCION,S05
68,SANTANDER,1985,7,7000000000,CONSTRUCCION,S05
68,SANTANDER,1986,11,11000000000,CONSTRUCCION,S05
68,SANTANDER,1987,17,17000000000,CONSTRUCCION,S05
68,SANTANDER,1988,28,28000000000,CONSTRUCCION,S05
68,SANTANDER,1989,42,42000000000,CONSTRUCCION,S05
68,SANTANDER,1990,35,35000000000,CONSTRUCCION,S05
68,SANTANDER,1991,49,49000000000,CONSTRUCCION,S05
68,SANTANDER,1992,53,53000000000,CONSTRUCCION,S05
68,SANTANDER,1993,119,1.19E+11,CONSTRUCCION,S05
68,SANTANDER,1994,178,1.78E+11,CONSTRUCCION,S05
68,SANTANDER,1995,173,1.73E+11,CONSTRUCCION,S05
68,SANTANDER,1996,310,3.10E+11,CONSTRUCCION,S05
68,SANTANDER,1997,374,3.74E+11,CONSTRUCCION,S05
68,SANTANDER,1998,370,3.70E+11,CONSTRUCCION,S05
68,SANTANDER,1999,618,6.18E+11,CONSTRUCCION,S05
68,SANTANDER,2000,534,5.34E+11,CONSTRUCCION,S05
68,SANTANDER,2001,528,5.28E+11,CONSTRUCCION,S05
68,SANTANDER,2002,653,6.53E+11,CONSTRUCCION,S05
68,SANTANDER,2003,846,8.46E+11,CONSTRUCCION,S05
68,SANTANDER,2004,1102,1.10E+12,CONSTRUCCION,S05
68,SANTANDER,2005,1136,1.14E+12,CONSTRUCCION,S05
68,SANTANDER,2006,1347,1.35E+12,CONSTRUCCION,S05
68,SANTANDER,2007,1709,1.71E+12,CONSTRUCCION,S05
68,SANTANDER,2008,2150,2.15E+12,CONSTRUCCION,S05
68,SANTANDER,2009,2559,2.56E+12,CONSTRUCCION,S05
68,SANTANDER,2010,3023,3.02E+12,CONSTRUCCION,S05
68,SANTANDER,2011,3629,3.63E+12,CONSTRUCCION,S05
68,SANTANDER,2012,4405,4.41E+12,CONSTRUCCION,S05
68,SANTANDER,2013,5168,5.17E+12,CONSTRUCCION,S05
68,SANTANDER,2014,7220,7.22E+12,CONSTRUCCION,S05
68,SANTANDER,2015,6246,6.25E+12,CONSTRUCCION,S05
68,SANTANDER,2016,6283,6.28E+12,CONSTRUCCION,S05
68,SANTANDER,2017,5967,5.97E+12,CONSTRUCCION,S05
68,SANTANDER,2018,5231,5.23E+12,CONSTRUCCION,S05
68,SANTANDER,2019,5571,5.57E+12,CONSTRUCCION,S05
68,SANTANDER,2020,3638,3.64E+12,CONSTRUCCION,S05
68,SANTANDER,2021,3314,3.31E+12,CONSTRUCCION,S05
68,SANTANDER,2022,3979,3.98E+12,CONSTRUCCION,S05
68,SANTANDER,2023p,4518,4.52E+12,CONSTRUCCION,S05
68,SANTANDER,2024pr,5032,5.03E+12,CONSTRUCCION,S05
70,SUCRE,1980,0,0,CONSTRUCCION,S05
70,SUCRE,1981,1,1000000000,CONSTRUCCION,S05
70,SUCRE,1982,1,1000000000,CONSTRUCCION,S05
70,SUCRE,1983,2,2000000000,CONSTRUCCION,S05
70,SUCRE,1984,2,2000000000,CONSTRUCCION,S05
70,SUCRE,1985,4,4000000000,CONSTRUCCION,S05
70,SUCRE,1986,6,6000000000,CONSTRUCCION,S05
70,SUCRE,1987,2,2000000000,CONSTRUCCION,S05
70,SUCRE,1988,4,4000000000,CONSTRUCCION,S05
70,SUCRE,1989,7,7000000000,CONSTRUCCION,S05
70,SUCRE,1990,2,2000000000,CONSTRUCCION,S05
70,SUCRE,1991,4,4000000000,CONSTRUCCION,S05
70,SUCRE,1992,5,5000000000,CONSTRUCCION,S05
70,SUCRE,1993,14,14000000000,CONSTRUCCION,S05
70,SUCRE,1994,28,28000000000,CONSTRUCCION,S05
70,SUCRE,1995,28,28000000000,CONSTRUCCION,S05
70,SUCRE,1996,42,42000000000,CONSTRUCCION,S05
70,SUCRE,1997,50,50000000000,CONSTRUCCION,S05
70,SUCRE,1998,52,52000000000,CONSTRUCCION,S05
70,SUCRE,1999,44,44000000000,CONSTRUCCION,S05
70,SUCRE,2000,56,56000000000,CONSTRUCCION,S05
70,SUCRE,2001,80,80000000000,CONSTRUCCION,S05
70,SUCRE,2002,129,1.29E+11,CONSTRUCCION,S05
70,SUCRE,2003,89,89000000000,CONSTRUCCION,S05
70,SUCRE,2004,106,1.06E+11,CONSTRUCCION,S05
70,SUCRE,2005,69,69000000000,CONSTRUCCION,S05
70,SUCRE,2006,103,1.03E+11,CONSTRUCCION,S05
70,SUCRE,2007,143,1.43E+11,CONSTRUCCION,S05
70,SUCRE,2008,135,1.35E+11,CONSTRUCCION,S05
70,SUCRE,2009,204,2.04E+11,CONSTRUCCION,S05
70,SUCRE,2010,254,2.54E+11,CONSTRUCCION,S05
70,SUCRE,2011,300,3.00E+11,CONSTRUCCION,S05
70,SUCRE,2012,396,3.96E+11,CONSTRUCCION,S05
70,SUCRE,2013,556,5.56E+11,CONSTRUCCION,S05
70,SUCRE,2014,713,7.13E+11,CONSTRUCCION,S05
70,SUCRE,2015,677,6.77E+11,CONSTRUCCION,S05
70,SUCRE,2016,740,7.40E+11,CONSTRUCCION,S05
70,SUCRE,2017,831,8.31E+11,CONSTRUCCION,S05
70,SUCRE,2018,843,8.43E+11,CONSTRUCCION,S05
70,SUCRE,2019,927,9.27E+11,CONSTRUCCION,S05
70,SUCRE,2020,801,8.01E+11,CONSTRUCCION,S05
70,SUCRE,2021,831,8.31E+11,CONSTRUCCION,S05
70,SUCRE,2022,915,9.15E+11,CONSTRUCCION,S05
70,SUCRE,2023p,960,9.60E+11,CONSTRUCCION,S05
70,SUCRE,2024pr,956,9.56E+11,CONSTRUCCION,S05
73,TOLIMA,1980,1,1000000000,CONSTRUCCION,S05
73,TOLIMA,1981,1,1000000000,CONSTRUCCION,S05
73,TOLIMA,1982,2,2000000000,CONSTRUCCION,S05
73,TOLIMA,1983,3,3000000000,CONSTRUCCION,S05
73,TOLIMA,1984,3,3000000000,CONSTRUCCION,S05
73,TOLIMA,1985,5,5000000000,CONSTRUCCION,S05
73,TOLIMA,1986,6,6000000000,CONSTRUCCION,S05
73,TOLIMA,1987,9,9000000000,CONSTRUCCION,S05
73,TOLIMA,1988,11,11000000000,CONSTRUCCION,S05
73,TOLIMA,1989,19,19000000000,CONSTRUCCION,S05
73,TOLIMA,1990,18,18000000000,CONSTRUCCION,S05
73,TOLIMA,1991,34,34000000000,CONSTRUCCION,S05
73,TOLIMA,1992,48,48000000000,CONSTRUCCION,S05
73,TOLIMA,1993,64,64000000000,CONSTRUCCION,S05
73,TOLIMA,1994,83,83000000000,CONSTRUCCION,S05
73,TOLIMA,1995,96,96000000000,CONSTRUCCION,S05
73,TOLIMA,1996,170,1.70E+11,CONSTRUCCION,S05
73,TOLIMA,1997,185,1.85E+11,CONSTRUCCION,S05
73,TOLIMA,1998,218,2.18E+11,CONSTRUCCION,S05
73,TOLIMA,1999,166,1.66E+11,CONSTRUCCION,S05
73,TOLIMA,2000,112,1.12E+11,CONSTRUCCION,S05
73,TOLIMA,2001,115,1.15E+11,CONSTRUCCION,S05
73,TOLIMA,2002,131,1.31E+11,CONSTRUCCION,S05
73,TOLIMA,2003,151,1.51E+11,CONSTRUCCION,S05
73,TOLIMA,2004,190,1.90E+11,CONSTRUCCION,S05
73,TOLIMA,2005,268,2.68E+11,CONSTRUCCION,S05
73,TOLIMA,2006,266,2.66E+11,CONSTRUCCION,S05
73,TOLIMA,2007,368,3.68E+11,CONSTRUCCION,S05
73,TOLIMA,2008,466,4.66E+11,CONSTRUCCION,S05
73,TOLIMA,2009,601,6.01E+11,CONSTRUCCION,S05
73,TOLIMA,2010,672,6.72E+11,CONSTRUCCION,S05
73,TOLIMA,2011,731,7.31E+11,CONSTRUCCION,S05
73,TOLIMA,2012,893,8.93E+11,CONSTRUCCION,S05
73,TOLIMA,2013,1383,1.38E+12,CONSTRUCCION,S05
73,TOLIMA,2014,1471,1.47E+12,CONSTRUCCION,S05
73,TOLIMA,2015,1410,1.41E+12,CONSTRUCCION,S05
73,TOLIMA,2016,1683,1.68E+12,CONSTRUCCION,S05
73,TOLIMA,2017,1953,1.95E+12,CONSTRUCCION,S05
73,TOLIMA,2018,1937,1.94E+12,CONSTRUCCION,S05
73,TOLIMA,2019,1944,1.94E+12,CONSTRUCCION,S05
73,TOLIMA,2020,1369,1.37E+12,CONSTRUCCION,S05
73,TOLIMA,2021,1439,1.44E+12,CONSTRUCCION,S05
73,TOLIMA,2022,1682,1.68E+12,CONSTRUCCION,S05
73,TOLIMA,2023p,1836,1.84E+12,CONSTRUCCION,S05
73,TOLIMA,2024pr,1880,1.88E+12,CONSTRUCCION,S05
76,VALLE DEL CAUCA,1980,7,7000000000,CONSTRUCCION,S05
76,VALLE DEL CAUCA,1981,10,10000000000,CONSTRUCCION,S05
76,VALLE DEL CAUCA,1982,9,9000000000,CONSTRUCCION,S05
76,VALLE DEL CAUCA,1983,14,14000000000,CONSTRUCCION,S05
76,VALLE DEL CAUCA,1984,20,20000000000,CONSTRUCCION,S05
76,VALLE DEL CAUCA,1985,22,22000000000,CONSTRUCCION,S05
76,VALLE DEL CAUCA,1986,25,25000000000,CONSTRUCCION,S05
76,VALLE DEL CAUCA,1987,23,23000000000,CONSTRUCCION,S05
76,VALLE DEL CAUCA,1988,35,35000000000,CONSTRUCCION,S05
76,VALLE DEL CAUCA,1989,54,54000000000,CONSTRUCCION,S05
76,VALLE DEL CAUCA,1990,65,65000000000,CONSTRUCCION,S05
76,VALLE DEL CAUCA,1991,81,81000000000,CONSTRUCCION,S05
76,VALLE DEL CAUCA,1992,113,1.13E+11,CONSTRUCCION,S05
76,VALLE DEL CAUCA,1993,205,2.05E+11,CONSTRUCCION,S05
76,VALLE DEL CAUCA,1994,272,2.72E+11,CONSTRUCCION,S05
76,VALLE DEL CAUCA,1995,380,3.80E+11,CONSTRUCCION,S05
76,VALLE DEL CAUCA,1996,634,6.34E+11,CONSTRUCCION,S05
76,VALLE DEL CAUCA,1997,548,5.48E+11,CONSTRUCCION,S05
76,VALLE DEL CAUCA,1998,551,5.51E+11,CONSTRUCCION,S05
76,VALLE DEL CAUCA,1999,428,4.28E+11,CONSTRUCCION,S05
76,VALLE DEL CAUCA,2000,373,3.73E+11,CONSTRUCCION,S05
76,VALLE DEL CAUCA,2001,449,4.49E+11,CONSTRUCCION,S05
76,VALLE DEL CAUCA,2002,478,4.78E+11,CONSTRUCCION,S05
76,VALLE DEL CAUCA,2003,764,7.64E+11,CONSTRUCCION,S05
76,VALLE DEL CAUCA,2004,1135,1.14E+12,CONSTRUCCION,S05
76,VALLE DEL CAUCA,2005,1252,1.25E+12,CONSTRUCCION,S05
76,VALLE DEL CAUCA,2006,1799,1.80E+12,CONSTRUCCION,S05
76,VALLE DEL CAUCA,2007,2078,2.08E+12,CONSTRUCCION,S05
76,VALLE DEL CAUCA,2008,2098,2.10E+12,CONSTRUCCION,S05
76,VALLE DEL CAUCA,2009,2305,2.31E+12,CONSTRUCCION,S05
76,VALLE DEL CAUCA,2010,2085,2.09E+12,CONSTRUCCION,S05
76,VALLE DEL CAUCA,2011,2164,2.16E+12,CONSTRUCCION,S05
76,VALLE DEL CAUCA,2012,2406,2.41E+12,CONSTRUCCION,S05
76,VALLE DEL CAUCA,2013,3147,3.15E+12,CONSTRUCCION,S05
76,VALLE DEL CAUCA,2014,3396,3.40E+12,CONSTRUCCION,S05
76,VALLE DEL CAUCA,2015,3315,3.32E+12,CONSTRUCCION,S05
76,VALLE DEL CAUCA,2016,3663,3.66E+12,CONSTRUCCION,S05
76,VALLE DEL CAUCA,2017,3850,3.85E+12,CONSTRUCCION,S05
76,VALLE DEL CAUCA,2018,4261,4.26E+12,CONSTRUCCION,S05
76,VALLE DEL CAUCA,2019,4348,4.35E+12,CONSTRUCCION,S05
76,VALLE DEL CAUCA,2020,3334,3.33E+12,CONSTRUCCION,S05
76,VALLE DEL CAUCA,2021,3678,3.68E+12,CONSTRUCCION,S05
76,VALLE DEL CAUCA,2022,3398,3.40E+12,CONSTRUCCION,S05
76,VALLE DEL CAUCA,2023p,4011,4.01E+12,CONSTRUCCION,S05
76,VALLE DEL CAUCA,2024pr,4084,4.08E+12,CONSTRUCCION,S05
99999,NUEVOS DEPARTAMENTOS,1980,1,1000000000,CONSTRUCCION,S05
99999,NUEVOS DEPARTAMENTOS,1981,1,1000000000,CONSTRUCCION,S05
99999,NUEVOS DEPARTAMENTOS,1982,2,2000000000,CONSTRUCCION,S05
99999,NUEVOS DEPARTAMENTOS,1983,3,3000000000,CONSTRUCCION,S05
99999,NUEVOS DEPARTAMENTOS,1984,5,5000000000,CONSTRUCCION,S05
99999,NUEVOS DEPARTAMENTOS,1985,12,12000000000,CONSTRUCCION,S05
99999,NUEVOS DEPARTAMENTOS,1986,18,18000000000,CONSTRUCCION,S05
99999,NUEVOS DEPARTAMENTOS,1987,16,16000000000,CONSTRUCCION,S05
99999,NUEVOS DEPARTAMENTOS,1988,24,24000000000,CONSTRUCCION,S05
99999,NUEVOS DEPARTAMENTOS,1989,36,36000000000,CONSTRUCCION,S05
99999,NUEVOS DEPARTAMENTOS,1990,12,12000000000,CONSTRUCCION,S05
99999,NUEVOS DEPARTAMENTOS,1991,19,19000000000,CONSTRUCCION,S05
99999,NUEVOS DEPARTAMENTOS,1992,27,27000000000,CONSTRUCCION,S05
99999,NUEVOS DEPARTAMENTOS,1993,49,49000000000,CONSTRUCCION,S05
99999,NUEVOS DEPARTAMENTOS,1994,54,54000000000,CONSTRUCCION,S05
99999,NUEVOS DEPARTAMENTOS,1995,67,67000000000,CONSTRUCCION,S05
99999,NUEVOS DEPARTAMENTOS,1996,88,88000000000,CONSTRUCCION,S05
99999,NUEVOS DEPARTAMENTOS,1997,99,99000000000,CONSTRUCCION,S05
99999,NUEVOS DEPARTAMENTOS,1998,98,98000000000,CONSTRUCCION,S05
99999,NUEVOS DEPARTAMENTOS,1999,94,94000000000,CONSTRUCCION,S05
99999,NUEVOS DEPARTAMENTOS,2000,81,81000000000,CONSTRUCCION,S05
99999,NUEVOS DEPARTAMENTOS,2001,92,92000000000,CONSTRUCCION,S05
99999,NUEVOS DEPARTAMENTOS,2002,127,1.27E+11,CONSTRUCCION,S05
99999,NUEVOS DEPARTAMENTOS,2003,146,1.46E+11,CONSTRUCCION,S05
99999,NUEVOS DEPARTAMENTOS,2004,200,2.00E+11,CONSTRUCCION,S05
99999,NUEVOS DEPARTAMENTOS,2005,310,3.10E+11,CONSTRUCCION,S05
99999,NUEVOS DEPARTAMENTOS,2006,414,4.14E+11,CONSTRUCCION,S05
99999,NUEVOS DEPARTAMENTOS,2007,585,5.85E+11,CONSTRUCCION,S05
99999,NUEVOS DEPARTAMENTOS,2008,619,6.19E+11,CONSTRUCCION,S05
99999,NUEVOS DEPARTAMENTOS,2009,829,8.29E+11,CONSTRUCCION,S05
99999,NUEVOS DEPARTAMENTOS,2010,939,9.39E+11,CONSTRUCCION,S05
99999,NUEVOS DEPARTAMENTOS,2011,991,9.91E+11,CONSTRUCCION,S05
99999,NUEVOS DEPARTAMENTOS,2012,1069,1.07E+12,CONSTRUCCION,S05
99999,NUEVOS DEPARTAMENTOS,2013,1063,1.06E+12,CONSTRUCCION,S05
99999,NUEVOS DEPARTAMENTOS,2014,1588,1.59E+12,CONSTRUCCION,S05
99999,NUEVOS DEPARTAMENTOS,2015,1773,1.77E+12,CONSTRUCCION,S05
99999,NUEVOS DEPARTAMENTOS,2016,1504,1.50E+12,CONSTRUCCION,S05
99999,NUEVOS DEPARTAMENTOS,2017,1175,1.18E+12,CONSTRUCCION,S05
99999,NUEVOS DEPARTAMENTOS,2018,1170,1.17E+12,CONSTRUCCION,S05
99999,NUEVOS DEPARTAMENTOS,2019,1214,1.21E+12,CONSTRUCCION,S05
99999,NUEVOS DEPARTAMENTOS,2020,961,9.61E+11,CONSTRUCCION,S05
99999,NUEVOS DEPARTAMENTOS,2021,1069,1.07E+12,CONSTRUCCION,S05
99999,NUEVOS DEPARTAMENTOS,2022,1122,1.12E+12,CONSTRUCCION,S05
99999,NUEVOS DEPARTAMENTOS,2023p,1258,1.26E+12,CONSTRUCCION,S05
99999,NUEVOS DEPARTAMENTOS,2024pr,1389,1.39E+12,CONSTRUCCION,S05
0,COLOMBIA,1980,27,27000000000,ELECTRICIDAD GAS Y AGUA,S06
0,COLOMBIA,1981,39,39000000000,ELECTRICIDAD GAS Y AGUA,S06
0,COLOMBIA,1982,56,56000000000,ELECTRICIDAD GAS Y AGUA,S06
0,COLOMBIA,1983,74,74000000000,ELECTRICIDAD GAS Y AGUA,S06
0,COLOMBIA,1984,98,98000000000,ELECTRICIDAD GAS Y AGUA,S06
0,COLOMBIA,1985,127,1.27E+11,ELECTRICIDAD GAS Y AGUA,S06
0,COLOMBIA,1986,180,1.80E+11,ELECTRICIDAD GAS Y AGUA,S06
0,COLOMBIA,1987,236,2.36E+11,ELECTRICIDAD GAS Y AGUA,S06
0,COLOMBIA,1988,325,3.25E+11,ELECTRICIDAD GAS Y AGUA,S06
0,COLOMBIA,1989,454,4.54E+11,ELECTRICIDAD GAS Y AGUA,S06
0,COLOMBIA,1990,607,6.07E+11,ELECTRICIDAD GAS Y AGUA,S06
0,COLOMBIA,1991,827,8.27E+11,ELECTRICIDAD GAS Y AGUA,S06
0,COLOMBIA,1992,1065,1.07E+12,ELECTRICIDAD GAS Y AGUA,S06
0,COLOMBIA,1993,1636,1.64E+12,ELECTRICIDAD GAS Y AGUA,S06
0,COLOMBIA,1994,2244,2.24E+12,ELECTRICIDAD GAS Y AGUA,S06
0,COLOMBIA,1995,2628,2.63E+12,ELECTRICIDAD GAS Y AGUA,S06
0,COLOMBIA,1996,3398,3.40E+12,ELECTRICIDAD GAS Y AGUA,S06
0,COLOMBIA,1997,4224,4.22E+12,ELECTRICIDAD GAS Y AGUA,S06
0,COLOMBIA,1998,4764,4.76E+12,ELECTRICIDAD GAS Y AGUA,S06
0,COLOMBIA,1999,5278,5.28E+12,ELECTRICIDAD GAS Y AGUA,S06
0,COLOMBIA,2000,6443,6.44E+12,ELECTRICIDAD GAS Y AGUA,S06
0,COLOMBIA,2001,7710,7.71E+12,ELECTRICIDAD GAS Y AGUA,S06
0,COLOMBIA,2002,8349,8.35E+12,ELECTRICIDAD GAS Y AGUA,S06
0,COLOMBIA,2003,9841,9.84E+12,ELECTRICIDAD GAS Y AGUA,S06
0,COLOMBIA,2004,10980,1.10E+13,ELECTRICIDAD GAS Y AGUA,S06
0,COLOMBIA,2005,12035,1.20E+13,ELECTRICIDAD GAS Y AGUA,S06
0,COLOMBIA,2006,13290,1.33E+13,ELECTRICIDAD GAS Y AGUA,S06
0,COLOMBIA,2007,14757,1.48E+13,ELECTRICIDAD GAS Y AGUA,S06
0,COLOMBIA,2008,15895,1.59E+13,ELECTRICIDAD GAS Y AGUA,S06
0,COLOMBIA,2009,16341,1.63E+13,ELECTRICIDAD GAS Y AGUA,S06
0,COLOMBIA,2010,17809,1.78E+13,ELECTRICIDAD GAS Y AGUA,S06
0,COLOMBIA,2011,19318,1.93E+13,ELECTRICIDAD GAS Y AGUA,S06
0,COLOMBIA,2012,20467,2.05E+13,ELECTRICIDAD GAS Y AGUA,S06
0,COLOMBIA,2013,21767,2.18E+13,ELECTRICIDAD GAS Y AGUA,S06
0,COLOMBIA,2014,22947,2.29E+13,ELECTRICIDAD GAS Y AGUA,S06
0,COLOMBIA,2015,24599,2.46E+13,ELECTRICIDAD GAS Y AGUA,S06
0,COLOMBIA,2016,27624,2.76E+13,ELECTRICIDAD GAS Y AGUA,S06
0,COLOMBIA,2017,29789,2.98E+13,ELECTRICIDAD GAS Y AGUA,S06
0,COLOMBIA,2018,32616,3.26E+13,ELECTRICIDAD GAS Y AGUA,S06
0,COLOMBIA,2019,36124,3.61E+13,ELECTRICIDAD GAS Y AGUA,S06
0,COLOMBIA,2020,38850,3.89E+13,ELECTRICIDAD GAS Y AGUA,S06
0,COLOMBIA,2021,44820,4.48E+13,ELECTRICIDAD GAS Y AGUA,S06
0,COLOMBIA,2022,54995,5.50E+13,ELECTRICIDAD GAS Y AGUA,S06
0,COLOMBIA,2023p,65346,6.53E+13,ELECTRICIDAD GAS Y AGUA,S06
0,COLOMBIA,2024pr,74106,7.41E+13,ELECTRICIDAD GAS Y AGUA,S06
5,ANTIOQUIA,1980,4,4000000000,ELECTRICIDAD GAS Y AGUA,S06
5,ANTIOQUIA,1981,6,6000000000,ELECTRICIDAD GAS Y AGUA,S06
5,ANTIOQUIA,1982,8,8000000000,ELECTRICIDAD GAS Y AGUA,S06
5,ANTIOQUIA,1983,10,10000000000,ELECTRICIDAD GAS Y AGUA,S06
5,ANTIOQUIA,1984,18,18000000000,ELECTRICIDAD GAS Y AGUA,S06
5,ANTIOQUIA,1985,24,24000000000,ELECTRICIDAD GAS Y AGUA,S06
5,ANTIOQUIA,1986,32,32000000000,ELECTRICIDAD GAS Y AGUA,S06
5,ANTIOQUIA,1987,47,47000000000,ELECTRICIDAD GAS Y AGUA,S06
5,ANTIOQUIA,1988,66,66000000000,ELECTRICIDAD GAS Y AGUA,S06
5,ANTIOQUIA,1989,91,91000000000,ELECTRICIDAD GAS Y AGUA,S06
5,ANTIOQUIA,1990,124,1.24E+11,ELECTRICIDAD GAS Y AGUA,S06
5,ANTIOQUIA,1991,165,1.65E+11,ELECTRICIDAD GAS Y AGUA,S06
5,ANTIOQUIA,1992,209,2.09E+11,ELECTRICIDAD GAS Y AGUA,S06
5,ANTIOQUIA,1993,305,3.05E+11,ELECTRICIDAD GAS Y AGUA,S06
5,ANTIOQUIA,1994,435,4.35E+11,ELECTRICIDAD GAS Y AGUA,S06
5,ANTIOQUIA,1995,551,5.51E+11,ELECTRICIDAD GAS Y AGUA,S06
5,ANTIOQUIA,1996,798,7.98E+11,ELECTRICIDAD GAS Y AGUA,S06
5,ANTIOQUIA,1997,981,9.81E+11,ELECTRICIDAD GAS Y AGUA,S06
5,ANTIOQUIA,1998,946,9.46E+11,ELECTRICIDAD GAS Y AGUA,S06
5,ANTIOQUIA,1999,991,9.91E+11,ELECTRICIDAD GAS Y AGUA,S06
5,ANTIOQUIA,2000,1076,1.08E+12,ELECTRICIDAD GAS Y AGUA,S06
5,ANTIOQUIA,2001,1349,1.35E+12,ELECTRICIDAD GAS Y AGUA,S06
5,ANTIOQUIA,2002,1471,1.47E+12,ELECTRICIDAD GAS Y AGUA,S06
5,ANTIOQUIA,2003,1944,1.94E+12,ELECTRICIDAD GAS Y AGUA,S06
5,ANTIOQUIA,2004,2300,2.30E+12,ELECTRICIDAD GAS Y AGUA,S06
5,ANTIOQUIA,2005,2504,2.50E+12,ELECTRICIDAD GAS Y AGUA,S06
5,ANTIOQUIA,2006,2732,2.73E+12,ELECTRICIDAD GAS Y AGUA,S06
5,ANTIOQUIA,2007,3156,3.16E+12,ELECTRICIDAD GAS Y AGUA,S06
5,ANTIOQUIA,2008,3339,3.34E+12,ELECTRICIDAD GAS Y AGUA,S06
5,ANTIOQUIA,2009,3453,3.45E+12,ELECTRICIDAD GAS Y AGUA,S06
5,ANTIOQUIA,2010,3780,3.78E+12,ELECTRICIDAD GAS Y AGUA,S06
5,ANTIOQUIA,2011,4224,4.22E+12,ELECTRICIDAD GAS Y AGUA,S06
5,ANTIOQUIA,2012,4511,4.51E+12,ELECTRICIDAD GAS Y AGUA,S06
5,ANTIOQUIA,2013,4615,4.62E+12,ELECTRICIDAD GAS Y AGUA,S06
5,ANTIOQUIA,2014,4644,4.64E+12,ELECTRICIDAD GAS Y AGUA,S06
5,ANTIOQUIA,2015,4920,4.92E+12,ELECTRICIDAD GAS Y AGUA,S06
5,ANTIOQUIA,2016,5443,5.44E+12,ELECTRICIDAD GAS Y AGUA,S06
5,ANTIOQUIA,2017,5841,5.84E+12,ELECTRICIDAD GAS Y AGUA,S06
5,ANTIOQUIA,2018,6426,6.43E+12,ELECTRICIDAD GAS Y AGUA,S06
5,ANTIOQUIA,2019,7054,7.05E+12,ELECTRICIDAD GAS Y AGUA,S06
5,ANTIOQUIA,2020,7687,7.69E+12,ELECTRICIDAD GAS Y AGUA,S06
5,ANTIOQUIA,2021,9021,9.02E+12,ELECTRICIDAD GAS Y AGUA,S06
5,ANTIOQUIA,2022,11074,1.11E+13,ELECTRICIDAD GAS Y AGUA,S06
5,ANTIOQUIA,2023p,13164,1.32E+13,ELECTRICIDAD GAS Y AGUA,S06
5,ANTIOQUIA,2024pr,14893,1.49E+13,ELECTRICIDAD GAS Y AGUA,S06
8,ATLANTICO,1980,3,3000000000,ELECTRICIDAD GAS Y AGUA,S06
8,ATLANTICO,1981,4,4000000000,ELECTRICIDAD GAS Y AGUA,S06
8,ATLANTICO,1982,7,7000000000,ELECTRICIDAD GAS Y AGUA,S06
8,ATLANTICO,1983,8,8000000000,ELECTRICIDAD GAS Y AGUA,S06
8,ATLANTICO,1984,11,11000000000,ELECTRICIDAD GAS Y AGUA,S06
8,ATLANTICO,1985,12,12000000000,ELECTRICIDAD GAS Y AGUA,S06
8,ATLANTICO,1986,17,17000000000,ELECTRICIDAD GAS Y AGUA,S06
8,ATLANTICO,1987,20,20000000000,ELECTRICIDAD GAS Y AGUA,S06
8,ATLANTICO,1988,28,28000000000,ELECTRICIDAD GAS Y AGUA,S06
8,ATLANTICO,1989,40,40000000000,ELECTRICIDAD GAS Y AGUA,S06
8,ATLANTICO,1990,53,53000000000,ELECTRICIDAD GAS Y AGUA,S06
8,ATLANTICO,1991,66,66000000000,ELECTRICIDAD GAS Y AGUA,S06
8,ATLANTICO,1992,85,85000000000,ELECTRICIDAD GAS Y AGUA,S06
8,ATLANTICO,1993,118,1.18E+11,ELECTRICIDAD GAS Y AGUA,S06
8,ATLANTICO,1994,150,1.50E+11,ELECTRICIDAD GAS Y AGUA,S06
8,ATLANTICO,1995,170,1.70E+11,ELECTRICIDAD GAS Y AGUA,S06
8,ATLANTICO,1996,186,1.86E+11,ELECTRICIDAD GAS Y AGUA,S06
8,ATLANTICO,1997,212,2.12E+11,ELECTRICIDAD GAS Y AGUA,S06
8,ATLANTICO,1998,269,2.69E+11,ELECTRICIDAD GAS Y AGUA,S06
8,ATLANTICO,1999,336,3.36E+11,ELECTRICIDAD GAS Y AGUA,S06
8,ATLANTICO,2000,542,5.42E+11,ELECTRICIDAD GAS Y AGUA,S06
8,ATLANTICO,2001,658,6.58E+11,ELECTRICIDAD GAS Y AGUA,S06
8,ATLANTICO,2002,729,7.29E+11,ELECTRICIDAD GAS Y AGUA,S06
8,ATLANTICO,2003,855,8.55E+11,ELECTRICIDAD GAS Y AGUA,S06
8,ATLANTICO,2004,890,8.90E+11,ELECTRICIDAD GAS Y AGUA,S06
8,ATLANTICO,2005,935,9.35E+11,ELECTRICIDAD GAS Y AGUA,S06
8,ATLANTICO,2006,1012,1.01E+12,ELECTRICIDAD GAS Y AGUA,S06
8,ATLANTICO,2007,1083,1.08E+12,ELECTRICIDAD GAS Y AGUA,S06
8,ATLANTICO,2008,1164,1.16E+12,ELECTRICIDAD GAS Y AGUA,S06
8,ATLANTICO,2009,1297,1.30E+12,ELECTRICIDAD GAS Y AGUA,S06
8,ATLANTICO,2010,1476,1.48E+12,ELECTRICIDAD GAS Y AGUA,S06
8,ATLANTICO,2011,1501,1.50E+12,ELECTRICIDAD GAS Y AGUA,S06
8,ATLANTICO,2012,1619,1.62E+12,ELECTRICIDAD GAS Y AGUA,S06
8,ATLANTICO,2013,1906,1.91E+12,ELECTRICIDAD GAS Y AGUA,S06
8,ATLANTICO,2014,2198,2.20E+12,ELECTRICIDAD GAS Y AGUA,S06
8,ATLANTICO,2015,2332,2.33E+12,ELECTRICIDAD GAS Y AGUA,S06
8,ATLANTICO,2016,2626,2.63E+12,ELECTRICIDAD GAS Y AGUA,S06
8,ATLANTICO,2017,2805,2.81E+12,ELECTRICIDAD GAS Y AGUA,S06
8,ATLANTICO,2018,3103,3.10E+12,ELECTRICIDAD GAS Y AGUA,S06
8,ATLANTICO,2019,3504,3.50E+12,ELECTRICIDAD GAS Y AGUA,S06
8,ATLANTICO,2020,3781,3.78E+12,ELECTRICIDAD GAS Y AGUA,S06
8,ATLANTICO,2021,4341,4.34E+12,ELECTRICIDAD GAS Y AGUA,S06
8,ATLANTICO,2022,5415,5.42E+12,ELECTRICIDAD GAS Y AGUA,S06
8,ATLANTICO,2023p,6666,6.67E+12,ELECTRICIDAD GAS Y AGUA,S06
8,ATLANTICO,2024pr,7694,7.69E+12,ELECTRICIDAD GAS Y AGUA,S06
11,SANTAFE DE BOGOTA D.C,1980,5,5000000000,ELECTRICIDAD GAS Y AGUA,S06
11,SANTAFE DE BOGOTA D.C,1981,7,7000000000,ELECTRICIDAD GAS Y AGUA,S06
11,SANTAFE DE BOGOTA D.C,1982,9,9000000000,ELECTRICIDAD GAS Y AGUA,S06
11,SANTAFE DE BOGOTA D.C,1983,13,13000000000,ELECTRICIDAD GAS Y AGUA,S06
11,SANTAFE DE BOGOTA D.C,1984,16,16000000000,ELECTRICIDAD GAS Y AGUA,S06
11,SANTAFE DE BOGOTA D.C,1985,22,22000000000,ELECTRICIDAD GAS Y AGUA,S06
11,SANTAFE DE BOGOTA D.C,1986,30,30000000000,ELECTRICIDAD GAS Y AGUA,S06
11,SANTAFE DE BOGOTA D.C,1987,41,41000000000,ELECTRICIDAD GAS Y AGUA,S06
11,SANTAFE DE BOGOTA D.C,1988,56,56000000000,ELECTRICIDAD GAS Y AGUA,S06
11,SANTAFE DE BOGOTA D.C,1989,75,75000000000,ELECTRICIDAD GAS Y AGUA,S06
11,SANTAFE DE BOGOTA D.C,1990,102,1.02E+11,ELECTRICIDAD GAS Y AGUA,S06
11,SANTAFE DE BOGOTA D.C,1991,161,1.61E+11,ELECTRICIDAD GAS Y AGUA,S06
11,SANTAFE DE BOGOTA D.C,1992,211,2.11E+11,ELECTRICIDAD GAS Y AGUA,S06
11,SANTAFE DE BOGOTA D.C,1993,365,3.65E+11,ELECTRICIDAD GAS Y AGUA,S06
11,SANTAFE DE BOGOTA D.C,1994,489,4.89E+11,ELECTRICIDAD GAS Y AGUA,S06
11,SANTAFE DE BOGOTA D.C,1995,567,5.67E+11,ELECTRICIDAD GAS Y AGUA,S06
11,SANTAFE DE BOGOTA D.C,1996,685,6.85E+11,ELECTRICIDAD GAS Y AGUA,S06
11,SANTAFE DE BOGOTA D.C,1997,787,7.87E+11,ELECTRICIDAD GAS Y AGUA,S06
11,SANTAFE DE BOGOTA D.C,1998,1014,1.01E+12,ELECTRICIDAD GAS Y AGUA,S06
11,SANTAFE DE BOGOTA D.C,1999,1100,1.10E+12,ELECTRICIDAD GAS Y AGUA,S06
11,SANTAFE DE BOGOTA D.C,2000,1375,1.38E+12,ELECTRICIDAD GAS Y AGUA,S06
11,SANTAFE DE BOGOTA D.C,2001,1674,1.67E+12,ELECTRICIDAD GAS Y AGUA,S06
11,SANTAFE DE BOGOTA D.C,2002,1852,1.85E+12,ELECTRICIDAD GAS Y AGUA,S06
11,SANTAFE DE BOGOTA D.C,2003,1961,1.96E+12,ELECTRICIDAD GAS Y AGUA,S06
11,SANTAFE DE BOGOTA D.C,2004,2039,2.04E+12,ELECTRICIDAD GAS Y AGUA,S06
11,SANTAFE DE BOGOTA D.C,2005,2164,2.16E+12,ELECTRICIDAD GAS Y AGUA,S06
11,SANTAFE DE BOGOTA D.C,2006,2450,2.45E+12,ELECTRICIDAD GAS Y AGUA,S06
11,SANTAFE DE BOGOTA D.C,2007,2773,2.77E+12,ELECTRICIDAD GAS Y AGUA,S06
11,SANTAFE DE BOGOTA D.C,2008,2988,2.99E+12,ELECTRICIDAD GAS Y AGUA,S06
11,SANTAFE DE BOGOTA D.C,2009,2919,2.92E+12,ELECTRICIDAD GAS Y AGUA,S06
11,SANTAFE DE BOGOTA D.C,2010,3160,3.16E+12,ELECTRICIDAD GAS Y AGUA,S06
11,SANTAFE DE BOGOTA D.C,2011,3400,3.40E+12,ELECTRICIDAD GAS Y AGUA,S06
11,SANTAFE DE BOGOTA D.C,2012,3570,3.57E+12,ELECTRICIDAD GAS Y AGUA,S06
11,SANTAFE DE BOGOTA D.C,2013,3713,3.71E+12,ELECTRICIDAD GAS Y AGUA,S06
11,SANTAFE DE BOGOTA D.C,2014,3757,3.76E+12,ELECTRICIDAD GAS Y AGUA,S06
11,SANTAFE DE BOGOTA D.C,2015,4076,4.08E+12,ELECTRICIDAD GAS Y AGUA,S06
11,SANTAFE DE BOGOTA D.C,2016,4484,4.48E+12,ELECTRICIDAD GAS Y AGUA,S06
11,SANTAFE DE BOGOTA D.C,2017,4966,4.97E+12,ELECTRICIDAD GAS Y AGUA,S06
11,SANTAFE DE BOGOTA D.C,2018,5441,5.44E+12,ELECTRICIDAD GAS Y AGUA,S06
11,SANTAFE DE BOGOTA D.C,2019,6063,6.06E+12,ELECTRICIDAD GAS Y AGUA,S06
11,SANTAFE DE BOGOTA D.C,2020,6373,6.37E+12,ELECTRICIDAD GAS Y AGUA,S06
11,SANTAFE DE BOGOTA D.C,2021,7098,7.10E+12,ELECTRICIDAD GAS Y AGUA,S06
11,SANTAFE DE BOGOTA D.C,2022,8260,8.26E+12,ELECTRICIDAD GAS Y AGUA,S06
11,SANTAFE DE BOGOTA D.C,2023p,9481,9.48E+12,ELECTRICIDAD GAS Y AGUA,S06
11,SANTAFE DE BOGOTA D.C,2024pr,10134,1.01E+13,ELECTRICIDAD GAS Y AGUA,S06
13,BOLIVAR,1980,2,2000000000,ELECTRICIDAD GAS Y AGUA,S06
13,BOLIVAR,1981,3,3000000000,ELECTRICIDAD GAS Y AGUA,S06
13,BOLIVAR,1982,4,4000000000,ELECTRICIDAD GAS Y AGUA,S06
13,BOLIVAR,1983,5,5000000000,ELECTRICIDAD GAS Y AGUA,S06
13,BOLIVAR,1984,7,7000000000,ELECTRICIDAD GAS Y AGUA,S06
13,BOLIVAR,1985,8,8000000000,ELECTRICIDAD GAS Y AGUA,S06
13,BOLIVAR,1986,13,13000000000,ELECTRICIDAD GAS Y AGUA,S06
13,BOLIVAR,1987,16,16000000000,ELECTRICIDAD GAS Y AGUA,S06
13,BOLIVAR,1988,16,16000000000,ELECTRICIDAD GAS Y AGUA,S06
13,BOLIVAR,1989,25,25000000000,ELECTRICIDAD GAS Y AGUA,S06
13,BOLIVAR,1990,44,44000000000,ELECTRICIDAD GAS Y AGUA,S06
13,BOLIVAR,1991,55,55000000000,ELECTRICIDAD GAS Y AGUA,S06
13,BOLIVAR,1992,71,71000000000,ELECTRICIDAD GAS Y AGUA,S06
13,BOLIVAR,1993,98,98000000000,ELECTRICIDAD GAS Y AGUA,S06
13,BOLIVAR,1994,115,1.15E+11,ELECTRICIDAD GAS Y AGUA,S06
13,BOLIVAR,1995,128,1.28E+11,ELECTRICIDAD GAS Y AGUA,S06
13,BOLIVAR,1996,168,1.68E+11,ELECTRICIDAD GAS Y AGUA,S06
13,BOLIVAR,1997,222,2.22E+11,ELECTRICIDAD GAS Y AGUA,S06
13,BOLIVAR,1998,274,2.74E+11,ELECTRICIDAD GAS Y AGUA,S06
13,BOLIVAR,1999,229,2.29E+11,ELECTRICIDAD GAS Y AGUA,S06
13,BOLIVAR,2000,205,2.05E+11,ELECTRICIDAD GAS Y AGUA,S06
13,BOLIVAR,2001,255,2.55E+11,ELECTRICIDAD GAS Y AGUA,S06
13,BOLIVAR,2002,274,2.74E+11,ELECTRICIDAD GAS Y AGUA,S06
13,BOLIVAR,2003,295,2.95E+11,ELECTRICIDAD GAS Y AGUA,S06
13,BOLIVAR,2004,393,3.93E+11,ELECTRICIDAD GAS Y AGUA,S06
13,BOLIVAR,2005,467,4.67E+11,ELECTRICIDAD GAS Y AGUA,S06
13,BOLIVAR,2006,496,4.96E+11,ELECTRICIDAD GAS Y AGUA,S06
13,BOLIVAR,2007,533,5.33E+11,ELECTRICIDAD GAS Y AGUA,S06
13,BOLIVAR,2008,541,5.41E+11,ELECTRICIDAD GAS Y AGUA,S06
13,BOLIVAR,2009,574,5.74E+11,ELECTRICIDAD GAS Y AGUA,S06
13,BOLIVAR,2010,648,6.48E+11,ELECTRICIDAD GAS Y AGUA,S06
13,BOLIVAR,2011,669,6.69E+11,ELECTRICIDAD GAS Y AGUA,S06
13,BOLIVAR,2012,705,7.05E+11,ELECTRICIDAD GAS Y AGUA,S06
13,BOLIVAR,2013,744,7.44E+11,ELECTRICIDAD GAS Y AGUA,S06
13,BOLIVAR,2014,722,7.22E+11,ELECTRICIDAD GAS Y AGUA,S06
13,BOLIVAR,2015,788,7.88E+11,ELECTRICIDAD GAS Y AGUA,S06
13,BOLIVAR,2016,933,9.33E+11,ELECTRICIDAD GAS Y AGUA,S06
13,BOLIVAR,2017,1014,1.01E+12,ELECTRICIDAD GAS Y AGUA,S06
13,BOLIVAR,2018,1118,1.12E+12,ELECTRICIDAD GAS Y AGUA,S06
13,BOLIVAR,2019,1233,1.23E+12,ELECTRICIDAD GAS Y AGUA,S06
13,BOLIVAR,2020,1320,1.32E+12,ELECTRICIDAD GAS Y AGUA,S06
13,BOLIVAR,2021,1507,1.51E+12,ELECTRICIDAD GAS Y AGUA,S06
13,BOLIVAR,2022,1822,1.82E+12,ELECTRICIDAD GAS Y AGUA,S06
13,BOLIVAR,2023p,2111,2.11E+12,ELECTRICIDAD GAS Y AGUA,S06
13,BOLIVAR,2024pr,2385,2.39E+12,ELECTRICIDAD GAS Y AGUA,S06
15,BOYACA,1980,3,3000000000,ELECTRICIDAD GAS Y AGUA,S06
15,BOYACA,1981,4,4000000000,ELECTRICIDAD GAS Y AGUA,S06
15,BOYACA,1982,6,6000000000,ELECTRICIDAD GAS Y AGUA,S06
15,BOYACA,1983,7,7000000000,ELECTRICIDAD GAS Y AGUA,S06
15,BOYACA,1984,6,6000000000,ELECTRICIDAD GAS Y AGUA,S06
15,BOYACA,1985,9,9000000000,ELECTRICIDAD GAS Y AGUA,S06
15,BOYACA,1986,14,14000000000,ELECTRICIDAD GAS Y AGUA,S06
15,BOYACA,1987,16,16000000000,ELECTRICIDAD GAS Y AGUA,S06
15,BOYACA,1988,20,20000000000,ELECTRICIDAD GAS Y AGUA,S06
15,BOYACA,1989,29,29000000000,ELECTRICIDAD GAS Y AGUA,S06
15,BOYACA,1990,36,36000000000,ELECTRICIDAD GAS Y AGUA,S06
15,BOYACA,1991,47,47000000000,ELECTRICIDAD GAS Y AGUA,S06
15,BOYACA,1992,48,48000000000,ELECTRICIDAD GAS Y AGUA,S06
15,BOYACA,1993,84,84000000000,ELECTRICIDAD GAS Y AGUA,S06
15,BOYACA,1994,109,1.09E+11,ELECTRICIDAD GAS Y AGUA,S06
15,BOYACA,1995,111,1.11E+11,ELECTRICIDAD GAS Y AGUA,S06
15,BOYACA,1996,104,1.04E+11,ELECTRICIDAD GAS Y AGUA,S06
15,BOYACA,1997,120,1.20E+11,ELECTRICIDAD GAS Y AGUA,S06
15,BOYACA,1998,93,93000000000,ELECTRICIDAD GAS Y AGUA,S06
15,BOYACA,1999,120,1.20E+11,ELECTRICIDAD GAS Y AGUA,S06
15,BOYACA,2000,143,1.43E+11,ELECTRICIDAD GAS Y AGUA,S06
15,BOYACA,2001,208,2.08E+11,ELECTRICIDAD GAS Y AGUA,S06
15,BOYACA,2002,239,2.39E+11,ELECTRICIDAD GAS Y AGUA,S06
15,BOYACA,2003,360,3.60E+11,ELECTRICIDAD GAS Y AGUA,S06
15,BOYACA,2004,442,4.42E+11,ELECTRICIDAD GAS Y AGUA,S06
15,BOYACA,2005,499,4.99E+11,ELECTRICIDAD GAS Y AGUA,S06
15,BOYACA,2006,580,5.80E+11,ELECTRICIDAD GAS Y AGUA,S06
15,BOYACA,2007,605,6.05E+11,ELECTRICIDAD GAS Y AGUA,S06
15,BOYACA,2008,628,6.28E+11,ELECTRICIDAD GAS Y AGUA,S06
15,BOYACA,2009,699,6.99E+11,ELECTRICIDAD GAS Y AGUA,S06
15,BOYACA,2010,754,7.54E+11,ELECTRICIDAD GAS Y AGUA,S06
15,BOYACA,2011,914,9.14E+11,ELECTRICIDAD GAS Y AGUA,S06
15,BOYACA,2012,938,9.38E+11,ELECTRICIDAD GAS Y AGUA,S06
15,BOYACA,2013,982,9.82E+11,ELECTRICIDAD GAS Y AGUA,S06
15,BOYACA,2014,1174,1.17E+12,ELECTRICIDAD GAS Y AGUA,S06
15,BOYACA,2015,1235,1.24E+12,ELECTRICIDAD GAS Y AGUA,S06
15,BOYACA,2016,1405,1.41E+12,ELECTRICIDAD GAS Y AGUA,S06
15,BOYACA,2017,1463,1.46E+12,ELECTRICIDAD GAS Y AGUA,S06
15,BOYACA,2018,1611,1.61E+12,ELECTRICIDAD GAS Y AGUA,S06
15,BOYACA,2019,1789,1.79E+12,ELECTRICIDAD GAS Y AGUA,S06
15,BOYACA,2020,1940,1.94E+12,ELECTRICIDAD GAS Y AGUA,S06
15,BOYACA,2021,2357,2.36E+12,ELECTRICIDAD GAS Y AGUA,S06
15,BOYACA,2022,2944,2.94E+12,ELECTRICIDAD GAS Y AGUA,S06
15,BOYACA,2023p,3467,3.47E+12,ELECTRICIDAD GAS Y AGUA,S06
15,BOYACA,2024pr,3979,3.98E+12,ELECTRICIDAD GAS Y AGUA,S06
17,CALDAS,1980,1,1000000000,ELECTRICIDAD GAS Y AGUA,S06
17,CALDAS,1981,1,1000000000,ELECTRICIDAD GAS Y AGUA,S06
17,CALDAS,1982,2,2000000000,ELECTRICIDAD GAS Y AGUA,S06
17,CALDAS,1983,2,2000000000,ELECTRICIDAD GAS Y AGUA,S06
17,CALDAS,1984,3,3000000000,ELECTRICIDAD GAS Y AGUA,S06
17,CALDAS,1985,3,3000000000,ELECTRICIDAD GAS Y AGUA,S06
17,CALDAS,1986,4,4000000000,ELECTRICIDAD GAS Y AGUA,S06
17,CALDAS,1987,6,6000000000,ELECTRICIDAD GAS Y AGUA,S06
17,CALDAS,1988,7,7000000000,ELECTRICIDAD GAS Y AGUA,S06
17,CALDAS,1989,11,11000000000,ELECTRICIDAD GAS Y AGUA,S06
17,CALDAS,1990,16,16000000000,ELECTRICIDAD GAS Y AGUA,S06
17,CALDAS,1991,18,18000000000,ELECTRICIDAD GAS Y AGUA,S06
17,CALDAS,1992,20,20000000000,ELECTRICIDAD GAS Y AGUA,S06
17,CALDAS,1993,39,39000000000,ELECTRICIDAD GAS Y AGUA,S06
17,CALDAS,1994,53,53000000000,ELECTRICIDAD GAS Y AGUA,S06
17,CALDAS,1995,59,59000000000,ELECTRICIDAD GAS Y AGUA,S06
17,CALDAS,1996,73,73000000000,ELECTRICIDAD GAS Y AGUA,S06
17,CALDAS,1997,81,81000000000,ELECTRICIDAD GAS Y AGUA,S06
17,CALDAS,1998,95,95000000000,ELECTRICIDAD GAS Y AGUA,S06
17,CALDAS,1999,116,1.16E+11,ELECTRICIDAD GAS Y AGUA,S06
17,CALDAS,2000,150,1.50E+11,ELECTRICIDAD GAS Y AGUA,S06
17,CALDAS,2001,188,1.88E+11,ELECTRICIDAD GAS Y AGUA,S06
17,CALDAS,2002,207,2.07E+11,ELECTRICIDAD GAS Y AGUA,S06
17,CALDAS,2003,269,2.69E+11,ELECTRICIDAD GAS Y AGUA,S06
17,CALDAS,2004,310,3.10E+11,ELECTRICIDAD GAS Y AGUA,S06
17,CALDAS,2005,337,3.37E+11,ELECTRICIDAD GAS Y AGUA,S06
17,CALDAS,2006,384,3.84E+11,ELECTRICIDAD GAS Y AGUA,S06
17,CALDAS,2007,422,4.22E+11,ELECTRICIDAD GAS Y AGUA,S06
17,CALDAS,2008,471,4.71E+11,ELECTRICIDAD GAS Y AGUA,S06
17,CALDAS,2009,463,4.63E+11,ELECTRICIDAD GAS Y AGUA,S06
17,CALDAS,2010,549,5.49E+11,ELECTRICIDAD GAS Y AGUA,S06
17,CALDAS,2011,590,5.90E+11,ELECTRICIDAD GAS Y AGUA,S06
17,CALDAS,2012,580,5.80E+11,ELECTRICIDAD GAS Y AGUA,S06
17,CALDAS,2013,614,6.14E+11,ELECTRICIDAD GAS Y AGUA,S06
17,CALDAS,2014,624,6.24E+11,ELECTRICIDAD GAS Y AGUA,S06
17,CALDAS,2015,664,6.64E+11,ELECTRICIDAD GAS Y AGUA,S06
17,CALDAS,2016,728,7.28E+11,ELECTRICIDAD GAS Y AGUA,S06
17,CALDAS,2017,786,7.86E+11,ELECTRICIDAD GAS Y AGUA,S06
17,CALDAS,2018,856,8.56E+11,ELECTRICIDAD GAS Y AGUA,S06
17,CALDAS,2019,955,9.55E+11,ELECTRICIDAD GAS Y AGUA,S06
17,CALDAS,2020,1020,1.02E+12,ELECTRICIDAD GAS Y AGUA,S06
17,CALDAS,2021,1191,1.19E+12,ELECTRICIDAD GAS Y AGUA,S06
17,CALDAS,2022,1472,1.47E+12,ELECTRICIDAD GAS Y AGUA,S06
17,CALDAS,2023p,1765,1.77E+12,ELECTRICIDAD GAS Y AGUA,S06
17,CALDAS,2024pr,2020,2.02E+12,ELECTRICIDAD GAS Y AGUA,S06
18,CAQUETA,1980,0,0,ELECTRICIDAD GAS Y AGUA,S06
18,CAQUETA,1981,0,0,ELECTRICIDAD GAS Y AGUA,S06
18,CAQUETA,1982,0,0,ELECTRICIDAD GAS Y AGUA,S06
18,CAQUETA,1983,0,0,ELECTRICIDAD GAS Y AGUA,S06
18,CAQUETA,1984,0,0,ELECTRICIDAD GAS Y AGUA,S06
18,CAQUETA,1985,0,0,ELECTRICIDAD GAS Y AGUA,S06
18,CAQUETA,1986,0,0,ELECTRICIDAD GAS Y AGUA,S06
18,CAQUETA,1987,0,0,ELECTRICIDAD GAS Y AGUA,S06
18,CAQUETA,1988,0,0,ELECTRICIDAD GAS Y AGUA,S06
18,CAQUETA,1989,0,0,ELECTRICIDAD GAS Y AGUA,S06
18,CAQUETA,1990,0,0,ELECTRICIDAD GAS Y AGUA,S06
18,CAQUETA,1991,0,0,ELECTRICIDAD GAS Y AGUA,S06
18,CAQUETA,1992,0,0,ELECTRICIDAD GAS Y AGUA,S06
18,CAQUETA,1993,1,1000000000,ELECTRICIDAD GAS Y AGUA,S06
18,CAQUETA,1994,2,2000000000,ELECTRICIDAD GAS Y AGUA,S06
18,CAQUETA,1995,2,2000000000,ELECTRICIDAD GAS Y AGUA,S06
18,CAQUETA,1996,3,3000000000,ELECTRICIDAD GAS Y AGUA,S06
18,CAQUETA,1997,3,3000000000,ELECTRICIDAD GAS Y AGUA,S06
18,CAQUETA,1998,4,4000000000,ELECTRICIDAD GAS Y AGUA,S06
18,CAQUETA,1999,5,5000000000,ELECTRICIDAD GAS Y AGUA,S06
18,CAQUETA,2000,5,5000000000,ELECTRICIDAD GAS Y AGUA,S06
18,CAQUETA,2001,6,6000000000,ELECTRICIDAD GAS Y AGUA,S06
18,CAQUETA,2002,6,6000000000,ELECTRICIDAD GAS Y AGUA,S06
18,CAQUETA,2003,8,8000000000,ELECTRICIDAD GAS Y AGUA,S06
18,CAQUETA,2004,10,10000000000,ELECTRICIDAD GAS Y AGUA,S06
18,CAQUETA,2005,11,11000000000,ELECTRICIDAD GAS Y AGUA,S06
18,CAQUETA,2006,12,12000000000,ELECTRICIDAD GAS Y AGUA,S06
18,CAQUETA,2007,12,12000000000,ELECTRICIDAD GAS Y AGUA,S06
18,CAQUETA,2008,14,14000000000,ELECTRICIDAD GAS Y AGUA,S06
18,CAQUETA,2009,15,15000000000,ELECTRICIDAD GAS Y AGUA,S06
18,CAQUETA,2010,17,17000000000,ELECTRICIDAD GAS Y AGUA,S06
18,CAQUETA,2011,19,19000000000,ELECTRICIDAD GAS Y AGUA,S06
18,CAQUETA,2012,19,19000000000,ELECTRICIDAD GAS Y AGUA,S06
18,CAQUETA,2013,21,21000000000,ELECTRICIDAD GAS Y AGUA,S06
18,CAQUETA,2014,22,22000000000,ELECTRICIDAD GAS Y AGUA,S06
18,CAQUETA,2015,22,22000000000,ELECTRICIDAD GAS Y AGUA,S06
18,CAQUETA,2016,26,26000000000,ELECTRICIDAD GAS Y AGUA,S06
18,CAQUETA,2017,28,28000000000,ELECTRICIDAD GAS Y AGUA,S06
18,CAQUETA,2018,31,31000000000,ELECTRICIDAD GAS Y AGUA,S06
18,CAQUETA,2019,35,35000000000,ELECTRICIDAD GAS Y AGUA,S06
18,CAQUETA,2020,38,38000000000,ELECTRICIDAD GAS Y AGUA,S06
18,CAQUETA,2021,42,42000000000,ELECTRICIDAD GAS Y AGUA,S06
18,CAQUETA,2022,52,52000000000,ELECTRICIDAD GAS Y AGUA,S06
18,CAQUETA,2023p,65,65000000000,ELECTRICIDAD GAS Y AGUA,S06
18,CAQUETA,2024pr,76,76000000000,ELECTRICIDAD GAS Y AGUA,S06
19,CAUCA,1980,0,0,ELECTRICIDAD GAS Y AGUA,S06
19,CAUCA,1981,0,0,ELECTRICIDAD GAS Y AGUA,S06
19,CAUCA,1982,1,1000000000,ELECTRICIDAD GAS Y AGUA,S06
19,CAUCA,1983,1,1000000000,ELECTRICIDAD GAS Y AGUA,S06
19,CAUCA,1984,1,1000000000,ELECTRICIDAD GAS Y AGUA,S06
19,CAUCA,1985,1,1000000000,ELECTRICIDAD GAS Y AGUA,S06
19,CAUCA,1986,2,2000000000,ELECTRICIDAD GAS Y AGUA,S06
19,CAUCA,1987,2,2000000000,ELECTRICIDAD GAS Y AGUA,S06
19,CAUCA,1988,2,2000000000,ELECTRICIDAD GAS Y AGUA,S06
19,CAUCA,1989,3,3000000000,ELECTRICIDAD GAS Y AGUA,S06
19,CAUCA,1990,5,5000000000,ELECTRICIDAD GAS Y AGUA,S06
19,CAUCA,1991,6,6000000000,ELECTRICIDAD GAS Y AGUA,S06
19,CAUCA,1992,6,6000000000,ELECTRICIDAD GAS Y AGUA,S06
19,CAUCA,1993,13,13000000000,ELECTRICIDAD GAS Y AGUA,S06
19,CAUCA,1994,26,26000000000,ELECTRICIDAD GAS Y AGUA,S06
19,CAUCA,1995,30,30000000000,ELECTRICIDAD GAS Y AGUA,S06
19,CAUCA,1996,48,48000000000,ELECTRICIDAD GAS Y AGUA,S06
19,CAUCA,1997,54,54000000000,ELECTRICIDAD GAS Y AGUA,S06
19,CAUCA,1998,79,79000000000,ELECTRICIDAD GAS Y AGUA,S06
19,CAUCA,1999,97,97000000000,ELECTRICIDAD GAS Y AGUA,S06
19,CAUCA,2000,105,1.05E+11,ELECTRICIDAD GAS Y AGUA,S06
19,CAUCA,2001,95,95000000000,ELECTRICIDAD GAS Y AGUA,S06
19,CAUCA,2002,109,1.09E+11,ELECTRICIDAD GAS Y AGUA,S06
19,CAUCA,2003,132,1.32E+11,ELECTRICIDAD GAS Y AGUA,S06
19,CAUCA,2004,148,1.48E+11,ELECTRICIDAD GAS Y AGUA,S06
19,CAUCA,2005,170,1.70E+11,ELECTRICIDAD GAS Y AGUA,S06
19,CAUCA,2006,194,1.94E+11,ELECTRICIDAD GAS Y AGUA,S06
19,CAUCA,2007,219,2.19E+11,ELECTRICIDAD GAS Y AGUA,S06
19,CAUCA,2008,261,2.61E+11,ELECTRICIDAD GAS Y AGUA,S06
19,CAUCA,2009,248,2.48E+11,ELECTRICIDAD GAS Y AGUA,S06
19,CAUCA,2010,285,2.85E+11,ELECTRICIDAD GAS Y AGUA,S06
19,CAUCA,2011,315,3.15E+11,ELECTRICIDAD GAS Y AGUA,S06
19,CAUCA,2012,317,3.17E+11,ELECTRICIDAD GAS Y AGUA,S06
19,CAUCA,2013,334,3.34E+11,ELECTRICIDAD GAS Y AGUA,S06
19,CAUCA,2014,376,3.76E+11,ELECTRICIDAD GAS Y AGUA,S06
19,CAUCA,2015,395,3.95E+11,ELECTRICIDAD GAS Y AGUA,S06
19,CAUCA,2016,431,4.31E+11,ELECTRICIDAD GAS Y AGUA,S06
19,CAUCA,2017,453,4.53E+11,ELECTRICIDAD GAS Y AGUA,S06
19,CAUCA,2018,497,4.97E+11,ELECTRICIDAD GAS Y AGUA,S06
19,CAUCA,2019,543,5.43E+11,ELECTRICIDAD GAS Y AGUA,S06
19,CAUCA,2020,578,5.78E+11,ELECTRICIDAD GAS Y AGUA,S06
19,CAUCA,2021,672,6.72E+11,ELECTRICIDAD GAS Y AGUA,S06
19,CAUCA,2022,847,8.47E+11,ELECTRICIDAD GAS Y AGUA,S06
19,CAUCA,2023p,988,9.88E+11,ELECTRICIDAD GAS Y AGUA,S06
19,CAUCA,2024pr,1128,1.13E+12,ELECTRICIDAD GAS Y AGUA,S06
20,CESAR,1980,1,1000000000,ELECTRICIDAD GAS Y AGUA,S06
20,CESAR,1981,1,1000000000,ELECTRICIDAD GAS Y AGUA,S06
20,CESAR,1982,1,1000000000,ELECTRICIDAD GAS Y AGUA,S06
20,CESAR,1983,1,1000000000,ELECTRICIDAD GAS Y AGUA,S06
20,CESAR,1984,2,2000000000,ELECTRICIDAD GAS Y AGUA,S06
20,CESAR,1985,2,2000000000,ELECTRICIDAD GAS Y AGUA,S06
20,CESAR,1986,3,3000000000,ELECTRICIDAD GAS Y AGUA,S06
20,CESAR,1987,3,3000000000,ELECTRICIDAD GAS Y AGUA,S06
20,CESAR,1988,4,4000000000,ELECTRICIDAD GAS Y AGUA,S06
20,CESAR,1989,6,6000000000,ELECTRICIDAD GAS Y AGUA,S06
20,CESAR,1990,6,6000000000,ELECTRICIDAD GAS Y AGUA,S06
20,CESAR,1991,8,8000000000,ELECTRICIDAD GAS Y AGUA,S06
20,CESAR,1992,11,11000000000,ELECTRICIDAD GAS Y AGUA,S06
20,CESAR,1993,24,24000000000,ELECTRICIDAD GAS Y AGUA,S06
20,CESAR,1994,41,41000000000,ELECTRICIDAD GAS Y AGUA,S06
20,CESAR,1995,43,43000000000,ELECTRICIDAD GAS Y AGUA,S06
20,CESAR,1996,53,53000000000,ELECTRICIDAD GAS Y AGUA,S06
20,CESAR,1997,53,53000000000,ELECTRICIDAD GAS Y AGUA,S06
20,CESAR,1998,44,44000000000,ELECTRICIDAD GAS Y AGUA,S06
20,CESAR,1999,47,47000000000,ELECTRICIDAD GAS Y AGUA,S06
20,CESAR,2000,55,55000000000,ELECTRICIDAD GAS Y AGUA,S06
20,CESAR,2001,72,72000000000,ELECTRICIDAD GAS Y AGUA,S06
20,CESAR,2002,77,77000000000,ELECTRICIDAD GAS Y AGUA,S06
20,CESAR,2003,93,93000000000,ELECTRICIDAD GAS Y AGUA,S06
20,CESAR,2004,104,1.04E+11,ELECTRICIDAD GAS Y AGUA,S06
20,CESAR,2005,121,1.21E+11,ELECTRICIDAD GAS Y AGUA,S06
20,CESAR,2006,137,1.37E+11,ELECTRICIDAD GAS Y AGUA,S06
20,CESAR,2007,145,1.45E+11,ELECTRICIDAD GAS Y AGUA,S06
20,CESAR,2008,179,1.79E+11,ELECTRICIDAD GAS Y AGUA,S06
20,CESAR,2009,185,1.85E+11,ELECTRICIDAD GAS Y AGUA,S06
20,CESAR,2010,201,2.01E+11,ELECTRICIDAD GAS Y AGUA,S06
20,CESAR,2011,237,2.37E+11,ELECTRICIDAD GAS Y AGUA,S06
20,CESAR,2012,248,2.48E+11,ELECTRICIDAD GAS Y AGUA,S06
20,CESAR,2013,250,2.50E+11,ELECTRICIDAD GAS Y AGUA,S06
20,CESAR,2014,280,2.80E+11,ELECTRICIDAD GAS Y AGUA,S06
20,CESAR,2015,305,3.05E+11,ELECTRICIDAD GAS Y AGUA,S06
20,CESAR,2016,365,3.65E+11,ELECTRICIDAD GAS Y AGUA,S06
20,CESAR,2017,392,3.92E+11,ELECTRICIDAD GAS Y AGUA,S06
20,CESAR,2018,439,4.39E+11,ELECTRICIDAD GAS Y AGUA,S06
20,CESAR,2019,477,4.77E+11,ELECTRICIDAD GAS Y AGUA,S06
20,CESAR,2020,528,5.28E+11,ELECTRICIDAD GAS Y AGUA,S06
20,CESAR,2021,575,5.75E+11,ELECTRICIDAD GAS Y AGUA,S06
20,CESAR,2022,693,6.93E+11,ELECTRICIDAD GAS Y AGUA,S06
20,CESAR,2023p,822,8.22E+11,ELECTRICIDAD GAS Y AGUA,S06
20,CESAR,2024pr,946,9.46E+11,ELECTRICIDAD GAS Y AGUA,S06
27,CHOCO,1980,0,0,ELECTRICIDAD GAS Y AGUA,S06
27,CHOCO,1981,0,0,ELECTRICIDAD GAS Y AGUA,S06
27,CHOCO,1982,0,0,ELECTRICIDAD GAS Y AGUA,S06
27,CHOCO,1983,0,0,ELECTRICIDAD GAS Y AGUA,S06
27,CHOCO,1984,0,0,ELECTRICIDAD GAS Y AGUA,S06
27,CHOCO,1985,0,0,ELECTRICIDAD GAS Y AGUA,S06
27,CHOCO,1986,0,0,ELECTRICIDAD GAS Y AGUA,S06
27,CHOCO,1987,0,0,ELECTRICIDAD GAS Y AGUA,S06
27,CHOCO,1988,0,0,ELECTRICIDAD GAS Y AGUA,S06
27,CHOCO,1989,1,1000000000,ELECTRICIDAD GAS Y AGUA,S06
27,CHOCO,1990,1,1000000000,ELECTRICIDAD GAS Y AGUA,S06
27,CHOCO,1991,1,1000000000,ELECTRICIDAD GAS Y AGUA,S06
27,CHOCO,1992,1,1000000000,ELECTRICIDAD GAS Y AGUA,S06
27,CHOCO,1993,2,2000000000,ELECTRICIDAD GAS Y AGUA,S06
27,CHOCO,1994,2,2000000000,ELECTRICIDAD GAS Y AGUA,S06
27,CHOCO,1995,4,4000000000,ELECTRICIDAD GAS Y AGUA,S06
27,CHOCO,1996,7,7000000000,ELECTRICIDAD GAS Y AGUA,S06
27,CHOCO,1997,8,8000000000,ELECTRICIDAD GAS Y AGUA,S06
27,CHOCO,1998,11,11000000000,ELECTRICIDAD GAS Y AGUA,S06
27,CHOCO,1999,32,32000000000,ELECTRICIDAD GAS Y AGUA,S06
27,CHOCO,2000,20,20000000000,ELECTRICIDAD GAS Y AGUA,S06
27,CHOCO,2001,23,23000000000,ELECTRICIDAD GAS Y AGUA,S06
27,CHOCO,2002,24,24000000000,ELECTRICIDAD GAS Y AGUA,S06
27,CHOCO,2003,30,30000000000,ELECTRICIDAD GAS Y AGUA,S06
27,CHOCO,2004,23,23000000000,ELECTRICIDAD GAS Y AGUA,S06
27,CHOCO,2005,20,20000000000,ELECTRICIDAD GAS Y AGUA,S06
27,CHOCO,2006,20,20000000000,ELECTRICIDAD GAS Y AGUA,S06
27,CHOCO,2007,22,22000000000,ELECTRICIDAD GAS Y AGUA,S06
27,CHOCO,2008,22,22000000000,ELECTRICIDAD GAS Y AGUA,S06
27,CHOCO,2009,23,23000000000,ELECTRICIDAD GAS Y AGUA,S06
27,CHOCO,2010,25,25000000000,ELECTRICIDAD GAS Y AGUA,S06
27,CHOCO,2011,26,26000000000,ELECTRICIDAD GAS Y AGUA,S06
27,CHOCO,2012,27,27000000000,ELECTRICIDAD GAS Y AGUA,S06
27,CHOCO,2013,27,27000000000,ELECTRICIDAD GAS Y AGUA,S06
27,CHOCO,2014,30,30000000000,ELECTRICIDAD GAS Y AGUA,S06
27,CHOCO,2015,32,32000000000,ELECTRICIDAD GAS Y AGUA,S06
27,CHOCO,2016,36,36000000000,ELECTRICIDAD GAS Y AGUA,S06
27,CHOCO,2017,37,37000000000,ELECTRICIDAD GAS Y AGUA,S06
27,CHOCO,2018,40,40000000000,ELECTRICIDAD GAS Y AGUA,S06
27,CHOCO,2019,44,44000000000,ELECTRICIDAD GAS Y AGUA,S06
27,CHOCO,2020,49,49000000000,ELECTRICIDAD GAS Y AGUA,S06
27,CHOCO,2021,55,55000000000,ELECTRICIDAD GAS Y AGUA,S06
27,CHOCO,2022,70,70000000000,ELECTRICIDAD GAS Y AGUA,S06
27,CHOCO,2023p,89,89000000000,ELECTRICIDAD GAS Y AGUA,S06
27,CHOCO,2024pr,104,1.04E+11,ELECTRICIDAD GAS Y AGUA,S06
23,CORDOBA,1980,0,0,ELECTRICIDAD GAS Y AGUA,S06
23,CORDOBA,1981,0,0,ELECTRICIDAD GAS Y AGUA,S06
23,CORDOBA,1982,1,1000000000,ELECTRICIDAD GAS Y AGUA,S06
23,CORDOBA,1983,1,1000000000,ELECTRICIDAD GAS Y AGUA,S06
23,CORDOBA,1984,2,2000000000,ELECTRICIDAD GAS Y AGUA,S06
23,CORDOBA,1985,2,2000000000,ELECTRICIDAD GAS Y AGUA,S06
23,CORDOBA,1986,3,3000000000,ELECTRICIDAD GAS Y AGUA,S06
23,CORDOBA,1987,3,3000000000,ELECTRICIDAD GAS Y AGUA,S06
23,CORDOBA,1988,5,5000000000,ELECTRICIDAD GAS Y AGUA,S06
23,CORDOBA,1989,6,6000000000,ELECTRICIDAD GAS Y AGUA,S06
23,CORDOBA,1990,9,9000000000,ELECTRICIDAD GAS Y AGUA,S06
23,CORDOBA,1991,18,18000000000,ELECTRICIDAD GAS Y AGUA,S06
23,CORDOBA,1992,17,17000000000,ELECTRICIDAD GAS Y AGUA,S06
23,CORDOBA,1993,32,32000000000,ELECTRICIDAD GAS Y AGUA,S06
23,CORDOBA,1994,24,24000000000,ELECTRICIDAD GAS Y AGUA,S06
23,CORDOBA,1995,35,35000000000,ELECTRICIDAD GAS Y AGUA,S06
23,CORDOBA,1996,60,60000000000,ELECTRICIDAD GAS Y AGUA,S06
23,CORDOBA,1997,89,89000000000,ELECTRICIDAD GAS Y AGUA,S06
23,CORDOBA,1998,115,1.15E+11,ELECTRICIDAD GAS Y AGUA,S06
23,CORDOBA,1999,133,1.33E+11,ELECTRICIDAD GAS Y AGUA,S06
23,CORDOBA,2000,162,1.62E+11,ELECTRICIDAD GAS Y AGUA,S06
23,CORDOBA,2001,197,1.97E+11,ELECTRICIDAD GAS Y AGUA,S06
23,CORDOBA,2002,214,2.14E+11,ELECTRICIDAD GAS Y AGUA,S06
23,CORDOBA,2003,254,2.54E+11,ELECTRICIDAD GAS Y AGUA,S06
23,CORDOBA,2004,268,2.68E+11,ELECTRICIDAD GAS Y AGUA,S06
23,CORDOBA,2005,289,2.89E+11,ELECTRICIDAD GAS Y AGUA,S06
23,CORDOBA,2006,318,3.18E+11,ELECTRICIDAD GAS Y AGUA,S06
23,CORDOBA,2007,367,3.67E+11,ELECTRICIDAD GAS Y AGUA,S06
23,CORDOBA,2008,341,3.41E+11,ELECTRICIDAD GAS Y AGUA,S06
23,CORDOBA,2009,339,3.39E+11,ELECTRICIDAD GAS Y AGUA,S06
23,CORDOBA,2010,403,4.03E+11,ELECTRICIDAD GAS Y AGUA,S06
23,CORDOBA,2011,415,4.15E+11,ELECTRICIDAD GAS Y AGUA,S06
23,CORDOBA,2012,434,4.34E+11,ELECTRICIDAD GAS Y AGUA,S06
23,CORDOBA,2013,454,4.54E+11,ELECTRICIDAD GAS Y AGUA,S06
23,CORDOBA,2014,485,4.85E+11,ELECTRICIDAD GAS Y AGUA,S06
23,CORDOBA,2015,525,5.25E+11,ELECTRICIDAD GAS Y AGUA,S06
23,CORDOBA,2016,599,5.99E+11,ELECTRICIDAD GAS Y AGUA,S06
23,CORDOBA,2017,631,6.31E+11,ELECTRICIDAD GAS Y AGUA,S06
23,CORDOBA,2018,682,6.82E+11,ELECTRICIDAD GAS Y AGUA,S06
23,CORDOBA,2019,746,7.46E+11,ELECTRICIDAD GAS Y AGUA,S06
23,CORDOBA,2020,823,8.23E+11,ELECTRICIDAD GAS Y AGUA,S06
23,CORDOBA,2021,1025,1.03E+12,ELECTRICIDAD GAS Y AGUA,S06
23,CORDOBA,2022,1287,1.29E+12,ELECTRICIDAD GAS Y AGUA,S06
23,CORDOBA,2023p,1445,1.45E+12,ELECTRICIDAD GAS Y AGUA,S06
23,CORDOBA,2024pr,1622,1.62E+12,ELECTRICIDAD GAS Y AGUA,S06
25,CUNDINAMARCA,1980,1,1000000000,ELECTRICIDAD GAS Y AGUA,S06
25,CUNDINAMARCA,1981,2,2000000000,ELECTRICIDAD GAS Y AGUA,S06
25,CUNDINAMARCA,1982,3,3000000000,ELECTRICIDAD GAS Y AGUA,S06
25,CUNDINAMARCA,1983,4,4000000000,ELECTRICIDAD GAS Y AGUA,S06
25,CUNDINAMARCA,1984,5,5000000000,ELECTRICIDAD GAS Y AGUA,S06
25,CUNDINAMARCA,1985,7,7000000000,ELECTRICIDAD GAS Y AGUA,S06
25,CUNDINAMARCA,1986,10,10000000000,ELECTRICIDAD GAS Y AGUA,S06
25,CUNDINAMARCA,1987,14,14000000000,ELECTRICIDAD GAS Y AGUA,S06
25,CUNDINAMARCA,1988,19,19000000000,ELECTRICIDAD GAS Y AGUA,S06
25,CUNDINAMARCA,1989,27,27000000000,ELECTRICIDAD GAS Y AGUA,S06
25,CUNDINAMARCA,1990,35,35000000000,ELECTRICIDAD GAS Y AGUA,S06
25,CUNDINAMARCA,1991,43,43000000000,ELECTRICIDAD GAS Y AGUA,S06
25,CUNDINAMARCA,1992,56,56000000000,ELECTRICIDAD GAS Y AGUA,S06
25,CUNDINAMARCA,1993,86,86000000000,ELECTRICIDAD GAS Y AGUA,S06
25,CUNDINAMARCA,1994,134,1.34E+11,ELECTRICIDAD GAS Y AGUA,S06
25,CUNDINAMARCA,1995,153,1.53E+11,ELECTRICIDAD GAS Y AGUA,S06
25,CUNDINAMARCA,1996,188,1.88E+11,ELECTRICIDAD GAS Y AGUA,S06
25,CUNDINAMARCA,1997,280,2.80E+11,ELECTRICIDAD GAS Y AGUA,S06
25,CUNDINAMARCA,1998,302,3.02E+11,ELECTRICIDAD GAS Y AGUA,S06
25,CUNDINAMARCA,1999,390,3.90E+11,ELECTRICIDAD GAS Y AGUA,S06
25,CUNDINAMARCA,2000,555,5.55E+11,ELECTRICIDAD GAS Y AGUA,S06
25,CUNDINAMARCA,2001,682,6.82E+11,ELECTRICIDAD GAS Y AGUA,S06
25,CUNDINAMARCA,2002,726,7.26E+11,ELECTRICIDAD GAS Y AGUA,S06
25,CUNDINAMARCA,2003,907,9.07E+11,ELECTRICIDAD GAS Y AGUA,S06
25,CUNDINAMARCA,2004,1053,1.05E+12,ELECTRICIDAD GAS Y AGUA,S06
25,CUNDINAMARCA,2005,1143,1.14E+12,ELECTRICIDAD GAS Y AGUA,S06
25,CUNDINAMARCA,2006,1281,1.28E+12,ELECTRICIDAD GAS Y AGUA,S06
25,CUNDINAMARCA,2007,1391,1.39E+12,ELECTRICIDAD GAS Y AGUA,S06
25,CUNDINAMARCA,2008,1585,1.59E+12,ELECTRICIDAD GAS Y AGUA,S06
25,CUNDINAMARCA,2009,1720,1.72E+12,ELECTRICIDAD GAS Y AGUA,S06
25,CUNDINAMARCA,2010,1813,1.81E+12,ELECTRICIDAD GAS Y AGUA,S06
25,CUNDINAMARCA,2011,1953,1.95E+12,ELECTRICIDAD GAS Y AGUA,S06
25,CUNDINAMARCA,2012,2208,2.21E+12,ELECTRICIDAD GAS Y AGUA,S06
25,CUNDINAMARCA,2013,2341,2.34E+12,ELECTRICIDAD GAS Y AGUA,S06
25,CUNDINAMARCA,2014,2459,2.46E+12,ELECTRICIDAD GAS Y AGUA,S06
25,CUNDINAMARCA,2015,2632,2.63E+12,ELECTRICIDAD GAS Y AGUA,S06
25,CUNDINAMARCA,2016,3032,3.03E+12,ELECTRICIDAD GAS Y AGUA,S06
25,CUNDINAMARCA,2017,3232,3.23E+12,ELECTRICIDAD GAS Y AGUA,S06
25,CUNDINAMARCA,2018,3489,3.49E+12,ELECTRICIDAD GAS Y AGUA,S06
25,CUNDINAMARCA,2019,3900,3.90E+12,ELECTRICIDAD GAS Y AGUA,S06
25,CUNDINAMARCA,2020,4246,4.25E+12,ELECTRICIDAD GAS Y AGUA,S06
25,CUNDINAMARCA,2021,4919,4.92E+12,ELECTRICIDAD GAS Y AGUA,S06
25,CUNDINAMARCA,2022,6291,6.29E+12,ELECTRICIDAD GAS Y AGUA,S06
25,CUNDINAMARCA,2023p,7800,7.80E+12,ELECTRICIDAD GAS Y AGUA,S06
25,CUNDINAMARCA,2024pr,9189,9.19E+12,ELECTRICIDAD GAS Y AGUA,S06
41,HUILA,1980,0,0,ELECTRICIDAD GAS Y AGUA,S06
41,HUILA,1981,0,0,ELECTRICIDAD GAS Y AGUA,S06
41,HUILA,1982,0,0,ELECTRICIDAD GAS Y AGUA,S06
41,HUILA,1983,1,1000000000,ELECTRICIDAD GAS Y AGUA,S06
41,HUILA,1984,1,1000000000,ELECTRICIDAD GAS Y AGUA,S06
41,HUILA,1985,1,1000000000,ELECTRICIDAD GAS Y AGUA,S06
41,HUILA,1986,1,1000000000,ELECTRICIDAD GAS Y AGUA,S06
41,HUILA,1987,2,2000000000,ELECTRICIDAD GAS Y AGUA,S06
41,HUILA,1988,8,8000000000,ELECTRICIDAD GAS Y AGUA,S06
41,HUILA,1989,12,12000000000,ELECTRICIDAD GAS Y AGUA,S06
41,HUILA,1990,16,16000000000,ELECTRICIDAD GAS Y AGUA,S06
41,HUILA,1991,23,23000000000,ELECTRICIDAD GAS Y AGUA,S06
41,HUILA,1992,45,45000000000,ELECTRICIDAD GAS Y AGUA,S06
41,HUILA,1993,72,72000000000,ELECTRICIDAD GAS Y AGUA,S06
41,HUILA,1994,98,98000000000,ELECTRICIDAD GAS Y AGUA,S06
41,HUILA,1995,113,1.13E+11,ELECTRICIDAD GAS Y AGUA,S06
41,HUILA,1996,146,1.46E+11,ELECTRICIDAD GAS Y AGUA,S06
41,HUILA,1997,195,1.95E+11,ELECTRICIDAD GAS Y AGUA,S06
41,HUILA,1998,213,2.13E+11,ELECTRICIDAD GAS Y AGUA,S06
41,HUILA,1999,175,1.75E+11,ELECTRICIDAD GAS Y AGUA,S06
41,HUILA,2000,148,1.48E+11,ELECTRICIDAD GAS Y AGUA,S06
41,HUILA,2001,154,1.54E+11,ELECTRICIDAD GAS Y AGUA,S06
41,HUILA,2002,164,1.64E+11,ELECTRICIDAD GAS Y AGUA,S06
41,HUILA,2003,177,1.77E+11,ELECTRICIDAD GAS Y AGUA,S06
41,HUILA,2004,219,2.19E+11,ELECTRICIDAD GAS Y AGUA,S06
41,HUILA,2005,258,2.58E+11,ELECTRICIDAD GAS Y AGUA,S06
41,HUILA,2006,291,2.91E+11,ELECTRICIDAD GAS Y AGUA,S06
41,HUILA,2007,303,3.03E+11,ELECTRICIDAD GAS Y AGUA,S06
41,HUILA,2008,342,3.42E+11,ELECTRICIDAD GAS Y AGUA,S06
41,HUILA,2009,348,3.48E+11,ELECTRICIDAD GAS Y AGUA,S06
41,HUILA,2010,361,3.61E+11,ELECTRICIDAD GAS Y AGUA,S06
41,HUILA,2011,457,4.57E+11,ELECTRICIDAD GAS Y AGUA,S06
41,HUILA,2012,448,4.48E+11,ELECTRICIDAD GAS Y AGUA,S06
41,HUILA,2013,457,4.57E+11,ELECTRICIDAD GAS Y AGUA,S06
41,HUILA,2014,510,5.10E+11,ELECTRICIDAD GAS Y AGUA,S06
41,HUILA,2015,533,5.33E+11,ELECTRICIDAD GAS Y AGUA,S06
41,HUILA,2016,599,5.99E+11,ELECTRICIDAD GAS Y AGUA,S06
41,HUILA,2017,641,6.41E+11,ELECTRICIDAD GAS Y AGUA,S06
41,HUILA,2018,719,7.19E+11,ELECTRICIDAD GAS Y AGUA,S06
41,HUILA,2019,809,8.09E+11,ELECTRICIDAD GAS Y AGUA,S06
41,HUILA,2020,877,8.77E+11,ELECTRICIDAD GAS Y AGUA,S06
41,HUILA,2021,993,9.93E+11,ELECTRICIDAD GAS Y AGUA,S06
41,HUILA,2022,1188,1.19E+12,ELECTRICIDAD GAS Y AGUA,S06
41,HUILA,2023p,1459,1.46E+12,ELECTRICIDAD GAS Y AGUA,S06
41,HUILA,2024pr,1706,1.71E+12,ELECTRICIDAD GAS Y AGUA,S06
44,LA GUAJIRA,1980,0,0,ELECTRICIDAD GAS Y AGUA,S06
44,LA GUAJIRA,1981,0,0,ELECTRICIDAD GAS Y AGUA,S06
44,LA GUAJIRA,1982,0,0,ELECTRICIDAD GAS Y AGUA,S06
44,LA GUAJIRA,1983,0,0,ELECTRICIDAD GAS Y AGUA,S06
44,LA GUAJIRA,1984,1,1000000000,ELECTRICIDAD GAS Y AGUA,S06
44,LA GUAJIRA,1985,1,1000000000,ELECTRICIDAD GAS Y AGUA,S06
44,LA GUAJIRA,1986,1,1000000000,ELECTRICIDAD GAS Y AGUA,S06
44,LA GUAJIRA,1987,2,2000000000,ELECTRICIDAD GAS Y AGUA,S06
44,LA GUAJIRA,1988,4,4000000000,ELECTRICIDAD GAS Y AGUA,S06
44,LA GUAJIRA,1989,5,5000000000,ELECTRICIDAD GAS Y AGUA,S06
44,LA GUAJIRA,1990,7,7000000000,ELECTRICIDAD GAS Y AGUA,S06
44,LA GUAJIRA,1991,10,10000000000,ELECTRICIDAD GAS Y AGUA,S06
44,LA GUAJIRA,1992,15,15000000000,ELECTRICIDAD GAS Y AGUA,S06
44,LA GUAJIRA,1993,17,17000000000,ELECTRICIDAD GAS Y AGUA,S06
44,LA GUAJIRA,1994,21,21000000000,ELECTRICIDAD GAS Y AGUA,S06
44,LA GUAJIRA,1995,23,23000000000,ELECTRICIDAD GAS Y AGUA,S06
44,LA GUAJIRA,1996,29,29000000000,ELECTRICIDAD GAS Y AGUA,S06
44,LA GUAJIRA,1997,36,36000000000,ELECTRICIDAD GAS Y AGUA,S06
44,LA GUAJIRA,1998,35,35000000000,ELECTRICIDAD GAS Y AGUA,S06
44,LA GUAJIRA,1999,64,64000000000,ELECTRICIDAD GAS Y AGUA,S06
44,LA GUAJIRA,2000,100,1.00E+11,ELECTRICIDAD GAS Y AGUA,S06
44,LA GUAJIRA,2001,104,1.04E+11,ELECTRICIDAD GAS Y AGUA,S06
44,LA GUAJIRA,2002,100,1.00E+11,ELECTRICIDAD GAS Y AGUA,S06
44,LA GUAJIRA,2003,120,1.20E+11,ELECTRICIDAD GAS Y AGUA,S06
44,LA GUAJIRA,2004,129,1.29E+11,ELECTRICIDAD GAS Y AGUA,S06
44,LA GUAJIRA,2005,156,1.56E+11,ELECTRICIDAD GAS Y AGUA,S06
44,LA GUAJIRA,2006,164,1.64E+11,ELECTRICIDAD GAS Y AGUA,S06
44,LA GUAJIRA,2007,162,1.62E+11,ELECTRICIDAD GAS Y AGUA,S06
44,LA GUAJIRA,2008,205,2.05E+11,ELECTRICIDAD GAS Y AGUA,S06
44,LA GUAJIRA,2009,232,2.32E+11,ELECTRICIDAD GAS Y AGUA,S06
44,LA GUAJIRA,2010,248,2.48E+11,ELECTRICIDAD GAS Y AGUA,S06
44,LA GUAJIRA,2011,282,2.82E+11,ELECTRICIDAD GAS Y AGUA,S06
44,LA GUAJIRA,2012,299,2.99E+11,ELECTRICIDAD GAS Y AGUA,S06
44,LA GUAJIRA,2013,356,3.56E+11,ELECTRICIDAD GAS Y AGUA,S06
44,LA GUAJIRA,2014,371,3.71E+11,ELECTRICIDAD GAS Y AGUA,S06
44,LA GUAJIRA,2015,393,3.93E+11,ELECTRICIDAD GAS Y AGUA,S06
44,LA GUAJIRA,2016,442,4.42E+11,ELECTRICIDAD GAS Y AGUA,S06
44,LA GUAJIRA,2017,466,4.66E+11,ELECTRICIDAD GAS Y AGUA,S06
44,LA GUAJIRA,2018,503,5.03E+11,ELECTRICIDAD GAS Y AGUA,S06
44,LA GUAJIRA,2019,559,5.59E+11,ELECTRICIDAD GAS Y AGUA,S06
44,LA GUAJIRA,2020,627,6.27E+11,ELECTRICIDAD GAS Y AGUA,S06
44,LA GUAJIRA,2021,695,6.95E+11,ELECTRICIDAD GAS Y AGUA,S06
44,LA GUAJIRA,2022,888,8.88E+11,ELECTRICIDAD GAS Y AGUA,S06
44,LA GUAJIRA,2023p,1124,1.12E+12,ELECTRICIDAD GAS Y AGUA,S06
44,LA GUAJIRA,2024pr,1343,1.34E+12,ELECTRICIDAD GAS Y AGUA,S06
47,MAGDALENA,1980,0,0,ELECTRICIDAD GAS Y AGUA,S06
47,MAGDALENA,1981,0,0,ELECTRICIDAD GAS Y AGUA,S06
47,MAGDALENA,1982,0,0,ELECTRICIDAD GAS Y AGUA,S06
47,MAGDALENA,1983,1,1000000000,ELECTRICIDAD GAS Y AGUA,S06
47,MAGDALENA,1984,1,1000000000,ELECTRICIDAD GAS Y AGUA,S06
47,MAGDALENA,1985,1,1000000000,ELECTRICIDAD GAS Y AGUA,S06
47,MAGDALENA,1986,1,1000000000,ELECTRICIDAD GAS Y AGUA,S06
47,MAGDALENA,1987,1,1000000000,ELECTRICIDAD GAS Y AGUA,S06
47,MAGDALENA,1988,2,2000000000,ELECTRICIDAD GAS Y AGUA,S06
47,MAGDALENA,1989,2,2000000000,ELECTRICIDAD GAS Y AGUA,S06
47,MAGDALENA,1990,6,6000000000,ELECTRICIDAD GAS Y AGUA,S06
47,MAGDALENA,1991,7,7000000000,ELECTRICIDAD GAS Y AGUA,S06
47,MAGDALENA,1992,10,10000000000,ELECTRICIDAD GAS Y AGUA,S06
47,MAGDALENA,1993,14,14000000000,ELECTRICIDAD GAS Y AGUA,S06
47,MAGDALENA,1994,26,26000000000,ELECTRICIDAD GAS Y AGUA,S06
47,MAGDALENA,1995,28,28000000000,ELECTRICIDAD GAS Y AGUA,S06
47,MAGDALENA,1996,30,30000000000,ELECTRICIDAD GAS Y AGUA,S06
47,MAGDALENA,1997,34,34000000000,ELECTRICIDAD GAS Y AGUA,S06
47,MAGDALENA,1998,37,37000000000,ELECTRICIDAD GAS Y AGUA,S06
47,MAGDALENA,1999,40,40000000000,ELECTRICIDAD GAS Y AGUA,S06
47,MAGDALENA,2000,45,45000000000,ELECTRICIDAD GAS Y AGUA,S06
47,MAGDALENA,2001,53,53000000000,ELECTRICIDAD GAS Y AGUA,S06
47,MAGDALENA,2002,56,56000000000,ELECTRICIDAD GAS Y AGUA,S06
47,MAGDALENA,2003,70,70000000000,ELECTRICIDAD GAS Y AGUA,S06
47,MAGDALENA,2004,76,76000000000,ELECTRICIDAD GAS Y AGUA,S06
47,MAGDALENA,2005,88,88000000000,ELECTRICIDAD GAS Y AGUA,S06
47,MAGDALENA,2006,95,95000000000,ELECTRICIDAD GAS Y AGUA,S06
47,MAGDALENA,2007,103,1.03E+11,ELECTRICIDAD GAS Y AGUA,S06
47,MAGDALENA,2008,109,1.09E+11,ELECTRICIDAD GAS Y AGUA,S06
47,MAGDALENA,2009,112,1.12E+11,ELECTRICIDAD GAS Y AGUA,S06
47,MAGDALENA,2010,121,1.21E+11,ELECTRICIDAD GAS Y AGUA,S06
47,MAGDALENA,2011,134,1.34E+11,ELECTRICIDAD GAS Y AGUA,S06
47,MAGDALENA,2012,145,1.45E+11,ELECTRICIDAD GAS Y AGUA,S06
47,MAGDALENA,2013,154,1.54E+11,ELECTRICIDAD GAS Y AGUA,S06
47,MAGDALENA,2014,157,1.57E+11,ELECTRICIDAD GAS Y AGUA,S06
47,MAGDALENA,2015,174,1.74E+11,ELECTRICIDAD GAS Y AGUA,S06
47,MAGDALENA,2016,206,2.06E+11,ELECTRICIDAD GAS Y AGUA,S06
47,MAGDALENA,2017,218,2.18E+11,ELECTRICIDAD GAS Y AGUA,S06
47,MAGDALENA,2018,237,2.37E+11,ELECTRICIDAD GAS Y AGUA,S06
47,MAGDALENA,2019,261,2.61E+11,ELECTRICIDAD GAS Y AGUA,S06
47,MAGDALENA,2020,287,2.87E+11,ELECTRICIDAD GAS Y AGUA,S06
47,MAGDALENA,2021,329,3.29E+11,ELECTRICIDAD GAS Y AGUA,S06
47,MAGDALENA,2022,419,4.19E+11,ELECTRICIDAD GAS Y AGUA,S06
47,MAGDALENA,2023p,504,5.04E+11,ELECTRICIDAD GAS Y AGUA,S06
47,MAGDALENA,2024pr,578,5.78E+11,ELECTRICIDAD GAS Y AGUA,S06
50,META,1980,0,0,ELECTRICIDAD GAS Y AGUA,S06
50,META,1981,0,0,ELECTRICIDAD GAS Y AGUA,S06
50,META,1982,0,0,ELECTRICIDAD GAS Y AGUA,S06
50,META,1983,0,0,ELECTRICIDAD GAS Y AGUA,S06
50,META,1984,0,0,ELECTRICIDAD GAS Y AGUA,S06
50,META,1985,1,1000000000,ELECTRICIDAD GAS Y AGUA,S06
50,META,1986,1,1000000000,ELECTRICIDAD GAS Y AGUA,S06
50,META,1987,1,1000000000,ELECTRICIDAD GAS Y AGUA,S06
50,META,1988,2,2000000000,ELECTRICIDAD GAS Y AGUA,S06
50,META,1989,2,2000000000,ELECTRICIDAD GAS Y AGUA,S06
50,META,1990,3,3000000000,ELECTRICIDAD GAS Y AGUA,S06
50,META,1991,5,5000000000,ELECTRICIDAD GAS Y AGUA,S06
50,META,1992,7,7000000000,ELECTRICIDAD GAS Y AGUA,S06
50,META,1993,11,11000000000,ELECTRICIDAD GAS Y AGUA,S06
50,META,1994,18,18000000000,ELECTRICIDAD GAS Y AGUA,S06
50,META,1995,21,21000000000,ELECTRICIDAD GAS Y AGUA,S06
50,META,1996,33,33000000000,ELECTRICIDAD GAS Y AGUA,S06
50,META,1997,47,47000000000,ELECTRICIDAD GAS Y AGUA,S06
50,META,1998,57,57000000000,ELECTRICIDAD GAS Y AGUA,S06
50,META,1999,54,54000000000,ELECTRICIDAD GAS Y AGUA,S06
50,META,2000,48,48000000000,ELECTRICIDAD GAS Y AGUA,S06
50,META,2001,58,58000000000,ELECTRICIDAD GAS Y AGUA,S06
50,META,2002,63,63000000000,ELECTRICIDAD GAS Y AGUA,S06
50,META,2003,82,82000000000,ELECTRICIDAD GAS Y AGUA,S06
50,META,2004,97,97000000000,ELECTRICIDAD GAS Y AGUA,S06
50,META,2005,103,1.03E+11,ELECTRICIDAD GAS Y AGUA,S06
50,META,2006,121,1.21E+11,ELECTRICIDAD GAS Y AGUA,S06
50,META,2007,144,1.44E+11,ELECTRICIDAD GAS Y AGUA,S06
50,META,2008,162,1.62E+11,ELECTRICIDAD GAS Y AGUA,S06
50,META,2009,158,1.58E+11,ELECTRICIDAD GAS Y AGUA,S06
50,META,2010,177,1.77E+11,ELECTRICIDAD GAS Y AGUA,S06
50,META,2011,202,2.02E+11,ELECTRICIDAD GAS Y AGUA,S06
50,META,2012,236,2.36E+11,ELECTRICIDAD GAS Y AGUA,S06
50,META,2013,251,2.51E+11,ELECTRICIDAD GAS Y AGUA,S06
50,META,2014,261,2.61E+11,ELECTRICIDAD GAS Y AGUA,S06
50,META,2015,288,2.88E+11,ELECTRICIDAD GAS Y AGUA,S06
50,META,2016,332,3.32E+11,ELECTRICIDAD GAS Y AGUA,S06
50,META,2017,361,3.61E+11,ELECTRICIDAD GAS Y AGUA,S06
50,META,2018,397,3.97E+11,ELECTRICIDAD GAS Y AGUA,S06
50,META,2019,442,4.42E+11,ELECTRICIDAD GAS Y AGUA,S06
50,META,2020,472,4.72E+11,ELECTRICIDAD GAS Y AGUA,S06
50,META,2021,515,5.15E+11,ELECTRICIDAD GAS Y AGUA,S06
50,META,2022,604,6.04E+11,ELECTRICIDAD GAS Y AGUA,S06
50,META,2023p,699,6.99E+11,ELECTRICIDAD GAS Y AGUA,S06
50,META,2024pr,785,7.85E+11,ELECTRICIDAD GAS Y AGUA,S06
52,NARINO,1980,0,0,ELECTRICIDAD GAS Y AGUA,S06
52,NARINO,1981,0,0,ELECTRICIDAD GAS Y AGUA,S06
52,NARINO,1982,0,0,ELECTRICIDAD GAS Y AGUA,S06
52,NARINO,1983,1,1000000000,ELECTRICIDAD GAS Y AGUA,S06
52,NARINO,1984,1,1000000000,ELECTRICIDAD GAS Y AGUA,S06
52,NARINO,1985,1,1000000000,ELECTRICIDAD GAS Y AGUA,S06
52,NARINO,1986,2,2000000000,ELECTRICIDAD GAS Y AGUA,S06
52,NARINO,1987,2,2000000000,ELECTRICIDAD GAS Y AGUA,S06
52,NARINO,1988,3,3000000000,ELECTRICIDAD GAS Y AGUA,S06
52,NARINO,1989,6,6000000000,ELECTRICIDAD GAS Y AGUA,S06
52,NARINO,1990,9,9000000000,ELECTRICIDAD GAS Y AGUA,S06
52,NARINO,1991,17,17000000000,ELECTRICIDAD GAS Y AGUA,S06
52,NARINO,1992,20,20000000000,ELECTRICIDAD GAS Y AGUA,S06
52,NARINO,1993,8,8000000000,ELECTRICIDAD GAS Y AGUA,S06
52,NARINO,1994,15,15000000000,ELECTRICIDAD GAS Y AGUA,S06
52,NARINO,1995,18,18000000000,ELECTRICIDAD GAS Y AGUA,S06
52,NARINO,1996,29,29000000000,ELECTRICIDAD GAS Y AGUA,S06
52,NARINO,1997,43,43000000000,ELECTRICIDAD GAS Y AGUA,S06
52,NARINO,1998,55,55000000000,ELECTRICIDAD GAS Y AGUA,S06
52,NARINO,1999,64,64000000000,ELECTRICIDAD GAS Y AGUA,S06
52,NARINO,2000,72,72000000000,ELECTRICIDAD GAS Y AGUA,S06
52,NARINO,2001,86,86000000000,ELECTRICIDAD GAS Y AGUA,S06
52,NARINO,2002,90,90000000000,ELECTRICIDAD GAS Y AGUA,S06
52,NARINO,2003,102,1.02E+11,ELECTRICIDAD GAS Y AGUA,S06
52,NARINO,2004,113,1.13E+11,ELECTRICIDAD GAS Y AGUA,S06
52,NARINO,2005,121,1.21E+11,ELECTRICIDAD GAS Y AGUA,S06
52,NARINO,2006,125,1.25E+11,ELECTRICIDAD GAS Y AGUA,S06
52,NARINO,2007,130,1.30E+11,ELECTRICIDAD GAS Y AGUA,S06
52,NARINO,2008,133,1.33E+11,ELECTRICIDAD GAS Y AGUA,S06
52,NARINO,2009,139,1.39E+11,ELECTRICIDAD GAS Y AGUA,S06
52,NARINO,2010,149,1.49E+11,ELECTRICIDAD GAS Y AGUA,S06
52,NARINO,2011,158,1.58E+11,ELECTRICIDAD GAS Y AGUA,S06
52,NARINO,2012,154,1.54E+11,ELECTRICIDAD GAS Y AGUA,S06
52,NARINO,2013,150,1.50E+11,ELECTRICIDAD GAS Y AGUA,S06
52,NARINO,2014,148,1.48E+11,ELECTRICIDAD GAS Y AGUA,S06
52,NARINO,2015,154,1.54E+11,ELECTRICIDAD GAS Y AGUA,S06
52,NARINO,2016,167,1.67E+11,ELECTRICIDAD GAS Y AGUA,S06
52,NARINO,2017,182,1.82E+11,ELECTRICIDAD GAS Y AGUA,S06
52,NARINO,2018,201,2.01E+11,ELECTRICIDAD GAS Y AGUA,S06
52,NARINO,2019,220,2.20E+11,ELECTRICIDAD GAS Y AGUA,S06
52,NARINO,2020,235,2.35E+11,ELECTRICIDAD GAS Y AGUA,S06
52,NARINO,2021,262,2.62E+11,ELECTRICIDAD GAS Y AGUA,S06
52,NARINO,2022,306,3.06E+11,ELECTRICIDAD GAS Y AGUA,S06
52,NARINO,2023p,364,3.64E+11,ELECTRICIDAD GAS Y AGUA,S06
52,NARINO,2024pr,416,4.16E+11,ELECTRICIDAD GAS Y AGUA,S06
54,NORTE DE SANTANDER,1980,0,0,ELECTRICIDAD GAS Y AGUA,S06
54,NORTE DE SANTANDER,1981,0,0,ELECTRICIDAD GAS Y AGUA,S06
54,NORTE DE SANTANDER,1982,1,1000000000,ELECTRICIDAD GAS Y AGUA,S06
54,NORTE DE SANTANDER,1983,1,1000000000,ELECTRICIDAD GAS Y AGUA,S06
54,NORTE DE SANTANDER,1984,1,1000000000,ELECTRICIDAD GAS Y AGUA,S06
54,NORTE DE SANTANDER,1985,1,1000000000,ELECTRICIDAD GAS Y AGUA,S06
54,NORTE DE SANTANDER,1986,2,2000000000,ELECTRICIDAD GAS Y AGUA,S06
54,NORTE DE SANTANDER,1987,2,2000000000,ELECTRICIDAD GAS Y AGUA,S06
54,NORTE DE SANTANDER,1988,3,3000000000,ELECTRICIDAD GAS Y AGUA,S06
54,NORTE DE SANTANDER,1989,5,5000000000,ELECTRICIDAD GAS Y AGUA,S06
54,NORTE DE SANTANDER,1990,6,6000000000,ELECTRICIDAD GAS Y AGUA,S06
54,NORTE DE SANTANDER,1991,8,8000000000,ELECTRICIDAD GAS Y AGUA,S06
54,NORTE DE SANTANDER,1992,13,13000000000,ELECTRICIDAD GAS Y AGUA,S06
54,NORTE DE SANTANDER,1993,11,11000000000,ELECTRICIDAD GAS Y AGUA,S06
54,NORTE DE SANTANDER,1994,18,18000000000,ELECTRICIDAD GAS Y AGUA,S06
54,NORTE DE SANTANDER,1995,22,22000000000,ELECTRICIDAD GAS Y AGUA,S06
54,NORTE DE SANTANDER,1996,29,29000000000,ELECTRICIDAD GAS Y AGUA,S06
54,NORTE DE SANTANDER,1997,29,29000000000,ELECTRICIDAD GAS Y AGUA,S06
54,NORTE DE SANTANDER,1998,47,47000000000,ELECTRICIDAD GAS Y AGUA,S06
54,NORTE DE SANTANDER,1999,47,47000000000,ELECTRICIDAD GAS Y AGUA,S06
54,NORTE DE SANTANDER,2000,71,71000000000,ELECTRICIDAD GAS Y AGUA,S06
54,NORTE DE SANTANDER,2001,82,82000000000,ELECTRICIDAD GAS Y AGUA,S06
54,NORTE DE SANTANDER,2002,85,85000000000,ELECTRICIDAD GAS Y AGUA,S06
54,NORTE DE SANTANDER,2003,108,1.08E+11,ELECTRICIDAD GAS Y AGUA,S06
54,NORTE DE SANTANDER,2004,108,1.08E+11,ELECTRICIDAD GAS Y AGUA,S06
54,NORTE DE SANTANDER,2005,123,1.23E+11,ELECTRICIDAD GAS Y AGUA,S06
54,NORTE DE SANTANDER,2006,139,1.39E+11,ELECTRICIDAD GAS Y AGUA,S06
54,NORTE DE SANTANDER,2007,155,1.55E+11,ELECTRICIDAD GAS Y AGUA,S06
54,NORTE DE SANTANDER,2008,170,1.70E+11,ELECTRICIDAD GAS Y AGUA,S06
54,NORTE DE SANTANDER,2009,189,1.89E+11,ELECTRICIDAD GAS Y AGUA,S06
54,NORTE DE SANTANDER,2010,206,2.06E+11,ELECTRICIDAD GAS Y AGUA,S06
54,NORTE DE SANTANDER,2011,207,2.07E+11,ELECTRICIDAD GAS Y AGUA,S06
54,NORTE DE SANTANDER,2012,235,2.35E+11,ELECTRICIDAD GAS Y AGUA,S06
54,NORTE DE SANTANDER,2013,260,2.60E+11,ELECTRICIDAD GAS Y AGUA,S06
54,NORTE DE SANTANDER,2014,262,2.62E+11,ELECTRICIDAD GAS Y AGUA,S06
54,NORTE DE SANTANDER,2015,279,2.79E+11,ELECTRICIDAD GAS Y AGUA,S06
54,NORTE DE SANTANDER,2016,325,3.25E+11,ELECTRICIDAD GAS Y AGUA,S06
54,NORTE DE SANTANDER,2017,342,3.42E+11,ELECTRICIDAD GAS Y AGUA,S06
54,NORTE DE SANTANDER,2018,370,3.70E+11,ELECTRICIDAD GAS Y AGUA,S06
54,NORTE DE SANTANDER,2019,413,4.13E+11,ELECTRICIDAD GAS Y AGUA,S06
54,NORTE DE SANTANDER,2020,467,4.67E+11,ELECTRICIDAD GAS Y AGUA,S06
54,NORTE DE SANTANDER,2021,533,5.33E+11,ELECTRICIDAD GAS Y AGUA,S06
54,NORTE DE SANTANDER,2022,668,6.68E+11,ELECTRICIDAD GAS Y AGUA,S06
54,NORTE DE SANTANDER,2023p,829,8.29E+11,ELECTRICIDAD GAS Y AGUA,S06
54,NORTE DE SANTANDER,2024pr,975,9.75E+11,ELECTRICIDAD GAS Y AGUA,S06
63,QUNDIO,1980,0,0,ELECTRICIDAD GAS Y AGUA,S06
63,QUNDIO,1981,0,0,ELECTRICIDAD GAS Y AGUA,S06
63,QUNDIO,1982,1,1000000000,ELECTRICIDAD GAS Y AGUA,S06
63,QUNDIO,1983,1,1000000000,ELECTRICIDAD GAS Y AGUA,S06
63,QUNDIO,1984,1,1000000000,ELECTRICIDAD GAS Y AGUA,S06
63,QUNDIO,1985,1,1000000000,ELECTRICIDAD GAS Y AGUA,S06
63,QUNDIO,1986,1,1000000000,ELECTRICIDAD GAS Y AGUA,S06
63,QUNDIO,1987,1,1000000000,ELECTRICIDAD GAS Y AGUA,S06
63,QUNDIO,1988,2,2000000000,ELECTRICIDAD GAS Y AGUA,S06
63,QUNDIO,1989,3,3000000000,ELECTRICIDAD GAS Y AGUA,S06
63,QUNDIO,1990,2,2000000000,ELECTRICIDAD GAS Y AGUA,S06
63,QUNDIO,1991,5,5000000000,ELECTRICIDAD GAS Y AGUA,S06
63,QUNDIO,1992,8,8000000000,ELECTRICIDAD GAS Y AGUA,S06
63,QUNDIO,1993,12,12000000000,ELECTRICIDAD GAS Y AGUA,S06
63,QUNDIO,1994,18,18000000000,ELECTRICIDAD GAS Y AGUA,S06
63,QUNDIO,1995,20,20000000000,ELECTRICIDAD GAS Y AGUA,S06
63,QUNDIO,1996,27,27000000000,ELECTRICIDAD GAS Y AGUA,S06
63,QUNDIO,1997,29,29000000000,ELECTRICIDAD GAS Y AGUA,S06
63,QUNDIO,1998,34,34000000000,ELECTRICIDAD GAS Y AGUA,S06
63,QUNDIO,1999,34,34000000000,ELECTRICIDAD GAS Y AGUA,S06
63,QUNDIO,2000,42,42000000000,ELECTRICIDAD GAS Y AGUA,S06
63,QUNDIO,2001,49,49000000000,ELECTRICIDAD GAS Y AGUA,S06
63,QUNDIO,2002,53,53000000000,ELECTRICIDAD GAS Y AGUA,S06
63,QUNDIO,2003,66,66000000000,ELECTRICIDAD GAS Y AGUA,S06
63,QUNDIO,2004,85,85000000000,ELECTRICIDAD GAS Y AGUA,S06
63,QUNDIO,2005,96,96000000000,ELECTRICIDAD GAS Y AGUA,S06
63,QUNDIO,2006,105,1.05E+11,ELECTRICIDAD GAS Y AGUA,S06
63,QUNDIO,2007,111,1.11E+11,ELECTRICIDAD GAS Y AGUA,S06
63,QUNDIO,2008,122,1.22E+11,ELECTRICIDAD GAS Y AGUA,S06
63,QUNDIO,2009,116,1.16E+11,ELECTRICIDAD GAS Y AGUA,S06
63,QUNDIO,2010,121,1.21E+11,ELECTRICIDAD GAS Y AGUA,S06
63,QUNDIO,2011,127,1.27E+11,ELECTRICIDAD GAS Y AGUA,S06
63,QUNDIO,2012,129,1.29E+11,ELECTRICIDAD GAS Y AGUA,S06
63,QUNDIO,2013,132,1.32E+11,ELECTRICIDAD GAS Y AGUA,S06
63,QUNDIO,2014,130,1.30E+11,ELECTRICIDAD GAS Y AGUA,S06
63,QUNDIO,2015,145,1.45E+11,ELECTRICIDAD GAS Y AGUA,S06
63,QUNDIO,2016,164,1.64E+11,ELECTRICIDAD GAS Y AGUA,S06
63,QUNDIO,2017,180,1.80E+11,ELECTRICIDAD GAS Y AGUA,S06
63,QUNDIO,2018,195,1.95E+11,ELECTRICIDAD GAS Y AGUA,S06
63,QUNDIO,2019,216,2.16E+11,ELECTRICIDAD GAS Y AGUA,S06
63,QUNDIO,2020,233,2.33E+11,ELECTRICIDAD GAS Y AGUA,S06
63,QUNDIO,2021,263,2.63E+11,ELECTRICIDAD GAS Y AGUA,S06
63,QUNDIO,2022,311,3.11E+11,ELECTRICIDAD GAS Y AGUA,S06
63,QUNDIO,2023p,366,3.66E+11,ELECTRICIDAD GAS Y AGUA,S06
63,QUNDIO,2024pr,407,4.07E+11,ELECTRICIDAD GAS Y AGUA,S06
66,RISARALDA,1980,0,0,ELECTRICIDAD GAS Y AGUA,S06
66,RISARALDA,1981,0,0,ELECTRICIDAD GAS Y AGUA,S06
66,RISARALDA,1982,0,0,ELECTRICIDAD GAS Y AGUA,S06
66,RISARALDA,1983,1,1000000000,ELECTRICIDAD GAS Y AGUA,S06
66,RISARALDA,1984,1,1000000000,ELECTRICIDAD GAS Y AGUA,S06
66,RISARALDA,1985,1,1000000000,ELECTRICIDAD GAS Y AGUA,S06
66,RISARALDA,1986,1,1000000000,ELECTRICIDAD GAS Y AGUA,S06
66,RISARALDA,1987,2,2000000000,ELECTRICIDAD GAS Y AGUA,S06
66,RISARALDA,1988,3,3000000000,ELECTRICIDAD GAS Y AGUA,S06
66,RISARALDA,1989,5,5000000000,ELECTRICIDAD GAS Y AGUA,S06
66,RISARALDA,1990,6,6000000000,ELECTRICIDAD GAS Y AGUA,S06
66,RISARALDA,1991,7,7000000000,ELECTRICIDAD GAS Y AGUA,S06
66,RISARALDA,1992,10,10000000000,ELECTRICIDAD GAS Y AGUA,S06
66,RISARALDA,1993,17,17000000000,ELECTRICIDAD GAS Y AGUA,S06
66,RISARALDA,1994,31,31000000000,ELECTRICIDAD GAS Y AGUA,S06
66,RISARALDA,1995,36,36000000000,ELECTRICIDAD GAS Y AGUA,S06
66,RISARALDA,1996,54,54000000000,ELECTRICIDAD GAS Y AGUA,S06
66,RISARALDA,1997,71,71000000000,ELECTRICIDAD GAS Y AGUA,S06
66,RISARALDA,1998,85,85000000000,ELECTRICIDAD GAS Y AGUA,S06
66,RISARALDA,1999,97,97000000000,ELECTRICIDAD GAS Y AGUA,S06
66,RISARALDA,2000,121,1.21E+11,ELECTRICIDAD GAS Y AGUA,S06
66,RISARALDA,2001,137,1.37E+11,ELECTRICIDAD GAS Y AGUA,S06
66,RISARALDA,2002,143,1.43E+11,ELECTRICIDAD GAS Y AGUA,S06
66,RISARALDA,2003,149,1.49E+11,ELECTRICIDAD GAS Y AGUA,S06
66,RISARALDA,2004,158,1.58E+11,ELECTRICIDAD GAS Y AGUA,S06
66,RISARALDA,2005,169,1.69E+11,ELECTRICIDAD GAS Y AGUA,S06
66,RISARALDA,2006,193,1.93E+11,ELECTRICIDAD GAS Y AGUA,S06
66,RISARALDA,2007,216,2.16E+11,ELECTRICIDAD GAS Y AGUA,S06
66,RISARALDA,2008,234,2.34E+11,ELECTRICIDAD GAS Y AGUA,S06
66,RISARALDA,2009,224,2.24E+11,ELECTRICIDAD GAS Y AGUA,S06
66,RISARALDA,2010,232,2.32E+11,ELECTRICIDAD GAS Y AGUA,S06
66,RISARALDA,2011,256,2.56E+11,ELECTRICIDAD GAS Y AGUA,S06
66,RISARALDA,2012,260,2.60E+11,ELECTRICIDAD GAS Y AGUA,S06
66,RISARALDA,2013,266,2.66E+11,ELECTRICIDAD GAS Y AGUA,S06
66,RISARALDA,2014,273,2.73E+11,ELECTRICIDAD GAS Y AGUA,S06
66,RISARALDA,2015,298,2.98E+11,ELECTRICIDAD GAS Y AGUA,S06
66,RISARALDA,2016,330,3.30E+11,ELECTRICIDAD GAS Y AGUA,S06
66,RISARALDA,2017,368,3.68E+11,ELECTRICIDAD GAS Y AGUA,S06
66,RISARALDA,2018,403,4.03E+11,ELECTRICIDAD GAS Y AGUA,S06
66,RISARALDA,2019,437,4.37E+11,ELECTRICIDAD GAS Y AGUA,S06
66,RISARALDA,2020,456,4.56E+11,ELECTRICIDAD GAS Y AGUA,S06
66,RISARALDA,2021,530,5.30E+11,ELECTRICIDAD GAS Y AGUA,S06
66,RISARALDA,2022,632,6.32E+11,ELECTRICIDAD GAS Y AGUA,S06
66,RISARALDA,2023p,714,7.14E+11,ELECTRICIDAD GAS Y AGUA,S06
66,RISARALDA,2024pr,783,7.83E+11,ELECTRICIDAD GAS Y AGUA,S06
68,SANTANDER,1980,1,1000000000,ELECTRICIDAD GAS Y AGUA,S06
68,SANTANDER,1981,2,2000000000,ELECTRICIDAD GAS Y AGUA,S06
68,SANTANDER,1982,2,2000000000,ELECTRICIDAD GAS Y AGUA,S06
68,SANTANDER,1983,3,3000000000,ELECTRICIDAD GAS Y AGUA,S06
68,SANTANDER,1984,4,4000000000,ELECTRICIDAD GAS Y AGUA,S06
68,SANTANDER,1985,6,6000000000,ELECTRICIDAD GAS Y AGUA,S06
68,SANTANDER,1986,10,10000000000,ELECTRICIDAD GAS Y AGUA,S06
68,SANTANDER,1987,12,12000000000,ELECTRICIDAD GAS Y AGUA,S06
68,SANTANDER,1988,16,16000000000,ELECTRICIDAD GAS Y AGUA,S06
68,SANTANDER,1989,22,22000000000,ELECTRICIDAD GAS Y AGUA,S06
68,SANTANDER,1990,30,30000000000,ELECTRICIDAD GAS Y AGUA,S06
68,SANTANDER,1991,38,38000000000,ELECTRICIDAD GAS Y AGUA,S06
68,SANTANDER,1992,55,55000000000,ELECTRICIDAD GAS Y AGUA,S06
68,SANTANDER,1993,59,59000000000,ELECTRICIDAD GAS Y AGUA,S06
68,SANTANDER,1994,88,88000000000,ELECTRICIDAD GAS Y AGUA,S06
68,SANTANDER,1995,80,80000000000,ELECTRICIDAD GAS Y AGUA,S06
68,SANTANDER,1996,117,1.17E+11,ELECTRICIDAD GAS Y AGUA,S06
68,SANTANDER,1997,168,1.68E+11,ELECTRICIDAD GAS Y AGUA,S06
68,SANTANDER,1998,164,1.64E+11,ELECTRICIDAD GAS Y AGUA,S06
68,SANTANDER,1999,176,1.76E+11,ELECTRICIDAD GAS Y AGUA,S06
68,SANTANDER,2000,212,2.12E+11,ELECTRICIDAD GAS Y AGUA,S06
68,SANTANDER,2001,264,2.64E+11,ELECTRICIDAD GAS Y AGUA,S06
68,SANTANDER,2002,306,3.06E+11,ELECTRICIDAD GAS Y AGUA,S06
68,SANTANDER,2003,390,3.90E+11,ELECTRICIDAD GAS Y AGUA,S06
68,SANTANDER,2004,431,4.31E+11,ELECTRICIDAD GAS Y AGUA,S06
68,SANTANDER,2005,499,4.99E+11,ELECTRICIDAD GAS Y AGUA,S06
68,SANTANDER,2006,525,5.25E+11,ELECTRICIDAD GAS Y AGUA,S06
68,SANTANDER,2007,560,5.60E+11,ELECTRICIDAD GAS Y AGUA,S06
68,SANTANDER,2008,598,5.98E+11,ELECTRICIDAD GAS Y AGUA,S06
68,SANTANDER,2009,586,5.86E+11,ELECTRICIDAD GAS Y AGUA,S06
68,SANTANDER,2010,612,6.12E+11,ELECTRICIDAD GAS Y AGUA,S06
68,SANTANDER,2011,632,6.32E+11,ELECTRICIDAD GAS Y AGUA,S06
68,SANTANDER,2012,663,6.63E+11,ELECTRICIDAD GAS Y AGUA,S06
68,SANTANDER,2013,769,7.69E+11,ELECTRICIDAD GAS Y AGUA,S06
68,SANTANDER,2014,969,9.69E+11,ELECTRICIDAD GAS Y AGUA,S06
68,SANTANDER,2015,1063,1.06E+12,ELECTRICIDAD GAS Y AGUA,S06
68,SANTANDER,2016,1216,1.22E+12,ELECTRICIDAD GAS Y AGUA,S06
68,SANTANDER,2017,1336,1.34E+12,ELECTRICIDAD GAS Y AGUA,S06
68,SANTANDER,2018,1459,1.46E+12,ELECTRICIDAD GAS Y AGUA,S06
68,SANTANDER,2019,1607,1.61E+12,ELECTRICIDAD GAS Y AGUA,S06
68,SANTANDER,2020,1687,1.69E+12,ELECTRICIDAD GAS Y AGUA,S06
68,SANTANDER,2021,1911,1.91E+12,ELECTRICIDAD GAS Y AGUA,S06
68,SANTANDER,2022,2373,2.37E+12,ELECTRICIDAD GAS Y AGUA,S06
68,SANTANDER,2023p,2917,2.92E+12,ELECTRICIDAD GAS Y AGUA,S06
68,SANTANDER,2024pr,3364,3.36E+12,ELECTRICIDAD GAS Y AGUA,S06
70,SUCRE,1980,0,0,ELECTRICIDAD GAS Y AGUA,S06
70,SUCRE,1981,1,1000000000,ELECTRICIDAD GAS Y AGUA,S06
70,SUCRE,1982,1,1000000000,ELECTRICIDAD GAS Y AGUA,S06
70,SUCRE,1983,1,1000000000,ELECTRICIDAD GAS Y AGUA,S06
70,SUCRE,1984,2,2000000000,ELECTRICIDAD GAS Y AGUA,S06
70,SUCRE,1985,2,2000000000,ELECTRICIDAD GAS Y AGUA,S06
70,SUCRE,1986,3,3000000000,ELECTRICIDAD GAS Y AGUA,S06
70,SUCRE,1987,3,3000000000,ELECTRICIDAD GAS Y AGUA,S06
70,SUCRE,1988,4,4000000000,ELECTRICIDAD GAS Y AGUA,S06
70,SUCRE,1989,6,6000000000,ELECTRICIDAD GAS Y AGUA,S06
70,SUCRE,1990,6,6000000000,ELECTRICIDAD GAS Y AGUA,S06
70,SUCRE,1991,7,7000000000,ELECTRICIDAD GAS Y AGUA,S06
70,SUCRE,1992,9,9000000000,ELECTRICIDAD GAS Y AGUA,S06
70,SUCRE,1993,13,13000000000,ELECTRICIDAD GAS Y AGUA,S06
70,SUCRE,1994,24,24000000000,ELECTRICIDAD GAS Y AGUA,S06
70,SUCRE,1995,25,25000000000,ELECTRICIDAD GAS Y AGUA,S06
70,SUCRE,1996,33,33000000000,ELECTRICIDAD GAS Y AGUA,S06
70,SUCRE,1997,34,34000000000,ELECTRICIDAD GAS Y AGUA,S06
70,SUCRE,1998,26,26000000000,ELECTRICIDAD GAS Y AGUA,S06
70,SUCRE,1999,29,29000000000,ELECTRICIDAD GAS Y AGUA,S06
70,SUCRE,2000,30,30000000000,ELECTRICIDAD GAS Y AGUA,S06
70,SUCRE,2001,37,37000000000,ELECTRICIDAD GAS Y AGUA,S06
70,SUCRE,2002,37,37000000000,ELECTRICIDAD GAS Y AGUA,S06
70,SUCRE,2003,46,46000000000,ELECTRICIDAD GAS Y AGUA,S06
70,SUCRE,2004,51,51000000000,ELECTRICIDAD GAS Y AGUA,S06
70,SUCRE,2005,59,59000000000,ELECTRICIDAD GAS Y AGUA,S06
70,SUCRE,2006,64,64000000000,ELECTRICIDAD GAS Y AGUA,S06
70,SUCRE,2007,71,71000000000,ELECTRICIDAD GAS Y AGUA,S06
70,SUCRE,2008,76,76000000000,ELECTRICIDAD GAS Y AGUA,S06
70,SUCRE,2009,78,78000000000,ELECTRICIDAD GAS Y AGUA,S06
70,SUCRE,2010,87,87000000000,ELECTRICIDAD GAS Y AGUA,S06
70,SUCRE,2011,96,96000000000,ELECTRICIDAD GAS Y AGUA,S06
70,SUCRE,2012,102,1.02E+11,ELECTRICIDAD GAS Y AGUA,S06
70,SUCRE,2013,111,1.11E+11,ELECTRICIDAD GAS Y AGUA,S06
70,SUCRE,2014,117,1.17E+11,ELECTRICIDAD GAS Y AGUA,S06
70,SUCRE,2015,130,1.30E+11,ELECTRICIDAD GAS Y AGUA,S06
70,SUCRE,2016,153,1.53E+11,ELECTRICIDAD GAS Y AGUA,S06
70,SUCRE,2017,162,1.62E+11,ELECTRICIDAD GAS Y AGUA,S06
70,SUCRE,2018,179,1.79E+11,ELECTRICIDAD GAS Y AGUA,S06
70,SUCRE,2019,195,1.95E+11,ELECTRICIDAD GAS Y AGUA,S06
70,SUCRE,2020,220,2.20E+11,ELECTRICIDAD GAS Y AGUA,S06
70,SUCRE,2021,245,2.45E+11,ELECTRICIDAD GAS Y AGUA,S06
70,SUCRE,2022,301,3.01E+11,ELECTRICIDAD GAS Y AGUA,S06
70,SUCRE,2023p,358,3.58E+11,ELECTRICIDAD GAS Y AGUA,S06
70,SUCRE,2024pr,403,4.03E+11,ELECTRICIDAD GAS Y AGUA,S06
73,TOLIMA,1980,0,0,ELECTRICIDAD GAS Y AGUA,S06
73,TOLIMA,1981,1,1000000000,ELECTRICIDAD GAS Y AGUA,S06
73,TOLIMA,1982,1,1000000000,ELECTRICIDAD GAS Y AGUA,S06
73,TOLIMA,1983,1,1000000000,ELECTRICIDAD GAS Y AGUA,S06
73,TOLIMA,1984,1,1000000000,ELECTRICIDAD GAS Y AGUA,S06
73,TOLIMA,1985,1,1000000000,ELECTRICIDAD GAS Y AGUA,S06
73,TOLIMA,1986,2,2000000000,ELECTRICIDAD GAS Y AGUA,S06
73,TOLIMA,1987,2,2000000000,ELECTRICIDAD GAS Y AGUA,S06
73,TOLIMA,1988,3,3000000000,ELECTRICIDAD GAS Y AGUA,S06
73,TOLIMA,1989,5,5000000000,ELECTRICIDAD GAS Y AGUA,S06
73,TOLIMA,1990,6,6000000000,ELECTRICIDAD GAS Y AGUA,S06
73,TOLIMA,1991,11,11000000000,ELECTRICIDAD GAS Y AGUA,S06
73,TOLIMA,1992,13,13000000000,ELECTRICIDAD GAS Y AGUA,S06
73,TOLIMA,1993,21,21000000000,ELECTRICIDAD GAS Y AGUA,S06
73,TOLIMA,1994,38,38000000000,ELECTRICIDAD GAS Y AGUA,S06
73,TOLIMA,1995,55,55000000000,ELECTRICIDAD GAS Y AGUA,S06
73,TOLIMA,1996,70,70000000000,ELECTRICIDAD GAS Y AGUA,S06
73,TOLIMA,1997,100,1.00E+11,ELECTRICIDAD GAS Y AGUA,S06
73,TOLIMA,1998,109,1.09E+11,ELECTRICIDAD GAS Y AGUA,S06
73,TOLIMA,1999,114,1.14E+11,ELECTRICIDAD GAS Y AGUA,S06
73,TOLIMA,2000,114,1.14E+11,ELECTRICIDAD GAS Y AGUA,S06
73,TOLIMA,2001,132,1.32E+11,ELECTRICIDAD GAS Y AGUA,S06
73,TOLIMA,2002,138,1.38E+11,ELECTRICIDAD GAS Y AGUA,S06
73,TOLIMA,2003,171,1.71E+11,ELECTRICIDAD GAS Y AGUA,S06
73,TOLIMA,2004,194,1.94E+11,ELECTRICIDAD GAS Y AGUA,S06
73,TOLIMA,2005,223,2.23E+11,ELECTRICIDAD GAS Y AGUA,S06
73,TOLIMA,2006,241,2.41E+11,ELECTRICIDAD GAS Y AGUA,S06
73,TOLIMA,2007,276,2.76E+11,ELECTRICIDAD GAS Y AGUA,S06
73,TOLIMA,2008,294,2.94E+11,ELECTRICIDAD GAS Y AGUA,S06
73,TOLIMA,2009,289,2.89E+11,ELECTRICIDAD GAS Y AGUA,S06
73,TOLIMA,2010,313,3.13E+11,ELECTRICIDAD GAS Y AGUA,S06
73,TOLIMA,2011,337,3.37E+11,ELECTRICIDAD GAS Y AGUA,S06
73,TOLIMA,2012,338,3.38E+11,ELECTRICIDAD GAS Y AGUA,S06
73,TOLIMA,2013,370,3.70E+11,ELECTRICIDAD GAS Y AGUA,S06
73,TOLIMA,2014,373,3.73E+11,ELECTRICIDAD GAS Y AGUA,S06
73,TOLIMA,2015,408,4.08E+11,ELECTRICIDAD GAS Y AGUA,S06
73,TOLIMA,2016,463,4.63E+11,ELECTRICIDAD GAS Y AGUA,S06
73,TOLIMA,2017,502,5.02E+11,ELECTRICIDAD GAS Y AGUA,S06
73,TOLIMA,2018,543,5.43E+11,ELECTRICIDAD GAS Y AGUA,S06
73,TOLIMA,2019,601,6.01E+11,ELECTRICIDAD GAS Y AGUA,S06
73,TOLIMA,2020,656,6.56E+11,ELECTRICIDAD GAS Y AGUA,S06
73,TOLIMA,2021,736,7.36E+11,ELECTRICIDAD GAS Y AGUA,S06
73,TOLIMA,2022,927,9.27E+11,ELECTRICIDAD GAS Y AGUA,S06
73,TOLIMA,2023p,1101,1.10E+12,ELECTRICIDAD GAS Y AGUA,S06
73,TOLIMA,2024pr,1251,1.25E+12,ELECTRICIDAD GAS Y AGUA,S06
76,VALLE DEL CAUCA,1980,3,3000000000,ELECTRICIDAD GAS Y AGUA,S06
76,VALLE DEL CAUCA,1981,5,5000000000,ELECTRICIDAD GAS Y AGUA,S06
76,VALLE DEL CAUCA,1982,8,8000000000,ELECTRICIDAD GAS Y AGUA,S06
76,VALLE DEL CAUCA,1983,10,10000000000,ELECTRICIDAD GAS Y AGUA,S06
76,VALLE DEL CAUCA,1984,13,13000000000,ELECTRICIDAD GAS Y AGUA,S06
76,VALLE DEL CAUCA,1985,18,18000000000,ELECTRICIDAD GAS Y AGUA,S06
76,VALLE DEL CAUCA,1986,27,27000000000,ELECTRICIDAD GAS Y AGUA,S06
76,VALLE DEL CAUCA,1987,34,34000000000,ELECTRICIDAD GAS Y AGUA,S06
76,VALLE DEL CAUCA,1988,51,51000000000,ELECTRICIDAD GAS Y AGUA,S06
76,VALLE DEL CAUCA,1989,66,66000000000,ELECTRICIDAD GAS Y AGUA,S06
76,VALLE DEL CAUCA,1990,75,75000000000,ELECTRICIDAD GAS Y AGUA,S06
76,VALLE DEL CAUCA,1991,97,97000000000,ELECTRICIDAD GAS Y AGUA,S06
76,VALLE DEL CAUCA,1992,120,1.20E+11,ELECTRICIDAD GAS Y AGUA,S06
76,VALLE DEL CAUCA,1993,208,2.08E+11,ELECTRICIDAD GAS Y AGUA,S06
76,VALLE DEL CAUCA,1994,257,2.57E+11,ELECTRICIDAD GAS Y AGUA,S06
76,VALLE DEL CAUCA,1995,316,3.16E+11,ELECTRICIDAD GAS Y AGUA,S06
76,VALLE DEL CAUCA,1996,407,4.07E+11,ELECTRICIDAD GAS Y AGUA,S06
76,VALLE DEL CAUCA,1997,525,5.25E+11,ELECTRICIDAD GAS Y AGUA,S06
76,VALLE DEL CAUCA,1998,620,6.20E+11,ELECTRICIDAD GAS Y AGUA,S06
76,VALLE DEL CAUCA,1999,751,7.51E+11,ELECTRICIDAD GAS Y AGUA,S06
76,VALLE DEL CAUCA,2000,1001,1.00E+12,ELECTRICIDAD GAS Y AGUA,S06
76,VALLE DEL CAUCA,2001,1090,1.09E+12,ELECTRICIDAD GAS Y AGUA,S06
76,VALLE DEL CAUCA,2002,1123,1.12E+12,ELECTRICIDAD GAS Y AGUA,S06
76,VALLE DEL CAUCA,2003,1175,1.18E+12,ELECTRICIDAD GAS Y AGUA,S06
76,VALLE DEL CAUCA,2004,1248,1.25E+12,ELECTRICIDAD GAS Y AGUA,S06
76,VALLE DEL CAUCA,2005,1380,1.38E+12,ELECTRICIDAD GAS Y AGUA,S06
76,VALLE DEL CAUCA,2006,1499,1.50E+12,ELECTRICIDAD GAS Y AGUA,S06
76,VALLE DEL CAUCA,2007,1671,1.67E+12,ELECTRICIDAD GAS Y AGUA,S06
76,VALLE DEL CAUCA,2008,1778,1.78E+12,ELECTRICIDAD GAS Y AGUA,S06
76,VALLE DEL CAUCA,2009,1778,1.78E+12,ELECTRICIDAD GAS Y AGUA,S06
76,VALLE DEL CAUCA,2010,1892,1.89E+12,ELECTRICIDAD GAS Y AGUA,S06
76,VALLE DEL CAUCA,2011,1959,1.96E+12,ELECTRICIDAD GAS Y AGUA,S06
76,VALLE DEL CAUCA,2012,2045,2.05E+12,ELECTRICIDAD GAS Y AGUA,S06
76,VALLE DEL CAUCA,2013,2228,2.23E+12,ELECTRICIDAD GAS Y AGUA,S06
76,VALLE DEL CAUCA,2014,2320,2.32E+12,ELECTRICIDAD GAS Y AGUA,S06
76,VALLE DEL CAUCA,2015,2504,2.50E+12,ELECTRICIDAD GAS Y AGUA,S06
76,VALLE DEL CAUCA,2016,2766,2.77E+12,ELECTRICIDAD GAS Y AGUA,S06
76,VALLE DEL CAUCA,2017,3011,3.01E+12,ELECTRICIDAD GAS Y AGUA,S06
76,VALLE DEL CAUCA,2018,3271,3.27E+12,ELECTRICIDAD GAS Y AGUA,S06
76,VALLE DEL CAUCA,2019,3571,3.57E+12,ELECTRICIDAD GAS Y AGUA,S06
76,VALLE DEL CAUCA,2020,3756,3.76E+12,ELECTRICIDAD GAS Y AGUA,S06
76,VALLE DEL CAUCA,2021,4455,4.46E+12,ELECTRICIDAD GAS Y AGUA,S06
76,VALLE DEL CAUCA,2022,5467,5.47E+12,ELECTRICIDAD GAS Y AGUA,S06
76,VALLE DEL CAUCA,2023p,6201,6.20E+12,ELECTRICIDAD GAS Y AGUA,S06
76,VALLE DEL CAUCA,2024pr,6930,6.93E+12,ELECTRICIDAD GAS Y AGUA,S06
99999,NUEVOS DEPARTAMENTOS,1980,0,0,ELECTRICIDAD GAS Y AGUA,S06
99999,NUEVOS DEPARTAMENTOS,1981,0,0,ELECTRICIDAD GAS Y AGUA,S06
99999,NUEVOS DEPARTAMENTOS,1982,0,0,ELECTRICIDAD GAS Y AGUA,S06
99999,NUEVOS DEPARTAMENTOS,1983,0,0,ELECTRICIDAD GAS Y AGUA,S06
99999,NUEVOS DEPARTAMENTOS,1984,1,1000000000,ELECTRICIDAD GAS Y AGUA,S06
99999,NUEVOS DEPARTAMENTOS,1985,1,1000000000,ELECTRICIDAD GAS Y AGUA,S06
99999,NUEVOS DEPARTAMENTOS,1986,1,1000000000,ELECTRICIDAD GAS Y AGUA,S06
99999,NUEVOS DEPARTAMENTOS,1987,1,1000000000,ELECTRICIDAD GAS Y AGUA,S06
99999,NUEVOS DEPARTAMENTOS,1988,2,2000000000,ELECTRICIDAD GAS Y AGUA,S06
99999,NUEVOS DEPARTAMENTOS,1989,2,2000000000,ELECTRICIDAD GAS Y AGUA,S06
99999,NUEVOS DEPARTAMENTOS,1990,4,4000000000,ELECTRICIDAD GAS Y AGUA,S06
99999,NUEVOS DEPARTAMENTOS,1991,4,4000000000,ELECTRICIDAD GAS Y AGUA,S06
99999,NUEVOS DEPARTAMENTOS,1992,4,4000000000,ELECTRICIDAD GAS Y AGUA,S06
99999,NUEVOS DEPARTAMENTOS,1993,6,6000000000,ELECTRICIDAD GAS Y AGUA,S06
99999,NUEVOS DEPARTAMENTOS,1994,12,12000000000,ELECTRICIDAD GAS Y AGUA,S06
99999,NUEVOS DEPARTAMENTOS,1995,14,14000000000,ELECTRICIDAD GAS Y AGUA,S06
99999,NUEVOS DEPARTAMENTOS,1996,21,21000000000,ELECTRICIDAD GAS Y AGUA,S06
99999,NUEVOS DEPARTAMENTOS,1997,22,22000000000,ELECTRICIDAD GAS Y AGUA,S06
99999,NUEVOS DEPARTAMENTOS,1998,34,34000000000,ELECTRICIDAD GAS Y AGUA,S06
99999,NUEVOS DEPARTAMENTOS,1999,35,35000000000,ELECTRICIDAD GAS Y AGUA,S06
99999,NUEVOS DEPARTAMENTOS,2000,45,45000000000,ELECTRICIDAD GAS Y AGUA,S06
99999,NUEVOS DEPARTAMENTOS,2001,56,56000000000,ELECTRICIDAD GAS Y AGUA,S06
99999,NUEVOS DEPARTAMENTOS,2002,61,61000000000,ELECTRICIDAD GAS Y AGUA,S06
99999,NUEVOS DEPARTAMENTOS,2003,78,78000000000,ELECTRICIDAD GAS Y AGUA,S06
99999,NUEVOS DEPARTAMENTOS,2004,91,91000000000,ELECTRICIDAD GAS Y AGUA,S06
99999,NUEVOS DEPARTAMENTOS,2005,102,1.02E+11,ELECTRICIDAD GAS Y AGUA,S06
99999,NUEVOS DEPARTAMENTOS,2006,112,1.12E+11,ELECTRICIDAD GAS Y AGUA,S06
99999,NUEVOS DEPARTAMENTOS,2007,126,1.26E+11,ELECTRICIDAD GAS Y AGUA,S06
99999,NUEVOS DEPARTAMENTOS,2008,140,1.40E+11,ELECTRICIDAD GAS Y AGUA,S06
99999,NUEVOS DEPARTAMENTOS,2009,158,1.58E+11,ELECTRICIDAD GAS Y AGUA,S06
99999,NUEVOS DEPARTAMENTOS,2010,179,1.79E+11,ELECTRICIDAD GAS Y AGUA,S06
99999,NUEVOS DEPARTAMENTOS,2011,209,2.09E+11,ELECTRICIDAD GAS Y AGUA,S06
99999,NUEVOS DEPARTAMENTOS,2012,239,2.39E+11,ELECTRICIDAD GAS Y AGUA,S06
99999,NUEVOS DEPARTAMENTOS,2013,263,2.63E+11,ELECTRICIDAD GAS Y AGUA,S06
99999,NUEVOS DEPARTAMENTOS,2014,287,2.87E+11,ELECTRICIDAD GAS Y AGUA,S06
99999,NUEVOS DEPARTAMENTOS,2015,303,3.03E+11,ELECTRICIDAD GAS Y AGUA,S06
99999,NUEVOS DEPARTAMENTOS,2016,354,3.54E+11,ELECTRICIDAD GAS Y AGUA,S06
99999,NUEVOS DEPARTAMENTOS,2017,372,3.72E+11,ELECTRICIDAD GAS Y AGUA,S06
99999,NUEVOS DEPARTAMENTOS,2018,407,4.07E+11,ELECTRICIDAD GAS Y AGUA,S06
99999,NUEVOS DEPARTAMENTOS,2019,451,4.51E+11,ELECTRICIDAD GAS Y AGUA,S06
99999,NUEVOS DEPARTAMENTOS,2020,495,4.95E+11,ELECTRICIDAD GAS Y AGUA,S06
99999,NUEVOS DEPARTAMENTOS,2021,548,5.48E+11,ELECTRICIDAD GAS Y AGUA,S06
99999,NUEVOS DEPARTAMENTOS,2022,682,6.82E+11,ELECTRICIDAD GAS Y AGUA,S06
99999,NUEVOS DEPARTAMENTOS,2023p,846,8.46E+11,ELECTRICIDAD GAS Y AGUA,S06
99999,NUEVOS DEPARTAMENTOS,2024pr,993,9.93E+11,ELECTRICIDAD GAS Y AGUA,S06
0,COLOMBIA,1980,348,3.48E+11,COMERCIO REPARACION TRANSPORTE Y ALOJAMIENTO,S04
0,COLOMBIA,1981,431,4.31E+11,COMERCIO REPARACION TRANSPORTE Y ALOJAMIENTO,S04
0,COLOMBIA,1982,534,5.34E+11,COMERCIO REPARACION TRANSPORTE Y ALOJAMIENTO,S04
0,COLOMBIA,1983,650,6.50E+11,COMERCIO REPARACION TRANSPORTE Y ALOJAMIENTO,S04
0,COLOMBIA,1984,860,8.60E+11,COMERCIO REPARACION TRANSPORTE Y ALOJAMIENTO,S04
0,COLOMBIA,1985,1158,1.16E+12,COMERCIO REPARACION TRANSPORTE Y ALOJAMIENTO,S04
0,COLOMBIA,1986,1548,1.55E+12,COMERCIO REPARACION TRANSPORTE Y ALOJAMIENTO,S04
0,COLOMBIA,1987,2072,2.07E+12,COMERCIO REPARACION TRANSPORTE Y ALOJAMIENTO,S04
0,COLOMBIA,1988,2847,2.85E+12,COMERCIO REPARACION TRANSPORTE Y ALOJAMIENTO,S04
0,COLOMBIA,1989,3661,3.66E+12,COMERCIO REPARACION TRANSPORTE Y ALOJAMIENTO,S04
0,COLOMBIA,1990,4766,4.77E+12,COMERCIO REPARACION TRANSPORTE Y ALOJAMIENTO,S04
0,COLOMBIA,1991,5929,5.93E+12,COMERCIO REPARACION TRANSPORTE Y ALOJAMIENTO,S04
0,COLOMBIA,1992,8005,8.01E+12,COMERCIO REPARACION TRANSPORTE Y ALOJAMIENTO,S04
0,COLOMBIA,1993,10344,1.03E+13,COMERCIO REPARACION TRANSPORTE Y ALOJAMIENTO,S04
0,COLOMBIA,1994,13071,1.31E+13,COMERCIO REPARACION TRANSPORTE Y ALOJAMIENTO,S04
0,COLOMBIA,1995,16161,1.62E+13,COMERCIO REPARACION TRANSPORTE Y ALOJAMIENTO,S04
0,COLOMBIA,1996,18693,1.87E+13,COMERCIO REPARACION TRANSPORTE Y ALOJAMIENTO,S04
0,COLOMBIA,1997,22433,2.24E+13,COMERCIO REPARACION TRANSPORTE Y ALOJAMIENTO,S04
0,COLOMBIA,1998,26531,2.65E+13,COMERCIO REPARACION TRANSPORTE Y ALOJAMIENTO,S04
0,COLOMBIA,1999,27734,2.77E+13,COMERCIO REPARACION TRANSPORTE Y ALOJAMIENTO,S04
0,COLOMBIA,2000,31781,3.18E+13,COMERCIO REPARACION TRANSPORTE Y ALOJAMIENTO,S04
0,COLOMBIA,2001,35684,3.57E+13,COMERCIO REPARACION TRANSPORTE Y ALOJAMIENTO,S04
0,COLOMBIA,2002,38841,3.88E+13,COMERCIO REPARACION TRANSPORTE Y ALOJAMIENTO,S04
0,COLOMBIA,2003,43805,4.38E+13,COMERCIO REPARACION TRANSPORTE Y ALOJAMIENTO,S04
0,COLOMBIA,2004,48956,4.90E+13,COMERCIO REPARACION TRANSPORTE Y ALOJAMIENTO,S04
0,COLOMBIA,2005,54918,5.49E+13,COMERCIO REPARACION TRANSPORTE Y ALOJAMIENTO,S04
0,COLOMBIA,2006,62152,6.22E+13,COMERCIO REPARACION TRANSPORTE Y ALOJAMIENTO,S04
0,COLOMBIA,2007,71392,7.14E+13,COMERCIO REPARACION TRANSPORTE Y ALOJAMIENTO,S04
0,COLOMBIA,2008,75636,7.56E+13,COMERCIO REPARACION TRANSPORTE Y ALOJAMIENTO,S04
0,COLOMBIA,2009,79703,7.97E+13,COMERCIO REPARACION TRANSPORTE Y ALOJAMIENTO,S04
0,COLOMBIA,2010,84926,8.49E+13,COMERCIO REPARACION TRANSPORTE Y ALOJAMIENTO,S04
0,COLOMBIA,2011,93024,9.30E+13,COMERCIO REPARACION TRANSPORTE Y ALOJAMIENTO,S04
0,COLOMBIA,2012,98508,9.85E+13,COMERCIO REPARACION TRANSPORTE Y ALOJAMIENTO,S04
0,COLOMBIA,2013,109807,1.10E+14,COMERCIO REPARACION TRANSPORTE Y ALOJAMIENTO,S04
0,COLOMBIA,2014,120677,1.21E+14,COMERCIO REPARACION TRANSPORTE Y ALOJAMIENTO,S04
0,COLOMBIA,2015,135429,1.35E+14,COMERCIO REPARACION TRANSPORTE Y ALOJAMIENTO,S04
0,COLOMBIA,2016,152684,1.53E+14,COMERCIO REPARACION TRANSPORTE Y ALOJAMIENTO,S04
0,COLOMBIA,2017,163052,1.63E+14,COMERCIO REPARACION TRANSPORTE Y ALOJAMIENTO,S04
0,COLOMBIA,2018,173708,1.74E+14,COMERCIO REPARACION TRANSPORTE Y ALOJAMIENTO,S04
0,COLOMBIA,2019,188266,1.88E+14,COMERCIO REPARACION TRANSPORTE Y ALOJAMIENTO,S04
0,COLOMBIA,2020,170072,1.70E+14,COMERCIO REPARACION TRANSPORTE Y ALOJAMIENTO,S04
0,COLOMBIA,2021,216640,2.17E+14,COMERCIO REPARACION TRANSPORTE Y ALOJAMIENTO,S04
0,COLOMBIA,2022,272982,2.73E+14,COMERCIO REPARACION TRANSPORTE Y ALOJAMIENTO,S04
0,COLOMBIA,2023p,296770,2.97E+14,COMERCIO REPARACION TRANSPORTE Y ALOJAMIENTO,S04
0,COLOMBIA,2024pr,322958,3.23E+14,COMERCIO REPARACION TRANSPORTE Y ALOJAMIENTO,S04
5,ANTIOQUIA,1980,46,46000000000,COMERCIO REPARACION TRANSPORTE Y ALOJAMIENTO,S04
5,ANTIOQUIA,1981,58,58000000000,COMERCIO REPARACION TRANSPORTE Y ALOJAMIENTO,S04
5,ANTIOQUIA,1982,71,71000000000,COMERCIO REPARACION TRANSPORTE Y ALOJAMIENTO,S04
5,ANTIOQUIA,1983,85,85000000000,COMERCIO REPARACION TRANSPORTE Y ALOJAMIENTO,S04
5,ANTIOQUIA,1984,115,1.15E+11,COMERCIO REPARACION TRANSPORTE Y ALOJAMIENTO,S04
5,ANTIOQUIA,1985,150,1.50E+11,COMERCIO REPARACION TRANSPORTE Y ALOJAMIENTO,S04
5,ANTIOQUIA,1986,205,2.05E+11,COMERCIO REPARACION TRANSPORTE Y ALOJAMIENTO,S04
5,ANTIOQUIA,1987,273,2.73E+11,COMERCIO REPARACION TRANSPORTE Y ALOJAMIENTO,S04
5,ANTIOQUIA,1988,391,3.91E+11,COMERCIO REPARACION TRANSPORTE Y ALOJAMIENTO,S04
5,ANTIOQUIA,1989,474,4.74E+11,COMERCIO REPARACION TRANSPORTE Y ALOJAMIENTO,S04
5,ANTIOQUIA,1990,619,6.19E+11,COMERCIO REPARACION TRANSPORTE Y ALOJAMIENTO,S04
5,ANTIOQUIA,1991,732,7.32E+11,COMERCIO REPARACION TRANSPORTE Y ALOJAMIENTO,S04
5,ANTIOQUIA,1992,942,9.42E+11,COMERCIO REPARACION TRANSPORTE Y ALOJAMIENTO,S04
5,ANTIOQUIA,1993,1255,1.26E+12,COMERCIO REPARACION TRANSPORTE Y ALOJAMIENTO,S04
5,ANTIOQUIA,1994,1588,1.59E+12,COMERCIO REPARACION TRANSPORTE Y ALOJAMIENTO,S04
5,ANTIOQUIA,1995,1974,1.97E+12,COMERCIO REPARACION TRANSPORTE Y ALOJAMIENTO,S04
5,ANTIOQUIA,1996,2298,2.30E+12,COMERCIO REPARACION TRANSPORTE Y ALOJAMIENTO,S04
5,ANTIOQUIA,1997,2896,2.90E+12,COMERCIO REPARACION TRANSPORTE Y ALOJAMIENTO,S04
5,ANTIOQUIA,1998,3482,3.48E+12,COMERCIO REPARACION TRANSPORTE Y ALOJAMIENTO,S04
5,ANTIOQUIA,1999,3694,3.69E+12,COMERCIO REPARACION TRANSPORTE Y ALOJAMIENTO,S04
5,ANTIOQUIA,2000,4487,4.49E+12,COMERCIO REPARACION TRANSPORTE Y ALOJAMIENTO,S04
5,ANTIOQUIA,2001,4991,4.99E+12,COMERCIO REPARACION TRANSPORTE Y ALOJAMIENTO,S04
5,ANTIOQUIA,2002,5493,5.49E+12,COMERCIO REPARACION TRANSPORTE Y ALOJAMIENTO,S04
5,ANTIOQUIA,2003,6256,6.26E+12,COMERCIO REPARACION TRANSPORTE Y ALOJAMIENTO,S04
5,ANTIOQUIA,2004,6850,6.85E+12,COMERCIO REPARACION TRANSPORTE Y ALOJAMIENTO,S04
5,ANTIOQUIA,2005,7605,7.61E+12,COMERCIO REPARACION TRANSPORTE Y ALOJAMIENTO,S04
5,ANTIOQUIA,2006,8694,8.69E+12,COMERCIO REPARACION TRANSPORTE Y ALOJAMIENTO,S04
5,ANTIOQUIA,2007,10300,1.03E+13,COMERCIO REPARACION TRANSPORTE Y ALOJAMIENTO,S04
5,ANTIOQUIA,2008,10783,1.08E+13,COMERCIO REPARACION TRANSPORTE Y ALOJAMIENTO,S04
5,ANTIOQUIA,2009,11237,1.12E+13,COMERCIO REPARACION TRANSPORTE Y ALOJAMIENTO,S04
5,ANTIOQUIA,2010,11993,1.20E+13,COMERCIO REPARACION TRANSPORTE Y ALOJAMIENTO,S04
5,ANTIOQUIA,2011,13163,1.32E+13,COMERCIO REPARACION TRANSPORTE Y ALOJAMIENTO,S04
5,ANTIOQUIA,2012,13692,1.37E+13,COMERCIO REPARACION TRANSPORTE Y ALOJAMIENTO,S04
5,ANTIOQUIA,2013,15124,1.51E+13,COMERCIO REPARACION TRANSPORTE Y ALOJAMIENTO,S04
5,ANTIOQUIA,2014,16705,1.67E+13,COMERCIO REPARACION TRANSPORTE Y ALOJAMIENTO,S04
5,ANTIOQUIA,2015,18734,1.87E+13,COMERCIO REPARACION TRANSPORTE Y ALOJAMIENTO,S04
5,ANTIOQUIA,2016,21462,2.15E+13,COMERCIO REPARACION TRANSPORTE Y ALOJAMIENTO,S04
5,ANTIOQUIA,2017,22797,2.28E+13,COMERCIO REPARACION TRANSPORTE Y ALOJAMIENTO,S04
5,ANTIOQUIA,2018,24232,2.42E+13,COMERCIO REPARACION TRANSPORTE Y ALOJAMIENTO,S04
5,ANTIOQUIA,2019,26343,2.63E+13,COMERCIO REPARACION TRANSPORTE Y ALOJAMIENTO,S04
5,ANTIOQUIA,2020,24179,2.42E+13,COMERCIO REPARACION TRANSPORTE Y ALOJAMIENTO,S04
5,ANTIOQUIA,2021,31667,3.17E+13,COMERCIO REPARACION TRANSPORTE Y ALOJAMIENTO,S04
5,ANTIOQUIA,2022,39879,3.99E+13,COMERCIO REPARACION TRANSPORTE Y ALOJAMIENTO,S04
5,ANTIOQUIA,2023p,43608,4.36E+13,COMERCIO REPARACION TRANSPORTE Y ALOJAMIENTO,S04
5,ANTIOQUIA,2024pr,47862,4.79E+13,COMERCIO REPARACION TRANSPORTE Y ALOJAMIENTO,S04
8,ATLANTICO,1980,19,19000000000,COMERCIO REPARACION TRANSPORTE Y ALOJAMIENTO,S04
8,ATLANTICO,1981,23,23000000000,COMERCIO REPARACION TRANSPORTE Y ALOJAMIENTO,S04
8,ATLANTICO,1982,29,29000000000,COMERCIO REPARACION TRANSPORTE Y ALOJAMIENTO,S04
8,ATLANTICO,1983,37,37000000000,COMERCIO REPARACION TRANSPORTE Y ALOJAMIENTO,S04
8,ATLANTICO,1984,49,49000000000,COMERCIO REPARACION TRANSPORTE Y ALOJAMIENTO,S04
8,ATLANTICO,1985,65,65000000000,COMERCIO REPARACION TRANSPORTE Y ALOJAMIENTO,S04
8,ATLANTICO,1986,86,86000000000,COMERCIO REPARACION TRANSPORTE Y ALOJAMIENTO,S04
8,ATLANTICO,1987,115,1.15E+11,COMERCIO REPARACION TRANSPORTE Y ALOJAMIENTO,S04
8,ATLANTICO,1988,166,1.66E+11,COMERCIO REPARACION TRANSPORTE Y ALOJAMIENTO,S04
8,ATLANTICO,1989,219,2.19E+11,COMERCIO REPARACION TRANSPORTE Y ALOJAMIENTO,S04
8,ATLANTICO,1990,278,2.78E+11,COMERCIO REPARACION TRANSPORTE Y ALOJAMIENTO,S04
8,ATLANTICO,1991,357,3.57E+11,COMERCIO REPARACION TRANSPORTE Y ALOJAMIENTO,S04
8,ATLANTICO,1992,498,4.98E+11,COMERCIO REPARACION TRANSPORTE Y ALOJAMIENTO,S04
8,ATLANTICO,1993,650,6.50E+11,COMERCIO REPARACION TRANSPORTE Y ALOJAMIENTO,S04
8,ATLANTICO,1994,797,7.97E+11,COMERCIO REPARACION TRANSPORTE Y ALOJAMIENTO,S04
8,ATLANTICO,1995,942,9.42E+11,COMERCIO REPARACION TRANSPORTE Y ALOJAMIENTO,S04
8,ATLANTICO,1996,1044,1.04E+12,COMERCIO REPARACION TRANSPORTE Y ALOJAMIENTO,S04
8,ATLANTICO,1997,1206,1.21E+12,COMERCIO REPARACION TRANSPORTE Y ALOJAMIENTO,S04
8,ATLANTICO,1998,1375,1.38E+12,COMERCIO REPARACION TRANSPORTE Y ALOJAMIENTO,S04
8,ATLANTICO,1999,1400,1.40E+12,COMERCIO REPARACION TRANSPORTE Y ALOJAMIENTO,S04
8,ATLANTICO,2000,1465,1.47E+12,COMERCIO REPARACION TRANSPORTE Y ALOJAMIENTO,S04
8,ATLANTICO,2001,1690,1.69E+12,COMERCIO REPARACION TRANSPORTE Y ALOJAMIENTO,S04
8,ATLANTICO,2002,1841,1.84E+12,COMERCIO REPARACION TRANSPORTE Y ALOJAMIENTO,S04
8,ATLANTICO,2003,2171,2.17E+12,COMERCIO REPARACION TRANSPORTE Y ALOJAMIENTO,S04
8,ATLANTICO,2004,2513,2.51E+12,COMERCIO REPARACION TRANSPORTE Y ALOJAMIENTO,S04
8,ATLANTICO,2005,2881,2.88E+12,COMERCIO REPARACION TRANSPORTE Y ALOJAMIENTO,S04
8,ATLANTICO,2006,3188,3.19E+12,COMERCIO REPARACION TRANSPORTE Y ALOJAMIENTO,S04
8,ATLANTICO,2007,3666,3.67E+12,COMERCIO REPARACION TRANSPORTE Y ALOJAMIENTO,S04
8,ATLANTICO,2008,3864,3.86E+12,COMERCIO REPARACION TRANSPORTE Y ALOJAMIENTO,S04
8,ATLANTICO,2009,4123,4.12E+12,COMERCIO REPARACION TRANSPORTE Y ALOJAMIENTO,S04
8,ATLANTICO,2010,4350,4.35E+12,COMERCIO REPARACION TRANSPORTE Y ALOJAMIENTO,S04
8,ATLANTICO,2011,4773,4.77E+12,COMERCIO REPARACION TRANSPORTE Y ALOJAMIENTO,S04
8,ATLANTICO,2012,5162,5.16E+12,COMERCIO REPARACION TRANSPORTE Y ALOJAMIENTO,S04
8,ATLANTICO,2013,5720,5.72E+12,COMERCIO REPARACION TRANSPORTE Y ALOJAMIENTO,S04
8,ATLANTICO,2014,6041,6.04E+12,COMERCIO REPARACION TRANSPORTE Y ALOJAMIENTO,S04
8,ATLANTICO,2015,7001,7.00E+12,COMERCIO REPARACION TRANSPORTE Y ALOJAMIENTO,S04
8,ATLANTICO,2016,7899,7.90E+12,COMERCIO REPARACION TRANSPORTE Y ALOJAMIENTO,S04
8,ATLANTICO,2017,8294,8.29E+12,COMERCIO REPARACION TRANSPORTE Y ALOJAMIENTO,S04
8,ATLANTICO,2018,8886,8.89E+12,COMERCIO REPARACION TRANSPORTE Y ALOJAMIENTO,S04
8,ATLANTICO,2019,9636,9.64E+12,COMERCIO REPARACION TRANSPORTE Y ALOJAMIENTO,S04
8,ATLANTICO,2020,8924,8.92E+12,COMERCIO REPARACION TRANSPORTE Y ALOJAMIENTO,S04
8,ATLANTICO,2021,11233,1.12E+13,COMERCIO REPARACION TRANSPORTE Y ALOJAMIENTO,S04
8,ATLANTICO,2022,14052,1.41E+13,COMERCIO REPARACION TRANSPORTE Y ALOJAMIENTO,S04
8,ATLANTICO,2023p,15405,1.54E+13,COMERCIO REPARACION TRANSPORTE Y ALOJAMIENTO,S04
8,ATLANTICO,2024pr,16710,1.67E+13,COMERCIO REPARACION TRANSPORTE Y ALOJAMIENTO,S04
11,SANTAFE DE BOGOTA D.C,1980,62,62000000000,COMERCIO REPARACION TRANSPORTE Y ALOJAMIENTO,S04
11,SANTAFE DE BOGOTA D.C,1981,81,81000000000,COMERCIO REPARACION TRANSPORTE Y ALOJAMIENTO,S04
11,SANTAFE DE BOGOTA D.C,1982,102,1.02E+11,COMERCIO REPARACION TRANSPORTE Y ALOJAMIENTO,S04
11,SANTAFE DE BOGOTA D.C,1983,124,1.24E+11,COMERCIO REPARACION TRANSPORTE Y ALOJAMIENTO,S04
11,SANTAFE DE BOGOTA D.C,1984,168,1.68E+11,COMERCIO REPARACION TRANSPORTE Y ALOJAMIENTO,S04
11,SANTAFE DE BOGOTA D.C,1985,220,2.20E+11,COMERCIO REPARACION TRANSPORTE Y ALOJAMIENTO,S04
11,SANTAFE DE BOGOTA D.C,1986,286,2.86E+11,COMERCIO REPARACION TRANSPORTE Y ALOJAMIENTO,S04
11,SANTAFE DE BOGOTA D.C,1987,395,3.95E+11,COMERCIO REPARACION TRANSPORTE Y ALOJAMIENTO,S04
11,SANTAFE DE BOGOTA D.C,1988,561,5.61E+11,COMERCIO REPARACION TRANSPORTE Y ALOJAMIENTO,S04
11,SANTAFE DE BOGOTA D.C,1989,738,7.38E+11,COMERCIO REPARACION TRANSPORTE Y ALOJAMIENTO,S04
11,SANTAFE DE BOGOTA D.C,1990,920,9.20E+11,COMERCIO REPARACION TRANSPORTE Y ALOJAMIENTO,S04
11,SANTAFE DE BOGOTA D.C,1991,1169,1.17E+12,COMERCIO REPARACION TRANSPORTE Y ALOJAMIENTO,S04
11,SANTAFE DE BOGOTA D.C,1992,1582,1.58E+12,COMERCIO REPARACION TRANSPORTE Y ALOJAMIENTO,S04
11,SANTAFE DE BOGOTA D.C,1993,2268,2.27E+12,COMERCIO REPARACION TRANSPORTE Y ALOJAMIENTO,S04
11,SANTAFE DE BOGOTA D.C,1994,3046,3.05E+12,COMERCIO REPARACION TRANSPORTE Y ALOJAMIENTO,S04
11,SANTAFE DE BOGOTA D.C,1995,3855,3.86E+12,COMERCIO REPARACION TRANSPORTE Y ALOJAMIENTO,S04
11,SANTAFE DE BOGOTA D.C,1996,4550,4.55E+12,COMERCIO REPARACION TRANSPORTE Y ALOJAMIENTO,S04
11,SANTAFE DE BOGOTA D.C,1997,5592,5.59E+12,COMERCIO REPARACION TRANSPORTE Y ALOJAMIENTO,S04
11,SANTAFE DE BOGOTA D.C,1998,6763,6.76E+12,COMERCIO REPARACION TRANSPORTE Y ALOJAMIENTO,S04
11,SANTAFE DE BOGOTA D.C,1999,7273,7.27E+12,COMERCIO REPARACION TRANSPORTE Y ALOJAMIENTO,S04
11,SANTAFE DE BOGOTA D.C,2000,8722,8.72E+12,COMERCIO REPARACION TRANSPORTE Y ALOJAMIENTO,S04
11,SANTAFE DE BOGOTA D.C,2001,9585,9.59E+12,COMERCIO REPARACION TRANSPORTE Y ALOJAMIENTO,S04
11,SANTAFE DE BOGOTA D.C,2002,10929,1.09E+13,COMERCIO REPARACION TRANSPORTE Y ALOJAMIENTO,S04
11,SANTAFE DE BOGOTA D.C,2003,12154,1.22E+13,COMERCIO REPARACION TRANSPORTE Y ALOJAMIENTO,S04
11,SANTAFE DE BOGOTA D.C,2004,13925,1.39E+13,COMERCIO REPARACION TRANSPORTE Y ALOJAMIENTO,S04
11,SANTAFE DE BOGOTA D.C,2005,15628,1.56E+13,COMERCIO REPARACION TRANSPORTE Y ALOJAMIENTO,S04
11,SANTAFE DE BOGOTA D.C,2006,17702,1.77E+13,COMERCIO REPARACION TRANSPORTE Y ALOJAMIENTO,S04
11,SANTAFE DE BOGOTA D.C,2007,20142,2.01E+13,COMERCIO REPARACION TRANSPORTE Y ALOJAMIENTO,S04
11,SANTAFE DE BOGOTA D.C,2008,21444,2.14E+13,COMERCIO REPARACION TRANSPORTE Y ALOJAMIENTO,S04
11,SANTAFE DE BOGOTA D.C,2009,22564,2.26E+13,COMERCIO REPARACION TRANSPORTE Y ALOJAMIENTO,S04
11,SANTAFE DE BOGOTA D.C,2010,24353,2.44E+13,COMERCIO REPARACION TRANSPORTE Y ALOJAMIENTO,S04
11,SANTAFE DE BOGOTA D.C,2011,27197,2.72E+13,COMERCIO REPARACION TRANSPORTE Y ALOJAMIENTO,S04
11,SANTAFE DE BOGOTA D.C,2012,29096,2.91E+13,COMERCIO REPARACION TRANSPORTE Y ALOJAMIENTO,S04
11,SANTAFE DE BOGOTA D.C,2013,32443,3.24E+13,COMERCIO REPARACION TRANSPORTE Y ALOJAMIENTO,S04
11,SANTAFE DE BOGOTA D.C,2014,35338,3.53E+13,COMERCIO REPARACION TRANSPORTE Y ALOJAMIENTO,S04
11,SANTAFE DE BOGOTA D.C,2015,39760,3.98E+13,COMERCIO REPARACION TRANSPORTE Y ALOJAMIENTO,S04
11,SANTAFE DE BOGOTA D.C,2016,44469,4.45E+13,COMERCIO REPARACION TRANSPORTE Y ALOJAMIENTO,S04
11,SANTAFE DE BOGOTA D.C,2017,47413,4.74E+13,COMERCIO REPARACION TRANSPORTE Y ALOJAMIENTO,S04
11,SANTAFE DE BOGOTA D.C,2018,50966,5.10E+13,COMERCIO REPARACION TRANSPORTE Y ALOJAMIENTO,S04
11,SANTAFE DE BOGOTA D.C,2019,55782,5.58E+13,COMERCIO REPARACION TRANSPORTE Y ALOJAMIENTO,S04
11,SANTAFE DE BOGOTA D.C,2020,50934,5.09E+13,COMERCIO REPARACION TRANSPORTE Y ALOJAMIENTO,S04
11,SANTAFE DE BOGOTA D.C,2021,64243,6.42E+13,COMERCIO REPARACION TRANSPORTE Y ALOJAMIENTO,S04
11,SANTAFE DE BOGOTA D.C,2022,82021,8.20E+13,COMERCIO REPARACION TRANSPORTE Y ALOJAMIENTO,S04
11,SANTAFE DE BOGOTA D.C,2023p,88625,8.86E+13,COMERCIO REPARACION TRANSPORTE Y ALOJAMIENTO,S04
11,SANTAFE DE BOGOTA D.C,2024pr,95918,9.59E+13,COMERCIO REPARACION TRANSPORTE Y ALOJAMIENTO,S04
13,BOLIVAR,1980,12,12000000000,COMERCIO REPARACION TRANSPORTE Y ALOJAMIENTO,S04
13,BOLIVAR,1981,14,14000000000,COMERCIO REPARACION TRANSPORTE Y ALOJAMIENTO,S04
13,BOLIVAR,1982,17,17000000000,COMERCIO REPARACION TRANSPORTE Y ALOJAMIENTO,S04
13,BOLIVAR,1983,22,22000000000,COMERCIO REPARACION TRANSPORTE Y ALOJAMIENTO,S04
13,BOLIVAR,1984,29,29000000000,COMERCIO REPARACION TRANSPORTE Y ALOJAMIENTO,S04
13,BOLIVAR,1985,41,41000000000,COMERCIO REPARACION TRANSPORTE Y ALOJAMIENTO,S04
13,BOLIVAR,1986,53,53000000000,COMERCIO REPARACION TRANSPORTE Y ALOJAMIENTO,S04
13,BOLIVAR,1987,79,79000000000,COMERCIO REPARACION TRANSPORTE Y ALOJAMIENTO,S04
13,BOLIVAR,1988,98,98000000000,COMERCIO REPARACION TRANSPORTE Y ALOJAMIENTO,S04
13,BOLIVAR,1989,125,1.25E+11,COMERCIO REPARACION TRANSPORTE Y ALOJAMIENTO,S04
13,BOLIVAR,1990,165,1.65E+11,COMERCIO REPARACION TRANSPORTE Y ALOJAMIENTO,S04
13,BOLIVAR,1991,210,2.10E+11,COMERCIO REPARACION TRANSPORTE Y ALOJAMIENTO,S04
13,BOLIVAR,1992,305,3.05E+11,COMERCIO REPARACION TRANSPORTE Y ALOJAMIENTO,S04
13,BOLIVAR,1993,384,3.84E+11,COMERCIO REPARACION TRANSPORTE Y ALOJAMIENTO,S04
13,BOLIVAR,1994,457,4.57E+11,COMERCIO REPARACION TRANSPORTE Y ALOJAMIENTO,S04
13,BOLIVAR,1995,573,5.73E+11,COMERCIO REPARACION TRANSPORTE Y ALOJAMIENTO,S04
13,BOLIVAR,1996,623,6.23E+11,COMERCIO REPARACION TRANSPORTE Y ALOJAMIENTO,S04
13,BOLIVAR,1997,660,6.60E+11,COMERCIO REPARACION TRANSPORTE Y ALOJAMIENTO,S04
13,BOLIVAR,1998,753,7.53E+11,COMERCIO REPARACION TRANSPORTE Y ALOJAMIENTO,S04
13,BOLIVAR,1999,776,7.76E+11,COMERCIO REPARACION TRANSPORTE Y ALOJAMIENTO,S04
13,BOLIVAR,2000,912,9.12E+11,COMERCIO REPARACION TRANSPORTE Y ALOJAMIENTO,S04
13,BOLIVAR,2001,1077,1.08E+12,COMERCIO REPARACION TRANSPORTE Y ALOJAMIENTO,S04
13,BOLIVAR,2002,1201,1.20E+12,COMERCIO REPARACION TRANSPORTE Y ALOJAMIENTO,S04
13,BOLIVAR,2003,1497,1.50E+12,COMERCIO REPARACION TRANSPORTE Y ALOJAMIENTO,S04
13,BOLIVAR,2004,1766,1.77E+12,COMERCIO REPARACION TRANSPORTE Y ALOJAMIENTO,S04
13,BOLIVAR,2005,2021,2.02E+12,COMERCIO REPARACION TRANSPORTE Y ALOJAMIENTO,S04
13,BOLIVAR,2006,2314,2.31E+12,COMERCIO REPARACION TRANSPORTE Y ALOJAMIENTO,S04
13,BOLIVAR,2007,2648,2.65E+12,COMERCIO REPARACION TRANSPORTE Y ALOJAMIENTO,S04
13,BOLIVAR,2008,2796,2.80E+12,COMERCIO REPARACION TRANSPORTE Y ALOJAMIENTO,S04
13,BOLIVAR,2009,2979,2.98E+12,COMERCIO REPARACION TRANSPORTE Y ALOJAMIENTO,S04
13,BOLIVAR,2010,3109,3.11E+12,COMERCIO REPARACION TRANSPORTE Y ALOJAMIENTO,S04
13,BOLIVAR,2011,3354,3.35E+12,COMERCIO REPARACION TRANSPORTE Y ALOJAMIENTO,S04
13,BOLIVAR,2012,3583,3.58E+12,COMERCIO REPARACION TRANSPORTE Y ALOJAMIENTO,S04
13,BOLIVAR,2013,3984,3.98E+12,COMERCIO REPARACION TRANSPORTE Y ALOJAMIENTO,S04
13,BOLIVAR,2014,4370,4.37E+12,COMERCIO REPARACION TRANSPORTE Y ALOJAMIENTO,S04
13,BOLIVAR,2015,4872,4.87E+12,COMERCIO REPARACION TRANSPORTE Y ALOJAMIENTO,S04
13,BOLIVAR,2016,5378,5.38E+12,COMERCIO REPARACION TRANSPORTE Y ALOJAMIENTO,S04
13,BOLIVAR,2017,5808,5.81E+12,COMERCIO REPARACION TRANSPORTE Y ALOJAMIENTO,S04
13,BOLIVAR,2018,6201,6.20E+12,COMERCIO REPARACION TRANSPORTE Y ALOJAMIENTO,S04
13,BOLIVAR,2019,6641,6.64E+12,COMERCIO REPARACION TRANSPORTE Y ALOJAMIENTO,S04
13,BOLIVAR,2020,5110,5.11E+12,COMERCIO REPARACION TRANSPORTE Y ALOJAMIENTO,S04
13,BOLIVAR,2021,7082,7.08E+12,COMERCIO REPARACION TRANSPORTE Y ALOJAMIENTO,S04
13,BOLIVAR,2022,9218,9.22E+12,COMERCIO REPARACION TRANSPORTE Y ALOJAMIENTO,S04
13,BOLIVAR,2023p,10069,1.01E+13,COMERCIO REPARACION TRANSPORTE Y ALOJAMIENTO,S04
13,BOLIVAR,2024pr,10979,1.10E+13,COMERCIO REPARACION TRANSPORTE Y ALOJAMIENTO,S04
15,BOYACA,1980,12,12000000000,COMERCIO REPARACION TRANSPORTE Y ALOJAMIENTO,S04
15,BOYACA,1981,15,15000000000,COMERCIO REPARACION TRANSPORTE Y ALOJAMIENTO,S04
15,BOYACA,1982,17,17000000000,COMERCIO REPARACION TRANSPORTE Y ALOJAMIENTO,S04
15,BOYACA,1983,20,20000000000,COMERCIO REPARACION TRANSPORTE Y ALOJAMIENTO,S04
15,BOYACA,1984,26,26000000000,COMERCIO REPARACION TRANSPORTE Y ALOJAMIENTO,S04
15,BOYACA,1985,33,33000000000,COMERCIO REPARACION TRANSPORTE Y ALOJAMIENTO,S04
15,BOYACA,1986,43,43000000000,COMERCIO REPARACION TRANSPORTE Y ALOJAMIENTO,S04
15,BOYACA,1987,57,57000000000,COMERCIO REPARACION TRANSPORTE Y ALOJAMIENTO,S04
15,BOYACA,1988,75,75000000000,COMERCIO REPARACION TRANSPORTE Y ALOJAMIENTO,S04
15,BOYACA,1989,96,96000000000,COMERCIO REPARACION TRANSPORTE Y ALOJAMIENTO,S04
15,BOYACA,1990,126,1.26E+11,COMERCIO REPARACION TRANSPORTE Y ALOJAMIENTO,S04
15,BOYACA,1991,150,1.50E+11,COMERCIO REPARACION TRANSPORTE Y ALOJAMIENTO,S04
15,BOYACA,1992,184,1.84E+11,COMERCIO REPARACION TRANSPORTE Y ALOJAMIENTO,S04
15,BOYACA,1993,257,2.57E+11,COMERCIO REPARACION TRANSPORTE Y ALOJAMIENTO,S04
15,BOYACA,1994,303,3.03E+11,COMERCIO REPARACION TRANSPORTE Y ALOJAMIENTO,S04
15,BOYACA,1995,398,3.98E+11,COMERCIO REPARACION TRANSPORTE Y ALOJAMIENTO,S04
15,BOYACA,1996,523,5.23E+11,COMERCIO REPARACION TRANSPORTE Y ALOJAMIENTO,S04
15,BOYACA,1997,648,6.48E+11,COMERCIO REPARACION TRANSPORTE Y ALOJAMIENTO,S04
15,BOYACA,1998,790,7.90E+11,COMERCIO REPARACION TRANSPORTE Y ALOJAMIENTO,S04
15,BOYACA,1999,928,9.28E+11,COMERCIO REPARACION TRANSPORTE Y ALOJAMIENTO,S04
15,BOYACA,2000,1070,1.07E+12,COMERCIO REPARACION TRANSPORTE Y ALOJAMIENTO,S04
15,BOYACA,2001,1273,1.27E+12,COMERCIO REPARACION TRANSPORTE Y ALOJAMIENTO,S04
15,BOYACA,2002,1304,1.30E+12,COMERCIO REPARACION TRANSPORTE Y ALOJAMIENTO,S04
15,BOYACA,2003,1363,1.36E+12,COMERCIO REPARACION TRANSPORTE Y ALOJAMIENTO,S04
15,BOYACA,2004,1428,1.43E+12,COMERCIO REPARACION TRANSPORTE Y ALOJAMIENTO,S04
15,BOYACA,2005,1596,1.60E+12,COMERCIO REPARACION TRANSPORTE Y ALOJAMIENTO,S04
15,BOYACA,2006,1778,1.78E+12,COMERCIO REPARACION TRANSPORTE Y ALOJAMIENTO,S04
15,BOYACA,2007,1975,1.98E+12,COMERCIO REPARACION TRANSPORTE Y ALOJAMIENTO,S04
15,BOYACA,2008,2110,2.11E+12,COMERCIO REPARACION TRANSPORTE Y ALOJAMIENTO,S04
15,BOYACA,2009,2169,2.17E+12,COMERCIO REPARACION TRANSPORTE Y ALOJAMIENTO,S04
15,BOYACA,2010,2349,2.35E+12,COMERCIO REPARACION TRANSPORTE Y ALOJAMIENTO,S04
15,BOYACA,2011,2601,2.60E+12,COMERCIO REPARACION TRANSPORTE Y ALOJAMIENTO,S04
15,BOYACA,2012,2675,2.68E+12,COMERCIO REPARACION TRANSPORTE Y ALOJAMIENTO,S04
15,BOYACA,2013,3195,3.20E+12,COMERCIO REPARACION TRANSPORTE Y ALOJAMIENTO,S04
15,BOYACA,2014,3638,3.64E+12,COMERCIO REPARACION TRANSPORTE Y ALOJAMIENTO,S04
15,BOYACA,2015,4054,4.05E+12,COMERCIO REPARACION TRANSPORTE Y ALOJAMIENTO,S04
15,BOYACA,2016,4492,4.49E+12,COMERCIO REPARACION TRANSPORTE Y ALOJAMIENTO,S04
15,BOYACA,2017,4741,4.74E+12,COMERCIO REPARACION TRANSPORTE Y ALOJAMIENTO,S04
15,BOYACA,2018,5042,5.04E+12,COMERCIO REPARACION TRANSPORTE Y ALOJAMIENTO,S04
15,BOYACA,2019,5418,5.42E+12,COMERCIO REPARACION TRANSPORTE Y ALOJAMIENTO,S04
15,BOYACA,2020,4591,4.59E+12,COMERCIO REPARACION TRANSPORTE Y ALOJAMIENTO,S04
15,BOYACA,2021,5669,5.67E+12,COMERCIO REPARACION TRANSPORTE Y ALOJAMIENTO,S04
15,BOYACA,2022,6962,6.96E+12,COMERCIO REPARACION TRANSPORTE Y ALOJAMIENTO,S04
15,BOYACA,2023p,7707,7.71E+12,COMERCIO REPARACION TRANSPORTE Y ALOJAMIENTO,S04
15,BOYACA,2024pr,8358,8.36E+12,COMERCIO REPARACION TRANSPORTE Y ALOJAMIENTO,S04
17,CALDAS,1980,10,10000000000,COMERCIO REPARACION TRANSPORTE Y ALOJAMIENTO,S04
17,CALDAS,1981,12,12000000000,COMERCIO REPARACION TRANSPORTE Y ALOJAMIENTO,S04
17,CALDAS,1982,14,14000000000,COMERCIO REPARACION TRANSPORTE Y ALOJAMIENTO,S04
17,CALDAS,1983,18,18000000000,COMERCIO REPARACION TRANSPORTE Y ALOJAMIENTO,S04
17,CALDAS,1984,24,24000000000,COMERCIO REPARACION TRANSPORTE Y ALOJAMIENTO,S04
17,CALDAS,1985,31,31000000000,COMERCIO REPARACION TRANSPORTE Y ALOJAMIENTO,S04
17,CALDAS,1986,42,42000000000,COMERCIO REPARACION TRANSPORTE Y ALOJAMIENTO,S04
17,CALDAS,1987,56,56000000000,COMERCIO REPARACION TRANSPORTE Y ALOJAMIENTO,S04
17,CALDAS,1988,70,70000000000,COMERCIO REPARACION TRANSPORTE Y ALOJAMIENTO,S04
17,CALDAS,1989,89,89000000000,COMERCIO REPARACION TRANSPORTE Y ALOJAMIENTO,S04
17,CALDAS,1990,109,1.09E+11,COMERCIO REPARACION TRANSPORTE Y ALOJAMIENTO,S04
17,CALDAS,1991,140,1.40E+11,COMERCIO REPARACION TRANSPORTE Y ALOJAMIENTO,S04
17,CALDAS,1992,176,1.76E+11,COMERCIO REPARACION TRANSPORTE Y ALOJAMIENTO,S04
17,CALDAS,1993,224,2.24E+11,COMERCIO REPARACION TRANSPORTE Y ALOJAMIENTO,S04
17,CALDAS,1994,327,3.27E+11,COMERCIO REPARACION TRANSPORTE Y ALOJAMIENTO,S04
17,CALDAS,1995,394,3.94E+11,COMERCIO REPARACION TRANSPORTE Y ALOJAMIENTO,S04
17,CALDAS,1996,413,4.13E+11,COMERCIO REPARACION TRANSPORTE Y ALOJAMIENTO,S04
17,CALDAS,1997,476,4.76E+11,COMERCIO REPARACION TRANSPORTE Y ALOJAMIENTO,S04
17,CALDAS,1998,555,5.55E+11,COMERCIO REPARACION TRANSPORTE Y ALOJAMIENTO,S04
17,CALDAS,1999,524,5.24E+11,COMERCIO REPARACION TRANSPORTE Y ALOJAMIENTO,S04
17,CALDAS,2000,596,5.96E+11,COMERCIO REPARACION TRANSPORTE Y ALOJAMIENTO,S04
17,CALDAS,2001,659,6.59E+11,COMERCIO REPARACION TRANSPORTE Y ALOJAMIENTO,S04
17,CALDAS,2002,713,7.13E+11,COMERCIO REPARACION TRANSPORTE Y ALOJAMIENTO,S04
17,CALDAS,2003,778,7.78E+11,COMERCIO REPARACION TRANSPORTE Y ALOJAMIENTO,S04
17,CALDAS,2004,869,8.69E+11,COMERCIO REPARACION TRANSPORTE Y ALOJAMIENTO,S04
17,CALDAS,2005,941,9.41E+11,COMERCIO REPARACION TRANSPORTE Y ALOJAMIENTO,S04
17,CALDAS,2006,1049,1.05E+12,COMERCIO REPARACION TRANSPORTE Y ALOJAMIENTO,S04
17,CALDAS,2007,1169,1.17E+12,COMERCIO REPARACION TRANSPORTE Y ALOJAMIENTO,S04
17,CALDAS,2008,1259,1.26E+12,COMERCIO REPARACION TRANSPORTE Y ALOJAMIENTO,S04
17,CALDAS,2009,1349,1.35E+12,COMERCIO REPARACION TRANSPORTE Y ALOJAMIENTO,S04
17,CALDAS,2010,1413,1.41E+12,COMERCIO REPARACION TRANSPORTE Y ALOJAMIENTO,S04
17,CALDAS,2011,1523,1.52E+12,COMERCIO REPARACION TRANSPORTE Y ALOJAMIENTO,S04
17,CALDAS,2012,1601,1.60E+12,COMERCIO REPARACION TRANSPORTE Y ALOJAMIENTO,S04
17,CALDAS,2013,1743,1.74E+12,COMERCIO REPARACION TRANSPORTE Y ALOJAMIENTO,S04
17,CALDAS,2014,1894,1.89E+12,COMERCIO REPARACION TRANSPORTE Y ALOJAMIENTO,S04
17,CALDAS,2015,2142,2.14E+12,COMERCIO REPARACION TRANSPORTE Y ALOJAMIENTO,S04
17,CALDAS,2016,2396,2.40E+12,COMERCIO REPARACION TRANSPORTE Y ALOJAMIENTO,S04
17,CALDAS,2017,2579,2.58E+12,COMERCIO REPARACION TRANSPORTE Y ALOJAMIENTO,S04
17,CALDAS,2018,2729,2.73E+12,COMERCIO REPARACION TRANSPORTE Y ALOJAMIENTO,S04
17,CALDAS,2019,2988,2.99E+12,COMERCIO REPARACION TRANSPORTE Y ALOJAMIENTO,S04
17,CALDAS,2020,2777,2.78E+12,COMERCIO REPARACION TRANSPORTE Y ALOJAMIENTO,S04
17,CALDAS,2021,3530,3.53E+12,COMERCIO REPARACION TRANSPORTE Y ALOJAMIENTO,S04
17,CALDAS,2022,4381,4.38E+12,COMERCIO REPARACION TRANSPORTE Y ALOJAMIENTO,S04
17,CALDAS,2023p,4801,4.80E+12,COMERCIO REPARACION TRANSPORTE Y ALOJAMIENTO,S04
17,CALDAS,2024pr,5216,5.22E+12,COMERCIO REPARACION TRANSPORTE Y ALOJAMIENTO,S04
18,CAQUETA,1980,1,1000000000,COMERCIO REPARACION TRANSPORTE Y ALOJAMIENTO,S04
18,CAQUETA,1981,2,2000000000,COMERCIO REPARACION TRANSPORTE Y ALOJAMIENTO,S04
18,CAQUETA,1982,2,2000000000,COMERCIO REPARACION TRANSPORTE Y ALOJAMIENTO,S04
18,CAQUETA,1983,3,3000000000,COMERCIO REPARACION TRANSPORTE Y ALOJAMIENTO,S04
18,CAQUETA,1984,4,4000000000,COMERCIO REPARACION TRANSPORTE Y ALOJAMIENTO,S04
18,CAQUETA,1985,5,5000000000,COMERCIO REPARACION TRANSPORTE Y ALOJAMIENTO,S04
18,CAQUETA,1986,7,7000000000,COMERCIO REPARACION TRANSPORTE Y ALOJAMIENTO,S04
18,CAQUETA,1987,10,10000000000,COMERCIO REPARACION TRANSPORTE Y ALOJAMIENTO,S04
18,CAQUETA,1988,13,13000000000,COMERCIO REPARACION TRANSPORTE Y ALOJAMIENTO,S04
18,CAQUETA,1989,17,17000000000,COMERCIO REPARACION TRANSPORTE Y ALOJAMIENTO,S04
18,CAQUETA,1990,20,20000000000,COMERCIO REPARACION TRANSPORTE Y ALOJAMIENTO,S04
18,CAQUETA,1991,25,25000000000,COMERCIO REPARACION TRANSPORTE Y ALOJAMIENTO,S04
18,CAQUETA,1992,34,34000000000,COMERCIO REPARACION TRANSPORTE Y ALOJAMIENTO,S04
18,CAQUETA,1993,44,44000000000,COMERCIO REPARACION TRANSPORTE Y ALOJAMIENTO,S04
18,CAQUETA,1994,56,56000000000,COMERCIO REPARACION TRANSPORTE Y ALOJAMIENTO,S04
18,CAQUETA,1995,65,65000000000,COMERCIO REPARACION TRANSPORTE Y ALOJAMIENTO,S04
18,CAQUETA,1996,72,72000000000,COMERCIO REPARACION TRANSPORTE Y ALOJAMIENTO,S04
18,CAQUETA,1997,89,89000000000,COMERCIO REPARACION TRANSPORTE Y ALOJAMIENTO,S04
18,CAQUETA,1998,103,1.03E+11,COMERCIO REPARACION TRANSPORTE Y ALOJAMIENTO,S04
18,CAQUETA,1999,108,1.08E+11,COMERCIO REPARACION TRANSPORTE Y ALOJAMIENTO,S04
18,CAQUETA,2000,115,1.15E+11,COMERCIO REPARACION TRANSPORTE Y ALOJAMIENTO,S04
18,CAQUETA,2001,131,1.31E+11,COMERCIO REPARACION TRANSPORTE Y ALOJAMIENTO,S04
18,CAQUETA,2002,135,1.35E+11,COMERCIO REPARACION TRANSPORTE Y ALOJAMIENTO,S04
18,CAQUETA,2003,160,1.60E+11,COMERCIO REPARACION TRANSPORTE Y ALOJAMIENTO,S04
18,CAQUETA,2004,193,1.93E+11,COMERCIO REPARACION TRANSPORTE Y ALOJAMIENTO,S04
18,CAQUETA,2005,214,2.14E+11,COMERCIO REPARACION TRANSPORTE Y ALOJAMIENTO,S04
18,CAQUETA,2006,247,2.47E+11,COMERCIO REPARACION TRANSPORTE Y ALOJAMIENTO,S04
18,CAQUETA,2007,285,2.85E+11,COMERCIO REPARACION TRANSPORTE Y ALOJAMIENTO,S04
18,CAQUETA,2008,306,3.06E+11,COMERCIO REPARACION TRANSPORTE Y ALOJAMIENTO,S04
18,CAQUETA,2009,375,3.75E+11,COMERCIO REPARACION TRANSPORTE Y ALOJAMIENTO,S04
18,CAQUETA,2010,360,3.60E+11,COMERCIO REPARACION TRANSPORTE Y ALOJAMIENTO,S04
18,CAQUETA,2011,394,3.94E+11,COMERCIO REPARACION TRANSPORTE Y ALOJAMIENTO,S04
18,CAQUETA,2012,428,4.28E+11,COMERCIO REPARACION TRANSPORTE Y ALOJAMIENTO,S04
18,CAQUETA,2013,487,4.87E+11,COMERCIO REPARACION TRANSPORTE Y ALOJAMIENTO,S04
18,CAQUETA,2014,552,5.52E+11,COMERCIO REPARACION TRANSPORTE Y ALOJAMIENTO,S04
18,CAQUETA,2015,603,6.03E+11,COMERCIO REPARACION TRANSPORTE Y ALOJAMIENTO,S04
18,CAQUETA,2016,691,6.91E+11,COMERCIO REPARACION TRANSPORTE Y ALOJAMIENTO,S04
18,CAQUETA,2017,748,7.48E+11,COMERCIO REPARACION TRANSPORTE Y ALOJAMIENTO,S04
18,CAQUETA,2018,787,7.87E+11,COMERCIO REPARACION TRANSPORTE Y ALOJAMIENTO,S04
18,CAQUETA,2019,835,8.35E+11,COMERCIO REPARACION TRANSPORTE Y ALOJAMIENTO,S04
18,CAQUETA,2020,692,6.92E+11,COMERCIO REPARACION TRANSPORTE Y ALOJAMIENTO,S04
18,CAQUETA,2021,862,8.62E+11,COMERCIO REPARACION TRANSPORTE Y ALOJAMIENTO,S04
18,CAQUETA,2022,1068,1.07E+12,COMERCIO REPARACION TRANSPORTE Y ALOJAMIENTO,S04
18,CAQUETA,2023p,1166,1.17E+12,COMERCIO REPARACION TRANSPORTE Y ALOJAMIENTO,S04
18,CAQUETA,2024pr,1255,1.26E+12,COMERCIO REPARACION TRANSPORTE Y ALOJAMIENTO,S04
19,CAUCA,1980,11,11000000000,COMERCIO REPARACION TRANSPORTE Y ALOJAMIENTO,S04
19,CAUCA,1981,12,12000000000,COMERCIO REPARACION TRANSPORTE Y ALOJAMIENTO,S04
19,CAUCA,1982,15,15000000000,COMERCIO REPARACION TRANSPORTE Y ALOJAMIENTO,S04
19,CAUCA,1983,20,20000000000,COMERCIO REPARACION TRANSPORTE Y ALOJAMIENTO,S04
19,CAUCA,1984,25,25000000000,COMERCIO REPARACION TRANSPORTE Y ALOJAMIENTO,S04
19,CAUCA,1985,32,32000000000,COMERCIO REPARACION TRANSPORTE Y ALOJAMIENTO,S04
19,CAUCA,1986,44,44000000000,COMERCIO REPARACION TRANSPORTE Y ALOJAMIENTO,S04
19,CAUCA,1987,56,56000000000,COMERCIO REPARACION TRANSPORTE Y ALOJAMIENTO,S04
19,CAUCA,1988,77,77000000000,COMERCIO REPARACION TRANSPORTE Y ALOJAMIENTO,S04
19,CAUCA,1989,102,1.02E+11,COMERCIO REPARACION TRANSPORTE Y ALOJAMIENTO,S04
19,CAUCA,1990,124,1.24E+11,COMERCIO REPARACION TRANSPORTE Y ALOJAMIENTO,S04
19,CAUCA,1991,146,1.46E+11,COMERCIO REPARACION TRANSPORTE Y ALOJAMIENTO,S04
19,CAUCA,1992,186,1.86E+11,COMERCIO REPARACION TRANSPORTE Y ALOJAMIENTO,S04
19,CAUCA,1993,246,2.46E+11,COMERCIO REPARACION TRANSPORTE Y ALOJAMIENTO,S04
19,CAUCA,1994,204,2.04E+11,COMERCIO REPARACION TRANSPORTE Y ALOJAMIENTO,S04
19,CAUCA,1995,253,2.53E+11,COMERCIO REPARACION TRANSPORTE Y ALOJAMIENTO,S04
19,CAUCA,1996,296,2.96E+11,COMERCIO REPARACION TRANSPORTE Y ALOJAMIENTO,S04
19,CAUCA,1997,346,3.46E+11,COMERCIO REPARACION TRANSPORTE Y ALOJAMIENTO,S04
19,CAUCA,1998,411,4.11E+11,COMERCIO REPARACION TRANSPORTE Y ALOJAMIENTO,S04
19,CAUCA,1999,414,4.14E+11,COMERCIO REPARACION TRANSPORTE Y ALOJAMIENTO,S04
19,CAUCA,2000,441,4.41E+11,COMERCIO REPARACION TRANSPORTE Y ALOJAMIENTO,S04
19,CAUCA,2001,476,4.76E+11,COMERCIO REPARACION TRANSPORTE Y ALOJAMIENTO,S04
19,CAUCA,2002,505,5.05E+11,COMERCIO REPARACION TRANSPORTE Y ALOJAMIENTO,S04
19,CAUCA,2003,576,5.76E+11,COMERCIO REPARACION TRANSPORTE Y ALOJAMIENTO,S04
19,CAUCA,2004,627,6.27E+11,COMERCIO REPARACION TRANSPORTE Y ALOJAMIENTO,S04
19,CAUCA,2005,693,6.93E+11,COMERCIO REPARACION TRANSPORTE Y ALOJAMIENTO,S04
19,CAUCA,2006,786,7.86E+11,COMERCIO REPARACION TRANSPORTE Y ALOJAMIENTO,S04
19,CAUCA,2007,894,8.94E+11,COMERCIO REPARACION TRANSPORTE Y ALOJAMIENTO,S04
19,CAUCA,2008,960,9.60E+11,COMERCIO REPARACION TRANSPORTE Y ALOJAMIENTO,S04
19,CAUCA,2009,1017,1.02E+12,COMERCIO REPARACION TRANSPORTE Y ALOJAMIENTO,S04
19,CAUCA,2010,1111,1.11E+12,COMERCIO REPARACION TRANSPORTE Y ALOJAMIENTO,S04
19,CAUCA,2011,1200,1.20E+12,COMERCIO REPARACION TRANSPORTE Y ALOJAMIENTO,S04
19,CAUCA,2012,1299,1.30E+12,COMERCIO REPARACION TRANSPORTE Y ALOJAMIENTO,S04
19,CAUCA,2013,1433,1.43E+12,COMERCIO REPARACION TRANSPORTE Y ALOJAMIENTO,S04
19,CAUCA,2014,1569,1.57E+12,COMERCIO REPARACION TRANSPORTE Y ALOJAMIENTO,S04
19,CAUCA,2015,1778,1.78E+12,COMERCIO REPARACION TRANSPORTE Y ALOJAMIENTO,S04
19,CAUCA,2016,2021,2.02E+12,COMERCIO REPARACION TRANSPORTE Y ALOJAMIENTO,S04
19,CAUCA,2017,2190,2.19E+12,COMERCIO REPARACION TRANSPORTE Y ALOJAMIENTO,S04
19,CAUCA,2018,2268,2.27E+12,COMERCIO REPARACION TRANSPORTE Y ALOJAMIENTO,S04
19,CAUCA,2019,2415,2.42E+12,COMERCIO REPARACION TRANSPORTE Y ALOJAMIENTO,S04
19,CAUCA,2020,2059,2.06E+12,COMERCIO REPARACION TRANSPORTE Y ALOJAMIENTO,S04
19,CAUCA,2021,2680,2.68E+12,COMERCIO REPARACION TRANSPORTE Y ALOJAMIENTO,S04
19,CAUCA,2022,3345,3.35E+12,COMERCIO REPARACION TRANSPORTE Y ALOJAMIENTO,S04
19,CAUCA,2023p,3626,3.63E+12,COMERCIO REPARACION TRANSPORTE Y ALOJAMIENTO,S04
19,CAUCA,2024pr,3952,3.95E+12,COMERCIO REPARACION TRANSPORTE Y ALOJAMIENTO,S04
20,CESAR,1980,5,5000000000,COMERCIO REPARACION TRANSPORTE Y ALOJAMIENTO,S04
20,CESAR,1981,6,6000000000,COMERCIO REPARACION TRANSPORTE Y ALOJAMIENTO,S04
20,CESAR,1982,7,7000000000,COMERCIO REPARACION TRANSPORTE Y ALOJAMIENTO,S04
20,CESAR,1983,9,9000000000,COMERCIO REPARACION TRANSPORTE Y ALOJAMIENTO,S04
20,CESAR,1984,12,12000000000,COMERCIO REPARACION TRANSPORTE Y ALOJAMIENTO,S04
20,CESAR,1985,17,17000000000,COMERCIO REPARACION TRANSPORTE Y ALOJAMIENTO,S04
20,CESAR,1986,23,23000000000,COMERCIO REPARACION TRANSPORTE Y ALOJAMIENTO,S04
20,CESAR,1987,32,32000000000,COMERCIO REPARACION TRANSPORTE Y ALOJAMIENTO,S04
20,CESAR,1988,44,44000000000,COMERCIO REPARACION TRANSPORTE Y ALOJAMIENTO,S04
20,CESAR,1989,55,55000000000,COMERCIO REPARACION TRANSPORTE Y ALOJAMIENTO,S04
20,CESAR,1990,69,69000000000,COMERCIO REPARACION TRANSPORTE Y ALOJAMIENTO,S04
20,CESAR,1991,83,83000000000,COMERCIO REPARACION TRANSPORTE Y ALOJAMIENTO,S04
20,CESAR,1992,108,1.08E+11,COMERCIO REPARACION TRANSPORTE Y ALOJAMIENTO,S04
20,CESAR,1993,139,1.39E+11,COMERCIO REPARACION TRANSPORTE Y ALOJAMIENTO,S04
20,CESAR,1994,169,1.69E+11,COMERCIO REPARACION TRANSPORTE Y ALOJAMIENTO,S04
20,CESAR,1995,208,2.08E+11,COMERCIO REPARACION TRANSPORTE Y ALOJAMIENTO,S04
20,CESAR,1996,244,2.44E+11,COMERCIO REPARACION TRANSPORTE Y ALOJAMIENTO,S04
20,CESAR,1997,305,3.05E+11,COMERCIO REPARACION TRANSPORTE Y ALOJAMIENTO,S04
20,CESAR,1998,364,3.64E+11,COMERCIO REPARACION TRANSPORTE Y ALOJAMIENTO,S04
20,CESAR,1999,373,3.73E+11,COMERCIO REPARACION TRANSPORTE Y ALOJAMIENTO,S04
20,CESAR,2000,406,4.06E+11,COMERCIO REPARACION TRANSPORTE Y ALOJAMIENTO,S04
20,CESAR,2001,476,4.76E+11,COMERCIO REPARACION TRANSPORTE Y ALOJAMIENTO,S04
20,CESAR,2002,545,5.45E+11,COMERCIO REPARACION TRANSPORTE Y ALOJAMIENTO,S04
20,CESAR,2003,643,6.43E+11,COMERCIO REPARACION TRANSPORTE Y ALOJAMIENTO,S04
20,CESAR,2004,710,7.10E+11,COMERCIO REPARACION TRANSPORTE Y ALOJAMIENTO,S04
20,CESAR,2005,792,7.92E+11,COMERCIO REPARACION TRANSPORTE Y ALOJAMIENTO,S04
20,CESAR,2006,899,8.99E+11,COMERCIO REPARACION TRANSPORTE Y ALOJAMIENTO,S04
20,CESAR,2007,1027,1.03E+12,COMERCIO REPARACION TRANSPORTE Y ALOJAMIENTO,S04
20,CESAR,2008,1102,1.10E+12,COMERCIO REPARACION TRANSPORTE Y ALOJAMIENTO,S04
20,CESAR,2009,1124,1.12E+12,COMERCIO REPARACION TRANSPORTE Y ALOJAMIENTO,S04
20,CESAR,2010,1191,1.19E+12,COMERCIO REPARACION TRANSPORTE Y ALOJAMIENTO,S04
20,CESAR,2011,1265,1.27E+12,COMERCIO REPARACION TRANSPORTE Y ALOJAMIENTO,S04
20,CESAR,2012,1327,1.33E+12,COMERCIO REPARACION TRANSPORTE Y ALOJAMIENTO,S04
20,CESAR,2013,1453,1.45E+12,COMERCIO REPARACION TRANSPORTE Y ALOJAMIENTO,S04
20,CESAR,2014,1591,1.59E+12,COMERCIO REPARACION TRANSPORTE Y ALOJAMIENTO,S04
20,CESAR,2015,1780,1.78E+12,COMERCIO REPARACION TRANSPORTE Y ALOJAMIENTO,S04
20,CESAR,2016,2032,2.03E+12,COMERCIO REPARACION TRANSPORTE Y ALOJAMIENTO,S04
20,CESAR,2017,2216,2.22E+12,COMERCIO REPARACION TRANSPORTE Y ALOJAMIENTO,S04
20,CESAR,2018,2301,2.30E+12,COMERCIO REPARACION TRANSPORTE Y ALOJAMIENTO,S04
20,CESAR,2019,2443,2.44E+12,COMERCIO REPARACION TRANSPORTE Y ALOJAMIENTO,S04
20,CESAR,2020,2093,2.09E+12,COMERCIO REPARACION TRANSPORTE Y ALOJAMIENTO,S04
20,CESAR,2021,2619,2.62E+12,COMERCIO REPARACION TRANSPORTE Y ALOJAMIENTO,S04
20,CESAR,2022,3297,3.30E+12,COMERCIO REPARACION TRANSPORTE Y ALOJAMIENTO,S04
20,CESAR,2023p,3627,3.63E+12,COMERCIO REPARACION TRANSPORTE Y ALOJAMIENTO,S04
20,CESAR,2024pr,3990,3.99E+12,COMERCIO REPARACION TRANSPORTE Y ALOJAMIENTO,S04
27,CHOCO,1980,1,1000000000,COMERCIO REPARACION TRANSPORTE Y ALOJAMIENTO,S04
27,CHOCO,1981,1,1000000000,COMERCIO REPARACION TRANSPORTE Y ALOJAMIENTO,S04
27,CHOCO,1982,1,1000000000,COMERCIO REPARACION TRANSPORTE Y ALOJAMIENTO,S04
27,CHOCO,1983,2,2000000000,COMERCIO REPARACION TRANSPORTE Y ALOJAMIENTO,S04
27,CHOCO,1984,3,3000000000,COMERCIO REPARACION TRANSPORTE Y ALOJAMIENTO,S04
27,CHOCO,1985,4,4000000000,COMERCIO REPARACION TRANSPORTE Y ALOJAMIENTO,S04
27,CHOCO,1986,7,7000000000,COMERCIO REPARACION TRANSPORTE Y ALOJAMIENTO,S04
27,CHOCO,1987,10,10000000000,COMERCIO REPARACION TRANSPORTE Y ALOJAMIENTO,S04
27,CHOCO,1988,14,14000000000,COMERCIO REPARACION TRANSPORTE Y ALOJAMIENTO,S04
27,CHOCO,1989,14,14000000000,COMERCIO REPARACION TRANSPORTE Y ALOJAMIENTO,S04
27,CHOCO,1990,21,21000000000,COMERCIO REPARACION TRANSPORTE Y ALOJAMIENTO,S04
27,CHOCO,1991,21,21000000000,COMERCIO REPARACION TRANSPORTE Y ALOJAMIENTO,S04
27,CHOCO,1992,27,27000000000,COMERCIO REPARACION TRANSPORTE Y ALOJAMIENTO,S04
27,CHOCO,1993,28,28000000000,COMERCIO REPARACION TRANSPORTE Y ALOJAMIENTO,S04
27,CHOCO,1994,37,37000000000,COMERCIO REPARACION TRANSPORTE Y ALOJAMIENTO,S04
27,CHOCO,1995,49,49000000000,COMERCIO REPARACION TRANSPORTE Y ALOJAMIENTO,S04
27,CHOCO,1996,57,57000000000,COMERCIO REPARACION TRANSPORTE Y ALOJAMIENTO,S04
27,CHOCO,1997,62,62000000000,COMERCIO REPARACION TRANSPORTE Y ALOJAMIENTO,S04
27,CHOCO,1998,64,64000000000,COMERCIO REPARACION TRANSPORTE Y ALOJAMIENTO,S04
27,CHOCO,1999,58,58000000000,COMERCIO REPARACION TRANSPORTE Y ALOJAMIENTO,S04
27,CHOCO,2000,65,65000000000,COMERCIO REPARACION TRANSPORTE Y ALOJAMIENTO,S04
27,CHOCO,2001,70,70000000000,COMERCIO REPARACION TRANSPORTE Y ALOJAMIENTO,S04
27,CHOCO,2002,79,79000000000,COMERCIO REPARACION TRANSPORTE Y ALOJAMIENTO,S04
27,CHOCO,2003,90,90000000000,COMERCIO REPARACION TRANSPORTE Y ALOJAMIENTO,S04
27,CHOCO,2004,117,1.17E+11,COMERCIO REPARACION TRANSPORTE Y ALOJAMIENTO,S04
27,CHOCO,2005,150,1.50E+11,COMERCIO REPARACION TRANSPORTE Y ALOJAMIENTO,S04
27,CHOCO,2006,166,1.66E+11,COMERCIO REPARACION TRANSPORTE Y ALOJAMIENTO,S04
27,CHOCO,2007,203,2.03E+11,COMERCIO REPARACION TRANSPORTE Y ALOJAMIENTO,S04
27,CHOCO,2008,219,2.19E+11,COMERCIO REPARACION TRANSPORTE Y ALOJAMIENTO,S04
27,CHOCO,2009,234,2.34E+11,COMERCIO REPARACION TRANSPORTE Y ALOJAMIENTO,S04
27,CHOCO,2010,264,2.64E+11,COMERCIO REPARACION TRANSPORTE Y ALOJAMIENTO,S04
27,CHOCO,2011,291,2.91E+11,COMERCIO REPARACION TRANSPORTE Y ALOJAMIENTO,S04
27,CHOCO,2012,320,3.20E+11,COMERCIO REPARACION TRANSPORTE Y ALOJAMIENTO,S04
27,CHOCO,2013,362,3.62E+11,COMERCIO REPARACION TRANSPORTE Y ALOJAMIENTO,S04
27,CHOCO,2014,403,4.03E+11,COMERCIO REPARACION TRANSPORTE Y ALOJAMIENTO,S04
27,CHOCO,2015,453,4.53E+11,COMERCIO REPARACION TRANSPORTE Y ALOJAMIENTO,S04
27,CHOCO,2016,525,5.25E+11,COMERCIO REPARACION TRANSPORTE Y ALOJAMIENTO,S04
27,CHOCO,2017,560,5.60E+11,COMERCIO REPARACION TRANSPORTE Y ALOJAMIENTO,S04
27,CHOCO,2018,590,5.90E+11,COMERCIO REPARACION TRANSPORTE Y ALOJAMIENTO,S04
27,CHOCO,2019,624,6.24E+11,COMERCIO REPARACION TRANSPORTE Y ALOJAMIENTO,S04
27,CHOCO,2020,474,4.74E+11,COMERCIO REPARACION TRANSPORTE Y ALOJAMIENTO,S04
27,CHOCO,2021,645,6.45E+11,COMERCIO REPARACION TRANSPORTE Y ALOJAMIENTO,S04
27,CHOCO,2022,803,8.03E+11,COMERCIO REPARACION TRANSPORTE Y ALOJAMIENTO,S04
27,CHOCO,2023p,868,8.68E+11,COMERCIO REPARACION TRANSPORTE Y ALOJAMIENTO,S04
27,CHOCO,2024pr,947,9.47E+11,COMERCIO REPARACION TRANSPORTE Y ALOJAMIENTO,S04
23,CORDOBA,1980,8,8000000000,COMERCIO REPARACION TRANSPORTE Y ALOJAMIENTO,S04
23,CORDOBA,1981,10,10000000000,COMERCIO REPARACION TRANSPORTE Y ALOJAMIENTO,S04
23,CORDOBA,1982,12,12000000000,COMERCIO REPARACION TRANSPORTE Y ALOJAMIENTO,S04
23,CORDOBA,1983,15,15000000000,COMERCIO REPARACION TRANSPORTE Y ALOJAMIENTO,S04
23,CORDOBA,1984,19,19000000000,COMERCIO REPARACION TRANSPORTE Y ALOJAMIENTO,S04
23,CORDOBA,1985,24,24000000000,COMERCIO REPARACION TRANSPORTE Y ALOJAMIENTO,S04
23,CORDOBA,1986,31,31000000000,COMERCIO REPARACION TRANSPORTE Y ALOJAMIENTO,S04
23,CORDOBA,1987,45,45000000000,COMERCIO REPARACION TRANSPORTE Y ALOJAMIENTO,S04
23,CORDOBA,1988,60,60000000000,COMERCIO REPARACION TRANSPORTE Y ALOJAMIENTO,S04
23,CORDOBA,1989,78,78000000000,COMERCIO REPARACION TRANSPORTE Y ALOJAMIENTO,S04
23,CORDOBA,1990,109,1.09E+11,COMERCIO REPARACION TRANSPORTE Y ALOJAMIENTO,S04
23,CORDOBA,1991,134,1.34E+11,COMERCIO REPARACION TRANSPORTE Y ALOJAMIENTO,S04
23,CORDOBA,1992,179,1.79E+11,COMERCIO REPARACION TRANSPORTE Y ALOJAMIENTO,S04
23,CORDOBA,1993,210,2.10E+11,COMERCIO REPARACION TRANSPORTE Y ALOJAMIENTO,S04
23,CORDOBA,1994,265,2.65E+11,COMERCIO REPARACION TRANSPORTE Y ALOJAMIENTO,S04
23,CORDOBA,1995,315,3.15E+11,COMERCIO REPARACION TRANSPORTE Y ALOJAMIENTO,S04
23,CORDOBA,1996,360,3.60E+11,COMERCIO REPARACION TRANSPORTE Y ALOJAMIENTO,S04
23,CORDOBA,1997,432,4.32E+11,COMERCIO REPARACION TRANSPORTE Y ALOJAMIENTO,S04
23,CORDOBA,1998,514,5.14E+11,COMERCIO REPARACION TRANSPORTE Y ALOJAMIENTO,S04
23,CORDOBA,1999,561,5.61E+11,COMERCIO REPARACION TRANSPORTE Y ALOJAMIENTO,S04
23,CORDOBA,2000,626,6.26E+11,COMERCIO REPARACION TRANSPORTE Y ALOJAMIENTO,S04
23,CORDOBA,2001,684,6.84E+11,COMERCIO REPARACION TRANSPORTE Y ALOJAMIENTO,S04
23,CORDOBA,2002,676,6.76E+11,COMERCIO REPARACION TRANSPORTE Y ALOJAMIENTO,S04
23,CORDOBA,2003,754,7.54E+11,COMERCIO REPARACION TRANSPORTE Y ALOJAMIENTO,S04
23,CORDOBA,2004,816,8.16E+11,COMERCIO REPARACION TRANSPORTE Y ALOJAMIENTO,S04
23,CORDOBA,2005,878,8.78E+11,COMERCIO REPARACION TRANSPORTE Y ALOJAMIENTO,S04
23,CORDOBA,2006,967,9.67E+11,COMERCIO REPARACION TRANSPORTE Y ALOJAMIENTO,S04
23,CORDOBA,2007,1094,1.09E+12,COMERCIO REPARACION TRANSPORTE Y ALOJAMIENTO,S04
23,CORDOBA,2008,1149,1.15E+12,COMERCIO REPARACION TRANSPORTE Y ALOJAMIENTO,S04
23,CORDOBA,2009,1210,1.21E+12,COMERCIO REPARACION TRANSPORTE Y ALOJAMIENTO,S04
23,CORDOBA,2010,1265,1.27E+12,COMERCIO REPARACION TRANSPORTE Y ALOJAMIENTO,S04
23,CORDOBA,2011,1347,1.35E+12,COMERCIO REPARACION TRANSPORTE Y ALOJAMIENTO,S04
23,CORDOBA,2012,1435,1.44E+12,COMERCIO REPARACION TRANSPORTE Y ALOJAMIENTO,S04
23,CORDOBA,2013,1634,1.63E+12,COMERCIO REPARACION TRANSPORTE Y ALOJAMIENTO,S04
23,CORDOBA,2014,1798,1.80E+12,COMERCIO REPARACION TRANSPORTE Y ALOJAMIENTO,S04
23,CORDOBA,2015,1959,1.96E+12,COMERCIO REPARACION TRANSPORTE Y ALOJAMIENTO,S04
23,CORDOBA,2016,2209,2.21E+12,COMERCIO REPARACION TRANSPORTE Y ALOJAMIENTO,S04
23,CORDOBA,2017,2393,2.39E+12,COMERCIO REPARACION TRANSPORTE Y ALOJAMIENTO,S04
23,CORDOBA,2018,2538,2.54E+12,COMERCIO REPARACION TRANSPORTE Y ALOJAMIENTO,S04
23,CORDOBA,2019,2754,2.75E+12,COMERCIO REPARACION TRANSPORTE Y ALOJAMIENTO,S04
23,CORDOBA,2020,2337,2.34E+12,COMERCIO REPARACION TRANSPORTE Y ALOJAMIENTO,S04
23,CORDOBA,2021,3103,3.10E+12,COMERCIO REPARACION TRANSPORTE Y ALOJAMIENTO,S04
23,CORDOBA,2022,3923,3.92E+12,COMERCIO REPARACION TRANSPORTE Y ALOJAMIENTO,S04
23,CORDOBA,2023p,4206,4.21E+12,COMERCIO REPARACION TRANSPORTE Y ALOJAMIENTO,S04
23,CORDOBA,2024pr,4593,4.59E+12,COMERCIO REPARACION TRANSPORTE Y ALOJAMIENTO,S04
25,CUNDINAMARCA,1980,21,21000000000,COMERCIO REPARACION TRANSPORTE Y ALOJAMIENTO,S04
25,CUNDINAMARCA,1981,24,24000000000,COMERCIO REPARACION TRANSPORTE Y ALOJAMIENTO,S04
25,CUNDINAMARCA,1982,30,30000000000,COMERCIO REPARACION TRANSPORTE Y ALOJAMIENTO,S04
25,CUNDINAMARCA,1983,35,35000000000,COMERCIO REPARACION TRANSPORTE Y ALOJAMIENTO,S04
25,CUNDINAMARCA,1984,47,47000000000,COMERCIO REPARACION TRANSPORTE Y ALOJAMIENTO,S04
25,CUNDINAMARCA,1985,62,62000000000,COMERCIO REPARACION TRANSPORTE Y ALOJAMIENTO,S04
25,CUNDINAMARCA,1986,80,80000000000,COMERCIO REPARACION TRANSPORTE Y ALOJAMIENTO,S04
25,CUNDINAMARCA,1987,105,1.05E+11,COMERCIO REPARACION TRANSPORTE Y ALOJAMIENTO,S04
25,CUNDINAMARCA,1988,140,1.40E+11,COMERCIO REPARACION TRANSPORTE Y ALOJAMIENTO,S04
25,CUNDINAMARCA,1989,174,1.74E+11,COMERCIO REPARACION TRANSPORTE Y ALOJAMIENTO,S04
25,CUNDINAMARCA,1990,204,2.04E+11,COMERCIO REPARACION TRANSPORTE Y ALOJAMIENTO,S04
25,CUNDINAMARCA,1991,238,2.38E+11,COMERCIO REPARACION TRANSPORTE Y ALOJAMIENTO,S04
25,CUNDINAMARCA,1992,305,3.05E+11,COMERCIO REPARACION TRANSPORTE Y ALOJAMIENTO,S04
25,CUNDINAMARCA,1993,379,3.79E+11,COMERCIO REPARACION TRANSPORTE Y ALOJAMIENTO,S04
25,CUNDINAMARCA,1994,453,4.53E+11,COMERCIO REPARACION TRANSPORTE Y ALOJAMIENTO,S04
25,CUNDINAMARCA,1995,629,6.29E+11,COMERCIO REPARACION TRANSPORTE Y ALOJAMIENTO,S04
25,CUNDINAMARCA,1996,783,7.83E+11,COMERCIO REPARACION TRANSPORTE Y ALOJAMIENTO,S04
25,CUNDINAMARCA,1997,1068,1.07E+12,COMERCIO REPARACION TRANSPORTE Y ALOJAMIENTO,S04
25,CUNDINAMARCA,1998,1320,1.32E+12,COMERCIO REPARACION TRANSPORTE Y ALOJAMIENTO,S04
25,CUNDINAMARCA,1999,1350,1.35E+12,COMERCIO REPARACION TRANSPORTE Y ALOJAMIENTO,S04
25,CUNDINAMARCA,2000,1589,1.59E+12,COMERCIO REPARACION TRANSPORTE Y ALOJAMIENTO,S04
25,CUNDINAMARCA,2001,1865,1.87E+12,COMERCIO REPARACION TRANSPORTE Y ALOJAMIENTO,S04
25,CUNDINAMARCA,2002,2063,2.06E+12,COMERCIO REPARACION TRANSPORTE Y ALOJAMIENTO,S04
25,CUNDINAMARCA,2003,2388,2.39E+12,COMERCIO REPARACION TRANSPORTE Y ALOJAMIENTO,S04
25,CUNDINAMARCA,2004,2514,2.51E+12,COMERCIO REPARACION TRANSPORTE Y ALOJAMIENTO,S04
25,CUNDINAMARCA,2005,2928,2.93E+12,COMERCIO REPARACION TRANSPORTE Y ALOJAMIENTO,S04
25,CUNDINAMARCA,2006,3198,3.20E+12,COMERCIO REPARACION TRANSPORTE Y ALOJAMIENTO,S04
25,CUNDINAMARCA,2007,3620,3.62E+12,COMERCIO REPARACION TRANSPORTE Y ALOJAMIENTO,S04
25,CUNDINAMARCA,2008,3870,3.87E+12,COMERCIO REPARACION TRANSPORTE Y ALOJAMIENTO,S04
25,CUNDINAMARCA,2009,4113,4.11E+12,COMERCIO REPARACION TRANSPORTE Y ALOJAMIENTO,S04
25,CUNDINAMARCA,2010,4322,4.32E+12,COMERCIO REPARACION TRANSPORTE Y ALOJAMIENTO,S04
25,CUNDINAMARCA,2011,4668,4.67E+12,COMERCIO REPARACION TRANSPORTE Y ALOJAMIENTO,S04
25,CUNDINAMARCA,2012,5002,5.00E+12,COMERCIO REPARACION TRANSPORTE Y ALOJAMIENTO,S04
25,CUNDINAMARCA,2013,5575,5.58E+12,COMERCIO REPARACION TRANSPORTE Y ALOJAMIENTO,S04
25,CUNDINAMARCA,2014,6103,6.10E+12,COMERCIO REPARACION TRANSPORTE Y ALOJAMIENTO,S04
25,CUNDINAMARCA,2015,6828,6.83E+12,COMERCIO REPARACION TRANSPORTE Y ALOJAMIENTO,S04
25,CUNDINAMARCA,2016,7850,7.85E+12,COMERCIO REPARACION TRANSPORTE Y ALOJAMIENTO,S04
25,CUNDINAMARCA,2017,8523,8.52E+12,COMERCIO REPARACION TRANSPORTE Y ALOJAMIENTO,S04
25,CUNDINAMARCA,2018,9104,9.10E+12,COMERCIO REPARACION TRANSPORTE Y ALOJAMIENTO,S04
25,CUNDINAMARCA,2019,10001,1.00E+13,COMERCIO REPARACION TRANSPORTE Y ALOJAMIENTO,S04
25,CUNDINAMARCA,2020,9407,9.41E+12,COMERCIO REPARACION TRANSPORTE Y ALOJAMIENTO,S04
25,CUNDINAMARCA,2021,12234,1.22E+13,COMERCIO REPARACION TRANSPORTE Y ALOJAMIENTO,S04
25,CUNDINAMARCA,2022,15200,1.52E+13,COMERCIO REPARACION TRANSPORTE Y ALOJAMIENTO,S04
25,CUNDINAMARCA,2023p,16248,1.62E+13,COMERCIO REPARACION TRANSPORTE Y ALOJAMIENTO,S04
25,CUNDINAMARCA,2024pr,17629,1.76E+13,COMERCIO REPARACION TRANSPORTE Y ALOJAMIENTO,S04
41,HUILA,1980,7,7000000000,COMERCIO REPARACION TRANSPORTE Y ALOJAMIENTO,S04
41,HUILA,1981,8,8000000000,COMERCIO REPARACION TRANSPORTE Y ALOJAMIENTO,S04
41,HUILA,1982,10,10000000000,COMERCIO REPARACION TRANSPORTE Y ALOJAMIENTO,S04
41,HUILA,1983,12,12000000000,COMERCIO REPARACION TRANSPORTE Y ALOJAMIENTO,S04
41,HUILA,1984,16,16000000000,COMERCIO REPARACION TRANSPORTE Y ALOJAMIENTO,S04
41,HUILA,1985,22,22000000000,COMERCIO REPARACION TRANSPORTE Y ALOJAMIENTO,S04
41,HUILA,1986,29,29000000000,COMERCIO REPARACION TRANSPORTE Y ALOJAMIENTO,S04
41,HUILA,1987,41,41000000000,COMERCIO REPARACION TRANSPORTE Y ALOJAMIENTO,S04
41,HUILA,1988,53,53000000000,COMERCIO REPARACION TRANSPORTE Y ALOJAMIENTO,S04
41,HUILA,1989,70,70000000000,COMERCIO REPARACION TRANSPORTE Y ALOJAMIENTO,S04
41,HUILA,1990,105,1.05E+11,COMERCIO REPARACION TRANSPORTE Y ALOJAMIENTO,S04
41,HUILA,1991,130,1.30E+11,COMERCIO REPARACION TRANSPORTE Y ALOJAMIENTO,S04
41,HUILA,1992,165,1.65E+11,COMERCIO REPARACION TRANSPORTE Y ALOJAMIENTO,S04
41,HUILA,1993,210,2.10E+11,COMERCIO REPARACION TRANSPORTE Y ALOJAMIENTO,S04
41,HUILA,1994,269,2.69E+11,COMERCIO REPARACION TRANSPORTE Y ALOJAMIENTO,S04
41,HUILA,1995,288,2.88E+11,COMERCIO REPARACION TRANSPORTE Y ALOJAMIENTO,S04
41,HUILA,1996,309,3.09E+11,COMERCIO REPARACION TRANSPORTE Y ALOJAMIENTO,S04
41,HUILA,1997,394,3.94E+11,COMERCIO REPARACION TRANSPORTE Y ALOJAMIENTO,S04
41,HUILA,1998,458,4.58E+11,COMERCIO REPARACION TRANSPORTE Y ALOJAMIENTO,S04
41,HUILA,1999,465,4.65E+11,COMERCIO REPARACION TRANSPORTE Y ALOJAMIENTO,S04
41,HUILA,2000,530,5.30E+11,COMERCIO REPARACION TRANSPORTE Y ALOJAMIENTO,S04
41,HUILA,2001,536,5.36E+11,COMERCIO REPARACION TRANSPORTE Y ALOJAMIENTO,S04
41,HUILA,2002,551,5.51E+11,COMERCIO REPARACION TRANSPORTE Y ALOJAMIENTO,S04
41,HUILA,2003,581,5.81E+11,COMERCIO REPARACION TRANSPORTE Y ALOJAMIENTO,S04
41,HUILA,2004,683,6.83E+11,COMERCIO REPARACION TRANSPORTE Y ALOJAMIENTO,S04
41,HUILA,2005,687,6.87E+11,COMERCIO REPARACION TRANSPORTE Y ALOJAMIENTO,S04
41,HUILA,2006,758,7.58E+11,COMERCIO REPARACION TRANSPORTE Y ALOJAMIENTO,S04
41,HUILA,2007,858,8.58E+11,COMERCIO REPARACION TRANSPORTE Y ALOJAMIENTO,S04
41,HUILA,2008,945,9.45E+11,COMERCIO REPARACION TRANSPORTE Y ALOJAMIENTO,S04
41,HUILA,2009,1055,1.06E+12,COMERCIO REPARACION TRANSPORTE Y ALOJAMIENTO,S04
41,HUILA,2010,1081,1.08E+12,COMERCIO REPARACION TRANSPORTE Y ALOJAMIENTO,S04
41,HUILA,2011,1274,1.27E+12,COMERCIO REPARACION TRANSPORTE Y ALOJAMIENTO,S04
41,HUILA,2012,1342,1.34E+12,COMERCIO REPARACION TRANSPORTE Y ALOJAMIENTO,S04
41,HUILA,2013,1746,1.75E+12,COMERCIO REPARACION TRANSPORTE Y ALOJAMIENTO,S04
41,HUILA,2014,1983,1.98E+12,COMERCIO REPARACION TRANSPORTE Y ALOJAMIENTO,S04
41,HUILA,2015,2198,2.20E+12,COMERCIO REPARACION TRANSPORTE Y ALOJAMIENTO,S04
41,HUILA,2016,2470,2.47E+12,COMERCIO REPARACION TRANSPORTE Y ALOJAMIENTO,S04
41,HUILA,2017,2616,2.62E+12,COMERCIO REPARACION TRANSPORTE Y ALOJAMIENTO,S04
41,HUILA,2018,2763,2.76E+12,COMERCIO REPARACION TRANSPORTE Y ALOJAMIENTO,S04
41,HUILA,2019,2957,2.96E+12,COMERCIO REPARACION TRANSPORTE Y ALOJAMIENTO,S04
41,HUILA,2020,2732,2.73E+12,COMERCIO REPARACION TRANSPORTE Y ALOJAMIENTO,S04
41,HUILA,2021,3340,3.34E+12,COMERCIO REPARACION TRANSPORTE Y ALOJAMIENTO,S04
41,HUILA,2022,4246,4.25E+12,COMERCIO REPARACION TRANSPORTE Y ALOJAMIENTO,S04
41,HUILA,2023p,4723,4.72E+12,COMERCIO REPARACION TRANSPORTE Y ALOJAMIENTO,S04
41,HUILA,2024pr,5105,5.11E+12,COMERCIO REPARACION TRANSPORTE Y ALOJAMIENTO,S04
44,LA GUAJIRA,1980,3,3000000000,COMERCIO REPARACION TRANSPORTE Y ALOJAMIENTO,S04
44,LA GUAJIRA,1981,4,4000000000,COMERCIO REPARACION TRANSPORTE Y ALOJAMIENTO,S04
44,LA GUAJIRA,1982,6,6000000000,COMERCIO REPARACION TRANSPORTE Y ALOJAMIENTO,S04
44,LA GUAJIRA,1983,8,8000000000,COMERCIO REPARACION TRANSPORTE Y ALOJAMIENTO,S04
44,LA GUAJIRA,1984,11,11000000000,COMERCIO REPARACION TRANSPORTE Y ALOJAMIENTO,S04
44,LA GUAJIRA,1985,20,20000000000,COMERCIO REPARACION TRANSPORTE Y ALOJAMIENTO,S04
44,LA GUAJIRA,1986,21,21000000000,COMERCIO REPARACION TRANSPORTE Y ALOJAMIENTO,S04
44,LA GUAJIRA,1987,22,22000000000,COMERCIO REPARACION TRANSPORTE Y ALOJAMIENTO,S04
44,LA GUAJIRA,1988,31,31000000000,COMERCIO REPARACION TRANSPORTE Y ALOJAMIENTO,S04
44,LA GUAJIRA,1989,43,43000000000,COMERCIO REPARACION TRANSPORTE Y ALOJAMIENTO,S04
44,LA GUAJIRA,1990,85,85000000000,COMERCIO REPARACION TRANSPORTE Y ALOJAMIENTO,S04
44,LA GUAJIRA,1991,100,1.00E+11,COMERCIO REPARACION TRANSPORTE Y ALOJAMIENTO,S04
44,LA GUAJIRA,1992,132,1.32E+11,COMERCIO REPARACION TRANSPORTE Y ALOJAMIENTO,S04
44,LA GUAJIRA,1993,121,1.21E+11,COMERCIO REPARACION TRANSPORTE Y ALOJAMIENTO,S04
44,LA GUAJIRA,1994,138,1.38E+11,COMERCIO REPARACION TRANSPORTE Y ALOJAMIENTO,S04
44,LA GUAJIRA,1995,136,1.36E+11,COMERCIO REPARACION TRANSPORTE Y ALOJAMIENTO,S04
44,LA GUAJIRA,1996,157,1.57E+11,COMERCIO REPARACION TRANSPORTE Y ALOJAMIENTO,S04
44,LA GUAJIRA,1997,153,1.53E+11,COMERCIO REPARACION TRANSPORTE Y ALOJAMIENTO,S04
44,LA GUAJIRA,1998,131,1.31E+11,COMERCIO REPARACION TRANSPORTE Y ALOJAMIENTO,S04
44,LA GUAJIRA,1999,132,1.32E+11,COMERCIO REPARACION TRANSPORTE Y ALOJAMIENTO,S04
44,LA GUAJIRA,2000,151,1.51E+11,COMERCIO REPARACION TRANSPORTE Y ALOJAMIENTO,S04
44,LA GUAJIRA,2001,200,2.00E+11,COMERCIO REPARACION TRANSPORTE Y ALOJAMIENTO,S04
44,LA GUAJIRA,2002,160,1.60E+11,COMERCIO REPARACION TRANSPORTE Y ALOJAMIENTO,S04
44,LA GUAJIRA,2003,263,2.63E+11,COMERCIO REPARACION TRANSPORTE Y ALOJAMIENTO,S04
44,LA GUAJIRA,2004,281,2.81E+11,COMERCIO REPARACION TRANSPORTE Y ALOJAMIENTO,S04
44,LA GUAJIRA,2005,292,2.92E+11,COMERCIO REPARACION TRANSPORTE Y ALOJAMIENTO,S04
44,LA GUAJIRA,2006,333,3.33E+11,COMERCIO REPARACION TRANSPORTE Y ALOJAMIENTO,S04
44,LA GUAJIRA,2007,397,3.97E+11,COMERCIO REPARACION TRANSPORTE Y ALOJAMIENTO,S04
44,LA GUAJIRA,2008,438,4.38E+11,COMERCIO REPARACION TRANSPORTE Y ALOJAMIENTO,S04
44,LA GUAJIRA,2009,490,4.90E+11,COMERCIO REPARACION TRANSPORTE Y ALOJAMIENTO,S04
44,LA GUAJIRA,2010,538,5.38E+11,COMERCIO REPARACION TRANSPORTE Y ALOJAMIENTO,S04
44,LA GUAJIRA,2011,599,5.99E+11,COMERCIO REPARACION TRANSPORTE Y ALOJAMIENTO,S04
44,LA GUAJIRA,2012,687,6.87E+11,COMERCIO REPARACION TRANSPORTE Y ALOJAMIENTO,S04
44,LA GUAJIRA,2013,817,8.17E+11,COMERCIO REPARACION TRANSPORTE Y ALOJAMIENTO,S04
44,LA GUAJIRA,2014,1023,1.02E+12,COMERCIO REPARACION TRANSPORTE Y ALOJAMIENTO,S04
44,LA GUAJIRA,2015,1127,1.13E+12,COMERCIO REPARACION TRANSPORTE Y ALOJAMIENTO,S04
44,LA GUAJIRA,2016,1228,1.23E+12,COMERCIO REPARACION TRANSPORTE Y ALOJAMIENTO,S04
44,LA GUAJIRA,2017,1373,1.37E+12,COMERCIO REPARACION TRANSPORTE Y ALOJAMIENTO,S04
44,LA GUAJIRA,2018,1459,1.46E+12,COMERCIO REPARACION TRANSPORTE Y ALOJAMIENTO,S04
44,LA GUAJIRA,2019,1544,1.54E+12,COMERCIO REPARACION TRANSPORTE Y ALOJAMIENTO,S04
44,LA GUAJIRA,2020,1247,1.25E+12,COMERCIO REPARACION TRANSPORTE Y ALOJAMIENTO,S04
44,LA GUAJIRA,2021,1692,1.69E+12,COMERCIO REPARACION TRANSPORTE Y ALOJAMIENTO,S04
44,LA GUAJIRA,2022,2152,2.15E+12,COMERCIO REPARACION TRANSPORTE Y ALOJAMIENTO,S04
44,LA GUAJIRA,2023p,2347,2.35E+12,COMERCIO REPARACION TRANSPORTE Y ALOJAMIENTO,S04
44,LA GUAJIRA,2024pr,2535,2.54E+12,COMERCIO REPARACION TRANSPORTE Y ALOJAMIENTO,S04
47,MAGDALENA,1980,9,9000000000,COMERCIO REPARACION TRANSPORTE Y ALOJAMIENTO,S04
47,MAGDALENA,1981,11,11000000000,COMERCIO REPARACION TRANSPORTE Y ALOJAMIENTO,S04
47,MAGDALENA,1982,12,12000000000,COMERCIO REPARACION TRANSPORTE Y ALOJAMIENTO,S04
47,MAGDALENA,1983,14,14000000000,COMERCIO REPARACION TRANSPORTE Y ALOJAMIENTO,S04
47,MAGDALENA,1984,18,18000000000,COMERCIO REPARACION TRANSPORTE Y ALOJAMIENTO,S04
47,MAGDALENA,1985,26,26000000000,COMERCIO REPARACION TRANSPORTE Y ALOJAMIENTO,S04
47,MAGDALENA,1986,32,32000000000,COMERCIO REPARACION TRANSPORTE Y ALOJAMIENTO,S04
47,MAGDALENA,1987,40,40000000000,COMERCIO REPARACION TRANSPORTE Y ALOJAMIENTO,S04
47,MAGDALENA,1988,56,56000000000,COMERCIO REPARACION TRANSPORTE Y ALOJAMIENTO,S04
47,MAGDALENA,1989,70,70000000000,COMERCIO REPARACION TRANSPORTE Y ALOJAMIENTO,S04
47,MAGDALENA,1990,87,87000000000,COMERCIO REPARACION TRANSPORTE Y ALOJAMIENTO,S04
47,MAGDALENA,1991,109,1.09E+11,COMERCIO REPARACION TRANSPORTE Y ALOJAMIENTO,S04
47,MAGDALENA,1992,147,1.47E+11,COMERCIO REPARACION TRANSPORTE Y ALOJAMIENTO,S04
47,MAGDALENA,1993,185,1.85E+11,COMERCIO REPARACION TRANSPORTE Y ALOJAMIENTO,S04
47,MAGDALENA,1994,245,2.45E+11,COMERCIO REPARACION TRANSPORTE Y ALOJAMIENTO,S04
47,MAGDALENA,1995,318,3.18E+11,COMERCIO REPARACION TRANSPORTE Y ALOJAMIENTO,S04
47,MAGDALENA,1996,371,3.71E+11,COMERCIO REPARACION TRANSPORTE Y ALOJAMIENTO,S04
47,MAGDALENA,1997,433,4.33E+11,COMERCIO REPARACION TRANSPORTE Y ALOJAMIENTO,S04
47,MAGDALENA,1998,494,4.94E+11,COMERCIO REPARACION TRANSPORTE Y ALOJAMIENTO,S04
47,MAGDALENA,1999,494,4.94E+11,COMERCIO REPARACION TRANSPORTE Y ALOJAMIENTO,S04
47,MAGDALENA,2000,507,5.07E+11,COMERCIO REPARACION TRANSPORTE Y ALOJAMIENTO,S04
47,MAGDALENA,2001,600,6.00E+11,COMERCIO REPARACION TRANSPORTE Y ALOJAMIENTO,S04
47,MAGDALENA,2002,661,6.61E+11,COMERCIO REPARACION TRANSPORTE Y ALOJAMIENTO,S04
47,MAGDALENA,2003,775,7.75E+11,COMERCIO REPARACION TRANSPORTE Y ALOJAMIENTO,S04
47,MAGDALENA,2004,889,8.89E+11,COMERCIO REPARACION TRANSPORTE Y ALOJAMIENTO,S04
47,MAGDALENA,2005,1005,1.01E+12,COMERCIO REPARACION TRANSPORTE Y ALOJAMIENTO,S04
47,MAGDALENA,2006,1095,1.10E+12,COMERCIO REPARACION TRANSPORTE Y ALOJAMIENTO,S04
47,MAGDALENA,2007,1240,1.24E+12,COMERCIO REPARACION TRANSPORTE Y ALOJAMIENTO,S04
47,MAGDALENA,2008,1377,1.38E+12,COMERCIO REPARACION TRANSPORTE Y ALOJAMIENTO,S04
47,MAGDALENA,2009,1489,1.49E+12,COMERCIO REPARACION TRANSPORTE Y ALOJAMIENTO,S04
47,MAGDALENA,2010,1628,1.63E+12,COMERCIO REPARACION TRANSPORTE Y ALOJAMIENTO,S04
47,MAGDALENA,2011,1554,1.55E+12,COMERCIO REPARACION TRANSPORTE Y ALOJAMIENTO,S04
47,MAGDALENA,2012,1638,1.64E+12,COMERCIO REPARACION TRANSPORTE Y ALOJAMIENTO,S04
47,MAGDALENA,2013,1789,1.79E+12,COMERCIO REPARACION TRANSPORTE Y ALOJAMIENTO,S04
47,MAGDALENA,2014,1914,1.91E+12,COMERCIO REPARACION TRANSPORTE Y ALOJAMIENTO,S04
47,MAGDALENA,2015,2162,2.16E+12,COMERCIO REPARACION TRANSPORTE Y ALOJAMIENTO,S04
47,MAGDALENA,2016,2476,2.48E+12,COMERCIO REPARACION TRANSPORTE Y ALOJAMIENTO,S04
47,MAGDALENA,2017,2663,2.66E+12,COMERCIO REPARACION TRANSPORTE Y ALOJAMIENTO,S04
47,MAGDALENA,2018,2846,2.85E+12,COMERCIO REPARACION TRANSPORTE Y ALOJAMIENTO,S04
47,MAGDALENA,2019,3039,3.04E+12,COMERCIO REPARACION TRANSPORTE Y ALOJAMIENTO,S04
47,MAGDALENA,2020,2660,2.66E+12,COMERCIO REPARACION TRANSPORTE Y ALOJAMIENTO,S04
47,MAGDALENA,2021,3415,3.42E+12,COMERCIO REPARACION TRANSPORTE Y ALOJAMIENTO,S04
47,MAGDALENA,2022,4363,4.36E+12,COMERCIO REPARACION TRANSPORTE Y ALOJAMIENTO,S04
47,MAGDALENA,2023p,4763,4.76E+12,COMERCIO REPARACION TRANSPORTE Y ALOJAMIENTO,S04
47,MAGDALENA,2024pr,5128,5.13E+12,COMERCIO REPARACION TRANSPORTE Y ALOJAMIENTO,S04
50,META,1980,12,12000000000,COMERCIO REPARACION TRANSPORTE Y ALOJAMIENTO,S04
50,META,1981,16,16000000000,COMERCIO REPARACION TRANSPORTE Y ALOJAMIENTO,S04
50,META,1982,21,21000000000,COMERCIO REPARACION TRANSPORTE Y ALOJAMIENTO,S04
50,META,1983,24,24000000000,COMERCIO REPARACION TRANSPORTE Y ALOJAMIENTO,S04
50,META,1984,30,30000000000,COMERCIO REPARACION TRANSPORTE Y ALOJAMIENTO,S04
50,META,1985,43,43000000000,COMERCIO REPARACION TRANSPORTE Y ALOJAMIENTO,S04
50,META,1986,60,60000000000,COMERCIO REPARACION TRANSPORTE Y ALOJAMIENTO,S04
50,META,1987,82,82000000000,COMERCIO REPARACION TRANSPORTE Y ALOJAMIENTO,S04
50,META,1988,112,1.12E+11,COMERCIO REPARACION TRANSPORTE Y ALOJAMIENTO,S04
50,META,1989,150,1.50E+11,COMERCIO REPARACION TRANSPORTE Y ALOJAMIENTO,S04
50,META,1990,198,1.98E+11,COMERCIO REPARACION TRANSPORTE Y ALOJAMIENTO,S04
50,META,1991,267,2.67E+11,COMERCIO REPARACION TRANSPORTE Y ALOJAMIENTO,S04
50,META,1992,334,3.34E+11,COMERCIO REPARACION TRANSPORTE Y ALOJAMIENTO,S04
50,META,1993,444,4.44E+11,COMERCIO REPARACION TRANSPORTE Y ALOJAMIENTO,S04
50,META,1994,499,4.99E+11,COMERCIO REPARACION TRANSPORTE Y ALOJAMIENTO,S04
50,META,1995,628,6.28E+11,COMERCIO REPARACION TRANSPORTE Y ALOJAMIENTO,S04
50,META,1996,578,5.78E+11,COMERCIO REPARACION TRANSPORTE Y ALOJAMIENTO,S04
50,META,1997,729,7.29E+11,COMERCIO REPARACION TRANSPORTE Y ALOJAMIENTO,S04
50,META,1998,817,8.17E+11,COMERCIO REPARACION TRANSPORTE Y ALOJAMIENTO,S04
50,META,1999,836,8.36E+11,COMERCIO REPARACION TRANSPORTE Y ALOJAMIENTO,S04
50,META,2000,873,8.73E+11,COMERCIO REPARACION TRANSPORTE Y ALOJAMIENTO,S04
50,META,2001,941,9.41E+11,COMERCIO REPARACION TRANSPORTE Y ALOJAMIENTO,S04
50,META,2002,974,9.74E+11,COMERCIO REPARACION TRANSPORTE Y ALOJAMIENTO,S04
50,META,2003,1082,1.08E+12,COMERCIO REPARACION TRANSPORTE Y ALOJAMIENTO,S04
50,META,2004,1157,1.16E+12,COMERCIO REPARACION TRANSPORTE Y ALOJAMIENTO,S04
50,META,2005,1288,1.29E+12,COMERCIO REPARACION TRANSPORTE Y ALOJAMIENTO,S04
50,META,2006,1462,1.46E+12,COMERCIO REPARACION TRANSPORTE Y ALOJAMIENTO,S04
50,META,2007,1678,1.68E+12,COMERCIO REPARACION TRANSPORTE Y ALOJAMIENTO,S04
50,META,2008,1760,1.76E+12,COMERCIO REPARACION TRANSPORTE Y ALOJAMIENTO,S04
50,META,2009,1912,1.91E+12,COMERCIO REPARACION TRANSPORTE Y ALOJAMIENTO,S04
50,META,2010,2075,2.08E+12,COMERCIO REPARACION TRANSPORTE Y ALOJAMIENTO,S04
50,META,2011,2256,2.26E+12,COMERCIO REPARACION TRANSPORTE Y ALOJAMIENTO,S04
50,META,2012,2382,2.38E+12,COMERCIO REPARACION TRANSPORTE Y ALOJAMIENTO,S04
50,META,2013,2605,2.61E+12,COMERCIO REPARACION TRANSPORTE Y ALOJAMIENTO,S04
50,META,2014,2889,2.89E+12,COMERCIO REPARACION TRANSPORTE Y ALOJAMIENTO,S04
50,META,2015,3297,3.30E+12,COMERCIO REPARACION TRANSPORTE Y ALOJAMIENTO,S04
50,META,2016,3596,3.60E+12,COMERCIO REPARACION TRANSPORTE Y ALOJAMIENTO,S04
50,META,2017,3875,3.88E+12,COMERCIO REPARACION TRANSPORTE Y ALOJAMIENTO,S04
50,META,2018,4100,4.10E+12,COMERCIO REPARACION TRANSPORTE Y ALOJAMIENTO,S04
50,META,2019,4354,4.35E+12,COMERCIO REPARACION TRANSPORTE Y ALOJAMIENTO,S04
50,META,2020,3874,3.87E+12,COMERCIO REPARACION TRANSPORTE Y ALOJAMIENTO,S04
50,META,2021,4593,4.59E+12,COMERCIO REPARACION TRANSPORTE Y ALOJAMIENTO,S04
50,META,2022,5776,5.78E+12,COMERCIO REPARACION TRANSPORTE Y ALOJAMIENTO,S04
50,META,2023p,6309,6.31E+12,COMERCIO REPARACION TRANSPORTE Y ALOJAMIENTO,S04
50,META,2024pr,6870,6.87E+12,COMERCIO REPARACION TRANSPORTE Y ALOJAMIENTO,S04
52,NARINO,1980,6,6000000000,COMERCIO REPARACION TRANSPORTE Y ALOJAMIENTO,S04
52,NARINO,1981,7,7000000000,COMERCIO REPARACION TRANSPORTE Y ALOJAMIENTO,S04
52,NARINO,1982,9,9000000000,COMERCIO REPARACION TRANSPORTE Y ALOJAMIENTO,S04
52,NARINO,1983,12,12000000000,COMERCIO REPARACION TRANSPORTE Y ALOJAMIENTO,S04
52,NARINO,1984,15,15000000000,COMERCIO REPARACION TRANSPORTE Y ALOJAMIENTO,S04
52,NARINO,1985,21,21000000000,COMERCIO REPARACION TRANSPORTE Y ALOJAMIENTO,S04
52,NARINO,1986,27,27000000000,COMERCIO REPARACION TRANSPORTE Y ALOJAMIENTO,S04
52,NARINO,1987,37,37000000000,COMERCIO REPARACION TRANSPORTE Y ALOJAMIENTO,S04
52,NARINO,1988,51,51000000000,COMERCIO REPARACION TRANSPORTE Y ALOJAMIENTO,S04
52,NARINO,1989,65,65000000000,COMERCIO REPARACION TRANSPORTE Y ALOJAMIENTO,S04
52,NARINO,1990,80,80000000000,COMERCIO REPARACION TRANSPORTE Y ALOJAMIENTO,S04
52,NARINO,1991,99,99000000000,COMERCIO REPARACION TRANSPORTE Y ALOJAMIENTO,S04
52,NARINO,1992,135,1.35E+11,COMERCIO REPARACION TRANSPORTE Y ALOJAMIENTO,S04
52,NARINO,1993,174,1.74E+11,COMERCIO REPARACION TRANSPORTE Y ALOJAMIENTO,S04
52,NARINO,1994,217,2.17E+11,COMERCIO REPARACION TRANSPORTE Y ALOJAMIENTO,S04
52,NARINO,1995,284,2.84E+11,COMERCIO REPARACION TRANSPORTE Y ALOJAMIENTO,S04
52,NARINO,1996,371,3.71E+11,COMERCIO REPARACION TRANSPORTE Y ALOJAMIENTO,S04
52,NARINO,1997,449,4.49E+11,COMERCIO REPARACION TRANSPORTE Y ALOJAMIENTO,S04
52,NARINO,1998,571,5.71E+11,COMERCIO REPARACION TRANSPORTE Y ALOJAMIENTO,S04
52,NARINO,1999,627,6.27E+11,COMERCIO REPARACION TRANSPORTE Y ALOJAMIENTO,S04
52,NARINO,2000,724,7.24E+11,COMERCIO REPARACION TRANSPORTE Y ALOJAMIENTO,S04
52,NARINO,2001,820,8.20E+11,COMERCIO REPARACION TRANSPORTE Y ALOJAMIENTO,S04
52,NARINO,2002,918,9.18E+11,COMERCIO REPARACION TRANSPORTE Y ALOJAMIENTO,S04
52,NARINO,2003,1049,1.05E+12,COMERCIO REPARACION TRANSPORTE Y ALOJAMIENTO,S04
52,NARINO,2004,1151,1.15E+12,COMERCIO REPARACION TRANSPORTE Y ALOJAMIENTO,S04
52,NARINO,2005,1241,1.24E+12,COMERCIO REPARACION TRANSPORTE Y ALOJAMIENTO,S04
52,NARINO,2006,1345,1.35E+12,COMERCIO REPARACION TRANSPORTE Y ALOJAMIENTO,S04
52,NARINO,2007,1485,1.49E+12,COMERCIO REPARACION TRANSPORTE Y ALOJAMIENTO,S04
52,NARINO,2008,1524,1.52E+12,COMERCIO REPARACION TRANSPORTE Y ALOJAMIENTO,S04
52,NARINO,2009,1568,1.57E+12,COMERCIO REPARACION TRANSPORTE Y ALOJAMIENTO,S04
52,NARINO,2010,1636,1.64E+12,COMERCIO REPARACION TRANSPORTE Y ALOJAMIENTO,S04
52,NARINO,2011,1772,1.77E+12,COMERCIO REPARACION TRANSPORTE Y ALOJAMIENTO,S04
52,NARINO,2012,1809,1.81E+12,COMERCIO REPARACION TRANSPORTE Y ALOJAMIENTO,S04
52,NARINO,2013,1951,1.95E+12,COMERCIO REPARACION TRANSPORTE Y ALOJAMIENTO,S04
52,NARINO,2014,2025,2.03E+12,COMERCIO REPARACION TRANSPORTE Y ALOJAMIENTO,S04
52,NARINO,2015,2276,2.28E+12,COMERCIO REPARACION TRANSPORTE Y ALOJAMIENTO,S04
52,NARINO,2016,2607,2.61E+12,COMERCIO REPARACION TRANSPORTE Y ALOJAMIENTO,S04
52,NARINO,2017,2786,2.79E+12,COMERCIO REPARACION TRANSPORTE Y ALOJAMIENTO,S04
52,NARINO,2018,2926,2.93E+12,COMERCIO REPARACION TRANSPORTE Y ALOJAMIENTO,S04
52,NARINO,2019,3153,3.15E+12,COMERCIO REPARACION TRANSPORTE Y ALOJAMIENTO,S04
52,NARINO,2020,2978,2.98E+12,COMERCIO REPARACION TRANSPORTE Y ALOJAMIENTO,S04
52,NARINO,2021,3861,3.86E+12,COMERCIO REPARACION TRANSPORTE Y ALOJAMIENTO,S04
52,NARINO,2022,4698,4.70E+12,COMERCIO REPARACION TRANSPORTE Y ALOJAMIENTO,S04
52,NARINO,2023p,5036,5.04E+12,COMERCIO REPARACION TRANSPORTE Y ALOJAMIENTO,S04
52,NARINO,2024pr,5544,5.54E+12,COMERCIO REPARACION TRANSPORTE Y ALOJAMIENTO,S04
54,NORTE DE SANTANDER,1980,8,8000000000,COMERCIO REPARACION TRANSPORTE Y ALOJAMIENTO,S04
54,NORTE DE SANTANDER,1981,9,9000000000,COMERCIO REPARACION TRANSPORTE Y ALOJAMIENTO,S04
54,NORTE DE SANTANDER,1982,12,12000000000,COMERCIO REPARACION TRANSPORTE Y ALOJAMIENTO,S04
54,NORTE DE SANTANDER,1983,15,15000000000,COMERCIO REPARACION TRANSPORTE Y ALOJAMIENTO,S04
54,NORTE DE SANTANDER,1984,19,19000000000,COMERCIO REPARACION TRANSPORTE Y ALOJAMIENTO,S04
54,NORTE DE SANTANDER,1985,29,29000000000,COMERCIO REPARACION TRANSPORTE Y ALOJAMIENTO,S04
54,NORTE DE SANTANDER,1986,40,40000000000,COMERCIO REPARACION TRANSPORTE Y ALOJAMIENTO,S04
54,NORTE DE SANTANDER,1987,48,48000000000,COMERCIO REPARACION TRANSPORTE Y ALOJAMIENTO,S04
54,NORTE DE SANTANDER,1988,66,66000000000,COMERCIO REPARACION TRANSPORTE Y ALOJAMIENTO,S04
54,NORTE DE SANTANDER,1989,85,85000000000,COMERCIO REPARACION TRANSPORTE Y ALOJAMIENTO,S04
54,NORTE DE SANTANDER,1990,108,1.08E+11,COMERCIO REPARACION TRANSPORTE Y ALOJAMIENTO,S04
54,NORTE DE SANTANDER,1991,132,1.32E+11,COMERCIO REPARACION TRANSPORTE Y ALOJAMIENTO,S04
54,NORTE DE SANTANDER,1992,171,1.71E+11,COMERCIO REPARACION TRANSPORTE Y ALOJAMIENTO,S04
54,NORTE DE SANTANDER,1993,217,2.17E+11,COMERCIO REPARACION TRANSPORTE Y ALOJAMIENTO,S04
54,NORTE DE SANTANDER,1994,266,2.66E+11,COMERCIO REPARACION TRANSPORTE Y ALOJAMIENTO,S04
54,NORTE DE SANTANDER,1995,341,3.41E+11,COMERCIO REPARACION TRANSPORTE Y ALOJAMIENTO,S04
54,NORTE DE SANTANDER,1996,378,3.78E+11,COMERCIO REPARACION TRANSPORTE Y ALOJAMIENTO,S04
54,NORTE DE SANTANDER,1997,450,4.50E+11,COMERCIO REPARACION TRANSPORTE Y ALOJAMIENTO,S04
54,NORTE DE SANTANDER,1998,496,4.96E+11,COMERCIO REPARACION TRANSPORTE Y ALOJAMIENTO,S04
54,NORTE DE SANTANDER,1999,510,5.10E+11,COMERCIO REPARACION TRANSPORTE Y ALOJAMIENTO,S04
54,NORTE DE SANTANDER,2000,548,5.48E+11,COMERCIO REPARACION TRANSPORTE Y ALOJAMIENTO,S04
54,NORTE DE SANTANDER,2001,694,6.94E+11,COMERCIO REPARACION TRANSPORTE Y ALOJAMIENTO,S04
54,NORTE DE SANTANDER,2002,781,7.81E+11,COMERCIO REPARACION TRANSPORTE Y ALOJAMIENTO,S04
54,NORTE DE SANTANDER,2003,824,8.24E+11,COMERCIO REPARACION TRANSPORTE Y ALOJAMIENTO,S04
54,NORTE DE SANTANDER,2004,925,9.25E+11,COMERCIO REPARACION TRANSPORTE Y ALOJAMIENTO,S04
54,NORTE DE SANTANDER,2005,1041,1.04E+12,COMERCIO REPARACION TRANSPORTE Y ALOJAMIENTO,S04
54,NORTE DE SANTANDER,2006,1211,1.21E+12,COMERCIO REPARACION TRANSPORTE Y ALOJAMIENTO,S04
54,NORTE DE SANTANDER,2007,1412,1.41E+12,COMERCIO REPARACION TRANSPORTE Y ALOJAMIENTO,S04
54,NORTE DE SANTANDER,2008,1507,1.51E+12,COMERCIO REPARACION TRANSPORTE Y ALOJAMIENTO,S04
54,NORTE DE SANTANDER,2009,1534,1.53E+12,COMERCIO REPARACION TRANSPORTE Y ALOJAMIENTO,S04
54,NORTE DE SANTANDER,2010,1595,1.60E+12,COMERCIO REPARACION TRANSPORTE Y ALOJAMIENTO,S04
54,NORTE DE SANTANDER,2011,1738,1.74E+12,COMERCIO REPARACION TRANSPORTE Y ALOJAMIENTO,S04
54,NORTE DE SANTANDER,2012,1800,1.80E+12,COMERCIO REPARACION TRANSPORTE Y ALOJAMIENTO,S04
54,NORTE DE SANTANDER,2013,1934,1.93E+12,COMERCIO REPARACION TRANSPORTE Y ALOJAMIENTO,S04
54,NORTE DE SANTANDER,2014,2052,2.05E+12,COMERCIO REPARACION TRANSPORTE Y ALOJAMIENTO,S04
54,NORTE DE SANTANDER,2015,2302,2.30E+12,COMERCIO REPARACION TRANSPORTE Y ALOJAMIENTO,S04
54,NORTE DE SANTANDER,2016,2507,2.51E+12,COMERCIO REPARACION TRANSPORTE Y ALOJAMIENTO,S04
54,NORTE DE SANTANDER,2017,2673,2.67E+12,COMERCIO REPARACION TRANSPORTE Y ALOJAMIENTO,S04
54,NORTE DE SANTANDER,2018,2823,2.82E+12,COMERCIO REPARACION TRANSPORTE Y ALOJAMIENTO,S04
54,NORTE DE SANTANDER,2019,3035,3.04E+12,COMERCIO REPARACION TRANSPORTE Y ALOJAMIENTO,S04
54,NORTE DE SANTANDER,2020,2773,2.77E+12,COMERCIO REPARACION TRANSPORTE Y ALOJAMIENTO,S04
54,NORTE DE SANTANDER,2021,3613,3.61E+12,COMERCIO REPARACION TRANSPORTE Y ALOJAMIENTO,S04
54,NORTE DE SANTANDER,2022,4521,4.52E+12,COMERCIO REPARACION TRANSPORTE Y ALOJAMIENTO,S04
54,NORTE DE SANTANDER,2023p,4878,4.88E+12,COMERCIO REPARACION TRANSPORTE Y ALOJAMIENTO,S04
54,NORTE DE SANTANDER,2024pr,5272,5.27E+12,COMERCIO REPARACION TRANSPORTE Y ALOJAMIENTO,S04
63,QUNDIO,1980,7,7000000000,COMERCIO REPARACION TRANSPORTE Y ALOJAMIENTO,S04
63,QUNDIO,1981,6,6000000000,COMERCIO REPARACION TRANSPORTE Y ALOJAMIENTO,S04
63,QUNDIO,1982,8,8000000000,COMERCIO REPARACION TRANSPORTE Y ALOJAMIENTO,S04
63,QUNDIO,1983,9,9000000000,COMERCIO REPARACION TRANSPORTE Y ALOJAMIENTO,S04
63,QUNDIO,1984,12,12000000000,COMERCIO REPARACION TRANSPORTE Y ALOJAMIENTO,S04
63,QUNDIO,1985,17,17000000000,COMERCIO REPARACION TRANSPORTE Y ALOJAMIENTO,S04
63,QUNDIO,1986,25,25000000000,COMERCIO REPARACION TRANSPORTE Y ALOJAMIENTO,S04
63,QUNDIO,1987,31,31000000000,COMERCIO REPARACION TRANSPORTE Y ALOJAMIENTO,S04
63,QUNDIO,1988,41,41000000000,COMERCIO REPARACION TRANSPORTE Y ALOJAMIENTO,S04
63,QUNDIO,1989,48,48000000000,COMERCIO REPARACION TRANSPORTE Y ALOJAMIENTO,S04
63,QUNDIO,1990,58,58000000000,COMERCIO REPARACION TRANSPORTE Y ALOJAMIENTO,S04
63,QUNDIO,1991,77,77000000000,COMERCIO REPARACION TRANSPORTE Y ALOJAMIENTO,S04
63,QUNDIO,1992,103,1.03E+11,COMERCIO REPARACION TRANSPORTE Y ALOJAMIENTO,S04
63,QUNDIO,1993,118,1.18E+11,COMERCIO REPARACION TRANSPORTE Y ALOJAMIENTO,S04
63,QUNDIO,1994,149,1.49E+11,COMERCIO REPARACION TRANSPORTE Y ALOJAMIENTO,S04
63,QUNDIO,1995,177,1.77E+11,COMERCIO REPARACION TRANSPORTE Y ALOJAMIENTO,S04
63,QUNDIO,1996,196,1.96E+11,COMERCIO REPARACION TRANSPORTE Y ALOJAMIENTO,S04
63,QUNDIO,1997,244,2.44E+11,COMERCIO REPARACION TRANSPORTE Y ALOJAMIENTO,S04
63,QUNDIO,1998,286,2.86E+11,COMERCIO REPARACION TRANSPORTE Y ALOJAMIENTO,S04
63,QUNDIO,1999,287,2.87E+11,COMERCIO REPARACION TRANSPORTE Y ALOJAMIENTO,S04
63,QUNDIO,2000,318,3.18E+11,COMERCIO REPARACION TRANSPORTE Y ALOJAMIENTO,S04
63,QUNDIO,2001,368,3.68E+11,COMERCIO REPARACION TRANSPORTE Y ALOJAMIENTO,S04
63,QUNDIO,2002,356,3.56E+11,COMERCIO REPARACION TRANSPORTE Y ALOJAMIENTO,S04
63,QUNDIO,2003,405,4.05E+11,COMERCIO REPARACION TRANSPORTE Y ALOJAMIENTO,S04
63,QUNDIO,2004,453,4.53E+11,COMERCIO REPARACION TRANSPORTE Y ALOJAMIENTO,S04
63,QUNDIO,2005,545,5.45E+11,COMERCIO REPARACION TRANSPORTE Y ALOJAMIENTO,S04
63,QUNDIO,2006,624,6.24E+11,COMERCIO REPARACION TRANSPORTE Y ALOJAMIENTO,S04
63,QUNDIO,2007,704,7.04E+11,COMERCIO REPARACION TRANSPORTE Y ALOJAMIENTO,S04
63,QUNDIO,2008,762,7.62E+11,COMERCIO REPARACION TRANSPORTE Y ALOJAMIENTO,S04
63,QUNDIO,2009,787,7.87E+11,COMERCIO REPARACION TRANSPORTE Y ALOJAMIENTO,S04
63,QUNDIO,2010,847,8.47E+11,COMERCIO REPARACION TRANSPORTE Y ALOJAMIENTO,S04
63,QUNDIO,2011,912,9.12E+11,COMERCIO REPARACION TRANSPORTE Y ALOJAMIENTO,S04
63,QUNDIO,2012,989,9.89E+11,COMERCIO REPARACION TRANSPORTE Y ALOJAMIENTO,S04
63,QUNDIO,2013,1082,1.08E+12,COMERCIO REPARACION TRANSPORTE Y ALOJAMIENTO,S04
63,QUNDIO,2014,1178,1.18E+12,COMERCIO REPARACION TRANSPORTE Y ALOJAMIENTO,S04
63,QUNDIO,2015,1322,1.32E+12,COMERCIO REPARACION TRANSPORTE Y ALOJAMIENTO,S04
63,QUNDIO,2016,1476,1.48E+12,COMERCIO REPARACION TRANSPORTE Y ALOJAMIENTO,S04
63,QUNDIO,2017,1562,1.56E+12,COMERCIO REPARACION TRANSPORTE Y ALOJAMIENTO,S04
63,QUNDIO,2018,1646,1.65E+12,COMERCIO REPARACION TRANSPORTE Y ALOJAMIENTO,S04
63,QUNDIO,2019,1781,1.78E+12,COMERCIO REPARACION TRANSPORTE Y ALOJAMIENTO,S04
63,QUNDIO,2020,1657,1.66E+12,COMERCIO REPARACION TRANSPORTE Y ALOJAMIENTO,S04
63,QUNDIO,2021,2180,2.18E+12,COMERCIO REPARACION TRANSPORTE Y ALOJAMIENTO,S04
63,QUNDIO,2022,2737,2.74E+12,COMERCIO REPARACION TRANSPORTE Y ALOJAMIENTO,S04
63,QUNDIO,2023p,2961,2.96E+12,COMERCIO REPARACION TRANSPORTE Y ALOJAMIENTO,S04
63,QUNDIO,2024pr,3207,3.21E+12,COMERCIO REPARACION TRANSPORTE Y ALOJAMIENTO,S04
66,RISARALDA,1980,7,7000000000,COMERCIO REPARACION TRANSPORTE Y ALOJAMIENTO,S04
66,RISARALDA,1981,8,8000000000,COMERCIO REPARACION TRANSPORTE Y ALOJAMIENTO,S04
66,RISARALDA,1982,10,10000000000,COMERCIO REPARACION TRANSPORTE Y ALOJAMIENTO,S04
66,RISARALDA,1983,13,13000000000,COMERCIO REPARACION TRANSPORTE Y ALOJAMIENTO,S04
66,RISARALDA,1984,17,17000000000,COMERCIO REPARACION TRANSPORTE Y ALOJAMIENTO,S04
66,RISARALDA,1985,24,24000000000,COMERCIO REPARACION TRANSPORTE Y ALOJAMIENTO,S04
66,RISARALDA,1986,35,35000000000,COMERCIO REPARACION TRANSPORTE Y ALOJAMIENTO,S04
66,RISARALDA,1987,46,46000000000,COMERCIO REPARACION TRANSPORTE Y ALOJAMIENTO,S04
66,RISARALDA,1988,65,65000000000,COMERCIO REPARACION TRANSPORTE Y ALOJAMIENTO,S04
66,RISARALDA,1989,84,84000000000,COMERCIO REPARACION TRANSPORTE Y ALOJAMIENTO,S04
66,RISARALDA,1990,103,1.03E+11,COMERCIO REPARACION TRANSPORTE Y ALOJAMIENTO,S04
66,RISARALDA,1991,127,1.27E+11,COMERCIO REPARACION TRANSPORTE Y ALOJAMIENTO,S04
66,RISARALDA,1992,173,1.73E+11,COMERCIO REPARACION TRANSPORTE Y ALOJAMIENTO,S04
66,RISARALDA,1993,216,2.16E+11,COMERCIO REPARACION TRANSPORTE Y ALOJAMIENTO,S04
66,RISARALDA,1994,265,2.65E+11,COMERCIO REPARACION TRANSPORTE Y ALOJAMIENTO,S04
66,RISARALDA,1995,355,3.55E+11,COMERCIO REPARACION TRANSPORTE Y ALOJAMIENTO,S04
66,RISARALDA,1996,346,3.46E+11,COMERCIO REPARACION TRANSPORTE Y ALOJAMIENTO,S04
66,RISARALDA,1997,408,4.08E+11,COMERCIO REPARACION TRANSPORTE Y ALOJAMIENTO,S04
66,RISARALDA,1998,470,4.70E+11,COMERCIO REPARACION TRANSPORTE Y ALOJAMIENTO,S04
66,RISARALDA,1999,462,4.62E+11,COMERCIO REPARACION TRANSPORTE Y ALOJAMIENTO,S04
66,RISARALDA,2000,513,5.13E+11,COMERCIO REPARACION TRANSPORTE Y ALOJAMIENTO,S04
66,RISARALDA,2001,573,5.73E+11,COMERCIO REPARACION TRANSPORTE Y ALOJAMIENTO,S04
66,RISARALDA,2002,596,5.96E+11,COMERCIO REPARACION TRANSPORTE Y ALOJAMIENTO,S04
66,RISARALDA,2003,681,6.81E+11,COMERCIO REPARACION TRANSPORTE Y ALOJAMIENTO,S04
66,RISARALDA,2004,769,7.69E+11,COMERCIO REPARACION TRANSPORTE Y ALOJAMIENTO,S04
66,RISARALDA,2005,875,8.75E+11,COMERCIO REPARACION TRANSPORTE Y ALOJAMIENTO,S04
66,RISARALDA,2006,1011,1.01E+12,COMERCIO REPARACION TRANSPORTE Y ALOJAMIENTO,S04
66,RISARALDA,2007,1171,1.17E+12,COMERCIO REPARACION TRANSPORTE Y ALOJAMIENTO,S04
66,RISARALDA,2008,1245,1.25E+12,COMERCIO REPARACION TRANSPORTE Y ALOJAMIENTO,S04
66,RISARALDA,2009,1354,1.35E+12,COMERCIO REPARACION TRANSPORTE Y ALOJAMIENTO,S04
66,RISARALDA,2010,1491,1.49E+12,COMERCIO REPARACION TRANSPORTE Y ALOJAMIENTO,S04
66,RISARALDA,2011,1633,1.63E+12,COMERCIO REPARACION TRANSPORTE Y ALOJAMIENTO,S04
66,RISARALDA,2012,1741,1.74E+12,COMERCIO REPARACION TRANSPORTE Y ALOJAMIENTO,S04
66,RISARALDA,2013,1929,1.93E+12,COMERCIO REPARACION TRANSPORTE Y ALOJAMIENTO,S04
66,RISARALDA,2014,2198,2.20E+12,COMERCIO REPARACION TRANSPORTE Y ALOJAMIENTO,S04
66,RISARALDA,2015,2447,2.45E+12,COMERCIO REPARACION TRANSPORTE Y ALOJAMIENTO,S04
66,RISARALDA,2016,2866,2.87E+12,COMERCIO REPARACION TRANSPORTE Y ALOJAMIENTO,S04
66,RISARALDA,2017,3059,3.06E+12,COMERCIO REPARACION TRANSPORTE Y ALOJAMIENTO,S04
66,RISARALDA,2018,3243,3.24E+12,COMERCIO REPARACION TRANSPORTE Y ALOJAMIENTO,S04
66,RISARALDA,2019,3520,3.52E+12,COMERCIO REPARACION TRANSPORTE Y ALOJAMIENTO,S04
66,RISARALDA,2020,3311,3.31E+12,COMERCIO REPARACION TRANSPORTE Y ALOJAMIENTO,S04
66,RISARALDA,2021,4246,4.25E+12,COMERCIO REPARACION TRANSPORTE Y ALOJAMIENTO,S04
66,RISARALDA,2022,5344,5.34E+12,COMERCIO REPARACION TRANSPORTE Y ALOJAMIENTO,S04
66,RISARALDA,2023p,5836,5.84E+12,COMERCIO REPARACION TRANSPORTE Y ALOJAMIENTO,S04
66,RISARALDA,2024pr,6313,6.31E+12,COMERCIO REPARACION TRANSPORTE Y ALOJAMIENTO,S04
68,SANTANDER,1980,21,21000000000,COMERCIO REPARACION TRANSPORTE Y ALOJAMIENTO,S04
68,SANTANDER,1981,27,27000000000,COMERCIO REPARACION TRANSPORTE Y ALOJAMIENTO,S04
68,SANTANDER,1982,32,32000000000,COMERCIO REPARACION TRANSPORTE Y ALOJAMIENTO,S04
68,SANTANDER,1983,38,38000000000,COMERCIO REPARACION TRANSPORTE Y ALOJAMIENTO,S04
68,SANTANDER,1984,50,50000000000,COMERCIO REPARACION TRANSPORTE Y ALOJAMIENTO,S04
68,SANTANDER,1985,65,65000000000,COMERCIO REPARACION TRANSPORTE Y ALOJAMIENTO,S04
68,SANTANDER,1986,93,93000000000,COMERCIO REPARACION TRANSPORTE Y ALOJAMIENTO,S04
68,SANTANDER,1987,127,1.27E+11,COMERCIO REPARACION TRANSPORTE Y ALOJAMIENTO,S04
68,SANTANDER,1988,159,1.59E+11,COMERCIO REPARACION TRANSPORTE Y ALOJAMIENTO,S04
68,SANTANDER,1989,207,2.07E+11,COMERCIO REPARACION TRANSPORTE Y ALOJAMIENTO,S04
68,SANTANDER,1990,272,2.72E+11,COMERCIO REPARACION TRANSPORTE Y ALOJAMIENTO,S04
68,SANTANDER,1991,315,3.15E+11,COMERCIO REPARACION TRANSPORTE Y ALOJAMIENTO,S04
68,SANTANDER,1992,426,4.26E+11,COMERCIO REPARACION TRANSPORTE Y ALOJAMIENTO,S04
68,SANTANDER,1993,514,5.14E+11,COMERCIO REPARACION TRANSPORTE Y ALOJAMIENTO,S04
68,SANTANDER,1994,699,6.99E+11,COMERCIO REPARACION TRANSPORTE Y ALOJAMIENTO,S04
68,SANTANDER,1995,836,8.36E+11,COMERCIO REPARACION TRANSPORTE Y ALOJAMIENTO,S04
68,SANTANDER,1996,962,9.62E+11,COMERCIO REPARACION TRANSPORTE Y ALOJAMIENTO,S04
68,SANTANDER,1997,1110,1.11E+12,COMERCIO REPARACION TRANSPORTE Y ALOJAMIENTO,S04
68,SANTANDER,1998,1241,1.24E+12,COMERCIO REPARACION TRANSPORTE Y ALOJAMIENTO,S04
68,SANTANDER,1999,1260,1.26E+12,COMERCIO REPARACION TRANSPORTE Y ALOJAMIENTO,S04
68,SANTANDER,2000,1432,1.43E+12,COMERCIO REPARACION TRANSPORTE Y ALOJAMIENTO,S04
68,SANTANDER,2001,1626,1.63E+12,COMERCIO REPARACION TRANSPORTE Y ALOJAMIENTO,S04
68,SANTANDER,2002,1775,1.78E+12,COMERCIO REPARACION TRANSPORTE Y ALOJAMIENTO,S04
68,SANTANDER,2003,2048,2.05E+12,COMERCIO REPARACION TRANSPORTE Y ALOJAMIENTO,S04
68,SANTANDER,2004,2270,2.27E+12,COMERCIO REPARACION TRANSPORTE Y ALOJAMIENTO,S04
68,SANTANDER,2005,2597,2.60E+12,COMERCIO REPARACION TRANSPORTE Y ALOJAMIENTO,S04
68,SANTANDER,2006,2919,2.92E+12,COMERCIO REPARACION TRANSPORTE Y ALOJAMIENTO,S04
68,SANTANDER,2007,3305,3.31E+12,COMERCIO REPARACION TRANSPORTE Y ALOJAMIENTO,S04
68,SANTANDER,2008,3504,3.50E+12,COMERCIO REPARACION TRANSPORTE Y ALOJAMIENTO,S04
68,SANTANDER,2009,3679,3.68E+12,COMERCIO REPARACION TRANSPORTE Y ALOJAMIENTO,S04
68,SANTANDER,2010,3855,3.86E+12,COMERCIO REPARACION TRANSPORTE Y ALOJAMIENTO,S04
68,SANTANDER,2011,4182,4.18E+12,COMERCIO REPARACION TRANSPORTE Y ALOJAMIENTO,S04
68,SANTANDER,2012,4400,4.40E+12,COMERCIO REPARACION TRANSPORTE Y ALOJAMIENTO,S04
68,SANTANDER,2013,5212,5.21E+12,COMERCIO REPARACION TRANSPORTE Y ALOJAMIENTO,S04
68,SANTANDER,2014,5982,5.98E+12,COMERCIO REPARACION TRANSPORTE Y ALOJAMIENTO,S04
68,SANTANDER,2015,6621,6.62E+12,COMERCIO REPARACION TRANSPORTE Y ALOJAMIENTO,S04
68,SANTANDER,2016,7479,7.48E+12,COMERCIO REPARACION TRANSPORTE Y ALOJAMIENTO,S04
68,SANTANDER,2017,8072,8.07E+12,COMERCIO REPARACION TRANSPORTE Y ALOJAMIENTO,S04
68,SANTANDER,2018,8630,8.63E+12,COMERCIO REPARACION TRANSPORTE Y ALOJAMIENTO,S04
68,SANTANDER,2019,9311,9.31E+12,COMERCIO REPARACION TRANSPORTE Y ALOJAMIENTO,S04
68,SANTANDER,2020,8555,8.56E+12,COMERCIO REPARACION TRANSPORTE Y ALOJAMIENTO,S04
68,SANTANDER,2021,10788,1.08E+13,COMERCIO REPARACION TRANSPORTE Y ALOJAMIENTO,S04
68,SANTANDER,2022,13254,1.33E+13,COMERCIO REPARACION TRANSPORTE Y ALOJAMIENTO,S04
68,SANTANDER,2023p,14528,1.45E+13,COMERCIO REPARACION TRANSPORTE Y ALOJAMIENTO,S04
68,SANTANDER,2024pr,16004,1.60E+13,COMERCIO REPARACION TRANSPORTE Y ALOJAMIENTO,S04
70,SUCRE,1980,3,3000000000,COMERCIO REPARACION TRANSPORTE Y ALOJAMIENTO,S04
70,SUCRE,1981,4,4000000000,COMERCIO REPARACION TRANSPORTE Y ALOJAMIENTO,S04
70,SUCRE,1982,5,5000000000,COMERCIO REPARACION TRANSPORTE Y ALOJAMIENTO,S04
70,SUCRE,1983,6,6000000000,COMERCIO REPARACION TRANSPORTE Y ALOJAMIENTO,S04
70,SUCRE,1984,7,7000000000,COMERCIO REPARACION TRANSPORTE Y ALOJAMIENTO,S04
70,SUCRE,1985,10,10000000000,COMERCIO REPARACION TRANSPORTE Y ALOJAMIENTO,S04
70,SUCRE,1986,14,14000000000,COMERCIO REPARACION TRANSPORTE Y ALOJAMIENTO,S04
70,SUCRE,1987,18,18000000000,COMERCIO REPARACION TRANSPORTE Y ALOJAMIENTO,S04
70,SUCRE,1988,25,25000000000,COMERCIO REPARACION TRANSPORTE Y ALOJAMIENTO,S04
70,SUCRE,1989,32,32000000000,COMERCIO REPARACION TRANSPORTE Y ALOJAMIENTO,S04
70,SUCRE,1990,40,40000000000,COMERCIO REPARACION TRANSPORTE Y ALOJAMIENTO,S04
70,SUCRE,1991,46,46000000000,COMERCIO REPARACION TRANSPORTE Y ALOJAMIENTO,S04
70,SUCRE,1992,67,67000000000,COMERCIO REPARACION TRANSPORTE Y ALOJAMIENTO,S04
70,SUCRE,1993,91,91000000000,COMERCIO REPARACION TRANSPORTE Y ALOJAMIENTO,S04
70,SUCRE,1994,113,1.13E+11,COMERCIO REPARACION TRANSPORTE Y ALOJAMIENTO,S04
70,SUCRE,1995,138,1.38E+11,COMERCIO REPARACION TRANSPORTE Y ALOJAMIENTO,S04
70,SUCRE,1996,151,1.51E+11,COMERCIO REPARACION TRANSPORTE Y ALOJAMIENTO,S04
70,SUCRE,1997,182,1.82E+11,COMERCIO REPARACION TRANSPORTE Y ALOJAMIENTO,S04
70,SUCRE,1998,211,2.11E+11,COMERCIO REPARACION TRANSPORTE Y ALOJAMIENTO,S04
70,SUCRE,1999,219,2.19E+11,COMERCIO REPARACION TRANSPORTE Y ALOJAMIENTO,S04
70,SUCRE,2000,216,2.16E+11,COMERCIO REPARACION TRANSPORTE Y ALOJAMIENTO,S04
70,SUCRE,2001,244,2.44E+11,COMERCIO REPARACION TRANSPORTE Y ALOJAMIENTO,S04
70,SUCRE,2002,288,2.88E+11,COMERCIO REPARACION TRANSPORTE Y ALOJAMIENTO,S04
70,SUCRE,2003,334,3.34E+11,COMERCIO REPARACION TRANSPORTE Y ALOJAMIENTO,S04
70,SUCRE,2004,428,4.28E+11,COMERCIO REPARACION TRANSPORTE Y ALOJAMIENTO,S04
70,SUCRE,2005,532,5.32E+11,COMERCIO REPARACION TRANSPORTE Y ALOJAMIENTO,S04
70,SUCRE,2006,594,5.94E+11,COMERCIO REPARACION TRANSPORTE Y ALOJAMIENTO,S04
70,SUCRE,2007,674,6.74E+11,COMERCIO REPARACION TRANSPORTE Y ALOJAMIENTO,S04
70,SUCRE,2008,721,7.21E+11,COMERCIO REPARACION TRANSPORTE Y ALOJAMIENTO,S04
70,SUCRE,2009,743,7.43E+11,COMERCIO REPARACION TRANSPORTE Y ALOJAMIENTO,S04
70,SUCRE,2010,773,7.73E+11,COMERCIO REPARACION TRANSPORTE Y ALOJAMIENTO,S04
70,SUCRE,2011,853,8.53E+11,COMERCIO REPARACION TRANSPORTE Y ALOJAMIENTO,S04
70,SUCRE,2012,886,8.86E+11,COMERCIO REPARACION TRANSPORTE Y ALOJAMIENTO,S04
70,SUCRE,2013,953,9.53E+11,COMERCIO REPARACION TRANSPORTE Y ALOJAMIENTO,S04
70,SUCRE,2014,1028,1.03E+12,COMERCIO REPARACION TRANSPORTE Y ALOJAMIENTO,S04
70,SUCRE,2015,1117,1.12E+12,COMERCIO REPARACION TRANSPORTE Y ALOJAMIENTO,S04
70,SUCRE,2016,1289,1.29E+12,COMERCIO REPARACION TRANSPORTE Y ALOJAMIENTO,S04
70,SUCRE,2017,1412,1.41E+12,COMERCIO REPARACION TRANSPORTE Y ALOJAMIENTO,S04
70,SUCRE,2018,1483,1.48E+12,COMERCIO REPARACION TRANSPORTE Y ALOJAMIENTO,S04
70,SUCRE,2019,1571,1.57E+12,COMERCIO REPARACION TRANSPORTE Y ALOJAMIENTO,S04
70,SUCRE,2020,1352,1.35E+12,COMERCIO REPARACION TRANSPORTE Y ALOJAMIENTO,S04
70,SUCRE,2021,1770,1.77E+12,COMERCIO REPARACION TRANSPORTE Y ALOJAMIENTO,S04
70,SUCRE,2022,2220,2.22E+12,COMERCIO REPARACION TRANSPORTE Y ALOJAMIENTO,S04
70,SUCRE,2023p,2412,2.41E+12,COMERCIO REPARACION TRANSPORTE Y ALOJAMIENTO,S04
70,SUCRE,2024pr,2607,2.61E+12,COMERCIO REPARACION TRANSPORTE Y ALOJAMIENTO,S04
73,TOLIMA,1980,11,11000000000,COMERCIO REPARACION TRANSPORTE Y ALOJAMIENTO,S04
73,TOLIMA,1981,14,14000000000,COMERCIO REPARACION TRANSPORTE Y ALOJAMIENTO,S04
73,TOLIMA,1982,16,16000000000,COMERCIO REPARACION TRANSPORTE Y ALOJAMIENTO,S04
73,TOLIMA,1983,20,20000000000,COMERCIO REPARACION TRANSPORTE Y ALOJAMIENTO,S04
73,TOLIMA,1984,26,26000000000,COMERCIO REPARACION TRANSPORTE Y ALOJAMIENTO,S04
73,TOLIMA,1985,36,36000000000,COMERCIO REPARACION TRANSPORTE Y ALOJAMIENTO,S04
73,TOLIMA,1986,49,49000000000,COMERCIO REPARACION TRANSPORTE Y ALOJAMIENTO,S04
73,TOLIMA,1987,65,65000000000,COMERCIO REPARACION TRANSPORTE Y ALOJAMIENTO,S04
73,TOLIMA,1988,89,89000000000,COMERCIO REPARACION TRANSPORTE Y ALOJAMIENTO,S04
73,TOLIMA,1989,116,1.16E+11,COMERCIO REPARACION TRANSPORTE Y ALOJAMIENTO,S04
73,TOLIMA,1990,147,1.47E+11,COMERCIO REPARACION TRANSPORTE Y ALOJAMIENTO,S04
73,TOLIMA,1991,185,1.85E+11,COMERCIO REPARACION TRANSPORTE Y ALOJAMIENTO,S04
73,TOLIMA,1992,250,2.50E+11,COMERCIO REPARACION TRANSPORTE Y ALOJAMIENTO,S04
73,TOLIMA,1993,303,3.03E+11,COMERCIO REPARACION TRANSPORTE Y ALOJAMIENTO,S04
73,TOLIMA,1994,386,3.86E+11,COMERCIO REPARACION TRANSPORTE Y ALOJAMIENTO,S04
73,TOLIMA,1995,437,4.37E+11,COMERCIO REPARACION TRANSPORTE Y ALOJAMIENTO,S04
73,TOLIMA,1996,529,5.29E+11,COMERCIO REPARACION TRANSPORTE Y ALOJAMIENTO,S04
73,TOLIMA,1997,628,6.28E+11,COMERCIO REPARACION TRANSPORTE Y ALOJAMIENTO,S04
73,TOLIMA,1998,725,7.25E+11,COMERCIO REPARACION TRANSPORTE Y ALOJAMIENTO,S04
73,TOLIMA,1999,741,7.41E+11,COMERCIO REPARACION TRANSPORTE Y ALOJAMIENTO,S04
73,TOLIMA,2000,752,7.52E+11,COMERCIO REPARACION TRANSPORTE Y ALOJAMIENTO,S04
73,TOLIMA,2001,842,8.42E+11,COMERCIO REPARACION TRANSPORTE Y ALOJAMIENTO,S04
73,TOLIMA,2002,865,8.65E+11,COMERCIO REPARACION TRANSPORTE Y ALOJAMIENTO,S04
73,TOLIMA,2003,924,9.24E+11,COMERCIO REPARACION TRANSPORTE Y ALOJAMIENTO,S04
73,TOLIMA,2004,1046,1.05E+12,COMERCIO REPARACION TRANSPORTE Y ALOJAMIENTO,S04
73,TOLIMA,2005,1146,1.15E+12,COMERCIO REPARACION TRANSPORTE Y ALOJAMIENTO,S04
73,TOLIMA,2006,1356,1.36E+12,COMERCIO REPARACION TRANSPORTE Y ALOJAMIENTO,S04
73,TOLIMA,2007,1609,1.61E+12,COMERCIO REPARACION TRANSPORTE Y ALOJAMIENTO,S04
73,TOLIMA,2008,1682,1.68E+12,COMERCIO REPARACION TRANSPORTE Y ALOJAMIENTO,S04
73,TOLIMA,2009,1810,1.81E+12,COMERCIO REPARACION TRANSPORTE Y ALOJAMIENTO,S04
73,TOLIMA,2010,1930,1.93E+12,COMERCIO REPARACION TRANSPORTE Y ALOJAMIENTO,S04
73,TOLIMA,2011,2090,2.09E+12,COMERCIO REPARACION TRANSPORTE Y ALOJAMIENTO,S04
73,TOLIMA,2012,2241,2.24E+12,COMERCIO REPARACION TRANSPORTE Y ALOJAMIENTO,S04
73,TOLIMA,2013,2499,2.50E+12,COMERCIO REPARACION TRANSPORTE Y ALOJAMIENTO,S04
73,TOLIMA,2014,2755,2.76E+12,COMERCIO REPARACION TRANSPORTE Y ALOJAMIENTO,S04
73,TOLIMA,2015,3071,3.07E+12,COMERCIO REPARACION TRANSPORTE Y ALOJAMIENTO,S04
73,TOLIMA,2016,3473,3.47E+12,COMERCIO REPARACION TRANSPORTE Y ALOJAMIENTO,S04
73,TOLIMA,2017,3628,3.63E+12,COMERCIO REPARACION TRANSPORTE Y ALOJAMIENTO,S04
73,TOLIMA,2018,3826,3.83E+12,COMERCIO REPARACION TRANSPORTE Y ALOJAMIENTO,S04
73,TOLIMA,2019,4093,4.09E+12,COMERCIO REPARACION TRANSPORTE Y ALOJAMIENTO,S04
73,TOLIMA,2020,3502,3.50E+12,COMERCIO REPARACION TRANSPORTE Y ALOJAMIENTO,S04
73,TOLIMA,2021,4578,4.58E+12,COMERCIO REPARACION TRANSPORTE Y ALOJAMIENTO,S04
73,TOLIMA,2022,5701,5.70E+12,COMERCIO REPARACION TRANSPORTE Y ALOJAMIENTO,S04
73,TOLIMA,2023p,6167,6.17E+12,COMERCIO REPARACION TRANSPORTE Y ALOJAMIENTO,S04
73,TOLIMA,2024pr,6691,6.69E+12,COMERCIO REPARACION TRANSPORTE Y ALOJAMIENTO,S04
76,VALLE DEL CAUCA,1980,43,43000000000,COMERCIO REPARACION TRANSPORTE Y ALOJAMIENTO,S04
76,VALLE DEL CAUCA,1981,52,52000000000,COMERCIO REPARACION TRANSPORTE Y ALOJAMIENTO,S04
76,VALLE DEL CAUCA,1982,64,64000000000,COMERCIO REPARACION TRANSPORTE Y ALOJAMIENTO,S04
76,VALLE DEL CAUCA,1983,79,79000000000,COMERCIO REPARACION TRANSPORTE Y ALOJAMIENTO,S04
76,VALLE DEL CAUCA,1984,103,1.03E+11,COMERCIO REPARACION TRANSPORTE Y ALOJAMIENTO,S04
76,VALLE DEL CAUCA,1985,140,1.40E+11,COMERCIO REPARACION TRANSPORTE Y ALOJAMIENTO,S04
76,VALLE DEL CAUCA,1986,187,1.87E+11,COMERCIO REPARACION TRANSPORTE Y ALOJAMIENTO,S04
76,VALLE DEL CAUCA,1987,244,2.44E+11,COMERCIO REPARACION TRANSPORTE Y ALOJAMIENTO,S04
76,VALLE DEL CAUCA,1988,336,3.36E+11,COMERCIO REPARACION TRANSPORTE Y ALOJAMIENTO,S04
76,VALLE DEL CAUCA,1989,438,4.38E+11,COMERCIO REPARACION TRANSPORTE Y ALOJAMIENTO,S04
76,VALLE DEL CAUCA,1990,541,5.41E+11,COMERCIO REPARACION TRANSPORTE Y ALOJAMIENTO,S04
76,VALLE DEL CAUCA,1991,683,6.83E+11,COMERCIO REPARACION TRANSPORTE Y ALOJAMIENTO,S04
76,VALLE DEL CAUCA,1992,940,9.40E+11,COMERCIO REPARACION TRANSPORTE Y ALOJAMIENTO,S04
76,VALLE DEL CAUCA,1993,1196,1.20E+12,COMERCIO REPARACION TRANSPORTE Y ALOJAMIENTO,S04
76,VALLE DEL CAUCA,1994,1573,1.57E+12,COMERCIO REPARACION TRANSPORTE Y ALOJAMIENTO,S04
76,VALLE DEL CAUCA,1995,1911,1.91E+12,COMERCIO REPARACION TRANSPORTE Y ALOJAMIENTO,S04
76,VALLE DEL CAUCA,1996,2290,2.29E+12,COMERCIO REPARACION TRANSPORTE Y ALOJAMIENTO,S04
76,VALLE DEL CAUCA,1997,2572,2.57E+12,COMERCIO REPARACION TRANSPORTE Y ALOJAMIENTO,S04
76,VALLE DEL CAUCA,1998,3031,3.03E+12,COMERCIO REPARACION TRANSPORTE Y ALOJAMIENTO,S04
76,VALLE DEL CAUCA,1999,3033,3.03E+12,COMERCIO REPARACION TRANSPORTE Y ALOJAMIENTO,S04
76,VALLE DEL CAUCA,2000,3430,3.43E+12,COMERCIO REPARACION TRANSPORTE Y ALOJAMIENTO,S04
76,VALLE DEL CAUCA,2001,3896,3.90E+12,COMERCIO REPARACION TRANSPORTE Y ALOJAMIENTO,S04
76,VALLE DEL CAUCA,2002,4076,4.08E+12,COMERCIO REPARACION TRANSPORTE Y ALOJAMIENTO,S04
76,VALLE DEL CAUCA,2003,4604,4.60E+12,COMERCIO REPARACION TRANSPORTE Y ALOJAMIENTO,S04
76,VALLE DEL CAUCA,2004,5048,5.05E+12,COMERCIO REPARACION TRANSPORTE Y ALOJAMIENTO,S04
76,VALLE DEL CAUCA,2005,5692,5.69E+12,COMERCIO REPARACION TRANSPORTE Y ALOJAMIENTO,S04
76,VALLE DEL CAUCA,2006,6531,6.53E+12,COMERCIO REPARACION TRANSPORTE Y ALOJAMIENTO,S04
76,VALLE DEL CAUCA,2007,7542,7.54E+12,COMERCIO REPARACION TRANSPORTE Y ALOJAMIENTO,S04
76,VALLE DEL CAUCA,2008,7873,7.87E+12,COMERCIO REPARACION TRANSPORTE Y ALOJAMIENTO,S04
76,VALLE DEL CAUCA,2009,8239,8.24E+12,COMERCIO REPARACION TRANSPORTE Y ALOJAMIENTO,S04
76,VALLE DEL CAUCA,2010,8684,8.68E+12,COMERCIO REPARACION TRANSPORTE Y ALOJAMIENTO,S04
76,VALLE DEL CAUCA,2011,9467,9.47E+12,COMERCIO REPARACION TRANSPORTE Y ALOJAMIENTO,S04
76,VALLE DEL CAUCA,2012,9865,9.87E+12,COMERCIO REPARACION TRANSPORTE Y ALOJAMIENTO,S04
76,VALLE DEL CAUCA,2013,10689,1.07E+13,COMERCIO REPARACION TRANSPORTE Y ALOJAMIENTO,S04
76,VALLE DEL CAUCA,2014,11796,1.18E+13,COMERCIO REPARACION TRANSPORTE Y ALOJAMIENTO,S04
76,VALLE DEL CAUCA,2015,13115,1.31E+13,COMERCIO REPARACION TRANSPORTE Y ALOJAMIENTO,S04
76,VALLE DEL CAUCA,2016,14982,1.50E+13,COMERCIO REPARACION TRANSPORTE Y ALOJAMIENTO,S04
76,VALLE DEL CAUCA,2017,16088,1.61E+13,COMERCIO REPARACION TRANSPORTE Y ALOJAMIENTO,S04
76,VALLE DEL CAUCA,2018,17018,1.70E+13,COMERCIO REPARACION TRANSPORTE Y ALOJAMIENTO,S04
76,VALLE DEL CAUCA,2019,18412,1.84E+13,COMERCIO REPARACION TRANSPORTE Y ALOJAMIENTO,S04
76,VALLE DEL CAUCA,2020,16864,1.69E+13,COMERCIO REPARACION TRANSPORTE Y ALOJAMIENTO,S04
76,VALLE DEL CAUCA,2021,21076,2.11E+13,COMERCIO REPARACION TRANSPORTE Y ALOJAMIENTO,S04
76,VALLE DEL CAUCA,2022,26477,2.65E+13,COMERCIO REPARACION TRANSPORTE Y ALOJAMIENTO,S04
76,VALLE DEL CAUCA,2023p,28734,2.87E+13,COMERCIO REPARACION TRANSPORTE Y ALOJAMIENTO,S04
76,VALLE DEL CAUCA,2024pr,31519,3.15E+13,COMERCIO REPARACION TRANSPORTE Y ALOJAMIENTO,S04
99999,NUEVOS DEPARTAMENTOS,1980,5,5000000000,COMERCIO REPARACION TRANSPORTE Y ALOJAMIENTO,S04
99999,NUEVOS DEPARTAMENTOS,1981,7,7000000000,COMERCIO REPARACION TRANSPORTE Y ALOJAMIENTO,S04
99999,NUEVOS DEPARTAMENTOS,1982,9,9000000000,COMERCIO REPARACION TRANSPORTE Y ALOJAMIENTO,S04
99999,NUEVOS DEPARTAMENTOS,1983,11,11000000000,COMERCIO REPARACION TRANSPORTE Y ALOJAMIENTO,S04
99999,NUEVOS DEPARTAMENTOS,1984,15,15000000000,COMERCIO REPARACION TRANSPORTE Y ALOJAMIENTO,S04
99999,NUEVOS DEPARTAMENTOS,1985,22,22000000000,COMERCIO REPARACION TRANSPORTE Y ALOJAMIENTO,S04
99999,NUEVOS DEPARTAMENTOS,1986,30,30000000000,COMERCIO REPARACION TRANSPORTE Y ALOJAMIENTO,S04
99999,NUEVOS DEPARTAMENTOS,1987,40,40000000000,COMERCIO REPARACION TRANSPORTE Y ALOJAMIENTO,S04
99999,NUEVOS DEPARTAMENTOS,1988,52,52000000000,COMERCIO REPARACION TRANSPORTE Y ALOJAMIENTO,S04
99999,NUEVOS DEPARTAMENTOS,1989,70,70000000000,COMERCIO REPARACION TRANSPORTE Y ALOJAMIENTO,S04
99999,NUEVOS DEPARTAMENTOS,1990,180,1.80E+11,COMERCIO REPARACION TRANSPORTE Y ALOJAMIENTO,S04
99999,NUEVOS DEPARTAMENTOS,1991,254,2.54E+11,COMERCIO REPARACION TRANSPORTE Y ALOJAMIENTO,S04
99999,NUEVOS DEPARTAMENTOS,1992,437,4.37E+11,COMERCIO REPARACION TRANSPORTE Y ALOJAMIENTO,S04
99999,NUEVOS DEPARTAMENTOS,1993,471,4.71E+11,COMERCIO REPARACION TRANSPORTE Y ALOJAMIENTO,S04
99999,NUEVOS DEPARTAMENTOS,1994,548,5.48E+11,COMERCIO REPARACION TRANSPORTE Y ALOJAMIENTO,S04
99999,NUEVOS DEPARTAMENTOS,1995,655,6.55E+11,COMERCIO REPARACION TRANSPORTE Y ALOJAMIENTO,S04
99999,NUEVOS DEPARTAMENTOS,1996,791,7.91E+11,COMERCIO REPARACION TRANSPORTE Y ALOJAMIENTO,S04
99999,NUEVOS DEPARTAMENTOS,1997,901,9.01E+11,COMERCIO REPARACION TRANSPORTE Y ALOJAMIENTO,S04
99999,NUEVOS DEPARTAMENTOS,1998,1108,1.11E+12,COMERCIO REPARACION TRANSPORTE Y ALOJAMIENTO,S04
99999,NUEVOS DEPARTAMENTOS,1999,1207,1.21E+12,COMERCIO REPARACION TRANSPORTE Y ALOJAMIENTO,S04
99999,NUEVOS DEPARTAMENTOS,2000,1293,1.29E+12,COMERCIO REPARACION TRANSPORTE Y ALOJAMIENTO,S04
99999,NUEVOS DEPARTAMENTOS,2001,1366,1.37E+12,COMERCIO REPARACION TRANSPORTE Y ALOJAMIENTO,S04
99999,NUEVOS DEPARTAMENTOS,2002,1357,1.36E+12,COMERCIO REPARACION TRANSPORTE Y ALOJAMIENTO,S04
99999,NUEVOS DEPARTAMENTOS,2003,1405,1.41E+12,COMERCIO REPARACION TRANSPORTE Y ALOJAMIENTO,S04
99999,NUEVOS DEPARTAMENTOS,2004,1528,1.53E+12,COMERCIO REPARACION TRANSPORTE Y ALOJAMIENTO,S04
99999,NUEVOS DEPARTAMENTOS,2005,1648,1.65E+12,COMERCIO REPARACION TRANSPORTE Y ALOJAMIENTO,S04
99999,NUEVOS DEPARTAMENTOS,2006,1923,1.92E+12,COMERCIO REPARACION TRANSPORTE Y ALOJAMIENTO,S04
99999,NUEVOS DEPARTAMENTOS,2007,2293,2.29E+12,COMERCIO REPARACION TRANSPORTE Y ALOJAMIENTO,S04
99999,NUEVOS DEPARTAMENTOS,2008,2436,2.44E+12,COMERCIO REPARACION TRANSPORTE Y ALOJAMIENTO,S04
99999,NUEVOS DEPARTAMENTOS,2009,2549,2.55E+12,COMERCIO REPARACION TRANSPORTE Y ALOJAMIENTO,S04
99999,NUEVOS DEPARTAMENTOS,2010,2712,2.71E+12,COMERCIO REPARACION TRANSPORTE Y ALOJAMIENTO,S04
99999,NUEVOS DEPARTAMENTOS,2011,2917,2.92E+12,COMERCIO REPARACION TRANSPORTE Y ALOJAMIENTO,S04
99999,NUEVOS DEPARTAMENTOS,2012,3107,3.11E+12,COMERCIO REPARACION TRANSPORTE Y ALOJAMIENTO,S04
99999,NUEVOS DEPARTAMENTOS,2013,3446,3.45E+12,COMERCIO REPARACION TRANSPORTE Y ALOJAMIENTO,S04
99999,NUEVOS DEPARTAMENTOS,2014,3851,3.85E+12,COMERCIO REPARACION TRANSPORTE Y ALOJAMIENTO,S04
99999,NUEVOS DEPARTAMENTOS,2015,4410,4.41E+12,COMERCIO REPARACION TRANSPORTE Y ALOJAMIENTO,S04
99999,NUEVOS DEPARTAMENTOS,2016,4812,4.81E+12,COMERCIO REPARACION TRANSPORTE Y ALOJAMIENTO,S04
99999,NUEVOS DEPARTAMENTOS,2017,4983,4.98E+12,COMERCIO REPARACION TRANSPORTE Y ALOJAMIENTO,S04
99999,NUEVOS DEPARTAMENTOS,2018,5299,5.30E+12,COMERCIO REPARACION TRANSPORTE Y ALOJAMIENTO,S04
99999,NUEVOS DEPARTAMENTOS,2019,5615,5.62E+12,COMERCIO REPARACION TRANSPORTE Y ALOJAMIENTO,S04
99999,NUEVOS DEPARTAMENTOS,2020,4990,4.99E+12,COMERCIO REPARACION TRANSPORTE Y ALOJAMIENTO,S04
99999,NUEVOS DEPARTAMENTOS,2021,5922,5.92E+12,COMERCIO REPARACION TRANSPORTE Y ALOJAMIENTO,S04
99999,NUEVOS DEPARTAMENTOS,2022,7345,7.35E+12,COMERCIO REPARACION TRANSPORTE Y ALOJAMIENTO,S04
99999,NUEVOS DEPARTAMENTOS,2023p,8121,8.12E+12,COMERCIO REPARACION TRANSPORTE Y ALOJAMIENTO,S04
99999,NUEVOS DEPARTAMENTOS,2024pr,8753,8.75E+12,COMERCIO REPARACION TRANSPORTE Y ALOJAMIENTO,S04
0,COLOMBIA,1980,557,5.57E+11,ACTIVIDADES FINANCIERAS INMOBILIARIAS EMPRESARIALES Y COMUNICACIONES,S01
0,COLOMBIA,1981,737,7.37E+11,ACTIVIDADES FINANCIERAS INMOBILIARIAS EMPRESARIALES Y COMUNICACIONES,S01
0,COLOMBIA,1982,948,9.48E+11,ACTIVIDADES FINANCIERAS INMOBILIARIAS EMPRESARIALES Y COMUNICACIONES,S01
0,COLOMBIA,1983,1166,1.17E+12,ACTIVIDADES FINANCIERAS INMOBILIARIAS EMPRESARIALES Y COMUNICACIONES,S01
0,COLOMBIA,1984,1396,1.40E+12,ACTIVIDADES FINANCIERAS INMOBILIARIAS EMPRESARIALES Y COMUNICACIONES,S01
0,COLOMBIA,1985,1717,1.72E+12,ACTIVIDADES FINANCIERAS INMOBILIARIAS EMPRESARIALES Y COMUNICACIONES,S01
0,COLOMBIA,1986,2192,2.19E+12,ACTIVIDADES FINANCIERAS INMOBILIARIAS EMPRESARIALES Y COMUNICACIONES,S01
0,COLOMBIA,1987,2846,2.85E+12,ACTIVIDADES FINANCIERAS INMOBILIARIAS EMPRESARIALES Y COMUNICACIONES,S01
0,COLOMBIA,1988,3788,3.79E+12,ACTIVIDADES FINANCIERAS INMOBILIARIAS EMPRESARIALES Y COMUNICACIONES,S01
0,COLOMBIA,1989,4849,4.85E+12,ACTIVIDADES FINANCIERAS INMOBILIARIAS EMPRESARIALES Y COMUNICACIONES,S01
0,COLOMBIA,1990,6623,6.62E+12,ACTIVIDADES FINANCIERAS INMOBILIARIAS EMPRESARIALES Y COMUNICACIONES,S01
0,COLOMBIA,1991,8673,8.67E+12,ACTIVIDADES FINANCIERAS INMOBILIARIAS EMPRESARIALES Y COMUNICACIONES,S01
0,COLOMBIA,1992,11324,1.13E+13,ACTIVIDADES FINANCIERAS INMOBILIARIAS EMPRESARIALES Y COMUNICACIONES,S01
0,COLOMBIA,1993,14964,1.50E+13,ACTIVIDADES FINANCIERAS INMOBILIARIAS EMPRESARIALES Y COMUNICACIONES,S01
0,COLOMBIA,1994,20048,2.00E+13,ACTIVIDADES FINANCIERAS INMOBILIARIAS EMPRESARIALES Y COMUNICACIONES,S01
0,COLOMBIA,1995,25004,2.50E+13,ACTIVIDADES FINANCIERAS INMOBILIARIAS EMPRESARIALES Y COMUNICACIONES,S01
0,COLOMBIA,1996,30843,3.08E+13,ACTIVIDADES FINANCIERAS INMOBILIARIAS EMPRESARIALES Y COMUNICACIONES,S01
0,COLOMBIA,1997,38250,3.83E+13,ACTIVIDADES FINANCIERAS INMOBILIARIAS EMPRESARIALES Y COMUNICACIONES,S01
0,COLOMBIA,1998,44195,4.42E+13,ACTIVIDADES FINANCIERAS INMOBILIARIAS EMPRESARIALES Y COMUNICACIONES,S01
0,COLOMBIA,1999,44652,4.47E+13,ACTIVIDADES FINANCIERAS INMOBILIARIAS EMPRESARIALES Y COMUNICACIONES,S01
0,COLOMBIA,2000,46762,4.68E+13,ACTIVIDADES FINANCIERAS INMOBILIARIAS EMPRESARIALES Y COMUNICACIONES,S01
0,COLOMBIA,2001,51135,5.11E+13,ACTIVIDADES FINANCIERAS INMOBILIARIAS EMPRESARIALES Y COMUNICACIONES,S01
0,COLOMBIA,2002,55565,5.56E+13,ACTIVIDADES FINANCIERAS INMOBILIARIAS EMPRESARIALES Y COMUNICACIONES,S01
0,COLOMBIA,2003,60501,6.05E+13,ACTIVIDADES FINANCIERAS INMOBILIARIAS EMPRESARIALES Y COMUNICACIONES,S01
0,COLOMBIA,2004,66615,6.66E+13,ACTIVIDADES FINANCIERAS INMOBILIARIAS EMPRESARIALES Y COMUNICACIONES,S01
0,COLOMBIA,2005,73359,7.34E+13,ACTIVIDADES FINANCIERAS INMOBILIARIAS EMPRESARIALES Y COMUNICACIONES,S01
0,COLOMBIA,2006,81851,8.19E+13,ACTIVIDADES FINANCIERAS INMOBILIARIAS EMPRESARIALES Y COMUNICACIONES,S01
0,COLOMBIA,2007,92943,9.29E+13,ACTIVIDADES FINANCIERAS INMOBILIARIAS EMPRESARIALES Y COMUNICACIONES,S01
0,COLOMBIA,2008,103755,1.04E+14,ACTIVIDADES FINANCIERAS INMOBILIARIAS EMPRESARIALES Y COMUNICACIONES,S01
0,COLOMBIA,2009,112830,1.13E+14,ACTIVIDADES FINANCIERAS INMOBILIARIAS EMPRESARIALES Y COMUNICACIONES,S01
0,COLOMBIA,2010,122890,1.23E+14,ACTIVIDADES FINANCIERAS INMOBILIARIAS EMPRESARIALES Y COMUNICACIONES,S01
0,COLOMBIA,2011,135210,1.35E+14,ACTIVIDADES FINANCIERAS INMOBILIARIAS EMPRESARIALES Y COMUNICACIONES,S01
0,COLOMBIA,2012,148241,1.48E+14,ACTIVIDADES FINANCIERAS INMOBILIARIAS EMPRESARIALES Y COMUNICACIONES,S01
0,COLOMBIA,2013,160655,1.61E+14,ACTIVIDADES FINANCIERAS INMOBILIARIAS EMPRESARIALES Y COMUNICACIONES,S01
0,COLOMBIA,2014,175585,1.76E+14,ACTIVIDADES FINANCIERAS INMOBILIARIAS EMPRESARIALES Y COMUNICACIONES,S01
0,COLOMBIA,2015,185874,1.86E+14,ACTIVIDADES FINANCIERAS INMOBILIARIAS EMPRESARIALES Y COMUNICACIONES,S01
0,COLOMBIA,2016,194734,1.95E+14,ACTIVIDADES FINANCIERAS INMOBILIARIAS EMPRESARIALES Y COMUNICACIONES,S01
0,COLOMBIA,2017,209755,2.10E+14,ACTIVIDADES FINANCIERAS INMOBILIARIAS EMPRESARIALES Y COMUNICACIONES,S01
0,COLOMBIA,2018,225397,2.25E+14,ACTIVIDADES FINANCIERAS INMOBILIARIAS EMPRESARIALES Y COMUNICACIONES,S01
0,COLOMBIA,2019,241211,2.41E+14,ACTIVIDADES FINANCIERAS INMOBILIARIAS EMPRESARIALES Y COMUNICACIONES,S01
0,COLOMBIA,2020,242115,2.42E+14,ACTIVIDADES FINANCIERAS INMOBILIARIAS EMPRESARIALES Y COMUNICACIONES,S01
0,COLOMBIA,2021,263015,2.63E+14,ACTIVIDADES FINANCIERAS INMOBILIARIAS EMPRESARIALES Y COMUNICACIONES,S01
0,COLOMBIA,2022,291550,2.92E+14,ACTIVIDADES FINANCIERAS INMOBILIARIAS EMPRESARIALES Y COMUNICACIONES,S01
0,COLOMBIA,2023p,318707,3.19E+14,ACTIVIDADES FINANCIERAS INMOBILIARIAS EMPRESARIALES Y COMUNICACIONES,S01
0,COLOMBIA,2024pr,347109,3.47E+14,ACTIVIDADES FINANCIERAS INMOBILIARIAS EMPRESARIALES Y COMUNICACIONES,S01
5,ANTIOQUIA,1980,80,80000000000,ACTIVIDADES FINANCIERAS INMOBILIARIAS EMPRESARIALES Y COMUNICACIONES,S01
5,ANTIOQUIA,1981,109,1.09E+11,ACTIVIDADES FINANCIERAS INMOBILIARIAS EMPRESARIALES Y COMUNICACIONES,S01
5,ANTIOQUIA,1982,138,1.38E+11,ACTIVIDADES FINANCIERAS INMOBILIARIAS EMPRESARIALES Y COMUNICACIONES,S01
5,ANTIOQUIA,1983,164,1.64E+11,ACTIVIDADES FINANCIERAS INMOBILIARIAS EMPRESARIALES Y COMUNICACIONES,S01
5,ANTIOQUIA,1984,197,1.97E+11,ACTIVIDADES FINANCIERAS INMOBILIARIAS EMPRESARIALES Y COMUNICACIONES,S01
5,ANTIOQUIA,1985,245,2.45E+11,ACTIVIDADES FINANCIERAS INMOBILIARIAS EMPRESARIALES Y COMUNICACIONES,S01
5,ANTIOQUIA,1986,319,3.19E+11,ACTIVIDADES FINANCIERAS INMOBILIARIAS EMPRESARIALES Y COMUNICACIONES,S01
5,ANTIOQUIA,1987,414,4.14E+11,ACTIVIDADES FINANCIERAS INMOBILIARIAS EMPRESARIALES Y COMUNICACIONES,S01
5,ANTIOQUIA,1988,563,5.63E+11,ACTIVIDADES FINANCIERAS INMOBILIARIAS EMPRESARIALES Y COMUNICACIONES,S01
5,ANTIOQUIA,1989,744,7.44E+11,ACTIVIDADES FINANCIERAS INMOBILIARIAS EMPRESARIALES Y COMUNICACIONES,S01
5,ANTIOQUIA,1990,1013,1.01E+12,ACTIVIDADES FINANCIERAS INMOBILIARIAS EMPRESARIALES Y COMUNICACIONES,S01
5,ANTIOQUIA,1991,1281,1.28E+12,ACTIVIDADES FINANCIERAS INMOBILIARIAS EMPRESARIALES Y COMUNICACIONES,S01
5,ANTIOQUIA,1992,1668,1.67E+12,ACTIVIDADES FINANCIERAS INMOBILIARIAS EMPRESARIALES Y COMUNICACIONES,S01
5,ANTIOQUIA,1993,2080,2.08E+12,ACTIVIDADES FINANCIERAS INMOBILIARIAS EMPRESARIALES Y COMUNICACIONES,S01
5,ANTIOQUIA,1994,2581,2.58E+12,ACTIVIDADES FINANCIERAS INMOBILIARIAS EMPRESARIALES Y COMUNICACIONES,S01
5,ANTIOQUIA,1995,3392,3.39E+12,ACTIVIDADES FINANCIERAS INMOBILIARIAS EMPRESARIALES Y COMUNICACIONES,S01
5,ANTIOQUIA,1996,4104,4.10E+12,ACTIVIDADES FINANCIERAS INMOBILIARIAS EMPRESARIALES Y COMUNICACIONES,S01
5,ANTIOQUIA,1997,5158,5.16E+12,ACTIVIDADES FINANCIERAS INMOBILIARIAS EMPRESARIALES Y COMUNICACIONES,S01
5,ANTIOQUIA,1998,5974,5.97E+12,ACTIVIDADES FINANCIERAS INMOBILIARIAS EMPRESARIALES Y COMUNICACIONES,S01
5,ANTIOQUIA,1999,6415,6.42E+12,ACTIVIDADES FINANCIERAS INMOBILIARIAS EMPRESARIALES Y COMUNICACIONES,S01
5,ANTIOQUIA,2000,6648,6.65E+12,ACTIVIDADES FINANCIERAS INMOBILIARIAS EMPRESARIALES Y COMUNICACIONES,S01
5,ANTIOQUIA,2001,7360,7.36E+12,ACTIVIDADES FINANCIERAS INMOBILIARIAS EMPRESARIALES Y COMUNICACIONES,S01
5,ANTIOQUIA,2002,7876,7.88E+12,ACTIVIDADES FINANCIERAS INMOBILIARIAS EMPRESARIALES Y COMUNICACIONES,S01
5,ANTIOQUIA,2003,8594,8.59E+12,ACTIVIDADES FINANCIERAS INMOBILIARIAS EMPRESARIALES Y COMUNICACIONES,S01
5,ANTIOQUIA,2004,9386,9.39E+12,ACTIVIDADES FINANCIERAS INMOBILIARIAS EMPRESARIALES Y COMUNICACIONES,S01
5,ANTIOQUIA,2005,10289,1.03E+13,ACTIVIDADES FINANCIERAS INMOBILIARIAS EMPRESARIALES Y COMUNICACIONES,S01
5,ANTIOQUIA,2006,11614,1.16E+13,ACTIVIDADES FINANCIERAS INMOBILIARIAS EMPRESARIALES Y COMUNICACIONES,S01
5,ANTIOQUIA,2007,13235,1.32E+13,ACTIVIDADES FINANCIERAS INMOBILIARIAS EMPRESARIALES Y COMUNICACIONES,S01
5,ANTIOQUIA,2008,14920,1.49E+13,ACTIVIDADES FINANCIERAS INMOBILIARIAS EMPRESARIALES Y COMUNICACIONES,S01
5,ANTIOQUIA,2009,16188,1.62E+13,ACTIVIDADES FINANCIERAS INMOBILIARIAS EMPRESARIALES Y COMUNICACIONES,S01
5,ANTIOQUIA,2010,18027,1.80E+13,ACTIVIDADES FINANCIERAS INMOBILIARIAS EMPRESARIALES Y COMUNICACIONES,S01
5,ANTIOQUIA,2011,20397,2.04E+13,ACTIVIDADES FINANCIERAS INMOBILIARIAS EMPRESARIALES Y COMUNICACIONES,S01
5,ANTIOQUIA,2012,22565,2.26E+13,ACTIVIDADES FINANCIERAS INMOBILIARIAS EMPRESARIALES Y COMUNICACIONES,S01
5,ANTIOQUIA,2013,24586,2.46E+13,ACTIVIDADES FINANCIERAS INMOBILIARIAS EMPRESARIALES Y COMUNICACIONES,S01
5,ANTIOQUIA,2014,27229,2.72E+13,ACTIVIDADES FINANCIERAS INMOBILIARIAS EMPRESARIALES Y COMUNICACIONES,S01
5,ANTIOQUIA,2015,29207,2.92E+13,ACTIVIDADES FINANCIERAS INMOBILIARIAS EMPRESARIALES Y COMUNICACIONES,S01
5,ANTIOQUIA,2016,30891,3.09E+13,ACTIVIDADES FINANCIERAS INMOBILIARIAS EMPRESARIALES Y COMUNICACIONES,S01
5,ANTIOQUIA,2017,33389,3.34E+13,ACTIVIDADES FINANCIERAS INMOBILIARIAS EMPRESARIALES Y COMUNICACIONES,S01
5,ANTIOQUIA,2018,36058,3.61E+13,ACTIVIDADES FINANCIERAS INMOBILIARIAS EMPRESARIALES Y COMUNICACIONES,S01
5,ANTIOQUIA,2019,38894,3.89E+13,ACTIVIDADES FINANCIERAS INMOBILIARIAS EMPRESARIALES Y COMUNICACIONES,S01
5,ANTIOQUIA,2020,39242,3.92E+13,ACTIVIDADES FINANCIERAS INMOBILIARIAS EMPRESARIALES Y COMUNICACIONES,S01
5,ANTIOQUIA,2021,43030,4.30E+13,ACTIVIDADES FINANCIERAS INMOBILIARIAS EMPRESARIALES Y COMUNICACIONES,S01
5,ANTIOQUIA,2022,47857,4.79E+13,ACTIVIDADES FINANCIERAS INMOBILIARIAS EMPRESARIALES Y COMUNICACIONES,S01
5,ANTIOQUIA,2023p,52371,5.24E+13,ACTIVIDADES FINANCIERAS INMOBILIARIAS EMPRESARIALES Y COMUNICACIONES,S01
5,ANTIOQUIA,2024pr,57312,5.73E+13,ACTIVIDADES FINANCIERAS INMOBILIARIAS EMPRESARIALES Y COMUNICACIONES,S01
8,ATLANTICO,1980,25,25000000000,ACTIVIDADES FINANCIERAS INMOBILIARIAS EMPRESARIALES Y COMUNICACIONES,S01
8,ATLANTICO,1981,31,31000000000,ACTIVIDADES FINANCIERAS INMOBILIARIAS EMPRESARIALES Y COMUNICACIONES,S01
8,ATLANTICO,1982,41,41000000000,ACTIVIDADES FINANCIERAS INMOBILIARIAS EMPRESARIALES Y COMUNICACIONES,S01
8,ATLANTICO,1983,57,57000000000,ACTIVIDADES FINANCIERAS INMOBILIARIAS EMPRESARIALES Y COMUNICACIONES,S01
8,ATLANTICO,1984,61,61000000000,ACTIVIDADES FINANCIERAS INMOBILIARIAS EMPRESARIALES Y COMUNICACIONES,S01
8,ATLANTICO,1985,71,71000000000,ACTIVIDADES FINANCIERAS INMOBILIARIAS EMPRESARIALES Y COMUNICACIONES,S01
8,ATLANTICO,1986,90,90000000000,ACTIVIDADES FINANCIERAS INMOBILIARIAS EMPRESARIALES Y COMUNICACIONES,S01
8,ATLANTICO,1987,110,1.10E+11,ACTIVIDADES FINANCIERAS INMOBILIARIAS EMPRESARIALES Y COMUNICACIONES,S01
8,ATLANTICO,1988,154,1.54E+11,ACTIVIDADES FINANCIERAS INMOBILIARIAS EMPRESARIALES Y COMUNICACIONES,S01
8,ATLANTICO,1989,194,1.94E+11,ACTIVIDADES FINANCIERAS INMOBILIARIAS EMPRESARIALES Y COMUNICACIONES,S01
8,ATLANTICO,1990,265,2.65E+11,ACTIVIDADES FINANCIERAS INMOBILIARIAS EMPRESARIALES Y COMUNICACIONES,S01
8,ATLANTICO,1991,349,3.49E+11,ACTIVIDADES FINANCIERAS INMOBILIARIAS EMPRESARIALES Y COMUNICACIONES,S01
8,ATLANTICO,1992,449,4.49E+11,ACTIVIDADES FINANCIERAS INMOBILIARIAS EMPRESARIALES Y COMUNICACIONES,S01
8,ATLANTICO,1993,607,6.07E+11,ACTIVIDADES FINANCIERAS INMOBILIARIAS EMPRESARIALES Y COMUNICACIONES,S01
8,ATLANTICO,1994,811,8.11E+11,ACTIVIDADES FINANCIERAS INMOBILIARIAS EMPRESARIALES Y COMUNICACIONES,S01
8,ATLANTICO,1995,1052,1.05E+12,ACTIVIDADES FINANCIERAS INMOBILIARIAS EMPRESARIALES Y COMUNICACIONES,S01
8,ATLANTICO,1996,1275,1.28E+12,ACTIVIDADES FINANCIERAS INMOBILIARIAS EMPRESARIALES Y COMUNICACIONES,S01
8,ATLANTICO,1997,1671,1.67E+12,ACTIVIDADES FINANCIERAS INMOBILIARIAS EMPRESARIALES Y COMUNICACIONES,S01
8,ATLANTICO,1998,1819,1.82E+12,ACTIVIDADES FINANCIERAS INMOBILIARIAS EMPRESARIALES Y COMUNICACIONES,S01
8,ATLANTICO,1999,1857,1.86E+12,ACTIVIDADES FINANCIERAS INMOBILIARIAS EMPRESARIALES Y COMUNICACIONES,S01
8,ATLANTICO,2000,2062,2.06E+12,ACTIVIDADES FINANCIERAS INMOBILIARIAS EMPRESARIALES Y COMUNICACIONES,S01
8,ATLANTICO,2001,2178,2.18E+12,ACTIVIDADES FINANCIERAS INMOBILIARIAS EMPRESARIALES Y COMUNICACIONES,S01
8,ATLANTICO,2002,2353,2.35E+12,ACTIVIDADES FINANCIERAS INMOBILIARIAS EMPRESARIALES Y COMUNICACIONES,S01
8,ATLANTICO,2003,2517,2.52E+12,ACTIVIDADES FINANCIERAS INMOBILIARIAS EMPRESARIALES Y COMUNICACIONES,S01
8,ATLANTICO,2004,2636,2.64E+12,ACTIVIDADES FINANCIERAS INMOBILIARIAS EMPRESARIALES Y COMUNICACIONES,S01
8,ATLANTICO,2005,2907,2.91E+12,ACTIVIDADES FINANCIERAS INMOBILIARIAS EMPRESARIALES Y COMUNICACIONES,S01
8,ATLANTICO,2006,3192,3.19E+12,ACTIVIDADES FINANCIERAS INMOBILIARIAS EMPRESARIALES Y COMUNICACIONES,S01
8,ATLANTICO,2007,3648,3.65E+12,ACTIVIDADES FINANCIERAS INMOBILIARIAS EMPRESARIALES Y COMUNICACIONES,S01
8,ATLANTICO,2008,4104,4.10E+12,ACTIVIDADES FINANCIERAS INMOBILIARIAS EMPRESARIALES Y COMUNICACIONES,S01
8,ATLANTICO,2009,4461,4.46E+12,ACTIVIDADES FINANCIERAS INMOBILIARIAS EMPRESARIALES Y COMUNICACIONES,S01
8,ATLANTICO,2010,4925,4.93E+12,ACTIVIDADES FINANCIERAS INMOBILIARIAS EMPRESARIALES Y COMUNICACIONES,S01
8,ATLANTICO,2011,5422,5.42E+12,ACTIVIDADES FINANCIERAS INMOBILIARIAS EMPRESARIALES Y COMUNICACIONES,S01
8,ATLANTICO,2012,6036,6.04E+12,ACTIVIDADES FINANCIERAS INMOBILIARIAS EMPRESARIALES Y COMUNICACIONES,S01
8,ATLANTICO,2013,6527,6.53E+12,ACTIVIDADES FINANCIERAS INMOBILIARIAS EMPRESARIALES Y COMUNICACIONES,S01
8,ATLANTICO,2014,7317,7.32E+12,ACTIVIDADES FINANCIERAS INMOBILIARIAS EMPRESARIALES Y COMUNICACIONES,S01
8,ATLANTICO,2015,7624,7.62E+12,ACTIVIDADES FINANCIERAS INMOBILIARIAS EMPRESARIALES Y COMUNICACIONES,S01
8,ATLANTICO,2016,7903,7.90E+12,ACTIVIDADES FINANCIERAS INMOBILIARIAS EMPRESARIALES Y COMUNICACIONES,S01
8,ATLANTICO,2017,8536,8.54E+12,ACTIVIDADES FINANCIERAS INMOBILIARIAS EMPRESARIALES Y COMUNICACIONES,S01
8,ATLANTICO,2018,9251,9.25E+12,ACTIVIDADES FINANCIERAS INMOBILIARIAS EMPRESARIALES Y COMUNICACIONES,S01
8,ATLANTICO,2019,9952,9.95E+12,ACTIVIDADES FINANCIERAS INMOBILIARIAS EMPRESARIALES Y COMUNICACIONES,S01
8,ATLANTICO,2020,10019,1.00E+13,ACTIVIDADES FINANCIERAS INMOBILIARIAS EMPRESARIALES Y COMUNICACIONES,S01
8,ATLANTICO,2021,10889,1.09E+13,ACTIVIDADES FINANCIERAS INMOBILIARIAS EMPRESARIALES Y COMUNICACIONES,S01
8,ATLANTICO,2022,12095,1.21E+13,ACTIVIDADES FINANCIERAS INMOBILIARIAS EMPRESARIALES Y COMUNICACIONES,S01
8,ATLANTICO,2023p,13228,1.32E+13,ACTIVIDADES FINANCIERAS INMOBILIARIAS EMPRESARIALES Y COMUNICACIONES,S01
8,ATLANTICO,2024pr,14487,1.45E+13,ACTIVIDADES FINANCIERAS INMOBILIARIAS EMPRESARIALES Y COMUNICACIONES,S01
11,SANTAFE DE BOGOTA D.C,1980,212,2.12E+11,ACTIVIDADES FINANCIERAS INMOBILIARIAS EMPRESARIALES Y COMUNICACIONES,S01
11,SANTAFE DE BOGOTA D.C,1981,284,2.84E+11,ACTIVIDADES FINANCIERAS INMOBILIARIAS EMPRESARIALES Y COMUNICACIONES,S01
11,SANTAFE DE BOGOTA D.C,1982,373,3.73E+11,ACTIVIDADES FINANCIERAS INMOBILIARIAS EMPRESARIALES Y COMUNICACIONES,S01
11,SANTAFE DE BOGOTA D.C,1983,461,4.61E+11,ACTIVIDADES FINANCIERAS INMOBILIARIAS EMPRESARIALES Y COMUNICACIONES,S01
11,SANTAFE DE BOGOTA D.C,1984,567,5.67E+11,ACTIVIDADES FINANCIERAS INMOBILIARIAS EMPRESARIALES Y COMUNICACIONES,S01
11,SANTAFE DE BOGOTA D.C,1985,700,7.00E+11,ACTIVIDADES FINANCIERAS INMOBILIARIAS EMPRESARIALES Y COMUNICACIONES,S01
11,SANTAFE DE BOGOTA D.C,1986,877,8.77E+11,ACTIVIDADES FINANCIERAS INMOBILIARIAS EMPRESARIALES Y COMUNICACIONES,S01
11,SANTAFE DE BOGOTA D.C,1987,1159,1.16E+12,ACTIVIDADES FINANCIERAS INMOBILIARIAS EMPRESARIALES Y COMUNICACIONES,S01
11,SANTAFE DE BOGOTA D.C,1988,1546,1.55E+12,ACTIVIDADES FINANCIERAS INMOBILIARIAS EMPRESARIALES Y COMUNICACIONES,S01
11,SANTAFE DE BOGOTA D.C,1989,1980,1.98E+12,ACTIVIDADES FINANCIERAS INMOBILIARIAS EMPRESARIALES Y COMUNICACIONES,S01
11,SANTAFE DE BOGOTA D.C,1990,2703,2.70E+12,ACTIVIDADES FINANCIERAS INMOBILIARIAS EMPRESARIALES Y COMUNICACIONES,S01
11,SANTAFE DE BOGOTA D.C,1991,3579,3.58E+12,ACTIVIDADES FINANCIERAS INMOBILIARIAS EMPRESARIALES Y COMUNICACIONES,S01
11,SANTAFE DE BOGOTA D.C,1992,4693,4.69E+12,ACTIVIDADES FINANCIERAS INMOBILIARIAS EMPRESARIALES Y COMUNICACIONES,S01
11,SANTAFE DE BOGOTA D.C,1993,6383,6.38E+12,ACTIVIDADES FINANCIERAS INMOBILIARIAS EMPRESARIALES Y COMUNICACIONES,S01
11,SANTAFE DE BOGOTA D.C,1994,9443,9.44E+12,ACTIVIDADES FINANCIERAS INMOBILIARIAS EMPRESARIALES Y COMUNICACIONES,S01
11,SANTAFE DE BOGOTA D.C,1995,11216,1.12E+13,ACTIVIDADES FINANCIERAS INMOBILIARIAS EMPRESARIALES Y COMUNICACIONES,S01
11,SANTAFE DE BOGOTA D.C,1996,14161,1.42E+13,ACTIVIDADES FINANCIERAS INMOBILIARIAS EMPRESARIALES Y COMUNICACIONES,S01
11,SANTAFE DE BOGOTA D.C,1997,17471,1.75E+13,ACTIVIDADES FINANCIERAS INMOBILIARIAS EMPRESARIALES Y COMUNICACIONES,S01
11,SANTAFE DE BOGOTA D.C,1998,20124,2.01E+13,ACTIVIDADES FINANCIERAS INMOBILIARIAS EMPRESARIALES Y COMUNICACIONES,S01
11,SANTAFE DE BOGOTA D.C,1999,19116,1.91E+13,ACTIVIDADES FINANCIERAS INMOBILIARIAS EMPRESARIALES Y COMUNICACIONES,S01
11,SANTAFE DE BOGOTA D.C,2000,19678,1.97E+13,ACTIVIDADES FINANCIERAS INMOBILIARIAS EMPRESARIALES Y COMUNICACIONES,S01
11,SANTAFE DE BOGOTA D.C,2001,21445,2.14E+13,ACTIVIDADES FINANCIERAS INMOBILIARIAS EMPRESARIALES Y COMUNICACIONES,S01
11,SANTAFE DE BOGOTA D.C,2002,23341,2.33E+13,ACTIVIDADES FINANCIERAS INMOBILIARIAS EMPRESARIALES Y COMUNICACIONES,S01
11,SANTAFE DE BOGOTA D.C,2003,25318,2.53E+13,ACTIVIDADES FINANCIERAS INMOBILIARIAS EMPRESARIALES Y COMUNICACIONES,S01
11,SANTAFE DE BOGOTA D.C,2004,28023,2.80E+13,ACTIVIDADES FINANCIERAS INMOBILIARIAS EMPRESARIALES Y COMUNICACIONES,S01
11,SANTAFE DE BOGOTA D.C,2005,30719,3.07E+13,ACTIVIDADES FINANCIERAS INMOBILIARIAS EMPRESARIALES Y COMUNICACIONES,S01
11,SANTAFE DE BOGOTA D.C,2006,33425,3.34E+13,ACTIVIDADES FINANCIERAS INMOBILIARIAS EMPRESARIALES Y COMUNICACIONES,S01
11,SANTAFE DE BOGOTA D.C,2007,37753,3.78E+13,ACTIVIDADES FINANCIERAS INMOBILIARIAS EMPRESARIALES Y COMUNICACIONES,S01
11,SANTAFE DE BOGOTA D.C,2008,42209,4.22E+13,ACTIVIDADES FINANCIERAS INMOBILIARIAS EMPRESARIALES Y COMUNICACIONES,S01
11,SANTAFE DE BOGOTA D.C,2009,46137,4.61E+13,ACTIVIDADES FINANCIERAS INMOBILIARIAS EMPRESARIALES Y COMUNICACIONES,S01
11,SANTAFE DE BOGOTA D.C,2010,49901,4.99E+13,ACTIVIDADES FINANCIERAS INMOBILIARIAS EMPRESARIALES Y COMUNICACIONES,S01
11,SANTAFE DE BOGOTA D.C,2011,54376,5.44E+13,ACTIVIDADES FINANCIERAS INMOBILIARIAS EMPRESARIALES Y COMUNICACIONES,S01
11,SANTAFE DE BOGOTA D.C,2012,59673,5.97E+13,ACTIVIDADES FINANCIERAS INMOBILIARIAS EMPRESARIALES Y COMUNICACIONES,S01
11,SANTAFE DE BOGOTA D.C,2013,64411,6.44E+13,ACTIVIDADES FINANCIERAS INMOBILIARIAS EMPRESARIALES Y COMUNICACIONES,S01
11,SANTAFE DE BOGOTA D.C,2014,69345,6.93E+13,ACTIVIDADES FINANCIERAS INMOBILIARIAS EMPRESARIALES Y COMUNICACIONES,S01
11,SANTAFE DE BOGOTA D.C,2015,73705,7.37E+13,ACTIVIDADES FINANCIERAS INMOBILIARIAS EMPRESARIALES Y COMUNICACIONES,S01
11,SANTAFE DE BOGOTA D.C,2016,77116,7.71E+13,ACTIVIDADES FINANCIERAS INMOBILIARIAS EMPRESARIALES Y COMUNICACIONES,S01
11,SANTAFE DE BOGOTA D.C,2017,83519,8.35E+13,ACTIVIDADES FINANCIERAS INMOBILIARIAS EMPRESARIALES Y COMUNICACIONES,S01
11,SANTAFE DE BOGOTA D.C,2018,89723,8.97E+13,ACTIVIDADES FINANCIERAS INMOBILIARIAS EMPRESARIALES Y COMUNICACIONES,S01
11,SANTAFE DE BOGOTA D.C,2019,95981,9.60E+13,ACTIVIDADES FINANCIERAS INMOBILIARIAS EMPRESARIALES Y COMUNICACIONES,S01
11,SANTAFE DE BOGOTA D.C,2020,96312,9.63E+13,ACTIVIDADES FINANCIERAS INMOBILIARIAS EMPRESARIALES Y COMUNICACIONES,S01
11,SANTAFE DE BOGOTA D.C,2021,104368,1.04E+14,ACTIVIDADES FINANCIERAS INMOBILIARIAS EMPRESARIALES Y COMUNICACIONES,S01
11,SANTAFE DE BOGOTA D.C,2022,115505,1.16E+14,ACTIVIDADES FINANCIERAS INMOBILIARIAS EMPRESARIALES Y COMUNICACIONES,S01
11,SANTAFE DE BOGOTA D.C,2023p,125888,1.26E+14,ACTIVIDADES FINANCIERAS INMOBILIARIAS EMPRESARIALES Y COMUNICACIONES,S01
11,SANTAFE DE BOGOTA D.C,2024pr,137148,1.37E+14,ACTIVIDADES FINANCIERAS INMOBILIARIAS EMPRESARIALES Y COMUNICACIONES,S01
13,BOLIVAR,1980,12,12000000000,ACTIVIDADES FINANCIERAS INMOBILIARIAS EMPRESARIALES Y COMUNICACIONES,S01
13,BOLIVAR,1981,14,14000000000,ACTIVIDADES FINANCIERAS INMOBILIARIAS EMPRESARIALES Y COMUNICACIONES,S01
13,BOLIVAR,1982,18,18000000000,ACTIVIDADES FINANCIERAS INMOBILIARIAS EMPRESARIALES Y COMUNICACIONES,S01
13,BOLIVAR,1983,25,25000000000,ACTIVIDADES FINANCIERAS INMOBILIARIAS EMPRESARIALES Y COMUNICACIONES,S01
13,BOLIVAR,1984,31,31000000000,ACTIVIDADES FINANCIERAS INMOBILIARIAS EMPRESARIALES Y COMUNICACIONES,S01
13,BOLIVAR,1985,38,38000000000,ACTIVIDADES FINANCIERAS INMOBILIARIAS EMPRESARIALES Y COMUNICACIONES,S01
13,BOLIVAR,1986,52,52000000000,ACTIVIDADES FINANCIERAS INMOBILIARIAS EMPRESARIALES Y COMUNICACIONES,S01
13,BOLIVAR,1987,71,71000000000,ACTIVIDADES FINANCIERAS INMOBILIARIAS EMPRESARIALES Y COMUNICACIONES,S01
13,BOLIVAR,1988,88,88000000000,ACTIVIDADES FINANCIERAS INMOBILIARIAS EMPRESARIALES Y COMUNICACIONES,S01
13,BOLIVAR,1989,104,1.04E+11,ACTIVIDADES FINANCIERAS INMOBILIARIAS EMPRESARIALES Y COMUNICACIONES,S01
13,BOLIVAR,1990,142,1.42E+11,ACTIVIDADES FINANCIERAS INMOBILIARIAS EMPRESARIALES Y COMUNICACIONES,S01
13,BOLIVAR,1991,180,1.80E+11,ACTIVIDADES FINANCIERAS INMOBILIARIAS EMPRESARIALES Y COMUNICACIONES,S01
13,BOLIVAR,1992,230,2.30E+11,ACTIVIDADES FINANCIERAS INMOBILIARIAS EMPRESARIALES Y COMUNICACIONES,S01
13,BOLIVAR,1993,281,2.81E+11,ACTIVIDADES FINANCIERAS INMOBILIARIAS EMPRESARIALES Y COMUNICACIONES,S01
13,BOLIVAR,1994,349,3.49E+11,ACTIVIDADES FINANCIERAS INMOBILIARIAS EMPRESARIALES Y COMUNICACIONES,S01
13,BOLIVAR,1995,446,4.46E+11,ACTIVIDADES FINANCIERAS INMOBILIARIAS EMPRESARIALES Y COMUNICACIONES,S01
13,BOLIVAR,1996,578,5.78E+11,ACTIVIDADES FINANCIERAS INMOBILIARIAS EMPRESARIALES Y COMUNICACIONES,S01
13,BOLIVAR,1997,732,7.32E+11,ACTIVIDADES FINANCIERAS INMOBILIARIAS EMPRESARIALES Y COMUNICACIONES,S01
13,BOLIVAR,1998,859,8.59E+11,ACTIVIDADES FINANCIERAS INMOBILIARIAS EMPRESARIALES Y COMUNICACIONES,S01
13,BOLIVAR,1999,936,9.36E+11,ACTIVIDADES FINANCIERAS INMOBILIARIAS EMPRESARIALES Y COMUNICACIONES,S01
13,BOLIVAR,2000,993,9.93E+11,ACTIVIDADES FINANCIERAS INMOBILIARIAS EMPRESARIALES Y COMUNICACIONES,S01
13,BOLIVAR,2001,1058,1.06E+12,ACTIVIDADES FINANCIERAS INMOBILIARIAS EMPRESARIALES Y COMUNICACIONES,S01
13,BOLIVAR,2002,1140,1.14E+12,ACTIVIDADES FINANCIERAS INMOBILIARIAS EMPRESARIALES Y COMUNICACIONES,S01
13,BOLIVAR,2003,1302,1.30E+12,ACTIVIDADES FINANCIERAS INMOBILIARIAS EMPRESARIALES Y COMUNICACIONES,S01
13,BOLIVAR,2004,1538,1.54E+12,ACTIVIDADES FINANCIERAS INMOBILIARIAS EMPRESARIALES Y COMUNICACIONES,S01
13,BOLIVAR,2005,1780,1.78E+12,ACTIVIDADES FINANCIERAS INMOBILIARIAS EMPRESARIALES Y COMUNICACIONES,S01
13,BOLIVAR,2006,2169,2.17E+12,ACTIVIDADES FINANCIERAS INMOBILIARIAS EMPRESARIALES Y COMUNICACIONES,S01
13,BOLIVAR,2007,2504,2.50E+12,ACTIVIDADES FINANCIERAS INMOBILIARIAS EMPRESARIALES Y COMUNICACIONES,S01
13,BOLIVAR,2008,2790,2.79E+12,ACTIVIDADES FINANCIERAS INMOBILIARIAS EMPRESARIALES Y COMUNICACIONES,S01
13,BOLIVAR,2009,3073,3.07E+12,ACTIVIDADES FINANCIERAS INMOBILIARIAS EMPRESARIALES Y COMUNICACIONES,S01
13,BOLIVAR,2010,3286,3.29E+12,ACTIVIDADES FINANCIERAS INMOBILIARIAS EMPRESARIALES Y COMUNICACIONES,S01
13,BOLIVAR,2011,3665,3.67E+12,ACTIVIDADES FINANCIERAS INMOBILIARIAS EMPRESARIALES Y COMUNICACIONES,S01
13,BOLIVAR,2012,3948,3.95E+12,ACTIVIDADES FINANCIERAS INMOBILIARIAS EMPRESARIALES Y COMUNICACIONES,S01
13,BOLIVAR,2013,4428,4.43E+12,ACTIVIDADES FINANCIERAS INMOBILIARIAS EMPRESARIALES Y COMUNICACIONES,S01
13,BOLIVAR,2014,4939,4.94E+12,ACTIVIDADES FINANCIERAS INMOBILIARIAS EMPRESARIALES Y COMUNICACIONES,S01
13,BOLIVAR,2015,5130,5.13E+12,ACTIVIDADES FINANCIERAS INMOBILIARIAS EMPRESARIALES Y COMUNICACIONES,S01
13,BOLIVAR,2016,5289,5.29E+12,ACTIVIDADES FINANCIERAS INMOBILIARIAS EMPRESARIALES Y COMUNICACIONES,S01
13,BOLIVAR,2017,5735,5.74E+12,ACTIVIDADES FINANCIERAS INMOBILIARIAS EMPRESARIALES Y COMUNICACIONES,S01
13,BOLIVAR,2018,6133,6.13E+12,ACTIVIDADES FINANCIERAS INMOBILIARIAS EMPRESARIALES Y COMUNICACIONES,S01
13,BOLIVAR,2019,6502,6.50E+12,ACTIVIDADES FINANCIERAS INMOBILIARIAS EMPRESARIALES Y COMUNICACIONES,S01
13,BOLIVAR,2020,6518,6.52E+12,ACTIVIDADES FINANCIERAS INMOBILIARIAS EMPRESARIALES Y COMUNICACIONES,S01
13,BOLIVAR,2021,7090,7.09E+12,ACTIVIDADES FINANCIERAS INMOBILIARIAS EMPRESARIALES Y COMUNICACIONES,S01
13,BOLIVAR,2022,8048,8.05E+12,ACTIVIDADES FINANCIERAS INMOBILIARIAS EMPRESARIALES Y COMUNICACIONES,S01
13,BOLIVAR,2023p,8852,8.85E+12,ACTIVIDADES FINANCIERAS INMOBILIARIAS EMPRESARIALES Y COMUNICACIONES,S01
13,BOLIVAR,2024pr,9607,9.61E+12,ACTIVIDADES FINANCIERAS INMOBILIARIAS EMPRESARIALES Y COMUNICACIONES,S01
15,BOYACA,1980,11,11000000000,ACTIVIDADES FINANCIERAS INMOBILIARIAS EMPRESARIALES Y COMUNICACIONES,S01
15,BOYACA,1981,14,14000000000,ACTIVIDADES FINANCIERAS INMOBILIARIAS EMPRESARIALES Y COMUNICACIONES,S01
15,BOYACA,1982,17,17000000000,ACTIVIDADES FINANCIERAS INMOBILIARIAS EMPRESARIALES Y COMUNICACIONES,S01
15,BOYACA,1983,21,21000000000,ACTIVIDADES FINANCIERAS INMOBILIARIAS EMPRESARIALES Y COMUNICACIONES,S01
15,BOYACA,1984,23,23000000000,ACTIVIDADES FINANCIERAS INMOBILIARIAS EMPRESARIALES Y COMUNICACIONES,S01
15,BOYACA,1985,27,27000000000,ACTIVIDADES FINANCIERAS INMOBILIARIAS EMPRESARIALES Y COMUNICACIONES,S01
15,BOYACA,1986,33,33000000000,ACTIVIDADES FINANCIERAS INMOBILIARIAS EMPRESARIALES Y COMUNICACIONES,S01
15,BOYACA,1987,44,44000000000,ACTIVIDADES FINANCIERAS INMOBILIARIAS EMPRESARIALES Y COMUNICACIONES,S01
15,BOYACA,1988,58,58000000000,ACTIVIDADES FINANCIERAS INMOBILIARIAS EMPRESARIALES Y COMUNICACIONES,S01
15,BOYACA,1989,75,75000000000,ACTIVIDADES FINANCIERAS INMOBILIARIAS EMPRESARIALES Y COMUNICACIONES,S01
15,BOYACA,1990,101,1.01E+11,ACTIVIDADES FINANCIERAS INMOBILIARIAS EMPRESARIALES Y COMUNICACIONES,S01
15,BOYACA,1991,130,1.30E+11,ACTIVIDADES FINANCIERAS INMOBILIARIAS EMPRESARIALES Y COMUNICACIONES,S01
15,BOYACA,1992,177,1.77E+11,ACTIVIDADES FINANCIERAS INMOBILIARIAS EMPRESARIALES Y COMUNICACIONES,S01
15,BOYACA,1993,219,2.19E+11,ACTIVIDADES FINANCIERAS INMOBILIARIAS EMPRESARIALES Y COMUNICACIONES,S01
15,BOYACA,1994,251,2.51E+11,ACTIVIDADES FINANCIERAS INMOBILIARIAS EMPRESARIALES Y COMUNICACIONES,S01
15,BOYACA,1995,322,3.22E+11,ACTIVIDADES FINANCIERAS INMOBILIARIAS EMPRESARIALES Y COMUNICACIONES,S01
15,BOYACA,1996,397,3.97E+11,ACTIVIDADES FINANCIERAS INMOBILIARIAS EMPRESARIALES Y COMUNICACIONES,S01
15,BOYACA,1997,501,5.01E+11,ACTIVIDADES FINANCIERAS INMOBILIARIAS EMPRESARIALES Y COMUNICACIONES,S01
15,BOYACA,1998,619,6.19E+11,ACTIVIDADES FINANCIERAS INMOBILIARIAS EMPRESARIALES Y COMUNICACIONES,S01
15,BOYACA,1999,684,6.84E+11,ACTIVIDADES FINANCIERAS INMOBILIARIAS EMPRESARIALES Y COMUNICACIONES,S01
15,BOYACA,2000,695,6.95E+11,ACTIVIDADES FINANCIERAS INMOBILIARIAS EMPRESARIALES Y COMUNICACIONES,S01
15,BOYACA,2001,787,7.87E+11,ACTIVIDADES FINANCIERAS INMOBILIARIAS EMPRESARIALES Y COMUNICACIONES,S01
15,BOYACA,2002,880,8.80E+11,ACTIVIDADES FINANCIERAS INMOBILIARIAS EMPRESARIALES Y COMUNICACIONES,S01
15,BOYACA,2003,965,9.65E+11,ACTIVIDADES FINANCIERAS INMOBILIARIAS EMPRESARIALES Y COMUNICACIONES,S01
15,BOYACA,2004,1093,1.09E+12,ACTIVIDADES FINANCIERAS INMOBILIARIAS EMPRESARIALES Y COMUNICACIONES,S01
15,BOYACA,2005,1224,1.22E+12,ACTIVIDADES FINANCIERAS INMOBILIARIAS EMPRESARIALES Y COMUNICACIONES,S01
15,BOYACA,2006,1406,1.41E+12,ACTIVIDADES FINANCIERAS INMOBILIARIAS EMPRESARIALES Y COMUNICACIONES,S01
15,BOYACA,2007,1606,1.61E+12,ACTIVIDADES FINANCIERAS INMOBILIARIAS EMPRESARIALES Y COMUNICACIONES,S01
15,BOYACA,2008,1791,1.79E+12,ACTIVIDADES FINANCIERAS INMOBILIARIAS EMPRESARIALES Y COMUNICACIONES,S01
15,BOYACA,2009,1923,1.92E+12,ACTIVIDADES FINANCIERAS INMOBILIARIAS EMPRESARIALES Y COMUNICACIONES,S01
15,BOYACA,2010,2041,2.04E+12,ACTIVIDADES FINANCIERAS INMOBILIARIAS EMPRESARIALES Y COMUNICACIONES,S01
15,BOYACA,2011,2294,2.29E+12,ACTIVIDADES FINANCIERAS INMOBILIARIAS EMPRESARIALES Y COMUNICACIONES,S01
15,BOYACA,2012,2451,2.45E+12,ACTIVIDADES FINANCIERAS INMOBILIARIAS EMPRESARIALES Y COMUNICACIONES,S01
15,BOYACA,2013,2633,2.63E+12,ACTIVIDADES FINANCIERAS INMOBILIARIAS EMPRESARIALES Y COMUNICACIONES,S01
15,BOYACA,2014,2755,2.76E+12,ACTIVIDADES FINANCIERAS INMOBILIARIAS EMPRESARIALES Y COMUNICACIONES,S01
15,BOYACA,2015,2954,2.95E+12,ACTIVIDADES FINANCIERAS INMOBILIARIAS EMPRESARIALES Y COMUNICACIONES,S01
15,BOYACA,2016,3116,3.12E+12,ACTIVIDADES FINANCIERAS INMOBILIARIAS EMPRESARIALES Y COMUNICACIONES,S01
15,BOYACA,2017,3292,3.29E+12,ACTIVIDADES FINANCIERAS INMOBILIARIAS EMPRESARIALES Y COMUNICACIONES,S01
15,BOYACA,2018,3542,3.54E+12,ACTIVIDADES FINANCIERAS INMOBILIARIAS EMPRESARIALES Y COMUNICACIONES,S01
15,BOYACA,2019,3803,3.80E+12,ACTIVIDADES FINANCIERAS INMOBILIARIAS EMPRESARIALES Y COMUNICACIONES,S01
15,BOYACA,2020,3871,3.87E+12,ACTIVIDADES FINANCIERAS INMOBILIARIAS EMPRESARIALES Y COMUNICACIONES,S01
15,BOYACA,2021,4215,4.22E+12,ACTIVIDADES FINANCIERAS INMOBILIARIAS EMPRESARIALES Y COMUNICACIONES,S01
15,BOYACA,2022,4619,4.62E+12,ACTIVIDADES FINANCIERAS INMOBILIARIAS EMPRESARIALES Y COMUNICACIONES,S01
15,BOYACA,2023p,5065,5.07E+12,ACTIVIDADES FINANCIERAS INMOBILIARIAS EMPRESARIALES Y COMUNICACIONES,S01
15,BOYACA,2024pr,5441,5.44E+12,ACTIVIDADES FINANCIERAS INMOBILIARIAS EMPRESARIALES Y COMUNICACIONES,S01
17,CALDAS,1980,9,9000000000,ACTIVIDADES FINANCIERAS INMOBILIARIAS EMPRESARIALES Y COMUNICACIONES,S01
17,CALDAS,1981,12,12000000000,ACTIVIDADES FINANCIERAS INMOBILIARIAS EMPRESARIALES Y COMUNICACIONES,S01
17,CALDAS,1982,14,14000000000,ACTIVIDADES FINANCIERAS INMOBILIARIAS EMPRESARIALES Y COMUNICACIONES,S01
17,CALDAS,1983,18,18000000000,ACTIVIDADES FINANCIERAS INMOBILIARIAS EMPRESARIALES Y COMUNICACIONES,S01
17,CALDAS,1984,21,21000000000,ACTIVIDADES FINANCIERAS INMOBILIARIAS EMPRESARIALES Y COMUNICACIONES,S01
17,CALDAS,1985,24,24000000000,ACTIVIDADES FINANCIERAS INMOBILIARIAS EMPRESARIALES Y COMUNICACIONES,S01
17,CALDAS,1986,32,32000000000,ACTIVIDADES FINANCIERAS INMOBILIARIAS EMPRESARIALES Y COMUNICACIONES,S01
17,CALDAS,1987,40,40000000000,ACTIVIDADES FINANCIERAS INMOBILIARIAS EMPRESARIALES Y COMUNICACIONES,S01
17,CALDAS,1988,51,51000000000,ACTIVIDADES FINANCIERAS INMOBILIARIAS EMPRESARIALES Y COMUNICACIONES,S01
17,CALDAS,1989,65,65000000000,ACTIVIDADES FINANCIERAS INMOBILIARIAS EMPRESARIALES Y COMUNICACIONES,S01
17,CALDAS,1990,89,89000000000,ACTIVIDADES FINANCIERAS INMOBILIARIAS EMPRESARIALES Y COMUNICACIONES,S01
17,CALDAS,1991,115,1.15E+11,ACTIVIDADES FINANCIERAS INMOBILIARIAS EMPRESARIALES Y COMUNICACIONES,S01
17,CALDAS,1992,150,1.50E+11,ACTIVIDADES FINANCIERAS INMOBILIARIAS EMPRESARIALES Y COMUNICACIONES,S01
17,CALDAS,1993,190,1.90E+11,ACTIVIDADES FINANCIERAS INMOBILIARIAS EMPRESARIALES Y COMUNICACIONES,S01
17,CALDAS,1994,250,2.50E+11,ACTIVIDADES FINANCIERAS INMOBILIARIAS EMPRESARIALES Y COMUNICACIONES,S01
17,CALDAS,1995,330,3.30E+11,ACTIVIDADES FINANCIERAS INMOBILIARIAS EMPRESARIALES Y COMUNICACIONES,S01
17,CALDAS,1996,379,3.79E+11,ACTIVIDADES FINANCIERAS INMOBILIARIAS EMPRESARIALES Y COMUNICACIONES,S01
17,CALDAS,1997,469,4.69E+11,ACTIVIDADES FINANCIERAS INMOBILIARIAS EMPRESARIALES Y COMUNICACIONES,S01
17,CALDAS,1998,551,5.51E+11,ACTIVIDADES FINANCIERAS INMOBILIARIAS EMPRESARIALES Y COMUNICACIONES,S01
17,CALDAS,1999,521,5.21E+11,ACTIVIDADES FINANCIERAS INMOBILIARIAS EMPRESARIALES Y COMUNICACIONES,S01
17,CALDAS,2000,574,5.74E+11,ACTIVIDADES FINANCIERAS INMOBILIARIAS EMPRESARIALES Y COMUNICACIONES,S01
17,CALDAS,2001,668,6.68E+11,ACTIVIDADES FINANCIERAS INMOBILIARIAS EMPRESARIALES Y COMUNICACIONES,S01
17,CALDAS,2002,721,7.21E+11,ACTIVIDADES FINANCIERAS INMOBILIARIAS EMPRESARIALES Y COMUNICACIONES,S01
17,CALDAS,2003,828,8.28E+11,ACTIVIDADES FINANCIERAS INMOBILIARIAS EMPRESARIALES Y COMUNICACIONES,S01
17,CALDAS,2004,953,9.53E+11,ACTIVIDADES FINANCIERAS INMOBILIARIAS EMPRESARIALES Y COMUNICACIONES,S01
17,CALDAS,2005,1134,1.13E+12,ACTIVIDADES FINANCIERAS INMOBILIARIAS EMPRESARIALES Y COMUNICACIONES,S01
17,CALDAS,2006,1169,1.17E+12,ACTIVIDADES FINANCIERAS INMOBILIARIAS EMPRESARIALES Y COMUNICACIONES,S01
17,CALDAS,2007,1343,1.34E+12,ACTIVIDADES FINANCIERAS INMOBILIARIAS EMPRESARIALES Y COMUNICACIONES,S01
17,CALDAS,2008,1518,1.52E+12,ACTIVIDADES FINANCIERAS INMOBILIARIAS EMPRESARIALES Y COMUNICACIONES,S01
17,CALDAS,2009,1677,1.68E+12,ACTIVIDADES FINANCIERAS INMOBILIARIAS EMPRESARIALES Y COMUNICACIONES,S01
17,CALDAS,2010,1775,1.78E+12,ACTIVIDADES FINANCIERAS INMOBILIARIAS EMPRESARIALES Y COMUNICACIONES,S01
17,CALDAS,2011,1912,1.91E+12,ACTIVIDADES FINANCIERAS INMOBILIARIAS EMPRESARIALES Y COMUNICACIONES,S01
17,CALDAS,2012,2080,2.08E+12,ACTIVIDADES FINANCIERAS INMOBILIARIAS EMPRESARIALES Y COMUNICACIONES,S01
17,CALDAS,2013,2293,2.29E+12,ACTIVIDADES FINANCIERAS INMOBILIARIAS EMPRESARIALES Y COMUNICACIONES,S01
17,CALDAS,2014,2455,2.46E+12,ACTIVIDADES FINANCIERAS INMOBILIARIAS EMPRESARIALES Y COMUNICACIONES,S01
17,CALDAS,2015,2616,2.62E+12,ACTIVIDADES FINANCIERAS INMOBILIARIAS EMPRESARIALES Y COMUNICACIONES,S01
17,CALDAS,2016,2721,2.72E+12,ACTIVIDADES FINANCIERAS INMOBILIARIAS EMPRESARIALES Y COMUNICACIONES,S01
17,CALDAS,2017,2859,2.86E+12,ACTIVIDADES FINANCIERAS INMOBILIARIAS EMPRESARIALES Y COMUNICACIONES,S01
17,CALDAS,2018,3094,3.09E+12,ACTIVIDADES FINANCIERAS INMOBILIARIAS EMPRESARIALES Y COMUNICACIONES,S01
17,CALDAS,2019,3302,3.30E+12,ACTIVIDADES FINANCIERAS INMOBILIARIAS EMPRESARIALES Y COMUNICACIONES,S01
17,CALDAS,2020,3328,3.33E+12,ACTIVIDADES FINANCIERAS INMOBILIARIAS EMPRESARIALES Y COMUNICACIONES,S01
17,CALDAS,2021,3627,3.63E+12,ACTIVIDADES FINANCIERAS INMOBILIARIAS EMPRESARIALES Y COMUNICACIONES,S01
17,CALDAS,2022,3986,3.99E+12,ACTIVIDADES FINANCIERAS INMOBILIARIAS EMPRESARIALES Y COMUNICACIONES,S01
17,CALDAS,2023p,4339,4.34E+12,ACTIVIDADES FINANCIERAS INMOBILIARIAS EMPRESARIALES Y COMUNICACIONES,S01
17,CALDAS,2024pr,4682,4.68E+12,ACTIVIDADES FINANCIERAS INMOBILIARIAS EMPRESARIALES Y COMUNICACIONES,S01
18,CAQUETA,1980,1,1000000000,ACTIVIDADES FINANCIERAS INMOBILIARIAS EMPRESARIALES Y COMUNICACIONES,S01
18,CAQUETA,1981,1,1000000000,ACTIVIDADES FINANCIERAS INMOBILIARIAS EMPRESARIALES Y COMUNICACIONES,S01
18,CAQUETA,1982,1,1000000000,ACTIVIDADES FINANCIERAS INMOBILIARIAS EMPRESARIALES Y COMUNICACIONES,S01
18,CAQUETA,1983,2,2000000000,ACTIVIDADES FINANCIERAS INMOBILIARIAS EMPRESARIALES Y COMUNICACIONES,S01
18,CAQUETA,1984,2,2000000000,ACTIVIDADES FINANCIERAS INMOBILIARIAS EMPRESARIALES Y COMUNICACIONES,S01
18,CAQUETA,1985,2,2000000000,ACTIVIDADES FINANCIERAS INMOBILIARIAS EMPRESARIALES Y COMUNICACIONES,S01
18,CAQUETA,1986,3,3000000000,ACTIVIDADES FINANCIERAS INMOBILIARIAS EMPRESARIALES Y COMUNICACIONES,S01
18,CAQUETA,1987,4,4000000000,ACTIVIDADES FINANCIERAS INMOBILIARIAS EMPRESARIALES Y COMUNICACIONES,S01
18,CAQUETA,1988,5,5000000000,ACTIVIDADES FINANCIERAS INMOBILIARIAS EMPRESARIALES Y COMUNICACIONES,S01
18,CAQUETA,1989,6,6000000000,ACTIVIDADES FINANCIERAS INMOBILIARIAS EMPRESARIALES Y COMUNICACIONES,S01
18,CAQUETA,1990,9,9000000000,ACTIVIDADES FINANCIERAS INMOBILIARIAS EMPRESARIALES Y COMUNICACIONES,S01
18,CAQUETA,1991,12,12000000000,ACTIVIDADES FINANCIERAS INMOBILIARIAS EMPRESARIALES Y COMUNICACIONES,S01
18,CAQUETA,1992,17,17000000000,ACTIVIDADES FINANCIERAS INMOBILIARIAS EMPRESARIALES Y COMUNICACIONES,S01
18,CAQUETA,1993,19,19000000000,ACTIVIDADES FINANCIERAS INMOBILIARIAS EMPRESARIALES Y COMUNICACIONES,S01
18,CAQUETA,1994,30,30000000000,ACTIVIDADES FINANCIERAS INMOBILIARIAS EMPRESARIALES Y COMUNICACIONES,S01
18,CAQUETA,1995,41,41000000000,ACTIVIDADES FINANCIERAS INMOBILIARIAS EMPRESARIALES Y COMUNICACIONES,S01
18,CAQUETA,1996,46,46000000000,ACTIVIDADES FINANCIERAS INMOBILIARIAS EMPRESARIALES Y COMUNICACIONES,S01
18,CAQUETA,1997,62,62000000000,ACTIVIDADES FINANCIERAS INMOBILIARIAS EMPRESARIALES Y COMUNICACIONES,S01
18,CAQUETA,1998,67,67000000000,ACTIVIDADES FINANCIERAS INMOBILIARIAS EMPRESARIALES Y COMUNICACIONES,S01
18,CAQUETA,1999,69,69000000000,ACTIVIDADES FINANCIERAS INMOBILIARIAS EMPRESARIALES Y COMUNICACIONES,S01
18,CAQUETA,2000,72,72000000000,ACTIVIDADES FINANCIERAS INMOBILIARIAS EMPRESARIALES Y COMUNICACIONES,S01
18,CAQUETA,2001,82,82000000000,ACTIVIDADES FINANCIERAS INMOBILIARIAS EMPRESARIALES Y COMUNICACIONES,S01
18,CAQUETA,2002,93,93000000000,ACTIVIDADES FINANCIERAS INMOBILIARIAS EMPRESARIALES Y COMUNICACIONES,S01
18,CAQUETA,2003,138,1.38E+11,ACTIVIDADES FINANCIERAS INMOBILIARIAS EMPRESARIALES Y COMUNICACIONES,S01
18,CAQUETA,2004,162,1.62E+11,ACTIVIDADES FINANCIERAS INMOBILIARIAS EMPRESARIALES Y COMUNICACIONES,S01
18,CAQUETA,2005,178,1.78E+11,ACTIVIDADES FINANCIERAS INMOBILIARIAS EMPRESARIALES Y COMUNICACIONES,S01
18,CAQUETA,2006,171,1.71E+11,ACTIVIDADES FINANCIERAS INMOBILIARIAS EMPRESARIALES Y COMUNICACIONES,S01
18,CAQUETA,2007,204,2.04E+11,ACTIVIDADES FINANCIERAS INMOBILIARIAS EMPRESARIALES Y COMUNICACIONES,S01
18,CAQUETA,2008,235,2.35E+11,ACTIVIDADES FINANCIERAS INMOBILIARIAS EMPRESARIALES Y COMUNICACIONES,S01
18,CAQUETA,2009,263,2.63E+11,ACTIVIDADES FINANCIERAS INMOBILIARIAS EMPRESARIALES Y COMUNICACIONES,S01
18,CAQUETA,2010,290,2.90E+11,ACTIVIDADES FINANCIERAS INMOBILIARIAS EMPRESARIALES Y COMUNICACIONES,S01
18,CAQUETA,2011,325,3.25E+11,ACTIVIDADES FINANCIERAS INMOBILIARIAS EMPRESARIALES Y COMUNICACIONES,S01
18,CAQUETA,2012,363,3.63E+11,ACTIVIDADES FINANCIERAS INMOBILIARIAS EMPRESARIALES Y COMUNICACIONES,S01
18,CAQUETA,2013,405,4.05E+11,ACTIVIDADES FINANCIERAS INMOBILIARIAS EMPRESARIALES Y COMUNICACIONES,S01
18,CAQUETA,2014,470,4.70E+11,ACTIVIDADES FINANCIERAS INMOBILIARIAS EMPRESARIALES Y COMUNICACIONES,S01
18,CAQUETA,2015,492,4.92E+11,ACTIVIDADES FINANCIERAS INMOBILIARIAS EMPRESARIALES Y COMUNICACIONES,S01
18,CAQUETA,2016,518,5.18E+11,ACTIVIDADES FINANCIERAS INMOBILIARIAS EMPRESARIALES Y COMUNICACIONES,S01
18,CAQUETA,2017,549,5.49E+11,ACTIVIDADES FINANCIERAS INMOBILIARIAS EMPRESARIALES Y COMUNICACIONES,S01
18,CAQUETA,2018,591,5.91E+11,ACTIVIDADES FINANCIERAS INMOBILIARIAS EMPRESARIALES Y COMUNICACIONES,S01
18,CAQUETA,2019,629,6.29E+11,ACTIVIDADES FINANCIERAS INMOBILIARIAS EMPRESARIALES Y COMUNICACIONES,S01
18,CAQUETA,2020,635,6.35E+11,ACTIVIDADES FINANCIERAS INMOBILIARIAS EMPRESARIALES Y COMUNICACIONES,S01
18,CAQUETA,2021,667,6.67E+11,ACTIVIDADES FINANCIERAS INMOBILIARIAS EMPRESARIALES Y COMUNICACIONES,S01
18,CAQUETA,2022,728,7.28E+11,ACTIVIDADES FINANCIERAS INMOBILIARIAS EMPRESARIALES Y COMUNICACIONES,S01
18,CAQUETA,2023p,788,7.88E+11,ACTIVIDADES FINANCIERAS INMOBILIARIAS EMPRESARIALES Y COMUNICACIONES,S01
18,CAQUETA,2024pr,854,8.54E+11,ACTIVIDADES FINANCIERAS INMOBILIARIAS EMPRESARIALES Y COMUNICACIONES,S01
19,CAUCA,1980,5,5000000000,ACTIVIDADES FINANCIERAS INMOBILIARIAS EMPRESARIALES Y COMUNICACIONES,S01
19,CAUCA,1981,6,6000000000,ACTIVIDADES FINANCIERAS INMOBILIARIAS EMPRESARIALES Y COMUNICACIONES,S01
19,CAUCA,1982,8,8000000000,ACTIVIDADES FINANCIERAS INMOBILIARIAS EMPRESARIALES Y COMUNICACIONES,S01
19,CAUCA,1983,11,11000000000,ACTIVIDADES FINANCIERAS INMOBILIARIAS EMPRESARIALES Y COMUNICACIONES,S01
19,CAUCA,1984,12,12000000000,ACTIVIDADES FINANCIERAS INMOBILIARIAS EMPRESARIALES Y COMUNICACIONES,S01
19,CAUCA,1985,14,14000000000,ACTIVIDADES FINANCIERAS INMOBILIARIAS EMPRESARIALES Y COMUNICACIONES,S01
19,CAUCA,1986,18,18000000000,ACTIVIDADES FINANCIERAS INMOBILIARIAS EMPRESARIALES Y COMUNICACIONES,S01
19,CAUCA,1987,23,23000000000,ACTIVIDADES FINANCIERAS INMOBILIARIAS EMPRESARIALES Y COMUNICACIONES,S01
19,CAUCA,1988,30,30000000000,ACTIVIDADES FINANCIERAS INMOBILIARIAS EMPRESARIALES Y COMUNICACIONES,S01
19,CAUCA,1989,41,41000000000,ACTIVIDADES FINANCIERAS INMOBILIARIAS EMPRESARIALES Y COMUNICACIONES,S01
19,CAUCA,1990,57,57000000000,ACTIVIDADES FINANCIERAS INMOBILIARIAS EMPRESARIALES Y COMUNICACIONES,S01
19,CAUCA,1991,75,75000000000,ACTIVIDADES FINANCIERAS INMOBILIARIAS EMPRESARIALES Y COMUNICACIONES,S01
19,CAUCA,1992,107,1.07E+11,ACTIVIDADES FINANCIERAS INMOBILIARIAS EMPRESARIALES Y COMUNICACIONES,S01
19,CAUCA,1993,136,1.36E+11,ACTIVIDADES FINANCIERAS INMOBILIARIAS EMPRESARIALES Y COMUNICACIONES,S01
19,CAUCA,1994,158,1.58E+11,ACTIVIDADES FINANCIERAS INMOBILIARIAS EMPRESARIALES Y COMUNICACIONES,S01
19,CAUCA,1995,198,1.98E+11,ACTIVIDADES FINANCIERAS INMOBILIARIAS EMPRESARIALES Y COMUNICACIONES,S01
19,CAUCA,1996,236,2.36E+11,ACTIVIDADES FINANCIERAS INMOBILIARIAS EMPRESARIALES Y COMUNICACIONES,S01
19,CAUCA,1997,300,3.00E+11,ACTIVIDADES FINANCIERAS INMOBILIARIAS EMPRESARIALES Y COMUNICACIONES,S01
19,CAUCA,1998,354,3.54E+11,ACTIVIDADES FINANCIERAS INMOBILIARIAS EMPRESARIALES Y COMUNICACIONES,S01
19,CAUCA,1999,387,3.87E+11,ACTIVIDADES FINANCIERAS INMOBILIARIAS EMPRESARIALES Y COMUNICACIONES,S01
19,CAUCA,2000,442,4.42E+11,ACTIVIDADES FINANCIERAS INMOBILIARIAS EMPRESARIALES Y COMUNICACIONES,S01
19,CAUCA,2001,485,4.85E+11,ACTIVIDADES FINANCIERAS INMOBILIARIAS EMPRESARIALES Y COMUNICACIONES,S01
19,CAUCA,2002,590,5.90E+11,ACTIVIDADES FINANCIERAS INMOBILIARIAS EMPRESARIALES Y COMUNICACIONES,S01
19,CAUCA,2003,675,6.75E+11,ACTIVIDADES FINANCIERAS INMOBILIARIAS EMPRESARIALES Y COMUNICACIONES,S01
19,CAUCA,2004,774,7.74E+11,ACTIVIDADES FINANCIERAS INMOBILIARIAS EMPRESARIALES Y COMUNICACIONES,S01
19,CAUCA,2005,895,8.95E+11,ACTIVIDADES FINANCIERAS INMOBILIARIAS EMPRESARIALES Y COMUNICACIONES,S01
19,CAUCA,2006,948,9.48E+11,ACTIVIDADES FINANCIERAS INMOBILIARIAS EMPRESARIALES Y COMUNICACIONES,S01
19,CAUCA,2007,1084,1.08E+12,ACTIVIDADES FINANCIERAS INMOBILIARIAS EMPRESARIALES Y COMUNICACIONES,S01
19,CAUCA,2008,1239,1.24E+12,ACTIVIDADES FINANCIERAS INMOBILIARIAS EMPRESARIALES Y COMUNICACIONES,S01
19,CAUCA,2009,1332,1.33E+12,ACTIVIDADES FINANCIERAS INMOBILIARIAS EMPRESARIALES Y COMUNICACIONES,S01
19,CAUCA,2010,1482,1.48E+12,ACTIVIDADES FINANCIERAS INMOBILIARIAS EMPRESARIALES Y COMUNICACIONES,S01
19,CAUCA,2011,1623,1.62E+12,ACTIVIDADES FINANCIERAS INMOBILIARIAS EMPRESARIALES Y COMUNICACIONES,S01
19,CAUCA,2012,1794,1.79E+12,ACTIVIDADES FINANCIERAS INMOBILIARIAS EMPRESARIALES Y COMUNICACIONES,S01
19,CAUCA,2013,1980,1.98E+12,ACTIVIDADES FINANCIERAS INMOBILIARIAS EMPRESARIALES Y COMUNICACIONES,S01
19,CAUCA,2014,2117,2.12E+12,ACTIVIDADES FINANCIERAS INMOBILIARIAS EMPRESARIALES Y COMUNICACIONES,S01
19,CAUCA,2015,2257,2.26E+12,ACTIVIDADES FINANCIERAS INMOBILIARIAS EMPRESARIALES Y COMUNICACIONES,S01
19,CAUCA,2016,2357,2.36E+12,ACTIVIDADES FINANCIERAS INMOBILIARIAS EMPRESARIALES Y COMUNICACIONES,S01
19,CAUCA,2017,2430,2.43E+12,ACTIVIDADES FINANCIERAS INMOBILIARIAS EMPRESARIALES Y COMUNICACIONES,S01
19,CAUCA,2018,2615,2.62E+12,ACTIVIDADES FINANCIERAS INMOBILIARIAS EMPRESARIALES Y COMUNICACIONES,S01
19,CAUCA,2019,2801,2.80E+12,ACTIVIDADES FINANCIERAS INMOBILIARIAS EMPRESARIALES Y COMUNICACIONES,S01
19,CAUCA,2020,2800,2.80E+12,ACTIVIDADES FINANCIERAS INMOBILIARIAS EMPRESARIALES Y COMUNICACIONES,S01
19,CAUCA,2021,2995,3.00E+12,ACTIVIDADES FINANCIERAS INMOBILIARIAS EMPRESARIALES Y COMUNICACIONES,S01
19,CAUCA,2022,3248,3.25E+12,ACTIVIDADES FINANCIERAS INMOBILIARIAS EMPRESARIALES Y COMUNICACIONES,S01
19,CAUCA,2023p,3556,3.56E+12,ACTIVIDADES FINANCIERAS INMOBILIARIAS EMPRESARIALES Y COMUNICACIONES,S01
19,CAUCA,2024pr,3883,3.88E+12,ACTIVIDADES FINANCIERAS INMOBILIARIAS EMPRESARIALES Y COMUNICACIONES,S01
20,CESAR,1980,5,5000000000,ACTIVIDADES FINANCIERAS INMOBILIARIAS EMPRESARIALES Y COMUNICACIONES,S01
20,CESAR,1981,6,6000000000,ACTIVIDADES FINANCIERAS INMOBILIARIAS EMPRESARIALES Y COMUNICACIONES,S01
20,CESAR,1982,8,8000000000,ACTIVIDADES FINANCIERAS INMOBILIARIAS EMPRESARIALES Y COMUNICACIONES,S01
20,CESAR,1983,10,10000000000,ACTIVIDADES FINANCIERAS INMOBILIARIAS EMPRESARIALES Y COMUNICACIONES,S01
20,CESAR,1984,11,11000000000,ACTIVIDADES FINANCIERAS INMOBILIARIAS EMPRESARIALES Y COMUNICACIONES,S01
20,CESAR,1985,13,13000000000,ACTIVIDADES FINANCIERAS INMOBILIARIAS EMPRESARIALES Y COMUNICACIONES,S01
20,CESAR,1986,18,18000000000,ACTIVIDADES FINANCIERAS INMOBILIARIAS EMPRESARIALES Y COMUNICACIONES,S01
20,CESAR,1987,21,21000000000,ACTIVIDADES FINANCIERAS INMOBILIARIAS EMPRESARIALES Y COMUNICACIONES,S01
20,CESAR,1988,29,29000000000,ACTIVIDADES FINANCIERAS INMOBILIARIAS EMPRESARIALES Y COMUNICACIONES,S01
20,CESAR,1989,37,37000000000,ACTIVIDADES FINANCIERAS INMOBILIARIAS EMPRESARIALES Y COMUNICACIONES,S01
20,CESAR,1990,50,50000000000,ACTIVIDADES FINANCIERAS INMOBILIARIAS EMPRESARIALES Y COMUNICACIONES,S01
20,CESAR,1991,66,66000000000,ACTIVIDADES FINANCIERAS INMOBILIARIAS EMPRESARIALES Y COMUNICACIONES,S01
20,CESAR,1992,86,86000000000,ACTIVIDADES FINANCIERAS INMOBILIARIAS EMPRESARIALES Y COMUNICACIONES,S01
20,CESAR,1993,110,1.10E+11,ACTIVIDADES FINANCIERAS INMOBILIARIAS EMPRESARIALES Y COMUNICACIONES,S01
20,CESAR,1994,139,1.39E+11,ACTIVIDADES FINANCIERAS INMOBILIARIAS EMPRESARIALES Y COMUNICACIONES,S01
20,CESAR,1995,181,1.81E+11,ACTIVIDADES FINANCIERAS INMOBILIARIAS EMPRESARIALES Y COMUNICACIONES,S01
20,CESAR,1996,231,2.31E+11,ACTIVIDADES FINANCIERAS INMOBILIARIAS EMPRESARIALES Y COMUNICACIONES,S01
20,CESAR,1997,282,2.82E+11,ACTIVIDADES FINANCIERAS INMOBILIARIAS EMPRESARIALES Y COMUNICACIONES,S01
20,CESAR,1998,339,3.39E+11,ACTIVIDADES FINANCIERAS INMOBILIARIAS EMPRESARIALES Y COMUNICACIONES,S01
20,CESAR,1999,374,3.74E+11,ACTIVIDADES FINANCIERAS INMOBILIARIAS EMPRESARIALES Y COMUNICACIONES,S01
20,CESAR,2000,398,3.98E+11,ACTIVIDADES FINANCIERAS INMOBILIARIAS EMPRESARIALES Y COMUNICACIONES,S01
20,CESAR,2001,446,4.46E+11,ACTIVIDADES FINANCIERAS INMOBILIARIAS EMPRESARIALES Y COMUNICACIONES,S01
20,CESAR,2002,493,4.93E+11,ACTIVIDADES FINANCIERAS INMOBILIARIAS EMPRESARIALES Y COMUNICACIONES,S01
20,CESAR,2003,550,5.50E+11,ACTIVIDADES FINANCIERAS INMOBILIARIAS EMPRESARIALES Y COMUNICACIONES,S01
20,CESAR,2004,600,6.00E+11,ACTIVIDADES FINANCIERAS INMOBILIARIAS EMPRESARIALES Y COMUNICACIONES,S01
20,CESAR,2005,687,6.87E+11,ACTIVIDADES FINANCIERAS INMOBILIARIAS EMPRESARIALES Y COMUNICACIONES,S01
20,CESAR,2006,793,7.93E+11,ACTIVIDADES FINANCIERAS INMOBILIARIAS EMPRESARIALES Y COMUNICACIONES,S01
20,CESAR,2007,926,9.26E+11,ACTIVIDADES FINANCIERAS INMOBILIARIAS EMPRESARIALES Y COMUNICACIONES,S01
20,CESAR,2008,1028,1.03E+12,ACTIVIDADES FINANCIERAS INMOBILIARIAS EMPRESARIALES Y COMUNICACIONES,S01
20,CESAR,2009,1133,1.13E+12,ACTIVIDADES FINANCIERAS INMOBILIARIAS EMPRESARIALES Y COMUNICACIONES,S01
20,CESAR,2010,1227,1.23E+12,ACTIVIDADES FINANCIERAS INMOBILIARIAS EMPRESARIALES Y COMUNICACIONES,S01
20,CESAR,2011,1375,1.38E+12,ACTIVIDADES FINANCIERAS INMOBILIARIAS EMPRESARIALES Y COMUNICACIONES,S01
20,CESAR,2012,1470,1.47E+12,ACTIVIDADES FINANCIERAS INMOBILIARIAS EMPRESARIALES Y COMUNICACIONES,S01
20,CESAR,2013,1606,1.61E+12,ACTIVIDADES FINANCIERAS INMOBILIARIAS EMPRESARIALES Y COMUNICACIONES,S01
20,CESAR,2014,1772,1.77E+12,ACTIVIDADES FINANCIERAS INMOBILIARIAS EMPRESARIALES Y COMUNICACIONES,S01
20,CESAR,2015,1860,1.86E+12,ACTIVIDADES FINANCIERAS INMOBILIARIAS EMPRESARIALES Y COMUNICACIONES,S01
20,CESAR,2016,1915,1.92E+12,ACTIVIDADES FINANCIERAS INMOBILIARIAS EMPRESARIALES Y COMUNICACIONES,S01
20,CESAR,2017,2050,2.05E+12,ACTIVIDADES FINANCIERAS INMOBILIARIAS EMPRESARIALES Y COMUNICACIONES,S01
20,CESAR,2018,2190,2.19E+12,ACTIVIDADES FINANCIERAS INMOBILIARIAS EMPRESARIALES Y COMUNICACIONES,S01
20,CESAR,2019,2337,2.34E+12,ACTIVIDADES FINANCIERAS INMOBILIARIAS EMPRESARIALES Y COMUNICACIONES,S01
20,CESAR,2020,2341,2.34E+12,ACTIVIDADES FINANCIERAS INMOBILIARIAS EMPRESARIALES Y COMUNICACIONES,S01
20,CESAR,2021,2528,2.53E+12,ACTIVIDADES FINANCIERAS INMOBILIARIAS EMPRESARIALES Y COMUNICACIONES,S01
20,CESAR,2022,2765,2.77E+12,ACTIVIDADES FINANCIERAS INMOBILIARIAS EMPRESARIALES Y COMUNICACIONES,S01
20,CESAR,2023p,3034,3.03E+12,ACTIVIDADES FINANCIERAS INMOBILIARIAS EMPRESARIALES Y COMUNICACIONES,S01
20,CESAR,2024pr,3287,3.29E+12,ACTIVIDADES FINANCIERAS INMOBILIARIAS EMPRESARIALES Y COMUNICACIONES,S01
27,CHOCO,1980,1,1000000000,ACTIVIDADES FINANCIERAS INMOBILIARIAS EMPRESARIALES Y COMUNICACIONES,S01
27,CHOCO,1981,1,1000000000,ACTIVIDADES FINANCIERAS INMOBILIARIAS EMPRESARIALES Y COMUNICACIONES,S01
27,CHOCO,1982,2,2000000000,ACTIVIDADES FINANCIERAS INMOBILIARIAS EMPRESARIALES Y COMUNICACIONES,S01
27,CHOCO,1983,2,2000000000,ACTIVIDADES FINANCIERAS INMOBILIARIAS EMPRESARIALES Y COMUNICACIONES,S01
27,CHOCO,1984,2,2000000000,ACTIVIDADES FINANCIERAS INMOBILIARIAS EMPRESARIALES Y COMUNICACIONES,S01
27,CHOCO,1985,2,2000000000,ACTIVIDADES FINANCIERAS INMOBILIARIAS EMPRESARIALES Y COMUNICACIONES,S01
27,CHOCO,1986,2,2000000000,ACTIVIDADES FINANCIERAS INMOBILIARIAS EMPRESARIALES Y COMUNICACIONES,S01
27,CHOCO,1987,2,2000000000,ACTIVIDADES FINANCIERAS INMOBILIARIAS EMPRESARIALES Y COMUNICACIONES,S01
27,CHOCO,1988,3,3000000000,ACTIVIDADES FINANCIERAS INMOBILIARIAS EMPRESARIALES Y COMUNICACIONES,S01
27,CHOCO,1989,3,3000000000,ACTIVIDADES FINANCIERAS INMOBILIARIAS EMPRESARIALES Y COMUNICACIONES,S01
27,CHOCO,1990,4,4000000000,ACTIVIDADES FINANCIERAS INMOBILIARIAS EMPRESARIALES Y COMUNICACIONES,S01
27,CHOCO,1991,7,7000000000,ACTIVIDADES FINANCIERAS INMOBILIARIAS EMPRESARIALES Y COMUNICACIONES,S01
27,CHOCO,1992,9,9000000000,ACTIVIDADES FINANCIERAS INMOBILIARIAS EMPRESARIALES Y COMUNICACIONES,S01
27,CHOCO,1993,12,12000000000,ACTIVIDADES FINANCIERAS INMOBILIARIAS EMPRESARIALES Y COMUNICACIONES,S01
27,CHOCO,1994,13,13000000000,ACTIVIDADES FINANCIERAS INMOBILIARIAS EMPRESARIALES Y COMUNICACIONES,S01
27,CHOCO,1995,17,17000000000,ACTIVIDADES FINANCIERAS INMOBILIARIAS EMPRESARIALES Y COMUNICACIONES,S01
27,CHOCO,1996,21,21000000000,ACTIVIDADES FINANCIERAS INMOBILIARIAS EMPRESARIALES Y COMUNICACIONES,S01
27,CHOCO,1997,26,26000000000,ACTIVIDADES FINANCIERAS INMOBILIARIAS EMPRESARIALES Y COMUNICACIONES,S01
27,CHOCO,1998,30,30000000000,ACTIVIDADES FINANCIERAS INMOBILIARIAS EMPRESARIALES Y COMUNICACIONES,S01
27,CHOCO,1999,31,31000000000,ACTIVIDADES FINANCIERAS INMOBILIARIAS EMPRESARIALES Y COMUNICACIONES,S01
27,CHOCO,2000,35,35000000000,ACTIVIDADES FINANCIERAS INMOBILIARIAS EMPRESARIALES Y COMUNICACIONES,S01
27,CHOCO,2001,39,39000000000,ACTIVIDADES FINANCIERAS INMOBILIARIAS EMPRESARIALES Y COMUNICACIONES,S01
27,CHOCO,2002,46,46000000000,ACTIVIDADES FINANCIERAS INMOBILIARIAS EMPRESARIALES Y COMUNICACIONES,S01
27,CHOCO,2003,50,50000000000,ACTIVIDADES FINANCIERAS INMOBILIARIAS EMPRESARIALES Y COMUNICACIONES,S01
27,CHOCO,2004,59,59000000000,ACTIVIDADES FINANCIERAS INMOBILIARIAS EMPRESARIALES Y COMUNICACIONES,S01
27,CHOCO,2005,65,65000000000,ACTIVIDADES FINANCIERAS INMOBILIARIAS EMPRESARIALES Y COMUNICACIONES,S01
27,CHOCO,2006,77,77000000000,ACTIVIDADES FINANCIERAS INMOBILIARIAS EMPRESARIALES Y COMUNICACIONES,S01
27,CHOCO,2007,88,88000000000,ACTIVIDADES FINANCIERAS INMOBILIARIAS EMPRESARIALES Y COMUNICACIONES,S01
27,CHOCO,2008,97,97000000000,ACTIVIDADES FINANCIERAS INMOBILIARIAS EMPRESARIALES Y COMUNICACIONES,S01
27,CHOCO,2009,104,1.04E+11,ACTIVIDADES FINANCIERAS INMOBILIARIAS EMPRESARIALES Y COMUNICACIONES,S01
27,CHOCO,2010,117,1.17E+11,ACTIVIDADES FINANCIERAS INMOBILIARIAS EMPRESARIALES Y COMUNICACIONES,S01
27,CHOCO,2011,126,1.26E+11,ACTIVIDADES FINANCIERAS INMOBILIARIAS EMPRESARIALES Y COMUNICACIONES,S01
27,CHOCO,2012,140,1.40E+11,ACTIVIDADES FINANCIERAS INMOBILIARIAS EMPRESARIALES Y COMUNICACIONES,S01
27,CHOCO,2013,148,1.48E+11,ACTIVIDADES FINANCIERAS INMOBILIARIAS EMPRESARIALES Y COMUNICACIONES,S01
27,CHOCO,2014,161,1.61E+11,ACTIVIDADES FINANCIERAS INMOBILIARIAS EMPRESARIALES Y COMUNICACIONES,S01
27,CHOCO,2015,170,1.70E+11,ACTIVIDADES FINANCIERAS INMOBILIARIAS EMPRESARIALES Y COMUNICACIONES,S01
27,CHOCO,2016,176,1.76E+11,ACTIVIDADES FINANCIERAS INMOBILIARIAS EMPRESARIALES Y COMUNICACIONES,S01
27,CHOCO,2017,191,1.91E+11,ACTIVIDADES FINANCIERAS INMOBILIARIAS EMPRESARIALES Y COMUNICACIONES,S01
27,CHOCO,2018,203,2.03E+11,ACTIVIDADES FINANCIERAS INMOBILIARIAS EMPRESARIALES Y COMUNICACIONES,S01
27,CHOCO,2019,214,2.14E+11,ACTIVIDADES FINANCIERAS INMOBILIARIAS EMPRESARIALES Y COMUNICACIONES,S01
27,CHOCO,2020,219,2.19E+11,ACTIVIDADES FINANCIERAS INMOBILIARIAS EMPRESARIALES Y COMUNICACIONES,S01
27,CHOCO,2021,231,2.31E+11,ACTIVIDADES FINANCIERAS INMOBILIARIAS EMPRESARIALES Y COMUNICACIONES,S01
27,CHOCO,2022,249,2.49E+11,ACTIVIDADES FINANCIERAS INMOBILIARIAS EMPRESARIALES Y COMUNICACIONES,S01
27,CHOCO,2023p,270,2.70E+11,ACTIVIDADES FINANCIERAS INMOBILIARIAS EMPRESARIALES Y COMUNICACIONES,S01
27,CHOCO,2024pr,293,2.93E+11,ACTIVIDADES FINANCIERAS INMOBILIARIAS EMPRESARIALES Y COMUNICACIONES,S01
23,CORDOBA,1980,3,3000000000,ACTIVIDADES FINANCIERAS INMOBILIARIAS EMPRESARIALES Y COMUNICACIONES,S01
23,CORDOBA,1981,4,4000000000,ACTIVIDADES FINANCIERAS INMOBILIARIAS EMPRESARIALES Y COMUNICACIONES,S01
23,CORDOBA,1982,5,5000000000,ACTIVIDADES FINANCIERAS INMOBILIARIAS EMPRESARIALES Y COMUNICACIONES,S01
23,CORDOBA,1983,6,6000000000,ACTIVIDADES FINANCIERAS INMOBILIARIAS EMPRESARIALES Y COMUNICACIONES,S01
23,CORDOBA,1984,7,7000000000,ACTIVIDADES FINANCIERAS INMOBILIARIAS EMPRESARIALES Y COMUNICACIONES,S01
23,CORDOBA,1985,7,7000000000,ACTIVIDADES FINANCIERAS INMOBILIARIAS EMPRESARIALES Y COMUNICACIONES,S01
23,CORDOBA,1986,11,11000000000,ACTIVIDADES FINANCIERAS INMOBILIARIAS EMPRESARIALES Y COMUNICACIONES,S01
23,CORDOBA,1987,15,15000000000,ACTIVIDADES FINANCIERAS INMOBILIARIAS EMPRESARIALES Y COMUNICACIONES,S01
23,CORDOBA,1988,19,19000000000,ACTIVIDADES FINANCIERAS INMOBILIARIAS EMPRESARIALES Y COMUNICACIONES,S01
23,CORDOBA,1989,25,25000000000,ACTIVIDADES FINANCIERAS INMOBILIARIAS EMPRESARIALES Y COMUNICACIONES,S01
23,CORDOBA,1990,34,34000000000,ACTIVIDADES FINANCIERAS INMOBILIARIAS EMPRESARIALES Y COMUNICACIONES,S01
23,CORDOBA,1991,42,42000000000,ACTIVIDADES FINANCIERAS INMOBILIARIAS EMPRESARIALES Y COMUNICACIONES,S01
23,CORDOBA,1992,62,62000000000,ACTIVIDADES FINANCIERAS INMOBILIARIAS EMPRESARIALES Y COMUNICACIONES,S01
23,CORDOBA,1993,74,74000000000,ACTIVIDADES FINANCIERAS INMOBILIARIAS EMPRESARIALES Y COMUNICACIONES,S01
23,CORDOBA,1994,99,99000000000,ACTIVIDADES FINANCIERAS INMOBILIARIAS EMPRESARIALES Y COMUNICACIONES,S01
23,CORDOBA,1995,132,1.32E+11,ACTIVIDADES FINANCIERAS INMOBILIARIAS EMPRESARIALES Y COMUNICACIONES,S01
23,CORDOBA,1996,178,1.78E+11,ACTIVIDADES FINANCIERAS INMOBILIARIAS EMPRESARIALES Y COMUNICACIONES,S01
23,CORDOBA,1997,218,2.18E+11,ACTIVIDADES FINANCIERAS INMOBILIARIAS EMPRESARIALES Y COMUNICACIONES,S01
23,CORDOBA,1998,245,2.45E+11,ACTIVIDADES FINANCIERAS INMOBILIARIAS EMPRESARIALES Y COMUNICACIONES,S01
23,CORDOBA,1999,305,3.05E+11,ACTIVIDADES FINANCIERAS INMOBILIARIAS EMPRESARIALES Y COMUNICACIONES,S01
23,CORDOBA,2000,355,3.55E+11,ACTIVIDADES FINANCIERAS INMOBILIARIAS EMPRESARIALES Y COMUNICACIONES,S01
23,CORDOBA,2001,423,4.23E+11,ACTIVIDADES FINANCIERAS INMOBILIARIAS EMPRESARIALES Y COMUNICACIONES,S01
23,CORDOBA,2002,486,4.86E+11,ACTIVIDADES FINANCIERAS INMOBILIARIAS EMPRESARIALES Y COMUNICACIONES,S01
23,CORDOBA,2003,594,5.94E+11,ACTIVIDADES FINANCIERAS INMOBILIARIAS EMPRESARIALES Y COMUNICACIONES,S01
23,CORDOBA,2004,739,7.39E+11,ACTIVIDADES FINANCIERAS INMOBILIARIAS EMPRESARIALES Y COMUNICACIONES,S01
23,CORDOBA,2005,947,9.47E+11,ACTIVIDADES FINANCIERAS INMOBILIARIAS EMPRESARIALES Y COMUNICACIONES,S01
23,CORDOBA,2006,998,9.98E+11,ACTIVIDADES FINANCIERAS INMOBILIARIAS EMPRESARIALES Y COMUNICACIONES,S01
23,CORDOBA,2007,1277,1.28E+12,ACTIVIDADES FINANCIERAS INMOBILIARIAS EMPRESARIALES Y COMUNICACIONES,S01
23,CORDOBA,2008,1305,1.31E+12,ACTIVIDADES FINANCIERAS INMOBILIARIAS EMPRESARIALES Y COMUNICACIONES,S01
23,CORDOBA,2009,1385,1.39E+12,ACTIVIDADES FINANCIERAS INMOBILIARIAS EMPRESARIALES Y COMUNICACIONES,S01
23,CORDOBA,2010,1540,1.54E+12,ACTIVIDADES FINANCIERAS INMOBILIARIAS EMPRESARIALES Y COMUNICACIONES,S01
23,CORDOBA,2011,1676,1.68E+12,ACTIVIDADES FINANCIERAS INMOBILIARIAS EMPRESARIALES Y COMUNICACIONES,S01
23,CORDOBA,2012,1818,1.82E+12,ACTIVIDADES FINANCIERAS INMOBILIARIAS EMPRESARIALES Y COMUNICACIONES,S01
23,CORDOBA,2013,1981,1.98E+12,ACTIVIDADES FINANCIERAS INMOBILIARIAS EMPRESARIALES Y COMUNICACIONES,S01
23,CORDOBA,2014,2247,2.25E+12,ACTIVIDADES FINANCIERAS INMOBILIARIAS EMPRESARIALES Y COMUNICACIONES,S01
23,CORDOBA,2015,2296,2.30E+12,ACTIVIDADES FINANCIERAS INMOBILIARIAS EMPRESARIALES Y COMUNICACIONES,S01
23,CORDOBA,2016,2325,2.33E+12,ACTIVIDADES FINANCIERAS INMOBILIARIAS EMPRESARIALES Y COMUNICACIONES,S01
23,CORDOBA,2017,2473,2.47E+12,ACTIVIDADES FINANCIERAS INMOBILIARIAS EMPRESARIALES Y COMUNICACIONES,S01
23,CORDOBA,2018,2654,2.65E+12,ACTIVIDADES FINANCIERAS INMOBILIARIAS EMPRESARIALES Y COMUNICACIONES,S01
23,CORDOBA,2019,2833,2.83E+12,ACTIVIDADES FINANCIERAS INMOBILIARIAS EMPRESARIALES Y COMUNICACIONES,S01
23,CORDOBA,2020,2765,2.77E+12,ACTIVIDADES FINANCIERAS INMOBILIARIAS EMPRESARIALES Y COMUNICACIONES,S01
23,CORDOBA,2021,3024,3.02E+12,ACTIVIDADES FINANCIERAS INMOBILIARIAS EMPRESARIALES Y COMUNICACIONES,S01
23,CORDOBA,2022,3411,3.41E+12,ACTIVIDADES FINANCIERAS INMOBILIARIAS EMPRESARIALES Y COMUNICACIONES,S01
23,CORDOBA,2023p,3762,3.76E+12,ACTIVIDADES FINANCIERAS INMOBILIARIAS EMPRESARIALES Y COMUNICACIONES,S01
23,CORDOBA,2024pr,4013,4.01E+12,ACTIVIDADES FINANCIERAS INMOBILIARIAS EMPRESARIALES Y COMUNICACIONES,S01
25,CUNDINAMARCA,1980,20,20000000000,ACTIVIDADES FINANCIERAS INMOBILIARIAS EMPRESARIALES Y COMUNICACIONES,S01
25,CUNDINAMARCA,1981,25,25000000000,ACTIVIDADES FINANCIERAS INMOBILIARIAS EMPRESARIALES Y COMUNICACIONES,S01
25,CUNDINAMARCA,1982,32,32000000000,ACTIVIDADES FINANCIERAS INMOBILIARIAS EMPRESARIALES Y COMUNICACIONES,S01
25,CUNDINAMARCA,1983,39,39000000000,ACTIVIDADES FINANCIERAS INMOBILIARIAS EMPRESARIALES Y COMUNICACIONES,S01
25,CUNDINAMARCA,1984,48,48000000000,ACTIVIDADES FINANCIERAS INMOBILIARIAS EMPRESARIALES Y COMUNICACIONES,S01
25,CUNDINAMARCA,1985,59,59000000000,ACTIVIDADES FINANCIERAS INMOBILIARIAS EMPRESARIALES Y COMUNICACIONES,S01
25,CUNDINAMARCA,1986,72,72000000000,ACTIVIDADES FINANCIERAS INMOBILIARIAS EMPRESARIALES Y COMUNICACIONES,S01
25,CUNDINAMARCA,1987,96,96000000000,ACTIVIDADES FINANCIERAS INMOBILIARIAS EMPRESARIALES Y COMUNICACIONES,S01
25,CUNDINAMARCA,1988,129,1.29E+11,ACTIVIDADES FINANCIERAS INMOBILIARIAS EMPRESARIALES Y COMUNICACIONES,S01
25,CUNDINAMARCA,1989,161,1.61E+11,ACTIVIDADES FINANCIERAS INMOBILIARIAS EMPRESARIALES Y COMUNICACIONES,S01
25,CUNDINAMARCA,1990,225,2.25E+11,ACTIVIDADES FINANCIERAS INMOBILIARIAS EMPRESARIALES Y COMUNICACIONES,S01
25,CUNDINAMARCA,1991,292,2.92E+11,ACTIVIDADES FINANCIERAS INMOBILIARIAS EMPRESARIALES Y COMUNICACIONES,S01
25,CUNDINAMARCA,1992,370,3.70E+11,ACTIVIDADES FINANCIERAS INMOBILIARIAS EMPRESARIALES Y COMUNICACIONES,S01
25,CUNDINAMARCA,1993,479,4.79E+11,ACTIVIDADES FINANCIERAS INMOBILIARIAS EMPRESARIALES Y COMUNICACIONES,S01
25,CUNDINAMARCA,1994,631,6.31E+11,ACTIVIDADES FINANCIERAS INMOBILIARIAS EMPRESARIALES Y COMUNICACIONES,S01
25,CUNDINAMARCA,1995,827,8.27E+11,ACTIVIDADES FINANCIERAS INMOBILIARIAS EMPRESARIALES Y COMUNICACIONES,S01
25,CUNDINAMARCA,1996,1039,1.04E+12,ACTIVIDADES FINANCIERAS INMOBILIARIAS EMPRESARIALES Y COMUNICACIONES,S01
25,CUNDINAMARCA,1997,1238,1.24E+12,ACTIVIDADES FINANCIERAS INMOBILIARIAS EMPRESARIALES Y COMUNICACIONES,S01
25,CUNDINAMARCA,1998,1438,1.44E+12,ACTIVIDADES FINANCIERAS INMOBILIARIAS EMPRESARIALES Y COMUNICACIONES,S01
25,CUNDINAMARCA,1999,1444,1.44E+12,ACTIVIDADES FINANCIERAS INMOBILIARIAS EMPRESARIALES Y COMUNICACIONES,S01
25,CUNDINAMARCA,2000,1521,1.52E+12,ACTIVIDADES FINANCIERAS INMOBILIARIAS EMPRESARIALES Y COMUNICACIONES,S01
25,CUNDINAMARCA,2001,1595,1.60E+12,ACTIVIDADES FINANCIERAS INMOBILIARIAS EMPRESARIALES Y COMUNICACIONES,S01
25,CUNDINAMARCA,2002,1792,1.79E+12,ACTIVIDADES FINANCIERAS INMOBILIARIAS EMPRESARIALES Y COMUNICACIONES,S01
25,CUNDINAMARCA,2003,1957,1.96E+12,ACTIVIDADES FINANCIERAS INMOBILIARIAS EMPRESARIALES Y COMUNICACIONES,S01
25,CUNDINAMARCA,2004,2162,2.16E+12,ACTIVIDADES FINANCIERAS INMOBILIARIAS EMPRESARIALES Y COMUNICACIONES,S01
25,CUNDINAMARCA,2005,2433,2.43E+12,ACTIVIDADES FINANCIERAS INMOBILIARIAS EMPRESARIALES Y COMUNICACIONES,S01
25,CUNDINAMARCA,2006,2924,2.92E+12,ACTIVIDADES FINANCIERAS INMOBILIARIAS EMPRESARIALES Y COMUNICACIONES,S01
25,CUNDINAMARCA,2007,3354,3.35E+12,ACTIVIDADES FINANCIERAS INMOBILIARIAS EMPRESARIALES Y COMUNICACIONES,S01
25,CUNDINAMARCA,2008,3686,3.69E+12,ACTIVIDADES FINANCIERAS INMOBILIARIAS EMPRESARIALES Y COMUNICACIONES,S01
25,CUNDINAMARCA,2009,3964,3.96E+12,ACTIVIDADES FINANCIERAS INMOBILIARIAS EMPRESARIALES Y COMUNICACIONES,S01
25,CUNDINAMARCA,2010,4549,4.55E+12,ACTIVIDADES FINANCIERAS INMOBILIARIAS EMPRESARIALES Y COMUNICACIONES,S01
25,CUNDINAMARCA,2011,5007,5.01E+12,ACTIVIDADES FINANCIERAS INMOBILIARIAS EMPRESARIALES Y COMUNICACIONES,S01
25,CUNDINAMARCA,2012,5409,5.41E+12,ACTIVIDADES FINANCIERAS INMOBILIARIAS EMPRESARIALES Y COMUNICACIONES,S01
25,CUNDINAMARCA,2013,5779,5.78E+12,ACTIVIDADES FINANCIERAS INMOBILIARIAS EMPRESARIALES Y COMUNICACIONES,S01
25,CUNDINAMARCA,2014,6370,6.37E+12,ACTIVIDADES FINANCIERAS INMOBILIARIAS EMPRESARIALES Y COMUNICACIONES,S01
25,CUNDINAMARCA,2015,6694,6.69E+12,ACTIVIDADES FINANCIERAS INMOBILIARIAS EMPRESARIALES Y COMUNICACIONES,S01
25,CUNDINAMARCA,2016,7019,7.02E+12,ACTIVIDADES FINANCIERAS INMOBILIARIAS EMPRESARIALES Y COMUNICACIONES,S01
25,CUNDINAMARCA,2017,7508,7.51E+12,ACTIVIDADES FINANCIERAS INMOBILIARIAS EMPRESARIALES Y COMUNICACIONES,S01
25,CUNDINAMARCA,2018,8100,8.10E+12,ACTIVIDADES FINANCIERAS INMOBILIARIAS EMPRESARIALES Y COMUNICACIONES,S01
25,CUNDINAMARCA,2019,8680,8.68E+12,ACTIVIDADES FINANCIERAS INMOBILIARIAS EMPRESARIALES Y COMUNICACIONES,S01
25,CUNDINAMARCA,2020,8681,8.68E+12,ACTIVIDADES FINANCIERAS INMOBILIARIAS EMPRESARIALES Y COMUNICACIONES,S01
25,CUNDINAMARCA,2021,9705,9.71E+12,ACTIVIDADES FINANCIERAS INMOBILIARIAS EMPRESARIALES Y COMUNICACIONES,S01
25,CUNDINAMARCA,2022,11049,1.10E+13,ACTIVIDADES FINANCIERAS INMOBILIARIAS EMPRESARIALES Y COMUNICACIONES,S01
25,CUNDINAMARCA,2023p,12201,1.22E+13,ACTIVIDADES FINANCIERAS INMOBILIARIAS EMPRESARIALES Y COMUNICACIONES,S01
25,CUNDINAMARCA,2024pr,13205,1.32E+13,ACTIVIDADES FINANCIERAS INMOBILIARIAS EMPRESARIALES Y COMUNICACIONES,S01
41,HUILA,1980,5,5000000000,ACTIVIDADES FINANCIERAS INMOBILIARIAS EMPRESARIALES Y COMUNICACIONES,S01
41,HUILA,1981,7,7000000000,ACTIVIDADES FINANCIERAS INMOBILIARIAS EMPRESARIALES Y COMUNICACIONES,S01
41,HUILA,1982,10,10000000000,ACTIVIDADES FINANCIERAS INMOBILIARIAS EMPRESARIALES Y COMUNICACIONES,S01
41,HUILA,1983,12,12000000000,ACTIVIDADES FINANCIERAS INMOBILIARIAS EMPRESARIALES Y COMUNICACIONES,S01
41,HUILA,1984,15,15000000000,ACTIVIDADES FINANCIERAS INMOBILIARIAS EMPRESARIALES Y COMUNICACIONES,S01
41,HUILA,1985,20,20000000000,ACTIVIDADES FINANCIERAS INMOBILIARIAS EMPRESARIALES Y COMUNICACIONES,S01
41,HUILA,1986,25,25000000000,ACTIVIDADES FINANCIERAS INMOBILIARIAS EMPRESARIALES Y COMUNICACIONES,S01
41,HUILA,1987,32,32000000000,ACTIVIDADES FINANCIERAS INMOBILIARIAS EMPRESARIALES Y COMUNICACIONES,S01
41,HUILA,1988,40,40000000000,ACTIVIDADES FINANCIERAS INMOBILIARIAS EMPRESARIALES Y COMUNICACIONES,S01
41,HUILA,1989,50,50000000000,ACTIVIDADES FINANCIERAS INMOBILIARIAS EMPRESARIALES Y COMUNICACIONES,S01
41,HUILA,1990,69,69000000000,ACTIVIDADES FINANCIERAS INMOBILIARIAS EMPRESARIALES Y COMUNICACIONES,S01
41,HUILA,1991,92,92000000000,ACTIVIDADES FINANCIERAS INMOBILIARIAS EMPRESARIALES Y COMUNICACIONES,S01
41,HUILA,1992,126,1.26E+11,ACTIVIDADES FINANCIERAS INMOBILIARIAS EMPRESARIALES Y COMUNICACIONES,S01
41,HUILA,1993,142,1.42E+11,ACTIVIDADES FINANCIERAS INMOBILIARIAS EMPRESARIALES Y COMUNICACIONES,S01
41,HUILA,1994,175,1.75E+11,ACTIVIDADES FINANCIERAS INMOBILIARIAS EMPRESARIALES Y COMUNICACIONES,S01
41,HUILA,1995,223,2.23E+11,ACTIVIDADES FINANCIERAS INMOBILIARIAS EMPRESARIALES Y COMUNICACIONES,S01
41,HUILA,1996,277,2.77E+11,ACTIVIDADES FINANCIERAS INMOBILIARIAS EMPRESARIALES Y COMUNICACIONES,S01
41,HUILA,1997,342,3.42E+11,ACTIVIDADES FINANCIERAS INMOBILIARIAS EMPRESARIALES Y COMUNICACIONES,S01
41,HUILA,1998,411,4.11E+11,ACTIVIDADES FINANCIERAS INMOBILIARIAS EMPRESARIALES Y COMUNICACIONES,S01
41,HUILA,1999,446,4.46E+11,ACTIVIDADES FINANCIERAS INMOBILIARIAS EMPRESARIALES Y COMUNICACIONES,S01
41,HUILA,2000,464,4.64E+11,ACTIVIDADES FINANCIERAS INMOBILIARIAS EMPRESARIALES Y COMUNICACIONES,S01
41,HUILA,2001,515,5.15E+11,ACTIVIDADES FINANCIERAS INMOBILIARIAS EMPRESARIALES Y COMUNICACIONES,S01
41,HUILA,2002,570,5.70E+11,ACTIVIDADES FINANCIERAS INMOBILIARIAS EMPRESARIALES Y COMUNICACIONES,S01
41,HUILA,2003,629,6.29E+11,ACTIVIDADES FINANCIERAS INMOBILIARIAS EMPRESARIALES Y COMUNICACIONES,S01
41,HUILA,2004,690,6.90E+11,ACTIVIDADES FINANCIERAS INMOBILIARIAS EMPRESARIALES Y COMUNICACIONES,S01
41,HUILA,2005,765,7.65E+11,ACTIVIDADES FINANCIERAS INMOBILIARIAS EMPRESARIALES Y COMUNICACIONES,S01
41,HUILA,2006,857,8.57E+11,ACTIVIDADES FINANCIERAS INMOBILIARIAS EMPRESARIALES Y COMUNICACIONES,S01
41,HUILA,2007,985,9.85E+11,ACTIVIDADES FINANCIERAS INMOBILIARIAS EMPRESARIALES Y COMUNICACIONES,S01
41,HUILA,2008,1104,1.10E+12,ACTIVIDADES FINANCIERAS INMOBILIARIAS EMPRESARIALES Y COMUNICACIONES,S01
41,HUILA,2009,1187,1.19E+12,ACTIVIDADES FINANCIERAS INMOBILIARIAS EMPRESARIALES Y COMUNICACIONES,S01
41,HUILA,2010,1296,1.30E+12,ACTIVIDADES FINANCIERAS INMOBILIARIAS EMPRESARIALES Y COMUNICACIONES,S01
41,HUILA,2011,1415,1.42E+12,ACTIVIDADES FINANCIERAS INMOBILIARIAS EMPRESARIALES Y COMUNICACIONES,S01
41,HUILA,2012,1565,1.57E+12,ACTIVIDADES FINANCIERAS INMOBILIARIAS EMPRESARIALES Y COMUNICACIONES,S01
41,HUILA,2013,1702,1.70E+12,ACTIVIDADES FINANCIERAS INMOBILIARIAS EMPRESARIALES Y COMUNICACIONES,S01
41,HUILA,2014,1876,1.88E+12,ACTIVIDADES FINANCIERAS INMOBILIARIAS EMPRESARIALES Y COMUNICACIONES,S01
41,HUILA,2015,1994,1.99E+12,ACTIVIDADES FINANCIERAS INMOBILIARIAS EMPRESARIALES Y COMUNICACIONES,S01
41,HUILA,2016,2083,2.08E+12,ACTIVIDADES FINANCIERAS INMOBILIARIAS EMPRESARIALES Y COMUNICACIONES,S01
41,HUILA,2017,2209,2.21E+12,ACTIVIDADES FINANCIERAS INMOBILIARIAS EMPRESARIALES Y COMUNICACIONES,S01
41,HUILA,2018,2351,2.35E+12,ACTIVIDADES FINANCIERAS INMOBILIARIAS EMPRESARIALES Y COMUNICACIONES,S01
41,HUILA,2019,2503,2.50E+12,ACTIVIDADES FINANCIERAS INMOBILIARIAS EMPRESARIALES Y COMUNICACIONES,S01
41,HUILA,2020,2525,2.53E+12,ACTIVIDADES FINANCIERAS INMOBILIARIAS EMPRESARIALES Y COMUNICACIONES,S01
41,HUILA,2021,2742,2.74E+12,ACTIVIDADES FINANCIERAS INMOBILIARIAS EMPRESARIALES Y COMUNICACIONES,S01
41,HUILA,2022,2981,2.98E+12,ACTIVIDADES FINANCIERAS INMOBILIARIAS EMPRESARIALES Y COMUNICACIONES,S01
41,HUILA,2023p,3236,3.24E+12,ACTIVIDADES FINANCIERAS INMOBILIARIAS EMPRESARIALES Y COMUNICACIONES,S01
41,HUILA,2024pr,3496,3.50E+12,ACTIVIDADES FINANCIERAS INMOBILIARIAS EMPRESARIALES Y COMUNICACIONES,S01
44,LA GUAJIRA,1980,1,1000000000,ACTIVIDADES FINANCIERAS INMOBILIARIAS EMPRESARIALES Y COMUNICACIONES,S01
44,LA GUAJIRA,1981,1,1000000000,ACTIVIDADES FINANCIERAS INMOBILIARIAS EMPRESARIALES Y COMUNICACIONES,S01
44,LA GUAJIRA,1982,2,2000000000,ACTIVIDADES FINANCIERAS INMOBILIARIAS EMPRESARIALES Y COMUNICACIONES,S01
44,LA GUAJIRA,1983,3,3000000000,ACTIVIDADES FINANCIERAS INMOBILIARIAS EMPRESARIALES Y COMUNICACIONES,S01
44,LA GUAJIRA,1984,3,3000000000,ACTIVIDADES FINANCIERAS INMOBILIARIAS EMPRESARIALES Y COMUNICACIONES,S01
44,LA GUAJIRA,1985,5,5000000000,ACTIVIDADES FINANCIERAS INMOBILIARIAS EMPRESARIALES Y COMUNICACIONES,S01
44,LA GUAJIRA,1986,6,6000000000,ACTIVIDADES FINANCIERAS INMOBILIARIAS EMPRESARIALES Y COMUNICACIONES,S01
44,LA GUAJIRA,1987,8,8000000000,ACTIVIDADES FINANCIERAS INMOBILIARIAS EMPRESARIALES Y COMUNICACIONES,S01
44,LA GUAJIRA,1988,10,10000000000,ACTIVIDADES FINANCIERAS INMOBILIARIAS EMPRESARIALES Y COMUNICACIONES,S01
44,LA GUAJIRA,1989,16,16000000000,ACTIVIDADES FINANCIERAS INMOBILIARIAS EMPRESARIALES Y COMUNICACIONES,S01
44,LA GUAJIRA,1990,21,21000000000,ACTIVIDADES FINANCIERAS INMOBILIARIAS EMPRESARIALES Y COMUNICACIONES,S01
44,LA GUAJIRA,1991,24,24000000000,ACTIVIDADES FINANCIERAS INMOBILIARIAS EMPRESARIALES Y COMUNICACIONES,S01
44,LA GUAJIRA,1992,28,28000000000,ACTIVIDADES FINANCIERAS INMOBILIARIAS EMPRESARIALES Y COMUNICACIONES,S01
44,LA GUAJIRA,1993,33,33000000000,ACTIVIDADES FINANCIERAS INMOBILIARIAS EMPRESARIALES Y COMUNICACIONES,S01
44,LA GUAJIRA,1994,31,31000000000,ACTIVIDADES FINANCIERAS INMOBILIARIAS EMPRESARIALES Y COMUNICACIONES,S01
44,LA GUAJIRA,1995,38,38000000000,ACTIVIDADES FINANCIERAS INMOBILIARIAS EMPRESARIALES Y COMUNICACIONES,S01
44,LA GUAJIRA,1996,47,47000000000,ACTIVIDADES FINANCIERAS INMOBILIARIAS EMPRESARIALES Y COMUNICACIONES,S01
44,LA GUAJIRA,1997,58,58000000000,ACTIVIDADES FINANCIERAS INMOBILIARIAS EMPRESARIALES Y COMUNICACIONES,S01
44,LA GUAJIRA,1998,68,68000000000,ACTIVIDADES FINANCIERAS INMOBILIARIAS EMPRESARIALES Y COMUNICACIONES,S01
44,LA GUAJIRA,1999,69,69000000000,ACTIVIDADES FINANCIERAS INMOBILIARIAS EMPRESARIALES Y COMUNICACIONES,S01
44,LA GUAJIRA,2000,72,72000000000,ACTIVIDADES FINANCIERAS INMOBILIARIAS EMPRESARIALES Y COMUNICACIONES,S01
44,LA GUAJIRA,2001,80,80000000000,ACTIVIDADES FINANCIERAS INMOBILIARIAS EMPRESARIALES Y COMUNICACIONES,S01
44,LA GUAJIRA,2002,93,93000000000,ACTIVIDADES FINANCIERAS INMOBILIARIAS EMPRESARIALES Y COMUNICACIONES,S01
44,LA GUAJIRA,2003,103,1.03E+11,ACTIVIDADES FINANCIERAS INMOBILIARIAS EMPRESARIALES Y COMUNICACIONES,S01
44,LA GUAJIRA,2004,118,1.18E+11,ACTIVIDADES FINANCIERAS INMOBILIARIAS EMPRESARIALES Y COMUNICACIONES,S01
44,LA GUAJIRA,2005,131,1.31E+11,ACTIVIDADES FINANCIERAS INMOBILIARIAS EMPRESARIALES Y COMUNICACIONES,S01
44,LA GUAJIRA,2006,159,1.59E+11,ACTIVIDADES FINANCIERAS INMOBILIARIAS EMPRESARIALES Y COMUNICACIONES,S01
44,LA GUAJIRA,2007,189,1.89E+11,ACTIVIDADES FINANCIERAS INMOBILIARIAS EMPRESARIALES Y COMUNICACIONES,S01
44,LA GUAJIRA,2008,225,2.25E+11,ACTIVIDADES FINANCIERAS INMOBILIARIAS EMPRESARIALES Y COMUNICACIONES,S01
44,LA GUAJIRA,2009,262,2.62E+11,ACTIVIDADES FINANCIERAS INMOBILIARIAS EMPRESARIALES Y COMUNICACIONES,S01
44,LA GUAJIRA,2010,321,3.21E+11,ACTIVIDADES FINANCIERAS INMOBILIARIAS EMPRESARIALES Y COMUNICACIONES,S01
44,LA GUAJIRA,2011,368,3.68E+11,ACTIVIDADES FINANCIERAS INMOBILIARIAS EMPRESARIALES Y COMUNICACIONES,S01
44,LA GUAJIRA,2012,426,4.26E+11,ACTIVIDADES FINANCIERAS INMOBILIARIAS EMPRESARIALES Y COMUNICACIONES,S01
44,LA GUAJIRA,2013,475,4.75E+11,ACTIVIDADES FINANCIERAS INMOBILIARIAS EMPRESARIALES Y COMUNICACIONES,S01
44,LA GUAJIRA,2014,561,5.61E+11,ACTIVIDADES FINANCIERAS INMOBILIARIAS EMPRESARIALES Y COMUNICACIONES,S01
44,LA GUAJIRA,2015,595,5.95E+11,ACTIVIDADES FINANCIERAS INMOBILIARIAS EMPRESARIALES Y COMUNICACIONES,S01
44,LA GUAJIRA,2016,614,6.14E+11,ACTIVIDADES FINANCIERAS INMOBILIARIAS EMPRESARIALES Y COMUNICACIONES,S01
44,LA GUAJIRA,2017,656,6.56E+11,ACTIVIDADES FINANCIERAS INMOBILIARIAS EMPRESARIALES Y COMUNICACIONES,S01
44,LA GUAJIRA,2018,704,7.04E+11,ACTIVIDADES FINANCIERAS INMOBILIARIAS EMPRESARIALES Y COMUNICACIONES,S01
44,LA GUAJIRA,2019,751,7.51E+11,ACTIVIDADES FINANCIERAS INMOBILIARIAS EMPRESARIALES Y COMUNICACIONES,S01
44,LA GUAJIRA,2020,766,7.66E+11,ACTIVIDADES FINANCIERAS INMOBILIARIAS EMPRESARIALES Y COMUNICACIONES,S01
44,LA GUAJIRA,2021,806,8.06E+11,ACTIVIDADES FINANCIERAS INMOBILIARIAS EMPRESARIALES Y COMUNICACIONES,S01
44,LA GUAJIRA,2022,862,8.62E+11,ACTIVIDADES FINANCIERAS INMOBILIARIAS EMPRESARIALES Y COMUNICACIONES,S01
44,LA GUAJIRA,2023p,947,9.47E+11,ACTIVIDADES FINANCIERAS INMOBILIARIAS EMPRESARIALES Y COMUNICACIONES,S01
44,LA GUAJIRA,2024pr,1031,1.03E+12,ACTIVIDADES FINANCIERAS INMOBILIARIAS EMPRESARIALES Y COMUNICACIONES,S01
47,MAGDALENA,1980,3,3000000000,ACTIVIDADES FINANCIERAS INMOBILIARIAS EMPRESARIALES Y COMUNICACIONES,S01
47,MAGDALENA,1981,4,4000000000,ACTIVIDADES FINANCIERAS INMOBILIARIAS EMPRESARIALES Y COMUNICACIONES,S01
47,MAGDALENA,1982,5,5000000000,ACTIVIDADES FINANCIERAS INMOBILIARIAS EMPRESARIALES Y COMUNICACIONES,S01
47,MAGDALENA,1983,7,7000000000,ACTIVIDADES FINANCIERAS INMOBILIARIAS EMPRESARIALES Y COMUNICACIONES,S01
47,MAGDALENA,1984,7,7000000000,ACTIVIDADES FINANCIERAS INMOBILIARIAS EMPRESARIALES Y COMUNICACIONES,S01
47,MAGDALENA,1985,9,9000000000,ACTIVIDADES FINANCIERAS INMOBILIARIAS EMPRESARIALES Y COMUNICACIONES,S01
47,MAGDALENA,1986,13,13000000000,ACTIVIDADES FINANCIERAS INMOBILIARIAS EMPRESARIALES Y COMUNICACIONES,S01
47,MAGDALENA,1987,15,15000000000,ACTIVIDADES FINANCIERAS INMOBILIARIAS EMPRESARIALES Y COMUNICACIONES,S01
47,MAGDALENA,1988,23,23000000000,ACTIVIDADES FINANCIERAS INMOBILIARIAS EMPRESARIALES Y COMUNICACIONES,S01
47,MAGDALENA,1989,27,27000000000,ACTIVIDADES FINANCIERAS INMOBILIARIAS EMPRESARIALES Y COMUNICACIONES,S01
47,MAGDALENA,1990,37,37000000000,ACTIVIDADES FINANCIERAS INMOBILIARIAS EMPRESARIALES Y COMUNICACIONES,S01
47,MAGDALENA,1991,49,49000000000,ACTIVIDADES FINANCIERAS INMOBILIARIAS EMPRESARIALES Y COMUNICACIONES,S01
47,MAGDALENA,1992,67,67000000000,ACTIVIDADES FINANCIERAS INMOBILIARIAS EMPRESARIALES Y COMUNICACIONES,S01
47,MAGDALENA,1993,87,87000000000,ACTIVIDADES FINANCIERAS INMOBILIARIAS EMPRESARIALES Y COMUNICACIONES,S01
47,MAGDALENA,1994,118,1.18E+11,ACTIVIDADES FINANCIERAS INMOBILIARIAS EMPRESARIALES Y COMUNICACIONES,S01
47,MAGDALENA,1995,159,1.59E+11,ACTIVIDADES FINANCIERAS INMOBILIARIAS EMPRESARIALES Y COMUNICACIONES,S01
47,MAGDALENA,1996,203,2.03E+11,ACTIVIDADES FINANCIERAS INMOBILIARIAS EMPRESARIALES Y COMUNICACIONES,S01
47,MAGDALENA,1997,260,2.60E+11,ACTIVIDADES FINANCIERAS INMOBILIARIAS EMPRESARIALES Y COMUNICACIONES,S01
47,MAGDALENA,1998,299,2.99E+11,ACTIVIDADES FINANCIERAS INMOBILIARIAS EMPRESARIALES Y COMUNICACIONES,S01
47,MAGDALENA,1999,324,3.24E+11,ACTIVIDADES FINANCIERAS INMOBILIARIAS EMPRESARIALES Y COMUNICACIONES,S01
47,MAGDALENA,2000,340,3.40E+11,ACTIVIDADES FINANCIERAS INMOBILIARIAS EMPRESARIALES Y COMUNICACIONES,S01
47,MAGDALENA,2001,372,3.72E+11,ACTIVIDADES FINANCIERAS INMOBILIARIAS EMPRESARIALES Y COMUNICACIONES,S01
47,MAGDALENA,2002,413,4.13E+11,ACTIVIDADES FINANCIERAS INMOBILIARIAS EMPRESARIALES Y COMUNICACIONES,S01
47,MAGDALENA,2003,457,4.57E+11,ACTIVIDADES FINANCIERAS INMOBILIARIAS EMPRESARIALES Y COMUNICACIONES,S01
47,MAGDALENA,2004,499,4.99E+11,ACTIVIDADES FINANCIERAS INMOBILIARIAS EMPRESARIALES Y COMUNICACIONES,S01
47,MAGDALENA,2005,560,5.60E+11,ACTIVIDADES FINANCIERAS INMOBILIARIAS EMPRESARIALES Y COMUNICACIONES,S01
47,MAGDALENA,2006,642,6.42E+11,ACTIVIDADES FINANCIERAS INMOBILIARIAS EMPRESARIALES Y COMUNICACIONES,S01
47,MAGDALENA,2007,749,7.49E+11,ACTIVIDADES FINANCIERAS INMOBILIARIAS EMPRESARIALES Y COMUNICACIONES,S01
47,MAGDALENA,2008,860,8.60E+11,ACTIVIDADES FINANCIERAS INMOBILIARIAS EMPRESARIALES Y COMUNICACIONES,S01
47,MAGDALENA,2009,938,9.38E+11,ACTIVIDADES FINANCIERAS INMOBILIARIAS EMPRESARIALES Y COMUNICACIONES,S01
47,MAGDALENA,2010,1003,1.00E+12,ACTIVIDADES FINANCIERAS INMOBILIARIAS EMPRESARIALES Y COMUNICACIONES,S01
47,MAGDALENA,2011,1109,1.11E+12,ACTIVIDADES FINANCIERAS INMOBILIARIAS EMPRESARIALES Y COMUNICACIONES,S01
47,MAGDALENA,2012,1225,1.23E+12,ACTIVIDADES FINANCIERAS INMOBILIARIAS EMPRESARIALES Y COMUNICACIONES,S01
47,MAGDALENA,2013,1351,1.35E+12,ACTIVIDADES FINANCIERAS INMOBILIARIAS EMPRESARIALES Y COMUNICACIONES,S01
47,MAGDALENA,2014,1482,1.48E+12,ACTIVIDADES FINANCIERAS INMOBILIARIAS EMPRESARIALES Y COMUNICACIONES,S01
47,MAGDALENA,2015,1559,1.56E+12,ACTIVIDADES FINANCIERAS INMOBILIARIAS EMPRESARIALES Y COMUNICACIONES,S01
47,MAGDALENA,2016,1668,1.67E+12,ACTIVIDADES FINANCIERAS INMOBILIARIAS EMPRESARIALES Y COMUNICACIONES,S01
47,MAGDALENA,2017,1783,1.78E+12,ACTIVIDADES FINANCIERAS INMOBILIARIAS EMPRESARIALES Y COMUNICACIONES,S01
47,MAGDALENA,2018,1907,1.91E+12,ACTIVIDADES FINANCIERAS INMOBILIARIAS EMPRESARIALES Y COMUNICACIONES,S01
47,MAGDALENA,2019,2039,2.04E+12,ACTIVIDADES FINANCIERAS INMOBILIARIAS EMPRESARIALES Y COMUNICACIONES,S01
47,MAGDALENA,2020,2066,2.07E+12,ACTIVIDADES FINANCIERAS INMOBILIARIAS EMPRESARIALES Y COMUNICACIONES,S01
47,MAGDALENA,2021,2245,2.25E+12,ACTIVIDADES FINANCIERAS INMOBILIARIAS EMPRESARIALES Y COMUNICACIONES,S01
47,MAGDALENA,2022,2460,2.46E+12,ACTIVIDADES FINANCIERAS INMOBILIARIAS EMPRESARIALES Y COMUNICACIONES,S01
47,MAGDALENA,2023p,2674,2.67E+12,ACTIVIDADES FINANCIERAS INMOBILIARIAS EMPRESARIALES Y COMUNICACIONES,S01
47,MAGDALENA,2024pr,2914,2.91E+12,ACTIVIDADES FINANCIERAS INMOBILIARIAS EMPRESARIALES Y COMUNICACIONES,S01
50,META,1980,4,4000000000,ACTIVIDADES FINANCIERAS INMOBILIARIAS EMPRESARIALES Y COMUNICACIONES,S01
50,META,1981,5,5000000000,ACTIVIDADES FINANCIERAS INMOBILIARIAS EMPRESARIALES Y COMUNICACIONES,S01
50,META,1982,7,7000000000,ACTIVIDADES FINANCIERAS INMOBILIARIAS EMPRESARIALES Y COMUNICACIONES,S01
50,META,1983,8,8000000000,ACTIVIDADES FINANCIERAS INMOBILIARIAS EMPRESARIALES Y COMUNICACIONES,S01
50,META,1984,10,10000000000,ACTIVIDADES FINANCIERAS INMOBILIARIAS EMPRESARIALES Y COMUNICACIONES,S01
50,META,1985,12,12000000000,ACTIVIDADES FINANCIERAS INMOBILIARIAS EMPRESARIALES Y COMUNICACIONES,S01
50,META,1986,16,16000000000,ACTIVIDADES FINANCIERAS INMOBILIARIAS EMPRESARIALES Y COMUNICACIONES,S01
50,META,1987,22,22000000000,ACTIVIDADES FINANCIERAS INMOBILIARIAS EMPRESARIALES Y COMUNICACIONES,S01
50,META,1988,31,31000000000,ACTIVIDADES FINANCIERAS INMOBILIARIAS EMPRESARIALES Y COMUNICACIONES,S01
50,META,1989,40,40000000000,ACTIVIDADES FINANCIERAS INMOBILIARIAS EMPRESARIALES Y COMUNICACIONES,S01
50,META,1990,54,54000000000,ACTIVIDADES FINANCIERAS INMOBILIARIAS EMPRESARIALES Y COMUNICACIONES,S01
50,META,1991,74,74000000000,ACTIVIDADES FINANCIERAS INMOBILIARIAS EMPRESARIALES Y COMUNICACIONES,S01
50,META,1992,93,93000000000,ACTIVIDADES FINANCIERAS INMOBILIARIAS EMPRESARIALES Y COMUNICACIONES,S01
50,META,1993,110,1.10E+11,ACTIVIDADES FINANCIERAS INMOBILIARIAS EMPRESARIALES Y COMUNICACIONES,S01
50,META,1994,155,1.55E+11,ACTIVIDADES FINANCIERAS INMOBILIARIAS EMPRESARIALES Y COMUNICACIONES,S01
50,META,1995,196,1.96E+11,ACTIVIDADES FINANCIERAS INMOBILIARIAS EMPRESARIALES Y COMUNICACIONES,S01
50,META,1996,252,2.52E+11,ACTIVIDADES FINANCIERAS INMOBILIARIAS EMPRESARIALES Y COMUNICACIONES,S01
50,META,1997,322,3.22E+11,ACTIVIDADES FINANCIERAS INMOBILIARIAS EMPRESARIALES Y COMUNICACIONES,S01
50,META,1998,379,3.79E+11,ACTIVIDADES FINANCIERAS INMOBILIARIAS EMPRESARIALES Y COMUNICACIONES,S01
50,META,1999,384,3.84E+11,ACTIVIDADES FINANCIERAS INMOBILIARIAS EMPRESARIALES Y COMUNICACIONES,S01
50,META,2000,421,4.21E+11,ACTIVIDADES FINANCIERAS INMOBILIARIAS EMPRESARIALES Y COMUNICACIONES,S01
50,META,2001,471,4.71E+11,ACTIVIDADES FINANCIERAS INMOBILIARIAS EMPRESARIALES Y COMUNICACIONES,S01
50,META,2002,523,5.23E+11,ACTIVIDADES FINANCIERAS INMOBILIARIAS EMPRESARIALES Y COMUNICACIONES,S01
50,META,2003,588,5.88E+11,ACTIVIDADES FINANCIERAS INMOBILIARIAS EMPRESARIALES Y COMUNICACIONES,S01
50,META,2004,664,6.64E+11,ACTIVIDADES FINANCIERAS INMOBILIARIAS EMPRESARIALES Y COMUNICACIONES,S01
50,META,2005,745,7.45E+11,ACTIVIDADES FINANCIERAS INMOBILIARIAS EMPRESARIALES Y COMUNICACIONES,S01
50,META,2006,848,8.48E+11,ACTIVIDADES FINANCIERAS INMOBILIARIAS EMPRESARIALES Y COMUNICACIONES,S01
50,META,2007,973,9.73E+11,ACTIVIDADES FINANCIERAS INMOBILIARIAS EMPRESARIALES Y COMUNICACIONES,S01
50,META,2008,1109,1.11E+12,ACTIVIDADES FINANCIERAS INMOBILIARIAS EMPRESARIALES Y COMUNICACIONES,S01
50,META,2009,1222,1.22E+12,ACTIVIDADES FINANCIERAS INMOBILIARIAS EMPRESARIALES Y COMUNICACIONES,S01
50,META,2010,1380,1.38E+12,ACTIVIDADES FINANCIERAS INMOBILIARIAS EMPRESARIALES Y COMUNICACIONES,S01
50,META,2011,1546,1.55E+12,ACTIVIDADES FINANCIERAS INMOBILIARIAS EMPRESARIALES Y COMUNICACIONES,S01
50,META,2012,1740,1.74E+12,ACTIVIDADES FINANCIERAS INMOBILIARIAS EMPRESARIALES Y COMUNICACIONES,S01
50,META,2013,1909,1.91E+12,ACTIVIDADES FINANCIERAS INMOBILIARIAS EMPRESARIALES Y COMUNICACIONES,S01
50,META,2014,2169,2.17E+12,ACTIVIDADES FINANCIERAS INMOBILIARIAS EMPRESARIALES Y COMUNICACIONES,S01
50,META,2015,2281,2.28E+12,ACTIVIDADES FINANCIERAS INMOBILIARIAS EMPRESARIALES Y COMUNICACIONES,S01
50,META,2016,2366,2.37E+12,ACTIVIDADES FINANCIERAS INMOBILIARIAS EMPRESARIALES Y COMUNICACIONES,S01
50,META,2017,2550,2.55E+12,ACTIVIDADES FINANCIERAS INMOBILIARIAS EMPRESARIALES Y COMUNICACIONES,S01
50,META,2018,2722,2.72E+12,ACTIVIDADES FINANCIERAS INMOBILIARIAS EMPRESARIALES Y COMUNICACIONES,S01
50,META,2019,2897,2.90E+12,ACTIVIDADES FINANCIERAS INMOBILIARIAS EMPRESARIALES Y COMUNICACIONES,S01
50,META,2020,2875,2.88E+12,ACTIVIDADES FINANCIERAS INMOBILIARIAS EMPRESARIALES Y COMUNICACIONES,S01
50,META,2021,3057,3.06E+12,ACTIVIDADES FINANCIERAS INMOBILIARIAS EMPRESARIALES Y COMUNICACIONES,S01
50,META,2022,3323,3.32E+12,ACTIVIDADES FINANCIERAS INMOBILIARIAS EMPRESARIALES Y COMUNICACIONES,S01
50,META,2023p,3647,3.65E+12,ACTIVIDADES FINANCIERAS INMOBILIARIAS EMPRESARIALES Y COMUNICACIONES,S01
50,META,2024pr,3942,3.94E+12,ACTIVIDADES FINANCIERAS INMOBILIARIAS EMPRESARIALES Y COMUNICACIONES,S01
52,NARINO,1980,4,4000000000,ACTIVIDADES FINANCIERAS INMOBILIARIAS EMPRESARIALES Y COMUNICACIONES,S01
52,NARINO,1981,6,6000000000,ACTIVIDADES FINANCIERAS INMOBILIARIAS EMPRESARIALES Y COMUNICACIONES,S01
52,NARINO,1982,7,7000000000,ACTIVIDADES FINANCIERAS INMOBILIARIAS EMPRESARIALES Y COMUNICACIONES,S01
52,NARINO,1983,9,9000000000,ACTIVIDADES FINANCIERAS INMOBILIARIAS EMPRESARIALES Y COMUNICACIONES,S01
52,NARINO,1984,10,10000000000,ACTIVIDADES FINANCIERAS INMOBILIARIAS EMPRESARIALES Y COMUNICACIONES,S01
52,NARINO,1985,13,13000000000,ACTIVIDADES FINANCIERAS INMOBILIARIAS EMPRESARIALES Y COMUNICACIONES,S01
52,NARINO,1986,16,16000000000,ACTIVIDADES FINANCIERAS INMOBILIARIAS EMPRESARIALES Y COMUNICACIONES,S01
52,NARINO,1987,20,20000000000,ACTIVIDADES FINANCIERAS INMOBILIARIAS EMPRESARIALES Y COMUNICACIONES,S01
52,NARINO,1988,27,27000000000,ACTIVIDADES FINANCIERAS INMOBILIARIAS EMPRESARIALES Y COMUNICACIONES,S01
52,NARINO,1989,34,34000000000,ACTIVIDADES FINANCIERAS INMOBILIARIAS EMPRESARIALES Y COMUNICACIONES,S01
52,NARINO,1990,46,46000000000,ACTIVIDADES FINANCIERAS INMOBILIARIAS EMPRESARIALES Y COMUNICACIONES,S01
52,NARINO,1991,62,62000000000,ACTIVIDADES FINANCIERAS INMOBILIARIAS EMPRESARIALES Y COMUNICACIONES,S01
52,NARINO,1992,85,85000000000,ACTIVIDADES FINANCIERAS INMOBILIARIAS EMPRESARIALES Y COMUNICACIONES,S01
52,NARINO,1993,115,1.15E+11,ACTIVIDADES FINANCIERAS INMOBILIARIAS EMPRESARIALES Y COMUNICACIONES,S01
52,NARINO,1994,138,1.38E+11,ACTIVIDADES FINANCIERAS INMOBILIARIAS EMPRESARIALES Y COMUNICACIONES,S01
52,NARINO,1995,171,1.71E+11,ACTIVIDADES FINANCIERAS INMOBILIARIAS EMPRESARIALES Y COMUNICACIONES,S01
52,NARINO,1996,210,2.10E+11,ACTIVIDADES FINANCIERAS INMOBILIARIAS EMPRESARIALES Y COMUNICACIONES,S01
52,NARINO,1997,263,2.63E+11,ACTIVIDADES FINANCIERAS INMOBILIARIAS EMPRESARIALES Y COMUNICACIONES,S01
52,NARINO,1998,315,3.15E+11,ACTIVIDADES FINANCIERAS INMOBILIARIAS EMPRESARIALES Y COMUNICACIONES,S01
52,NARINO,1999,340,3.40E+11,ACTIVIDADES FINANCIERAS INMOBILIARIAS EMPRESARIALES Y COMUNICACIONES,S01
52,NARINO,2000,357,3.57E+11,ACTIVIDADES FINANCIERAS INMOBILIARIAS EMPRESARIALES Y COMUNICACIONES,S01
52,NARINO,2001,409,4.09E+11,ACTIVIDADES FINANCIERAS INMOBILIARIAS EMPRESARIALES Y COMUNICACIONES,S01
52,NARINO,2002,462,4.62E+11,ACTIVIDADES FINANCIERAS INMOBILIARIAS EMPRESARIALES Y COMUNICACIONES,S01
52,NARINO,2003,518,5.18E+11,ACTIVIDADES FINANCIERAS INMOBILIARIAS EMPRESARIALES Y COMUNICACIONES,S01
52,NARINO,2004,610,6.10E+11,ACTIVIDADES FINANCIERAS INMOBILIARIAS EMPRESARIALES Y COMUNICACIONES,S01
52,NARINO,2005,706,7.06E+11,ACTIVIDADES FINANCIERAS INMOBILIARIAS EMPRESARIALES Y COMUNICACIONES,S01
52,NARINO,2006,815,8.15E+11,ACTIVIDADES FINANCIERAS INMOBILIARIAS EMPRESARIALES Y COMUNICACIONES,S01
52,NARINO,2007,935,9.35E+11,ACTIVIDADES FINANCIERAS INMOBILIARIAS EMPRESARIALES Y COMUNICACIONES,S01
52,NARINO,2008,1052,1.05E+12,ACTIVIDADES FINANCIERAS INMOBILIARIAS EMPRESARIALES Y COMUNICACIONES,S01
52,NARINO,2009,1153,1.15E+12,ACTIVIDADES FINANCIERAS INMOBILIARIAS EMPRESARIALES Y COMUNICACIONES,S01
52,NARINO,2010,1225,1.23E+12,ACTIVIDADES FINANCIERAS INMOBILIARIAS EMPRESARIALES Y COMUNICACIONES,S01
52,NARINO,2011,1354,1.35E+12,ACTIVIDADES FINANCIERAS INMOBILIARIAS EMPRESARIALES Y COMUNICACIONES,S01
52,NARINO,2012,1504,1.50E+12,ACTIVIDADES FINANCIERAS INMOBILIARIAS EMPRESARIALES Y COMUNICACIONES,S01
52,NARINO,2013,1644,1.64E+12,ACTIVIDADES FINANCIERAS INMOBILIARIAS EMPRESARIALES Y COMUNICACIONES,S01
52,NARINO,2014,1878,1.88E+12,ACTIVIDADES FINANCIERAS INMOBILIARIAS EMPRESARIALES Y COMUNICACIONES,S01
52,NARINO,2015,1970,1.97E+12,ACTIVIDADES FINANCIERAS INMOBILIARIAS EMPRESARIALES Y COMUNICACIONES,S01
52,NARINO,2016,2070,2.07E+12,ACTIVIDADES FINANCIERAS INMOBILIARIAS EMPRESARIALES Y COMUNICACIONES,S01
52,NARINO,2017,2210,2.21E+12,ACTIVIDADES FINANCIERAS INMOBILIARIAS EMPRESARIALES Y COMUNICACIONES,S01
52,NARINO,2018,2355,2.36E+12,ACTIVIDADES FINANCIERAS INMOBILIARIAS EMPRESARIALES Y COMUNICACIONES,S01
52,NARINO,2019,2503,2.50E+12,ACTIVIDADES FINANCIERAS INMOBILIARIAS EMPRESARIALES Y COMUNICACIONES,S01
52,NARINO,2020,2539,2.54E+12,ACTIVIDADES FINANCIERAS INMOBILIARIAS EMPRESARIALES Y COMUNICACIONES,S01
52,NARINO,2021,2724,2.72E+12,ACTIVIDADES FINANCIERAS INMOBILIARIAS EMPRESARIALES Y COMUNICACIONES,S01
52,NARINO,2022,2951,2.95E+12,ACTIVIDADES FINANCIERAS INMOBILIARIAS EMPRESARIALES Y COMUNICACIONES,S01
52,NARINO,2023p,3182,3.18E+12,ACTIVIDADES FINANCIERAS INMOBILIARIAS EMPRESARIALES Y COMUNICACIONES,S01
52,NARINO,2024pr,3437,3.44E+12,ACTIVIDADES FINANCIERAS INMOBILIARIAS EMPRESARIALES Y COMUNICACIONES,S01
54,NORTE DE SANTANDER,1980,8,8000000000,ACTIVIDADES FINANCIERAS INMOBILIARIAS EMPRESARIALES Y COMUNICACIONES,S01
54,NORTE DE SANTANDER,1981,11,11000000000,ACTIVIDADES FINANCIERAS INMOBILIARIAS EMPRESARIALES Y COMUNICACIONES,S01
54,NORTE DE SANTANDER,1982,14,14000000000,ACTIVIDADES FINANCIERAS INMOBILIARIAS EMPRESARIALES Y COMUNICACIONES,S01
54,NORTE DE SANTANDER,1983,16,16000000000,ACTIVIDADES FINANCIERAS INMOBILIARIAS EMPRESARIALES Y COMUNICACIONES,S01
54,NORTE DE SANTANDER,1984,18,18000000000,ACTIVIDADES FINANCIERAS INMOBILIARIAS EMPRESARIALES Y COMUNICACIONES,S01
54,NORTE DE SANTANDER,1985,24,24000000000,ACTIVIDADES FINANCIERAS INMOBILIARIAS EMPRESARIALES Y COMUNICACIONES,S01
54,NORTE DE SANTANDER,1986,32,32000000000,ACTIVIDADES FINANCIERAS INMOBILIARIAS EMPRESARIALES Y COMUNICACIONES,S01
54,NORTE DE SANTANDER,1987,39,39000000000,ACTIVIDADES FINANCIERAS INMOBILIARIAS EMPRESARIALES Y COMUNICACIONES,S01
54,NORTE DE SANTANDER,1988,53,53000000000,ACTIVIDADES FINANCIERAS INMOBILIARIAS EMPRESARIALES Y COMUNICACIONES,S01
54,NORTE DE SANTANDER,1989,68,68000000000,ACTIVIDADES FINANCIERAS INMOBILIARIAS EMPRESARIALES Y COMUNICACIONES,S01
54,NORTE DE SANTANDER,1990,92,92000000000,ACTIVIDADES FINANCIERAS INMOBILIARIAS EMPRESARIALES Y COMUNICACIONES,S01
54,NORTE DE SANTANDER,1991,118,1.18E+11,ACTIVIDADES FINANCIERAS INMOBILIARIAS EMPRESARIALES Y COMUNICACIONES,S01
54,NORTE DE SANTANDER,1992,150,1.50E+11,ACTIVIDADES FINANCIERAS INMOBILIARIAS EMPRESARIALES Y COMUNICACIONES,S01
54,NORTE DE SANTANDER,1993,195,1.95E+11,ACTIVIDADES FINANCIERAS INMOBILIARIAS EMPRESARIALES Y COMUNICACIONES,S01
54,NORTE DE SANTANDER,1994,222,2.22E+11,ACTIVIDADES FINANCIERAS INMOBILIARIAS EMPRESARIALES Y COMUNICACIONES,S01
54,NORTE DE SANTANDER,1995,292,2.92E+11,ACTIVIDADES FINANCIERAS INMOBILIARIAS EMPRESARIALES Y COMUNICACIONES,S01
54,NORTE DE SANTANDER,1996,349,3.49E+11,ACTIVIDADES FINANCIERAS INMOBILIARIAS EMPRESARIALES Y COMUNICACIONES,S01
54,NORTE DE SANTANDER,1997,426,4.26E+11,ACTIVIDADES FINANCIERAS INMOBILIARIAS EMPRESARIALES Y COMUNICACIONES,S01
54,NORTE DE SANTANDER,1998,497,4.97E+11,ACTIVIDADES FINANCIERAS INMOBILIARIAS EMPRESARIALES Y COMUNICACIONES,S01
54,NORTE DE SANTANDER,1999,575,5.75E+11,ACTIVIDADES FINANCIERAS INMOBILIARIAS EMPRESARIALES Y COMUNICACIONES,S01
54,NORTE DE SANTANDER,2000,605,6.05E+11,ACTIVIDADES FINANCIERAS INMOBILIARIAS EMPRESARIALES Y COMUNICACIONES,S01
54,NORTE DE SANTANDER,2001,652,6.52E+11,ACTIVIDADES FINANCIERAS INMOBILIARIAS EMPRESARIALES Y COMUNICACIONES,S01
54,NORTE DE SANTANDER,2002,694,6.94E+11,ACTIVIDADES FINANCIERAS INMOBILIARIAS EMPRESARIALES Y COMUNICACIONES,S01
54,NORTE DE SANTANDER,2003,743,7.43E+11,ACTIVIDADES FINANCIERAS INMOBILIARIAS EMPRESARIALES Y COMUNICACIONES,S01
54,NORTE DE SANTANDER,2004,823,8.23E+11,ACTIVIDADES FINANCIERAS INMOBILIARIAS EMPRESARIALES Y COMUNICACIONES,S01
54,NORTE DE SANTANDER,2005,897,8.97E+11,ACTIVIDADES FINANCIERAS INMOBILIARIAS EMPRESARIALES Y COMUNICACIONES,S01
54,NORTE DE SANTANDER,2006,1018,1.02E+12,ACTIVIDADES FINANCIERAS INMOBILIARIAS EMPRESARIALES Y COMUNICACIONES,S01
54,NORTE DE SANTANDER,2007,1156,1.16E+12,ACTIVIDADES FINANCIERAS INMOBILIARIAS EMPRESARIALES Y COMUNICACIONES,S01
54,NORTE DE SANTANDER,2008,1286,1.29E+12,ACTIVIDADES FINANCIERAS INMOBILIARIAS EMPRESARIALES Y COMUNICACIONES,S01
54,NORTE DE SANTANDER,2009,1403,1.40E+12,ACTIVIDADES FINANCIERAS INMOBILIARIAS EMPRESARIALES Y COMUNICACIONES,S01
54,NORTE DE SANTANDER,2010,1518,1.52E+12,ACTIVIDADES FINANCIERAS INMOBILIARIAS EMPRESARIALES Y COMUNICACIONES,S01
54,NORTE DE SANTANDER,2011,1657,1.66E+12,ACTIVIDADES FINANCIERAS INMOBILIARIAS EMPRESARIALES Y COMUNICACIONES,S01
54,NORTE DE SANTANDER,2012,1777,1.78E+12,ACTIVIDADES FINANCIERAS INMOBILIARIAS EMPRESARIALES Y COMUNICACIONES,S01
54,NORTE DE SANTANDER,2013,1918,1.92E+12,ACTIVIDADES FINANCIERAS INMOBILIARIAS EMPRESARIALES Y COMUNICACIONES,S01
54,NORTE DE SANTANDER,2014,2086,2.09E+12,ACTIVIDADES FINANCIERAS INMOBILIARIAS EMPRESARIALES Y COMUNICACIONES,S01
54,NORTE DE SANTANDER,2015,2199,2.20E+12,ACTIVIDADES FINANCIERAS INMOBILIARIAS EMPRESARIALES Y COMUNICACIONES,S01
54,NORTE DE SANTANDER,2016,2289,2.29E+12,ACTIVIDADES FINANCIERAS INMOBILIARIAS EMPRESARIALES Y COMUNICACIONES,S01
54,NORTE DE SANTANDER,2017,2439,2.44E+12,ACTIVIDADES FINANCIERAS INMOBILIARIAS EMPRESARIALES Y COMUNICACIONES,S01
54,NORTE DE SANTANDER,2018,2588,2.59E+12,ACTIVIDADES FINANCIERAS INMOBILIARIAS EMPRESARIALES Y COMUNICACIONES,S01
54,NORTE DE SANTANDER,2019,2766,2.77E+12,ACTIVIDADES FINANCIERAS INMOBILIARIAS EMPRESARIALES Y COMUNICACIONES,S01
54,NORTE DE SANTANDER,2020,2823,2.82E+12,ACTIVIDADES FINANCIERAS INMOBILIARIAS EMPRESARIALES Y COMUNICACIONES,S01
54,NORTE DE SANTANDER,2021,2992,2.99E+12,ACTIVIDADES FINANCIERAS INMOBILIARIAS EMPRESARIALES Y COMUNICACIONES,S01
54,NORTE DE SANTANDER,2022,3254,3.25E+12,ACTIVIDADES FINANCIERAS INMOBILIARIAS EMPRESARIALES Y COMUNICACIONES,S01
54,NORTE DE SANTANDER,2023p,3576,3.58E+12,ACTIVIDADES FINANCIERAS INMOBILIARIAS EMPRESARIALES Y COMUNICACIONES,S01
54,NORTE DE SANTANDER,2024pr,3880,3.88E+12,ACTIVIDADES FINANCIERAS INMOBILIARIAS EMPRESARIALES Y COMUNICACIONES,S01
63,QUNDIO,1980,6,6000000000,ACTIVIDADES FINANCIERAS INMOBILIARIAS EMPRESARIALES Y COMUNICACIONES,S01
63,QUNDIO,1981,6,6000000000,ACTIVIDADES FINANCIERAS INMOBILIARIAS EMPRESARIALES Y COMUNICACIONES,S01
63,QUNDIO,1982,8,8000000000,ACTIVIDADES FINANCIERAS INMOBILIARIAS EMPRESARIALES Y COMUNICACIONES,S01
63,QUNDIO,1983,10,10000000000,ACTIVIDADES FINANCIERAS INMOBILIARIAS EMPRESARIALES Y COMUNICACIONES,S01
63,QUNDIO,1984,12,12000000000,ACTIVIDADES FINANCIERAS INMOBILIARIAS EMPRESARIALES Y COMUNICACIONES,S01
63,QUNDIO,1985,14,14000000000,ACTIVIDADES FINANCIERAS INMOBILIARIAS EMPRESARIALES Y COMUNICACIONES,S01
63,QUNDIO,1986,19,19000000000,ACTIVIDADES FINANCIERAS INMOBILIARIAS EMPRESARIALES Y COMUNICACIONES,S01
63,QUNDIO,1987,23,23000000000,ACTIVIDADES FINANCIERAS INMOBILIARIAS EMPRESARIALES Y COMUNICACIONES,S01
63,QUNDIO,1988,30,30000000000,ACTIVIDADES FINANCIERAS INMOBILIARIAS EMPRESARIALES Y COMUNICACIONES,S01
63,QUNDIO,1989,39,39000000000,ACTIVIDADES FINANCIERAS INMOBILIARIAS EMPRESARIALES Y COMUNICACIONES,S01
63,QUNDIO,1990,53,53000000000,ACTIVIDADES FINANCIERAS INMOBILIARIAS EMPRESARIALES Y COMUNICACIONES,S01
63,QUNDIO,1991,73,73000000000,ACTIVIDADES FINANCIERAS INMOBILIARIAS EMPRESARIALES Y COMUNICACIONES,S01
63,QUNDIO,1992,95,95000000000,ACTIVIDADES FINANCIERAS INMOBILIARIAS EMPRESARIALES Y COMUNICACIONES,S01
63,QUNDIO,1993,123,1.23E+11,ACTIVIDADES FINANCIERAS INMOBILIARIAS EMPRESARIALES Y COMUNICACIONES,S01
63,QUNDIO,1994,152,1.52E+11,ACTIVIDADES FINANCIERAS INMOBILIARIAS EMPRESARIALES Y COMUNICACIONES,S01
63,QUNDIO,1995,195,1.95E+11,ACTIVIDADES FINANCIERAS INMOBILIARIAS EMPRESARIALES Y COMUNICACIONES,S01
63,QUNDIO,1996,254,2.54E+11,ACTIVIDADES FINANCIERAS INMOBILIARIAS EMPRESARIALES Y COMUNICACIONES,S01
63,QUNDIO,1997,307,3.07E+11,ACTIVIDADES FINANCIERAS INMOBILIARIAS EMPRESARIALES Y COMUNICACIONES,S01
63,QUNDIO,1998,336,3.36E+11,ACTIVIDADES FINANCIERAS INMOBILIARIAS EMPRESARIALES Y COMUNICACIONES,S01
63,QUNDIO,1999,349,3.49E+11,ACTIVIDADES FINANCIERAS INMOBILIARIAS EMPRESARIALES Y COMUNICACIONES,S01
63,QUNDIO,2000,380,3.80E+11,ACTIVIDADES FINANCIERAS INMOBILIARIAS EMPRESARIALES Y COMUNICACIONES,S01
63,QUNDIO,2001,442,4.42E+11,ACTIVIDADES FINANCIERAS INMOBILIARIAS EMPRESARIALES Y COMUNICACIONES,S01
63,QUNDIO,2002,471,4.71E+11,ACTIVIDADES FINANCIERAS INMOBILIARIAS EMPRESARIALES Y COMUNICACIONES,S01
63,QUNDIO,2003,506,5.06E+11,ACTIVIDADES FINANCIERAS INMOBILIARIAS EMPRESARIALES Y COMUNICACIONES,S01
63,QUNDIO,2004,540,5.40E+11,ACTIVIDADES FINANCIERAS INMOBILIARIAS EMPRESARIALES Y COMUNICACIONES,S01
63,QUNDIO,2005,592,5.92E+11,ACTIVIDADES FINANCIERAS INMOBILIARIAS EMPRESARIALES Y COMUNICACIONES,S01
63,QUNDIO,2006,671,6.71E+11,ACTIVIDADES FINANCIERAS INMOBILIARIAS EMPRESARIALES Y COMUNICACIONES,S01
63,QUNDIO,2007,751,7.51E+11,ACTIVIDADES FINANCIERAS INMOBILIARIAS EMPRESARIALES Y COMUNICACIONES,S01
63,QUNDIO,2008,823,8.23E+11,ACTIVIDADES FINANCIERAS INMOBILIARIAS EMPRESARIALES Y COMUNICACIONES,S01
63,QUNDIO,2009,879,8.79E+11,ACTIVIDADES FINANCIERAS INMOBILIARIAS EMPRESARIALES Y COMUNICACIONES,S01
63,QUNDIO,2010,936,9.36E+11,ACTIVIDADES FINANCIERAS INMOBILIARIAS EMPRESARIALES Y COMUNICACIONES,S01
63,QUNDIO,2011,1018,1.02E+12,ACTIVIDADES FINANCIERAS INMOBILIARIAS EMPRESARIALES Y COMUNICACIONES,S01
63,QUNDIO,2012,1105,1.11E+12,ACTIVIDADES FINANCIERAS INMOBILIARIAS EMPRESARIALES Y COMUNICACIONES,S01
63,QUNDIO,2013,1172,1.17E+12,ACTIVIDADES FINANCIERAS INMOBILIARIAS EMPRESARIALES Y COMUNICACIONES,S01
63,QUNDIO,2014,1271,1.27E+12,ACTIVIDADES FINANCIERAS INMOBILIARIAS EMPRESARIALES Y COMUNICACIONES,S01
63,QUNDIO,2015,1341,1.34E+12,ACTIVIDADES FINANCIERAS INMOBILIARIAS EMPRESARIALES Y COMUNICACIONES,S01
63,QUNDIO,2016,1401,1.40E+12,ACTIVIDADES FINANCIERAS INMOBILIARIAS EMPRESARIALES Y COMUNICACIONES,S01
63,QUNDIO,2017,1512,1.51E+12,ACTIVIDADES FINANCIERAS INMOBILIARIAS EMPRESARIALES Y COMUNICACIONES,S01
63,QUNDIO,2018,1622,1.62E+12,ACTIVIDADES FINANCIERAS INMOBILIARIAS EMPRESARIALES Y COMUNICACIONES,S01
63,QUNDIO,2019,1739,1.74E+12,ACTIVIDADES FINANCIERAS INMOBILIARIAS EMPRESARIALES Y COMUNICACIONES,S01
63,QUNDIO,2020,1757,1.76E+12,ACTIVIDADES FINANCIERAS INMOBILIARIAS EMPRESARIALES Y COMUNICACIONES,S01
63,QUNDIO,2021,1888,1.89E+12,ACTIVIDADES FINANCIERAS INMOBILIARIAS EMPRESARIALES Y COMUNICACIONES,S01
63,QUNDIO,2022,2065,2.07E+12,ACTIVIDADES FINANCIERAS INMOBILIARIAS EMPRESARIALES Y COMUNICACIONES,S01
63,QUNDIO,2023p,2270,2.27E+12,ACTIVIDADES FINANCIERAS INMOBILIARIAS EMPRESARIALES Y COMUNICACIONES,S01
63,QUNDIO,2024pr,2472,2.47E+12,ACTIVIDADES FINANCIERAS INMOBILIARIAS EMPRESARIALES Y COMUNICACIONES,S01
66,RISARALDA,1980,8,8000000000,ACTIVIDADES FINANCIERAS INMOBILIARIAS EMPRESARIALES Y COMUNICACIONES,S01
66,RISARALDA,1981,10,10000000000,ACTIVIDADES FINANCIERAS INMOBILIARIAS EMPRESARIALES Y COMUNICACIONES,S01
66,RISARALDA,1982,13,13000000000,ACTIVIDADES FINANCIERAS INMOBILIARIAS EMPRESARIALES Y COMUNICACIONES,S01
66,RISARALDA,1983,15,15000000000,ACTIVIDADES FINANCIERAS INMOBILIARIAS EMPRESARIALES Y COMUNICACIONES,S01
66,RISARALDA,1984,18,18000000000,ACTIVIDADES FINANCIERAS INMOBILIARIAS EMPRESARIALES Y COMUNICACIONES,S01
66,RISARALDA,1985,23,23000000000,ACTIVIDADES FINANCIERAS INMOBILIARIAS EMPRESARIALES Y COMUNICACIONES,S01
66,RISARALDA,1986,30,30000000000,ACTIVIDADES FINANCIERAS INMOBILIARIAS EMPRESARIALES Y COMUNICACIONES,S01
66,RISARALDA,1987,39,39000000000,ACTIVIDADES FINANCIERAS INMOBILIARIAS EMPRESARIALES Y COMUNICACIONES,S01
66,RISARALDA,1988,56,56000000000,ACTIVIDADES FINANCIERAS INMOBILIARIAS EMPRESARIALES Y COMUNICACIONES,S01
66,RISARALDA,1989,71,71000000000,ACTIVIDADES FINANCIERAS INMOBILIARIAS EMPRESARIALES Y COMUNICACIONES,S01
66,RISARALDA,1990,99,99000000000,ACTIVIDADES FINANCIERAS INMOBILIARIAS EMPRESARIALES Y COMUNICACIONES,S01
66,RISARALDA,1991,132,1.32E+11,ACTIVIDADES FINANCIERAS INMOBILIARIAS EMPRESARIALES Y COMUNICACIONES,S01
66,RISARALDA,1992,172,1.72E+11,ACTIVIDADES FINANCIERAS INMOBILIARIAS EMPRESARIALES Y COMUNICACIONES,S01
66,RISARALDA,1993,211,2.11E+11,ACTIVIDADES FINANCIERAS INMOBILIARIAS EMPRESARIALES Y COMUNICACIONES,S01
66,RISARALDA,1994,289,2.89E+11,ACTIVIDADES FINANCIERAS INMOBILIARIAS EMPRESARIALES Y COMUNICACIONES,S01
66,RISARALDA,1995,350,3.50E+11,ACTIVIDADES FINANCIERAS INMOBILIARIAS EMPRESARIALES Y COMUNICACIONES,S01
66,RISARALDA,1996,447,4.47E+11,ACTIVIDADES FINANCIERAS INMOBILIARIAS EMPRESARIALES Y COMUNICACIONES,S01
66,RISARALDA,1997,532,5.32E+11,ACTIVIDADES FINANCIERAS INMOBILIARIAS EMPRESARIALES Y COMUNICACIONES,S01
66,RISARALDA,1998,614,6.14E+11,ACTIVIDADES FINANCIERAS INMOBILIARIAS EMPRESARIALES Y COMUNICACIONES,S01
66,RISARALDA,1999,615,6.15E+11,ACTIVIDADES FINANCIERAS INMOBILIARIAS EMPRESARIALES Y COMUNICACIONES,S01
66,RISARALDA,2000,659,6.59E+11,ACTIVIDADES FINANCIERAS INMOBILIARIAS EMPRESARIALES Y COMUNICACIONES,S01
66,RISARALDA,2001,783,7.83E+11,ACTIVIDADES FINANCIERAS INMOBILIARIAS EMPRESARIALES Y COMUNICACIONES,S01
66,RISARALDA,2002,855,8.55E+11,ACTIVIDADES FINANCIERAS INMOBILIARIAS EMPRESARIALES Y COMUNICACIONES,S01
66,RISARALDA,2003,941,9.41E+11,ACTIVIDADES FINANCIERAS INMOBILIARIAS EMPRESARIALES Y COMUNICACIONES,S01
66,RISARALDA,2004,1036,1.04E+12,ACTIVIDADES FINANCIERAS INMOBILIARIAS EMPRESARIALES Y COMUNICACIONES,S01
66,RISARALDA,2005,1167,1.17E+12,ACTIVIDADES FINANCIERAS INMOBILIARIAS EMPRESARIALES Y COMUNICACIONES,S01
66,RISARALDA,2006,1326,1.33E+12,ACTIVIDADES FINANCIERAS INMOBILIARIAS EMPRESARIALES Y COMUNICACIONES,S01
66,RISARALDA,2007,1507,1.51E+12,ACTIVIDADES FINANCIERAS INMOBILIARIAS EMPRESARIALES Y COMUNICACIONES,S01
66,RISARALDA,2008,1690,1.69E+12,ACTIVIDADES FINANCIERAS INMOBILIARIAS EMPRESARIALES Y COMUNICACIONES,S01
66,RISARALDA,2009,1819,1.82E+12,ACTIVIDADES FINANCIERAS INMOBILIARIAS EMPRESARIALES Y COMUNICACIONES,S01
66,RISARALDA,2010,1901,1.90E+12,ACTIVIDADES FINANCIERAS INMOBILIARIAS EMPRESARIALES Y COMUNICACIONES,S01
66,RISARALDA,2011,2086,2.09E+12,ACTIVIDADES FINANCIERAS INMOBILIARIAS EMPRESARIALES Y COMUNICACIONES,S01
66,RISARALDA,2012,2295,2.30E+12,ACTIVIDADES FINANCIERAS INMOBILIARIAS EMPRESARIALES Y COMUNICACIONES,S01
66,RISARALDA,2013,2505,2.51E+12,ACTIVIDADES FINANCIERAS INMOBILIARIAS EMPRESARIALES Y COMUNICACIONES,S01
66,RISARALDA,2014,2696,2.70E+12,ACTIVIDADES FINANCIERAS INMOBILIARIAS EMPRESARIALES Y COMUNICACIONES,S01
66,RISARALDA,2015,2871,2.87E+12,ACTIVIDADES FINANCIERAS INMOBILIARIAS EMPRESARIALES Y COMUNICACIONES,S01
66,RISARALDA,2016,3025,3.03E+12,ACTIVIDADES FINANCIERAS INMOBILIARIAS EMPRESARIALES Y COMUNICACIONES,S01
66,RISARALDA,2017,3241,3.24E+12,ACTIVIDADES FINANCIERAS INMOBILIARIAS EMPRESARIALES Y COMUNICACIONES,S01
66,RISARALDA,2018,3457,3.46E+12,ACTIVIDADES FINANCIERAS INMOBILIARIAS EMPRESARIALES Y COMUNICACIONES,S01
66,RISARALDA,2019,3665,3.67E+12,ACTIVIDADES FINANCIERAS INMOBILIARIAS EMPRESARIALES Y COMUNICACIONES,S01
66,RISARALDA,2020,3611,3.61E+12,ACTIVIDADES FINANCIERAS INMOBILIARIAS EMPRESARIALES Y COMUNICACIONES,S01
66,RISARALDA,2021,3857,3.86E+12,ACTIVIDADES FINANCIERAS INMOBILIARIAS EMPRESARIALES Y COMUNICACIONES,S01
66,RISARALDA,2022,4264,4.26E+12,ACTIVIDADES FINANCIERAS INMOBILIARIAS EMPRESARIALES Y COMUNICACIONES,S01
66,RISARALDA,2023p,4680,4.68E+12,ACTIVIDADES FINANCIERAS INMOBILIARIAS EMPRESARIALES Y COMUNICACIONES,S01
66,RISARALDA,2024pr,5094,5.09E+12,ACTIVIDADES FINANCIERAS INMOBILIARIAS EMPRESARIALES Y COMUNICACIONES,S01
68,SANTANDER,1980,28,28000000000,ACTIVIDADES FINANCIERAS INMOBILIARIAS EMPRESARIALES Y COMUNICACIONES,S01
68,SANTANDER,1981,39,39000000000,ACTIVIDADES FINANCIERAS INMOBILIARIAS EMPRESARIALES Y COMUNICACIONES,S01
68,SANTANDER,1982,49,49000000000,ACTIVIDADES FINANCIERAS INMOBILIARIAS EMPRESARIALES Y COMUNICACIONES,S01
68,SANTANDER,1983,55,55000000000,ACTIVIDADES FINANCIERAS INMOBILIARIAS EMPRESARIALES Y COMUNICACIONES,S01
68,SANTANDER,1984,64,64000000000,ACTIVIDADES FINANCIERAS INMOBILIARIAS EMPRESARIALES Y COMUNICACIONES,S01
68,SANTANDER,1985,77,77000000000,ACTIVIDADES FINANCIERAS INMOBILIARIAS EMPRESARIALES Y COMUNICACIONES,S01
68,SANTANDER,1986,103,1.03E+11,ACTIVIDADES FINANCIERAS INMOBILIARIAS EMPRESARIALES Y COMUNICACIONES,S01
68,SANTANDER,1987,135,1.35E+11,ACTIVIDADES FINANCIERAS INMOBILIARIAS EMPRESARIALES Y COMUNICACIONES,S01
68,SANTANDER,1988,172,1.72E+11,ACTIVIDADES FINANCIERAS INMOBILIARIAS EMPRESARIALES Y COMUNICACIONES,S01
68,SANTANDER,1989,227,2.27E+11,ACTIVIDADES FINANCIERAS INMOBILIARIAS EMPRESARIALES Y COMUNICACIONES,S01
68,SANTANDER,1990,309,3.09E+11,ACTIVIDADES FINANCIERAS INMOBILIARIAS EMPRESARIALES Y COMUNICACIONES,S01
68,SANTANDER,1991,407,4.07E+11,ACTIVIDADES FINANCIERAS INMOBILIARIAS EMPRESARIALES Y COMUNICACIONES,S01
68,SANTANDER,1992,526,5.26E+11,ACTIVIDADES FINANCIERAS INMOBILIARIAS EMPRESARIALES Y COMUNICACIONES,S01
68,SANTANDER,1993,699,6.99E+11,ACTIVIDADES FINANCIERAS INMOBILIARIAS EMPRESARIALES Y COMUNICACIONES,S01
68,SANTANDER,1994,853,8.53E+11,ACTIVIDADES FINANCIERAS INMOBILIARIAS EMPRESARIALES Y COMUNICACIONES,S01
68,SANTANDER,1995,1086,1.09E+12,ACTIVIDADES FINANCIERAS INMOBILIARIAS EMPRESARIALES Y COMUNICACIONES,S01
68,SANTANDER,1996,1337,1.34E+12,ACTIVIDADES FINANCIERAS INMOBILIARIAS EMPRESARIALES Y COMUNICACIONES,S01
68,SANTANDER,1997,1699,1.70E+12,ACTIVIDADES FINANCIERAS INMOBILIARIAS EMPRESARIALES Y COMUNICACIONES,S01
68,SANTANDER,1998,1864,1.86E+12,ACTIVIDADES FINANCIERAS INMOBILIARIAS EMPRESARIALES Y COMUNICACIONES,S01
68,SANTANDER,1999,2003,2.00E+12,ACTIVIDADES FINANCIERAS INMOBILIARIAS EMPRESARIALES Y COMUNICACIONES,S01
68,SANTANDER,2000,2109,2.11E+12,ACTIVIDADES FINANCIERAS INMOBILIARIAS EMPRESARIALES Y COMUNICACIONES,S01
68,SANTANDER,2001,2328,2.33E+12,ACTIVIDADES FINANCIERAS INMOBILIARIAS EMPRESARIALES Y COMUNICACIONES,S01
68,SANTANDER,2002,2486,2.49E+12,ACTIVIDADES FINANCIERAS INMOBILIARIAS EMPRESARIALES Y COMUNICACIONES,S01
68,SANTANDER,2003,2697,2.70E+12,ACTIVIDADES FINANCIERAS INMOBILIARIAS EMPRESARIALES Y COMUNICACIONES,S01
68,SANTANDER,2004,2925,2.93E+12,ACTIVIDADES FINANCIERAS INMOBILIARIAS EMPRESARIALES Y COMUNICACIONES,S01
68,SANTANDER,2005,3173,3.17E+12,ACTIVIDADES FINANCIERAS INMOBILIARIAS EMPRESARIALES Y COMUNICACIONES,S01
68,SANTANDER,2006,3706,3.71E+12,ACTIVIDADES FINANCIERAS INMOBILIARIAS EMPRESARIALES Y COMUNICACIONES,S01
68,SANTANDER,2007,4222,4.22E+12,ACTIVIDADES FINANCIERAS INMOBILIARIAS EMPRESARIALES Y COMUNICACIONES,S01
68,SANTANDER,2008,4759,4.76E+12,ACTIVIDADES FINANCIERAS INMOBILIARIAS EMPRESARIALES Y COMUNICACIONES,S01
68,SANTANDER,2009,5233,5.23E+12,ACTIVIDADES FINANCIERAS INMOBILIARIAS EMPRESARIALES Y COMUNICACIONES,S01
68,SANTANDER,2010,5741,5.74E+12,ACTIVIDADES FINANCIERAS INMOBILIARIAS EMPRESARIALES Y COMUNICACIONES,S01
68,SANTANDER,2011,6372,6.37E+12,ACTIVIDADES FINANCIERAS INMOBILIARIAS EMPRESARIALES Y COMUNICACIONES,S01
68,SANTANDER,2012,6922,6.92E+12,ACTIVIDADES FINANCIERAS INMOBILIARIAS EMPRESARIALES Y COMUNICACIONES,S01
68,SANTANDER,2013,7524,7.52E+12,ACTIVIDADES FINANCIERAS INMOBILIARIAS EMPRESARIALES Y COMUNICACIONES,S01
68,SANTANDER,2014,8197,8.20E+12,ACTIVIDADES FINANCIERAS INMOBILIARIAS EMPRESARIALES Y COMUNICACIONES,S01
68,SANTANDER,2015,8704,8.70E+12,ACTIVIDADES FINANCIERAS INMOBILIARIAS EMPRESARIALES Y COMUNICACIONES,S01
68,SANTANDER,2016,9225,9.23E+12,ACTIVIDADES FINANCIERAS INMOBILIARIAS EMPRESARIALES Y COMUNICACIONES,S01
68,SANTANDER,2017,10011,1.00E+13,ACTIVIDADES FINANCIERAS INMOBILIARIAS EMPRESARIALES Y COMUNICACIONES,S01
68,SANTANDER,2018,10734,1.07E+13,ACTIVIDADES FINANCIERAS INMOBILIARIAS EMPRESARIALES Y COMUNICACIONES,S01
68,SANTANDER,2019,11470,1.15E+13,ACTIVIDADES FINANCIERAS INMOBILIARIAS EMPRESARIALES Y COMUNICACIONES,S01
68,SANTANDER,2020,11448,1.14E+13,ACTIVIDADES FINANCIERAS INMOBILIARIAS EMPRESARIALES Y COMUNICACIONES,S01
68,SANTANDER,2021,12443,1.24E+13,ACTIVIDADES FINANCIERAS INMOBILIARIAS EMPRESARIALES Y COMUNICACIONES,S01
68,SANTANDER,2022,13827,1.38E+13,ACTIVIDADES FINANCIERAS INMOBILIARIAS EMPRESARIALES Y COMUNICACIONES,S01
68,SANTANDER,2023p,15208,1.52E+13,ACTIVIDADES FINANCIERAS INMOBILIARIAS EMPRESARIALES Y COMUNICACIONES,S01
68,SANTANDER,2024pr,16528,1.65E+13,ACTIVIDADES FINANCIERAS INMOBILIARIAS EMPRESARIALES Y COMUNICACIONES,S01
70,SUCRE,1980,2,2000000000,ACTIVIDADES FINANCIERAS INMOBILIARIAS EMPRESARIALES Y COMUNICACIONES,S01
70,SUCRE,1981,2,2000000000,ACTIVIDADES FINANCIERAS INMOBILIARIAS EMPRESARIALES Y COMUNICACIONES,S01
70,SUCRE,1982,3,3000000000,ACTIVIDADES FINANCIERAS INMOBILIARIAS EMPRESARIALES Y COMUNICACIONES,S01
70,SUCRE,1983,4,4000000000,ACTIVIDADES FINANCIERAS INMOBILIARIAS EMPRESARIALES Y COMUNICACIONES,S01
70,SUCRE,1984,4,4000000000,ACTIVIDADES FINANCIERAS INMOBILIARIAS EMPRESARIALES Y COMUNICACIONES,S01
70,SUCRE,1985,5,5000000000,ACTIVIDADES FINANCIERAS INMOBILIARIAS EMPRESARIALES Y COMUNICACIONES,S01
70,SUCRE,1986,6,6000000000,ACTIVIDADES FINANCIERAS INMOBILIARIAS EMPRESARIALES Y COMUNICACIONES,S01
70,SUCRE,1987,8,8000000000,ACTIVIDADES FINANCIERAS INMOBILIARIAS EMPRESARIALES Y COMUNICACIONES,S01
70,SUCRE,1988,10,10000000000,ACTIVIDADES FINANCIERAS INMOBILIARIAS EMPRESARIALES Y COMUNICACIONES,S01
70,SUCRE,1989,13,13000000000,ACTIVIDADES FINANCIERAS INMOBILIARIAS EMPRESARIALES Y COMUNICACIONES,S01
70,SUCRE,1990,17,17000000000,ACTIVIDADES FINANCIERAS INMOBILIARIAS EMPRESARIALES Y COMUNICACIONES,S01
70,SUCRE,1991,22,22000000000,ACTIVIDADES FINANCIERAS INMOBILIARIAS EMPRESARIALES Y COMUNICACIONES,S01
70,SUCRE,1992,28,28000000000,ACTIVIDADES FINANCIERAS INMOBILIARIAS EMPRESARIALES Y COMUNICACIONES,S01
70,SUCRE,1993,37,37000000000,ACTIVIDADES FINANCIERAS INMOBILIARIAS EMPRESARIALES Y COMUNICACIONES,S01
70,SUCRE,1994,51,51000000000,ACTIVIDADES FINANCIERAS INMOBILIARIAS EMPRESARIALES Y COMUNICACIONES,S01
70,SUCRE,1995,67,67000000000,ACTIVIDADES FINANCIERAS INMOBILIARIAS EMPRESARIALES Y COMUNICACIONES,S01
70,SUCRE,1996,86,86000000000,ACTIVIDADES FINANCIERAS INMOBILIARIAS EMPRESARIALES Y COMUNICACIONES,S01
70,SUCRE,1997,108,1.08E+11,ACTIVIDADES FINANCIERAS INMOBILIARIAS EMPRESARIALES Y COMUNICACIONES,S01
70,SUCRE,1998,122,1.22E+11,ACTIVIDADES FINANCIERAS INMOBILIARIAS EMPRESARIALES Y COMUNICACIONES,S01
70,SUCRE,1999,127,1.27E+11,ACTIVIDADES FINANCIERAS INMOBILIARIAS EMPRESARIALES Y COMUNICACIONES,S01
70,SUCRE,2000,133,1.33E+11,ACTIVIDADES FINANCIERAS INMOBILIARIAS EMPRESARIALES Y COMUNICACIONES,S01
70,SUCRE,2001,146,1.46E+11,ACTIVIDADES FINANCIERAS INMOBILIARIAS EMPRESARIALES Y COMUNICACIONES,S01
70,SUCRE,2002,167,1.67E+11,ACTIVIDADES FINANCIERAS INMOBILIARIAS EMPRESARIALES Y COMUNICACIONES,S01
70,SUCRE,2003,198,1.98E+11,ACTIVIDADES FINANCIERAS INMOBILIARIAS EMPRESARIALES Y COMUNICACIONES,S01
70,SUCRE,2004,234,2.34E+11,ACTIVIDADES FINANCIERAS INMOBILIARIAS EMPRESARIALES Y COMUNICACIONES,S01
70,SUCRE,2005,269,2.69E+11,ACTIVIDADES FINANCIERAS INMOBILIARIAS EMPRESARIALES Y COMUNICACIONES,S01
70,SUCRE,2006,326,3.26E+11,ACTIVIDADES FINANCIERAS INMOBILIARIAS EMPRESARIALES Y COMUNICACIONES,S01
70,SUCRE,2007,386,3.86E+11,ACTIVIDADES FINANCIERAS INMOBILIARIAS EMPRESARIALES Y COMUNICACIONES,S01
70,SUCRE,2008,437,4.37E+11,ACTIVIDADES FINANCIERAS INMOBILIARIAS EMPRESARIALES Y COMUNICACIONES,S01
70,SUCRE,2009,482,4.82E+11,ACTIVIDADES FINANCIERAS INMOBILIARIAS EMPRESARIALES Y COMUNICACIONES,S01
70,SUCRE,2010,534,5.34E+11,ACTIVIDADES FINANCIERAS INMOBILIARIAS EMPRESARIALES Y COMUNICACIONES,S01
70,SUCRE,2011,590,5.90E+11,ACTIVIDADES FINANCIERAS INMOBILIARIAS EMPRESARIALES Y COMUNICACIONES,S01
70,SUCRE,2012,667,6.67E+11,ACTIVIDADES FINANCIERAS INMOBILIARIAS EMPRESARIALES Y COMUNICACIONES,S01
70,SUCRE,2013,724,7.24E+11,ACTIVIDADES FINANCIERAS INMOBILIARIAS EMPRESARIALES Y COMUNICACIONES,S01
70,SUCRE,2014,815,8.15E+11,ACTIVIDADES FINANCIERAS INMOBILIARIAS EMPRESARIALES Y COMUNICACIONES,S01
70,SUCRE,2015,862,8.62E+11,ACTIVIDADES FINANCIERAS INMOBILIARIAS EMPRESARIALES Y COMUNICACIONES,S01
70,SUCRE,2016,893,8.93E+11,ACTIVIDADES FINANCIERAS INMOBILIARIAS EMPRESARIALES Y COMUNICACIONES,S01
70,SUCRE,2017,957,9.57E+11,ACTIVIDADES FINANCIERAS INMOBILIARIAS EMPRESARIALES Y COMUNICACIONES,S01
70,SUCRE,2018,1023,1.02E+12,ACTIVIDADES FINANCIERAS INMOBILIARIAS EMPRESARIALES Y COMUNICACIONES,S01
70,SUCRE,2019,1080,1.08E+12,ACTIVIDADES FINANCIERAS INMOBILIARIAS EMPRESARIALES Y COMUNICACIONES,S01
70,SUCRE,2020,1096,1.10E+12,ACTIVIDADES FINANCIERAS INMOBILIARIAS EMPRESARIALES Y COMUNICACIONES,S01
70,SUCRE,2021,1149,1.15E+12,ACTIVIDADES FINANCIERAS INMOBILIARIAS EMPRESARIALES Y COMUNICACIONES,S01
70,SUCRE,2022,1252,1.25E+12,ACTIVIDADES FINANCIERAS INMOBILIARIAS EMPRESARIALES Y COMUNICACIONES,S01
70,SUCRE,2023p,1369,1.37E+12,ACTIVIDADES FINANCIERAS INMOBILIARIAS EMPRESARIALES Y COMUNICACIONES,S01
70,SUCRE,2024pr,1487,1.49E+12,ACTIVIDADES FINANCIERAS INMOBILIARIAS EMPRESARIALES Y COMUNICACIONES,S01
73,TOLIMA,1980,8,8000000000,ACTIVIDADES FINANCIERAS INMOBILIARIAS EMPRESARIALES Y COMUNICACIONES,S01
73,TOLIMA,1981,10,10000000000,ACTIVIDADES FINANCIERAS INMOBILIARIAS EMPRESARIALES Y COMUNICACIONES,S01
73,TOLIMA,1982,12,12000000000,ACTIVIDADES FINANCIERAS INMOBILIARIAS EMPRESARIALES Y COMUNICACIONES,S01
73,TOLIMA,1983,15,15000000000,ACTIVIDADES FINANCIERAS INMOBILIARIAS EMPRESARIALES Y COMUNICACIONES,S01
73,TOLIMA,1984,17,17000000000,ACTIVIDADES FINANCIERAS INMOBILIARIAS EMPRESARIALES Y COMUNICACIONES,S01
73,TOLIMA,1985,20,20000000000,ACTIVIDADES FINANCIERAS INMOBILIARIAS EMPRESARIALES Y COMUNICACIONES,S01
73,TOLIMA,1986,28,28000000000,ACTIVIDADES FINANCIERAS INMOBILIARIAS EMPRESARIALES Y COMUNICACIONES,S01
73,TOLIMA,1987,35,35000000000,ACTIVIDADES FINANCIERAS INMOBILIARIAS EMPRESARIALES Y COMUNICACIONES,S01
73,TOLIMA,1988,48,48000000000,ACTIVIDADES FINANCIERAS INMOBILIARIAS EMPRESARIALES Y COMUNICACIONES,S01
73,TOLIMA,1989,64,64000000000,ACTIVIDADES FINANCIERAS INMOBILIARIAS EMPRESARIALES Y COMUNICACIONES,S01
73,TOLIMA,1990,87,87000000000,ACTIVIDADES FINANCIERAS INMOBILIARIAS EMPRESARIALES Y COMUNICACIONES,S01
73,TOLIMA,1991,119,1.19E+11,ACTIVIDADES FINANCIERAS INMOBILIARIAS EMPRESARIALES Y COMUNICACIONES,S01
73,TOLIMA,1992,154,1.54E+11,ACTIVIDADES FINANCIERAS INMOBILIARIAS EMPRESARIALES Y COMUNICACIONES,S01
73,TOLIMA,1993,200,2.00E+11,ACTIVIDADES FINANCIERAS INMOBILIARIAS EMPRESARIALES Y COMUNICACIONES,S01
73,TOLIMA,1994,240,2.40E+11,ACTIVIDADES FINANCIERAS INMOBILIARIAS EMPRESARIALES Y COMUNICACIONES,S01
73,TOLIMA,1995,320,3.20E+11,ACTIVIDADES FINANCIERAS INMOBILIARIAS EMPRESARIALES Y COMUNICACIONES,S01
73,TOLIMA,1996,397,3.97E+11,ACTIVIDADES FINANCIERAS INMOBILIARIAS EMPRESARIALES Y COMUNICACIONES,S01
73,TOLIMA,1997,541,5.41E+11,ACTIVIDADES FINANCIERAS INMOBILIARIAS EMPRESARIALES Y COMUNICACIONES,S01
73,TOLIMA,1998,599,5.99E+11,ACTIVIDADES FINANCIERAS INMOBILIARIAS EMPRESARIALES Y COMUNICACIONES,S01
73,TOLIMA,1999,591,5.91E+11,ACTIVIDADES FINANCIERAS INMOBILIARIAS EMPRESARIALES Y COMUNICACIONES,S01
73,TOLIMA,2000,626,6.26E+11,ACTIVIDADES FINANCIERAS INMOBILIARIAS EMPRESARIALES Y COMUNICACIONES,S01
73,TOLIMA,2001,694,6.94E+11,ACTIVIDADES FINANCIERAS INMOBILIARIAS EMPRESARIALES Y COMUNICACIONES,S01
73,TOLIMA,2002,775,7.75E+11,ACTIVIDADES FINANCIERAS INMOBILIARIAS EMPRESARIALES Y COMUNICACIONES,S01
73,TOLIMA,2003,839,8.39E+11,ACTIVIDADES FINANCIERAS INMOBILIARIAS EMPRESARIALES Y COMUNICACIONES,S01
73,TOLIMA,2004,925,9.25E+11,ACTIVIDADES FINANCIERAS INMOBILIARIAS EMPRESARIALES Y COMUNICACIONES,S01
73,TOLIMA,2005,1037,1.04E+12,ACTIVIDADES FINANCIERAS INMOBILIARIAS EMPRESARIALES Y COMUNICACIONES,S01
73,TOLIMA,2006,1204,1.20E+12,ACTIVIDADES FINANCIERAS INMOBILIARIAS EMPRESARIALES Y COMUNICACIONES,S01
73,TOLIMA,2007,1401,1.40E+12,ACTIVIDADES FINANCIERAS INMOBILIARIAS EMPRESARIALES Y COMUNICACIONES,S01
73,TOLIMA,2008,1579,1.58E+12,ACTIVIDADES FINANCIERAS INMOBILIARIAS EMPRESARIALES Y COMUNICACIONES,S01
73,TOLIMA,2009,1716,1.72E+12,ACTIVIDADES FINANCIERAS INMOBILIARIAS EMPRESARIALES Y COMUNICACIONES,S01
73,TOLIMA,2010,1874,1.87E+12,ACTIVIDADES FINANCIERAS INMOBILIARIAS EMPRESARIALES Y COMUNICACIONES,S01
73,TOLIMA,2011,2057,2.06E+12,ACTIVIDADES FINANCIERAS INMOBILIARIAS EMPRESARIALES Y COMUNICACIONES,S01
73,TOLIMA,2012,2227,2.23E+12,ACTIVIDADES FINANCIERAS INMOBILIARIAS EMPRESARIALES Y COMUNICACIONES,S01
73,TOLIMA,2013,2433,2.43E+12,ACTIVIDADES FINANCIERAS INMOBILIARIAS EMPRESARIALES Y COMUNICACIONES,S01
73,TOLIMA,2014,2697,2.70E+12,ACTIVIDADES FINANCIERAS INMOBILIARIAS EMPRESARIALES Y COMUNICACIONES,S01
73,TOLIMA,2015,2803,2.80E+12,ACTIVIDADES FINANCIERAS INMOBILIARIAS EMPRESARIALES Y COMUNICACIONES,S01
73,TOLIMA,2016,2904,2.90E+12,ACTIVIDADES FINANCIERAS INMOBILIARIAS EMPRESARIALES Y COMUNICACIONES,S01
73,TOLIMA,2017,3105,3.11E+12,ACTIVIDADES FINANCIERAS INMOBILIARIAS EMPRESARIALES Y COMUNICACIONES,S01
73,TOLIMA,2018,3322,3.32E+12,ACTIVIDADES FINANCIERAS INMOBILIARIAS EMPRESARIALES Y COMUNICACIONES,S01
73,TOLIMA,2019,3486,3.49E+12,ACTIVIDADES FINANCIERAS INMOBILIARIAS EMPRESARIALES Y COMUNICACIONES,S01
73,TOLIMA,2020,3543,3.54E+12,ACTIVIDADES FINANCIERAS INMOBILIARIAS EMPRESARIALES Y COMUNICACIONES,S01
73,TOLIMA,2021,3853,3.85E+12,ACTIVIDADES FINANCIERAS INMOBILIARIAS EMPRESARIALES Y COMUNICACIONES,S01
73,TOLIMA,2022,4213,4.21E+12,ACTIVIDADES FINANCIERAS INMOBILIARIAS EMPRESARIALES Y COMUNICACIONES,S01
73,TOLIMA,2023p,4624,4.62E+12,ACTIVIDADES FINANCIERAS INMOBILIARIAS EMPRESARIALES Y COMUNICACIONES,S01
73,TOLIMA,2024pr,5037,5.04E+12,ACTIVIDADES FINANCIERAS INMOBILIARIAS EMPRESARIALES Y COMUNICACIONES,S01
76,VALLE DEL CAUCA,1980,93,93000000000,ACTIVIDADES FINANCIERAS INMOBILIARIAS EMPRESARIALES Y COMUNICACIONES,S01
76,VALLE DEL CAUCA,1981,123,1.23E+11,ACTIVIDADES FINANCIERAS INMOBILIARIAS EMPRESARIALES Y COMUNICACIONES,S01
76,VALLE DEL CAUCA,1982,154,1.54E+11,ACTIVIDADES FINANCIERAS INMOBILIARIAS EMPRESARIALES Y COMUNICACIONES,S01
76,VALLE DEL CAUCA,1983,190,1.90E+11,ACTIVIDADES FINANCIERAS INMOBILIARIAS EMPRESARIALES Y COMUNICACIONES,S01
76,VALLE DEL CAUCA,1984,226,2.26E+11,ACTIVIDADES FINANCIERAS INMOBILIARIAS EMPRESARIALES Y COMUNICACIONES,S01
76,VALLE DEL CAUCA,1985,278,2.78E+11,ACTIVIDADES FINANCIERAS INMOBILIARIAS EMPRESARIALES Y COMUNICACIONES,S01
76,VALLE DEL CAUCA,1986,351,3.51E+11,ACTIVIDADES FINANCIERAS INMOBILIARIAS EMPRESARIALES Y COMUNICACIONES,S01
76,VALLE DEL CAUCA,1987,445,4.45E+11,ACTIVIDADES FINANCIERAS INMOBILIARIAS EMPRESARIALES Y COMUNICACIONES,S01
76,VALLE DEL CAUCA,1988,581,5.81E+11,ACTIVIDADES FINANCIERAS INMOBILIARIAS EMPRESARIALES Y COMUNICACIONES,S01
76,VALLE DEL CAUCA,1989,723,7.23E+11,ACTIVIDADES FINANCIERAS INMOBILIARIAS EMPRESARIALES Y COMUNICACIONES,S01
76,VALLE DEL CAUCA,1990,990,9.90E+11,ACTIVIDADES FINANCIERAS INMOBILIARIAS EMPRESARIALES Y COMUNICACIONES,S01
76,VALLE DEL CAUCA,1991,1301,1.30E+12,ACTIVIDADES FINANCIERAS INMOBILIARIAS EMPRESARIALES Y COMUNICACIONES,S01
76,VALLE DEL CAUCA,1992,1696,1.70E+12,ACTIVIDADES FINANCIERAS INMOBILIARIAS EMPRESARIALES Y COMUNICACIONES,S01
76,VALLE DEL CAUCA,1993,2310,2.31E+12,ACTIVIDADES FINANCIERAS INMOBILIARIAS EMPRESARIALES Y COMUNICACIONES,S01
76,VALLE DEL CAUCA,1994,2723,2.72E+12,ACTIVIDADES FINANCIERAS INMOBILIARIAS EMPRESARIALES Y COMUNICACIONES,S01
76,VALLE DEL CAUCA,1995,3563,3.56E+12,ACTIVIDADES FINANCIERAS INMOBILIARIAS EMPRESARIALES Y COMUNICACIONES,S01
76,VALLE DEL CAUCA,1996,4101,4.10E+12,ACTIVIDADES FINANCIERAS INMOBILIARIAS EMPRESARIALES Y COMUNICACIONES,S01
76,VALLE DEL CAUCA,1997,4968,4.97E+12,ACTIVIDADES FINANCIERAS INMOBILIARIAS EMPRESARIALES Y COMUNICACIONES,S01
76,VALLE DEL CAUCA,1998,5924,5.92E+12,ACTIVIDADES FINANCIERAS INMOBILIARIAS EMPRESARIALES Y COMUNICACIONES,S01
76,VALLE DEL CAUCA,1999,6321,6.32E+12,ACTIVIDADES FINANCIERAS INMOBILIARIAS EMPRESARIALES Y COMUNICACIONES,S01
76,VALLE DEL CAUCA,2000,6738,6.74E+12,ACTIVIDADES FINANCIERAS INMOBILIARIAS EMPRESARIALES Y COMUNICACIONES,S01
76,VALLE DEL CAUCA,2001,7264,7.26E+12,ACTIVIDADES FINANCIERAS INMOBILIARIAS EMPRESARIALES Y COMUNICACIONES,S01
76,VALLE DEL CAUCA,2002,7781,7.78E+12,ACTIVIDADES FINANCIERAS INMOBILIARIAS EMPRESARIALES Y COMUNICACIONES,S01
76,VALLE DEL CAUCA,2003,8271,8.27E+12,ACTIVIDADES FINANCIERAS INMOBILIARIAS EMPRESARIALES Y COMUNICACIONES,S01
76,VALLE DEL CAUCA,2004,8834,8.83E+12,ACTIVIDADES FINANCIERAS INMOBILIARIAS EMPRESARIALES Y COMUNICACIONES,S01
76,VALLE DEL CAUCA,2005,9395,9.40E+12,ACTIVIDADES FINANCIERAS INMOBILIARIAS EMPRESARIALES Y COMUNICACIONES,S01
76,VALLE DEL CAUCA,2006,10654,1.07E+13,ACTIVIDADES FINANCIERAS INMOBILIARIAS EMPRESARIALES Y COMUNICACIONES,S01
76,VALLE DEL CAUCA,2007,11827,1.18E+13,ACTIVIDADES FINANCIERAS INMOBILIARIAS EMPRESARIALES Y COMUNICACIONES,S01
76,VALLE DEL CAUCA,2008,12947,1.29E+13,ACTIVIDADES FINANCIERAS INMOBILIARIAS EMPRESARIALES Y COMUNICACIONES,S01
76,VALLE DEL CAUCA,2009,13862,1.39E+13,ACTIVIDADES FINANCIERAS INMOBILIARIAS EMPRESARIALES Y COMUNICACIONES,S01
76,VALLE DEL CAUCA,2010,14898,1.49E+13,ACTIVIDADES FINANCIERAS INMOBILIARIAS EMPRESARIALES Y COMUNICACIONES,S01
76,VALLE DEL CAUCA,2011,16247,1.62E+13,ACTIVIDADES FINANCIERAS INMOBILIARIAS EMPRESARIALES Y COMUNICACIONES,S01
76,VALLE DEL CAUCA,2012,17742,1.77E+13,ACTIVIDADES FINANCIERAS INMOBILIARIAS EMPRESARIALES Y COMUNICACIONES,S01
76,VALLE DEL CAUCA,2013,19127,1.91E+13,ACTIVIDADES FINANCIERAS INMOBILIARIAS EMPRESARIALES Y COMUNICACIONES,S01
76,VALLE DEL CAUCA,2014,21183,2.12E+13,ACTIVIDADES FINANCIERAS INMOBILIARIAS EMPRESARIALES Y COMUNICACIONES,S01
76,VALLE DEL CAUCA,2015,22126,2.21E+13,ACTIVIDADES FINANCIERAS INMOBILIARIAS EMPRESARIALES Y COMUNICACIONES,S01
76,VALLE DEL CAUCA,2016,23249,2.32E+13,ACTIVIDADES FINANCIERAS INMOBILIARIAS EMPRESARIALES Y COMUNICACIONES,S01
76,VALLE DEL CAUCA,2017,24819,2.48E+13,ACTIVIDADES FINANCIERAS INMOBILIARIAS EMPRESARIALES Y COMUNICACIONES,S01
76,VALLE DEL CAUCA,2018,26606,2.66E+13,ACTIVIDADES FINANCIERAS INMOBILIARIAS EMPRESARIALES Y COMUNICACIONES,S01
76,VALLE DEL CAUCA,2019,28406,2.84E+13,ACTIVIDADES FINANCIERAS INMOBILIARIAS EMPRESARIALES Y COMUNICACIONES,S01
76,VALLE DEL CAUCA,2020,28329,2.83E+13,ACTIVIDADES FINANCIERAS INMOBILIARIAS EMPRESARIALES Y COMUNICACIONES,S01
76,VALLE DEL CAUCA,2021,30764,3.08E+13,ACTIVIDADES FINANCIERAS INMOBILIARIAS EMPRESARIALES Y COMUNICACIONES,S01
76,VALLE DEL CAUCA,2022,34237,3.42E+13,ACTIVIDADES FINANCIERAS INMOBILIARIAS EMPRESARIALES Y COMUNICACIONES,S01
76,VALLE DEL CAUCA,2023p,37429,3.74E+13,ACTIVIDADES FINANCIERAS INMOBILIARIAS EMPRESARIALES Y COMUNICACIONES,S01
76,VALLE DEL CAUCA,2024pr,40838,4.08E+13,ACTIVIDADES FINANCIERAS INMOBILIARIAS EMPRESARIALES Y COMUNICACIONES,S01
99999,NUEVOS DEPARTAMENTOS,1980,4,4000000000,ACTIVIDADES FINANCIERAS INMOBILIARIAS EMPRESARIALES Y COMUNICACIONES,S01
99999,NUEVOS DEPARTAMENTOS,1981,6,6000000000,ACTIVIDADES FINANCIERAS INMOBILIARIAS EMPRESARIALES Y COMUNICACIONES,S01
99999,NUEVOS DEPARTAMENTOS,1982,7,7000000000,ACTIVIDADES FINANCIERAS INMOBILIARIAS EMPRESARIALES Y COMUNICACIONES,S01
99999,NUEVOS DEPARTAMENTOS,1983,9,9000000000,ACTIVIDADES FINANCIERAS INMOBILIARIAS EMPRESARIALES Y COMUNICACIONES,S01
99999,NUEVOS DEPARTAMENTOS,1984,10,10000000000,ACTIVIDADES FINANCIERAS INMOBILIARIAS EMPRESARIALES Y COMUNICACIONES,S01
99999,NUEVOS DEPARTAMENTOS,1985,13,13000000000,ACTIVIDADES FINANCIERAS INMOBILIARIAS EMPRESARIALES Y COMUNICACIONES,S01
99999,NUEVOS DEPARTAMENTOS,1986,18,18000000000,ACTIVIDADES FINANCIERAS INMOBILIARIAS EMPRESARIALES Y COMUNICACIONES,S01
99999,NUEVOS DEPARTAMENTOS,1987,27,27000000000,ACTIVIDADES FINANCIERAS INMOBILIARIAS EMPRESARIALES Y COMUNICACIONES,S01
99999,NUEVOS DEPARTAMENTOS,1988,32,32000000000,ACTIVIDADES FINANCIERAS INMOBILIARIAS EMPRESARIALES Y COMUNICACIONES,S01
99999,NUEVOS DEPARTAMENTOS,1989,44,44000000000,ACTIVIDADES FINANCIERAS INMOBILIARIAS EMPRESARIALES Y COMUNICACIONES,S01
99999,NUEVOS DEPARTAMENTOS,1990,59,59000000000,ACTIVIDADES FINANCIERAS INMOBILIARIAS EMPRESARIALES Y COMUNICACIONES,S01
99999,NUEVOS DEPARTAMENTOS,1991,71,71000000000,ACTIVIDADES FINANCIERAS INMOBILIARIAS EMPRESARIALES Y COMUNICACIONES,S01
99999,NUEVOS DEPARTAMENTOS,1992,87,87000000000,ACTIVIDADES FINANCIERAS INMOBILIARIAS EMPRESARIALES Y COMUNICACIONES,S01
99999,NUEVOS DEPARTAMENTOS,1993,114,1.14E+11,ACTIVIDADES FINANCIERAS INMOBILIARIAS EMPRESARIALES Y COMUNICACIONES,S01
99999,NUEVOS DEPARTAMENTOS,1994,142,1.42E+11,ACTIVIDADES FINANCIERAS INMOBILIARIAS EMPRESARIALES Y COMUNICACIONES,S01
99999,NUEVOS DEPARTAMENTOS,1995,191,1.91E+11,ACTIVIDADES FINANCIERAS INMOBILIARIAS EMPRESARIALES Y COMUNICACIONES,S01
99999,NUEVOS DEPARTAMENTOS,1996,237,2.37E+11,ACTIVIDADES FINANCIERAS INMOBILIARIAS EMPRESARIALES Y COMUNICACIONES,S01
99999,NUEVOS DEPARTAMENTOS,1997,297,2.97E+11,ACTIVIDADES FINANCIERAS INMOBILIARIAS EMPRESARIALES Y COMUNICACIONES,S01
99999,NUEVOS DEPARTAMENTOS,1998,347,3.47E+11,ACTIVIDADES FINANCIERAS INMOBILIARIAS EMPRESARIALES Y COMUNICACIONES,S01
99999,NUEVOS DEPARTAMENTOS,1999,369,3.69E+11,ACTIVIDADES FINANCIERAS INMOBILIARIAS EMPRESARIALES Y COMUNICACIONES,S01
99999,NUEVOS DEPARTAMENTOS,2000,382,3.82E+11,ACTIVIDADES FINANCIERAS INMOBILIARIAS EMPRESARIALES Y COMUNICACIONES,S01
99999,NUEVOS DEPARTAMENTOS,2001,414,4.14E+11,ACTIVIDADES FINANCIERAS INMOBILIARIAS EMPRESARIALES Y COMUNICACIONES,S01
99999,NUEVOS DEPARTAMENTOS,2002,467,4.67E+11,ACTIVIDADES FINANCIERAS INMOBILIARIAS EMPRESARIALES Y COMUNICACIONES,S01
99999,NUEVOS DEPARTAMENTOS,2003,522,5.22E+11,ACTIVIDADES FINANCIERAS INMOBILIARIAS EMPRESARIALES Y COMUNICACIONES,S01
99999,NUEVOS DEPARTAMENTOS,2004,591,5.91E+11,ACTIVIDADES FINANCIERAS INMOBILIARIAS EMPRESARIALES Y COMUNICACIONES,S01
99999,NUEVOS DEPARTAMENTOS,2005,662,6.62E+11,ACTIVIDADES FINANCIERAS INMOBILIARIAS EMPRESARIALES Y COMUNICACIONES,S01
99999,NUEVOS DEPARTAMENTOS,2006,739,7.39E+11,ACTIVIDADES FINANCIERAS INMOBILIARIAS EMPRESARIALES Y COMUNICACIONES,S01
99999,NUEVOS DEPARTAMENTOS,2007,842,8.42E+11,ACTIVIDADES FINANCIERAS INMOBILIARIAS EMPRESARIALES Y COMUNICACIONES,S01
99999,NUEVOS DEPARTAMENTOS,2008,962,9.62E+11,ACTIVIDADES FINANCIERAS INMOBILIARIAS EMPRESARIALES Y COMUNICACIONES,S01
99999,NUEVOS DEPARTAMENTOS,2009,1032,1.03E+12,ACTIVIDADES FINANCIERAS INMOBILIARIAS EMPRESARIALES Y COMUNICACIONES,S01
99999,NUEVOS DEPARTAMENTOS,2010,1104,1.10E+12,ACTIVIDADES FINANCIERAS INMOBILIARIAS EMPRESARIALES Y COMUNICACIONES,S01
99999,NUEVOS DEPARTAMENTOS,2011,1192,1.19E+12,ACTIVIDADES FINANCIERAS INMOBILIARIAS EMPRESARIALES Y COMUNICACIONES,S01
99999,NUEVOS DEPARTAMENTOS,2012,1298,1.30E+12,ACTIVIDADES FINANCIERAS INMOBILIARIAS EMPRESARIALES Y COMUNICACIONES,S01
99999,NUEVOS DEPARTAMENTOS,2013,1394,1.39E+12,ACTIVIDADES FINANCIERAS INMOBILIARIAS EMPRESARIALES Y COMUNICACIONES,S01
99999,NUEVOS DEPARTAMENTOS,2014,1498,1.50E+12,ACTIVIDADES FINANCIERAS INMOBILIARIAS EMPRESARIALES Y COMUNICACIONES,S01
99999,NUEVOS DEPARTAMENTOS,2015,1563,1.56E+12,ACTIVIDADES FINANCIERAS INMOBILIARIAS EMPRESARIALES Y COMUNICACIONES,S01
99999,NUEVOS DEPARTAMENTOS,2016,1600,1.60E+12,ACTIVIDADES FINANCIERAS INMOBILIARIAS EMPRESARIALES Y COMUNICACIONES,S01
99999,NUEVOS DEPARTAMENTOS,2017,1730,1.73E+12,ACTIVIDADES FINANCIERAS INMOBILIARIAS EMPRESARIALES Y COMUNICACIONES,S01
99999,NUEVOS DEPARTAMENTOS,2018,1850,1.85E+12,ACTIVIDADES FINANCIERAS INMOBILIARIAS EMPRESARIALES Y COMUNICACIONES,S01
99999,NUEVOS DEPARTAMENTOS,2019,1977,1.98E+12,ACTIVIDADES FINANCIERAS INMOBILIARIAS EMPRESARIALES Y COMUNICACIONES,S01
99999,NUEVOS DEPARTAMENTOS,2020,2004,2.00E+12,ACTIVIDADES FINANCIERAS INMOBILIARIAS EMPRESARIALES Y COMUNICACIONES,S01
99999,NUEVOS DEPARTAMENTOS,2021,2126,2.13E+12,ACTIVIDADES FINANCIERAS INMOBILIARIAS EMPRESARIALES Y COMUNICACIONES,S01
99999,NUEVOS DEPARTAMENTOS,2022,2299,2.30E+12,ACTIVIDADES FINANCIERAS INMOBILIARIAS EMPRESARIALES Y COMUNICACIONES,S01
99999,NUEVOS DEPARTAMENTOS,2023p,2513,2.51E+12,ACTIVIDADES FINANCIERAS INMOBILIARIAS EMPRESARIALES Y COMUNICACIONES,S01
99999,NUEVOS DEPARTAMENTOS,2024pr,2739,2.74E+12,ACTIVIDADES FINANCIERAS INMOBILIARIAS EMPRESARIALES Y COMUNICACIONES,S01
0,COLOMBIA,1980,238,2.38E+11,ADMINISTRACION PUBLICA EDUCACION Y SALUD ACTIVIDADES ARTISTICAS Y DE ENTRETENIMIENTO ACTIVIDADES DE LOS HOGARES INDIVIDUALES,S02
0,COLOMBIA,1981,315,3.15E+11,ADMINISTRACION PUBLICA EDUCACION Y SALUD ACTIVIDADES ARTISTICAS Y DE ENTRETENIMIENTO ACTIVIDADES DE LOS HOGARES INDIVIDUALES,S02
0,COLOMBIA,1982,408,4.08E+11,ADMINISTRACION PUBLICA EDUCACION Y SALUD ACTIVIDADES ARTISTICAS Y DE ENTRETENIMIENTO ACTIVIDADES DE LOS HOGARES INDIVIDUALES,S02
0,COLOMBIA,1983,510,5.1E+11,ADMINISTRACION PUBLICA EDUCACION Y SALUD ACTIVIDADES ARTISTICAS Y DE ENTRETENIMIENTO ACTIVIDADES DE LOS HOGARES INDIVIDUALES,S02
0,COLOMBIA,1984,647,6.47E+11,ADMINISTRACION PUBLICA EDUCACION Y SALUD ACTIVIDADES ARTISTICAS Y DE ENTRETENIMIENTO ACTIVIDADES DE LOS HOGARES INDIVIDUALES,S02
0,COLOMBIA,1985,783,7.83E+11,ADMINISTRACION PUBLICA EDUCACION Y SALUD ACTIVIDADES ARTISTICAS Y DE ENTRETENIMIENTO ACTIVIDADES DE LOS HOGARES INDIVIDUALES,S02
0,COLOMBIA,1986,1004,1.004E+12,ADMINISTRACION PUBLICA EDUCACION Y SALUD ACTIVIDADES ARTISTICAS Y DE ENTRETENIMIENTO ACTIVIDADES DE LOS HOGARES INDIVIDUALES,S02
0,COLOMBIA,1987,1318,1.318E+12,ADMINISTRACION PUBLICA EDUCACION Y SALUD ACTIVIDADES ARTISTICAS Y DE ENTRETENIMIENTO ACTIVIDADES DE LOS HOGARES INDIVIDUALES,S02
0,COLOMBIA,1988,1719,1.719E+12,ADMINISTRACION PUBLICA EDUCACION Y SALUD ACTIVIDADES ARTISTICAS Y DE ENTRETENIMIENTO ACTIVIDADES DE LOS HOGARES INDIVIDUALES,S02
0,COLOMBIA,1989,2289,2.289E+12,ADMINISTRACION PUBLICA EDUCACION Y SALUD ACTIVIDADES ARTISTICAS Y DE ENTRETENIMIENTO ACTIVIDADES DE LOS HOGARES INDIVIDUALES,S02
0,COLOMBIA,1990,2990,2.99E+12,ADMINISTRACION PUBLICA EDUCACION Y SALUD ACTIVIDADES ARTISTICAS Y DE ENTRETENIMIENTO ACTIVIDADES DE LOS HOGARES INDIVIDUALES,S02
0,COLOMBIA,1991,3946,3.946E+12,ADMINISTRACION PUBLICA EDUCACION Y SALUD ACTIVIDADES ARTISTICAS Y DE ENTRETENIMIENTO ACTIVIDADES DE LOS HOGARES INDIVIDUALES,S02
0,COLOMBIA,1992,5976,5.976E+12,ADMINISTRACION PUBLICA EDUCACION Y SALUD ACTIVIDADES ARTISTICAS Y DE ENTRETENIMIENTO ACTIVIDADES DE LOS HOGARES INDIVIDUALES,S02
0,COLOMBIA,1993,8181,8.181E+12,ADMINISTRACION PUBLICA EDUCACION Y SALUD ACTIVIDADES ARTISTICAS Y DE ENTRETENIMIENTO ACTIVIDADES DE LOS HOGARES INDIVIDUALES,S02
0,COLOMBIA,1994,11105,1.1105E+13,ADMINISTRACION PUBLICA EDUCACION Y SALUD ACTIVIDADES ARTISTICAS Y DE ENTRETENIMIENTO ACTIVIDADES DE LOS HOGARES INDIVIDUALES,S02
0,COLOMBIA,1995,14608,1.4608E+13,ADMINISTRACION PUBLICA EDUCACION Y SALUD ACTIVIDADES ARTISTICAS Y DE ENTRETENIMIENTO ACTIVIDADES DE LOS HOGARES INDIVIDUALES,S02
0,COLOMBIA,1996,19323,1.9323E+13,ADMINISTRACION PUBLICA EDUCACION Y SALUD ACTIVIDADES ARTISTICAS Y DE ENTRETENIMIENTO ACTIVIDADES DE LOS HOGARES INDIVIDUALES,S02
0,COLOMBIA,1997,23655,2.3655E+13,ADMINISTRACION PUBLICA EDUCACION Y SALUD ACTIVIDADES ARTISTICAS Y DE ENTRETENIMIENTO ACTIVIDADES DE LOS HOGARES INDIVIDUALES,S02
0,COLOMBIA,1998,27879,2.7879E+13,ADMINISTRACION PUBLICA EDUCACION Y SALUD ACTIVIDADES ARTISTICAS Y DE ENTRETENIMIENTO ACTIVIDADES DE LOS HOGARES INDIVIDUALES,S02
0,COLOMBIA,1999,32038,3.2038E+13,ADMINISTRACION PUBLICA EDUCACION Y SALUD ACTIVIDADES ARTISTICAS Y DE ENTRETENIMIENTO ACTIVIDADES DE LOS HOGARES INDIVIDUALES,S02
0,COLOMBIA,2000,34413,3.4413E+13,ADMINISTRACION PUBLICA EDUCACION Y SALUD ACTIVIDADES ARTISTICAS Y DE ENTRETENIMIENTO ACTIVIDADES DE LOS HOGARES INDIVIDUALES,S02
0,COLOMBIA,2001,36934,3.6934E+13,ADMINISTRACION PUBLICA EDUCACION Y SALUD ACTIVIDADES ARTISTICAS Y DE ENTRETENIMIENTO ACTIVIDADES DE LOS HOGARES INDIVIDUALES,S02
0,COLOMBIA,2002,39464,3.9464E+13,ADMINISTRACION PUBLICA EDUCACION Y SALUD ACTIVIDADES ARTISTICAS Y DE ENTRETENIMIENTO ACTIVIDADES DE LOS HOGARES INDIVIDUALES,S02
0,COLOMBIA,2003,42321,4.2321E+13,ADMINISTRACION PUBLICA EDUCACION Y SALUD ACTIVIDADES ARTISTICAS Y DE ENTRETENIMIENTO ACTIVIDADES DE LOS HOGARES INDIVIDUALES,S02
0,COLOMBIA,2004,46485,4.6485E+13,ADMINISTRACION PUBLICA EDUCACION Y SALUD ACTIVIDADES ARTISTICAS Y DE ENTRETENIMIENTO ACTIVIDADES DE LOS HOGARES INDIVIDUALES,S02
0,COLOMBIA,2005,51417,5.1417E+13,ADMINISTRACION PUBLICA EDUCACION Y SALUD ACTIVIDADES ARTISTICAS Y DE ENTRETENIMIENTO ACTIVIDADES DE LOS HOGARES INDIVIDUALES,S02
0,COLOMBIA,2006,56380,5.638E+13,ADMINISTRACION PUBLICA EDUCACION Y SALUD ACTIVIDADES ARTISTICAS Y DE ENTRETENIMIENTO ACTIVIDADES DE LOS HOGARES INDIVIDUALES,S02
0,COLOMBIA,2007,62580,6.258E+13,ADMINISTRACION PUBLICA EDUCACION Y SALUD ACTIVIDADES ARTISTICAS Y DE ENTRETENIMIENTO ACTIVIDADES DE LOS HOGARES INDIVIDUALES,S02
0,COLOMBIA,2008,68472,6.8472E+13,ADMINISTRACION PUBLICA EDUCACION Y SALUD ACTIVIDADES ARTISTICAS Y DE ENTRETENIMIENTO ACTIVIDADES DE LOS HOGARES INDIVIDUALES,S02
0,COLOMBIA,2009,75709,7.5709E+13,ADMINISTRACION PUBLICA EDUCACION Y SALUD ACTIVIDADES ARTISTICAS Y DE ENTRETENIMIENTO ACTIVIDADES DE LOS HOGARES INDIVIDUALES,S02
0,COLOMBIA,2010,82707,8.2707E+13,ADMINISTRACION PUBLICA EDUCACION Y SALUD ACTIVIDADES ARTISTICAS Y DE ENTRETENIMIENTO ACTIVIDADES DE LOS HOGARES INDIVIDUALES,S02
0,COLOMBIA,2011,90192,9.0192E+13,ADMINISTRACION PUBLICA EDUCACION Y SALUD ACTIVIDADES ARTISTICAS Y DE ENTRETENIMIENTO ACTIVIDADES DE LOS HOGARES INDIVIDUALES,S02
0,COLOMBIA,2012,99750,9.975E+13,ADMINISTRACION PUBLICA EDUCACION Y SALUD ACTIVIDADES ARTISTICAS Y DE ENTRETENIMIENTO ACTIVIDADES DE LOS HOGARES INDIVIDUALES,S02
0,COLOMBIA,2013,110515,1.1052E+14,ADMINISTRACION PUBLICA EDUCACION Y SALUD ACTIVIDADES ARTISTICAS Y DE ENTRETENIMIENTO ACTIVIDADES DE LOS HOGARES INDIVIDUALES,S02
0,COLOMBIA,2014,120543,1.2054E+14,ADMINISTRACION PUBLICA EDUCACION Y SALUD ACTIVIDADES ARTISTICAS Y DE ENTRETENIMIENTO ACTIVIDADES DE LOS HOGARES INDIVIDUALES,S02
0,COLOMBIA,2015,131059,1.3106E+14,ADMINISTRACION PUBLICA EDUCACION Y SALUD ACTIVIDADES ARTISTICAS Y DE ENTRETENIMIENTO ACTIVIDADES DE LOS HOGARES INDIVIDUALES,S02
0,COLOMBIA,2016,144062,1.4406E+14,ADMINISTRACION PUBLICA EDUCACION Y SALUD ACTIVIDADES ARTISTICAS Y DE ENTRETENIMIENTO ACTIVIDADES DE LOS HOGARES INDIVIDUALES,S02
0,COLOMBIA,2017,157461,1.5746E+14,ADMINISTRACION PUBLICA EDUCACION Y SALUD ACTIVIDADES ARTISTICAS Y DE ENTRETENIMIENTO ACTIVIDADES DE LOS HOGARES INDIVIDUALES,S02
0,COLOMBIA,2018,170383,1.7038E+14,ADMINISTRACION PUBLICA EDUCACION Y SALUD ACTIVIDADES ARTISTICAS Y DE ENTRETENIMIENTO ACTIVIDADES DE LOS HOGARES INDIVIDUALES,S02
0,COLOMBIA,2019,186809,1.8681E+14,ADMINISTRACION PUBLICA EDUCACION Y SALUD ACTIVIDADES ARTISTICAS Y DE ENTRETENIMIENTO ACTIVIDADES DE LOS HOGARES INDIVIDUALES,S02
0,COLOMBIA,2020,188112,1.8811E+14,ADMINISTRACION PUBLICA EDUCACION Y SALUD ACTIVIDADES ARTISTICAS Y DE ENTRETENIMIENTO ACTIVIDADES DE LOS HOGARES INDIVIDUALES,S02
0,COLOMBIA,2021,214374,2.1437E+14,ADMINISTRACION PUBLICA EDUCACION Y SALUD ACTIVIDADES ARTISTICAS Y DE ENTRETENIMIENTO ACTIVIDADES DE LOS HOGARES INDIVIDUALES,S02
0,COLOMBIA,2022,243219,2.4322E+14,ADMINISTRACION PUBLICA EDUCACION Y SALUD ACTIVIDADES ARTISTICAS Y DE ENTRETENIMIENTO ACTIVIDADES DE LOS HOGARES INDIVIDUALES,S02
0,COLOMBIA,2023p,283607,2.8361E+14,ADMINISTRACION PUBLICA EDUCACION Y SALUD ACTIVIDADES ARTISTICAS Y DE ENTRETENIMIENTO ACTIVIDADES DE LOS HOGARES INDIVIDUALES,S02
0,COLOMBIA,2024pr,322112,3.2211E+14,ADMINISTRACION PUBLICA EDUCACION Y SALUD ACTIVIDADES ARTISTICAS Y DE ENTRETENIMIENTO ACTIVIDADES DE LOS HOGARES INDIVIDUALES,S02
5,ANTIOQUIA,1980,26,26000000000,ADMINISTRACION PUBLICA EDUCACION Y SALUD ACTIVIDADES ARTISTICAS Y DE ENTRETENIMIENTO ACTIVIDADES DE LOS HOGARES INDIVIDUALES,S02
5,ANTIOQUIA,1981,37,37000000000,ADMINISTRACION PUBLICA EDUCACION Y SALUD ACTIVIDADES ARTISTICAS Y DE ENTRETENIMIENTO ACTIVIDADES DE LOS HOGARES INDIVIDUALES,S02
5,ANTIOQUIA,1982,42,42000000000,ADMINISTRACION PUBLICA EDUCACION Y SALUD ACTIVIDADES ARTISTICAS Y DE ENTRETENIMIENTO ACTIVIDADES DE LOS HOGARES INDIVIDUALES,S02
5,ANTIOQUIA,1983,53,53000000000,ADMINISTRACION PUBLICA EDUCACION Y SALUD ACTIVIDADES ARTISTICAS Y DE ENTRETENIMIENTO ACTIVIDADES DE LOS HOGARES INDIVIDUALES,S02
5,ANTIOQUIA,1984,71,71000000000,ADMINISTRACION PUBLICA EDUCACION Y SALUD ACTIVIDADES ARTISTICAS Y DE ENTRETENIMIENTO ACTIVIDADES DE LOS HOGARES INDIVIDUALES,S02
5,ANTIOQUIA,1985,92,92000000000,ADMINISTRACION PUBLICA EDUCACION Y SALUD ACTIVIDADES ARTISTICAS Y DE ENTRETENIMIENTO ACTIVIDADES DE LOS HOGARES INDIVIDUALES,S02
5,ANTIOQUIA,1986,125,1.25E+11,ADMINISTRACION PUBLICA EDUCACION Y SALUD ACTIVIDADES ARTISTICAS Y DE ENTRETENIMIENTO ACTIVIDADES DE LOS HOGARES INDIVIDUALES,S02
5,ANTIOQUIA,1987,172,1.72E+11,ADMINISTRACION PUBLICA EDUCACION Y SALUD ACTIVIDADES ARTISTICAS Y DE ENTRETENIMIENTO ACTIVIDADES DE LOS HOGARES INDIVIDUALES,S02
5,ANTIOQUIA,1988,224,2.24E+11,ADMINISTRACION PUBLICA EDUCACION Y SALUD ACTIVIDADES ARTISTICAS Y DE ENTRETENIMIENTO ACTIVIDADES DE LOS HOGARES INDIVIDUALES,S02
5,ANTIOQUIA,1989,303,3.03E+11,ADMINISTRACION PUBLICA EDUCACION Y SALUD ACTIVIDADES ARTISTICAS Y DE ENTRETENIMIENTO ACTIVIDADES DE LOS HOGARES INDIVIDUALES,S02
5,ANTIOQUIA,1990,408,4.08E+11,ADMINISTRACION PUBLICA EDUCACION Y SALUD ACTIVIDADES ARTISTICAS Y DE ENTRETENIMIENTO ACTIVIDADES DE LOS HOGARES INDIVIDUALES,S02
5,ANTIOQUIA,1991,540,5.4E+11,ADMINISTRACION PUBLICA EDUCACION Y SALUD ACTIVIDADES ARTISTICAS Y DE ENTRETENIMIENTO ACTIVIDADES DE LOS HOGARES INDIVIDUALES,S02
5,ANTIOQUIA,1992,862,8.62E+11,ADMINISTRACION PUBLICA EDUCACION Y SALUD ACTIVIDADES ARTISTICAS Y DE ENTRETENIMIENTO ACTIVIDADES DE LOS HOGARES INDIVIDUALES,S02
5,ANTIOQUIA,1993,1184,1.184E+12,ADMINISTRACION PUBLICA EDUCACION Y SALUD ACTIVIDADES ARTISTICAS Y DE ENTRETENIMIENTO ACTIVIDADES DE LOS HOGARES INDIVIDUALES,S02
5,ANTIOQUIA,1994,1684,1.684E+12,ADMINISTRACION PUBLICA EDUCACION Y SALUD ACTIVIDADES ARTISTICAS Y DE ENTRETENIMIENTO ACTIVIDADES DE LOS HOGARES INDIVIDUALES,S02
5,ANTIOQUIA,1995,2246,2.246E+12,ADMINISTRACION PUBLICA EDUCACION Y SALUD ACTIVIDADES ARTISTICAS Y DE ENTRETENIMIENTO ACTIVIDADES DE LOS HOGARES INDIVIDUALES,S02
5,ANTIOQUIA,1996,2823,2.823E+12,ADMINISTRACION PUBLICA EDUCACION Y SALUD ACTIVIDADES ARTISTICAS Y DE ENTRETENIMIENTO ACTIVIDADES DE LOS HOGARES INDIVIDUALES,S02
5,ANTIOQUIA,1997,3438,3.438E+12,ADMINISTRACION PUBLICA EDUCACION Y SALUD ACTIVIDADES ARTISTICAS Y DE ENTRETENIMIENTO ACTIVIDADES DE LOS HOGARES INDIVIDUALES,S02
5,ANTIOQUIA,1998,3883,3.883E+12,ADMINISTRACION PUBLICA EDUCACION Y SALUD ACTIVIDADES ARTISTICAS Y DE ENTRETENIMIENTO ACTIVIDADES DE LOS HOGARES INDIVIDUALES,S02
5,ANTIOQUIA,1999,4295,4.295E+12,ADMINISTRACION PUBLICA EDUCACION Y SALUD ACTIVIDADES ARTISTICAS Y DE ENTRETENIMIENTO ACTIVIDADES DE LOS HOGARES INDIVIDUALES,S02
5,ANTIOQUIA,2000,4490,4.49E+12,ADMINISTRACION PUBLICA EDUCACION Y SALUD ACTIVIDADES ARTISTICAS Y DE ENTRETENIMIENTO ACTIVIDADES DE LOS HOGARES INDIVIDUALES,S02
5,ANTIOQUIA,2001,4690,4.69E+12,ADMINISTRACION PUBLICA EDUCACION Y SALUD ACTIVIDADES ARTISTICAS Y DE ENTRETENIMIENTO ACTIVIDADES DE LOS HOGARES INDIVIDUALES,S02
5,ANTIOQUIA,2002,4888,4.888E+12,ADMINISTRACION PUBLICA EDUCACION Y SALUD ACTIVIDADES ARTISTICAS Y DE ENTRETENIMIENTO ACTIVIDADES DE LOS HOGARES INDIVIDUALES,S02
5,ANTIOQUIA,2003,5089,5.089E+12,ADMINISTRACION PUBLICA EDUCACION Y SALUD ACTIVIDADES ARTISTICAS Y DE ENTRETENIMIENTO ACTIVIDADES DE LOS HOGARES INDIVIDUALES,S02
5,ANTIOQUIA,2004,5578,5.578E+12,ADMINISTRACION PUBLICA EDUCACION Y SALUD ACTIVIDADES ARTISTICAS Y DE ENTRETENIMIENTO ACTIVIDADES DE LOS HOGARES INDIVIDUALES,S02
5,ANTIOQUIA,2005,6252,6.252E+12,ADMINISTRACION PUBLICA EDUCACION Y SALUD ACTIVIDADES ARTISTICAS Y DE ENTRETENIMIENTO ACTIVIDADES DE LOS HOGARES INDIVIDUALES,S02
5,ANTIOQUIA,2006,6840,6.84E+12,ADMINISTRACION PUBLICA EDUCACION Y SALUD ACTIVIDADES ARTISTICAS Y DE ENTRETENIMIENTO ACTIVIDADES DE LOS HOGARES INDIVIDUALES,S02
5,ANTIOQUIA,2007,7589,7.589E+12,ADMINISTRACION PUBLICA EDUCACION Y SALUD ACTIVIDADES ARTISTICAS Y DE ENTRETENIMIENTO ACTIVIDADES DE LOS HOGARES INDIVIDUALES,S02
5,ANTIOQUIA,2008,8052,8.052E+12,ADMINISTRACION PUBLICA EDUCACION Y SALUD ACTIVIDADES ARTISTICAS Y DE ENTRETENIMIENTO ACTIVIDADES DE LOS HOGARES INDIVIDUALES,S02
5,ANTIOQUIA,2009,8940,8.94E+12,ADMINISTRACION PUBLICA EDUCACION Y SALUD ACTIVIDADES ARTISTICAS Y DE ENTRETENIMIENTO ACTIVIDADES DE LOS HOGARES INDIVIDUALES,S02
5,ANTIOQUIA,2010,9674,9.674E+12,ADMINISTRACION PUBLICA EDUCACION Y SALUD ACTIVIDADES ARTISTICAS Y DE ENTRETENIMIENTO ACTIVIDADES DE LOS HOGARES INDIVIDUALES,S02
5,ANTIOQUIA,2011,10521,1.0521E+13,ADMINISTRACION PUBLICA EDUCACION Y SALUD ACTIVIDADES ARTISTICAS Y DE ENTRETENIMIENTO ACTIVIDADES DE LOS HOGARES INDIVIDUALES,S02
5,ANTIOQUIA,2012,11590,1.159E+13,ADMINISTRACION PUBLICA EDUCACION Y SALUD ACTIVIDADES ARTISTICAS Y DE ENTRETENIMIENTO ACTIVIDADES DE LOS HOGARES INDIVIDUALES,S02
5,ANTIOQUIA,2013,12702,1.2702E+13,ADMINISTRACION PUBLICA EDUCACION Y SALUD ACTIVIDADES ARTISTICAS Y DE ENTRETENIMIENTO ACTIVIDADES DE LOS HOGARES INDIVIDUALES,S02
5,ANTIOQUIA,2014,13628,1.3628E+13,ADMINISTRACION PUBLICA EDUCACION Y SALUD ACTIVIDADES ARTISTICAS Y DE ENTRETENIMIENTO ACTIVIDADES DE LOS HOGARES INDIVIDUALES,S02
5,ANTIOQUIA,2015,15032,1.5032E+13,ADMINISTRACION PUBLICA EDUCACION Y SALUD ACTIVIDADES ARTISTICAS Y DE ENTRETENIMIENTO ACTIVIDADES DE LOS HOGARES INDIVIDUALES,S02
5,ANTIOQUIA,2016,16714,1.6714E+13,ADMINISTRACION PUBLICA EDUCACION Y SALUD ACTIVIDADES ARTISTICAS Y DE ENTRETENIMIENTO ACTIVIDADES DE LOS HOGARES INDIVIDUALES,S02
5,ANTIOQUIA,2017,18324,1.8324E+13,ADMINISTRACION PUBLICA EDUCACION Y SALUD ACTIVIDADES ARTISTICAS Y DE ENTRETENIMIENTO ACTIVIDADES DE LOS HOGARES INDIVIDUALES,S02
5,ANTIOQUIA,2018,19844,1.9844E+13,ADMINISTRACION PUBLICA EDUCACION Y SALUD ACTIVIDADES ARTISTICAS Y DE ENTRETENIMIENTO ACTIVIDADES DE LOS HOGARES INDIVIDUALES,S02
5,ANTIOQUIA,2019,21905,2.1905E+13,ADMINISTRACION PUBLICA EDUCACION Y SALUD ACTIVIDADES ARTISTICAS Y DE ENTRETENIMIENTO ACTIVIDADES DE LOS HOGARES INDIVIDUALES,S02
5,ANTIOQUIA,2020,21954,2.1954E+13,ADMINISTRACION PUBLICA EDUCACION Y SALUD ACTIVIDADES ARTISTICAS Y DE ENTRETENIMIENTO ACTIVIDADES DE LOS HOGARES INDIVIDUALES,S02
5,ANTIOQUIA,2021,25304,2.5304E+13,ADMINISTRACION PUBLICA EDUCACION Y SALUD ACTIVIDADES ARTISTICAS Y DE ENTRETENIMIENTO ACTIVIDADES DE LOS HOGARES INDIVIDUALES,S02
5,ANTIOQUIA,2022,29233,2.9233E+13,ADMINISTRACION PUBLICA EDUCACION Y SALUD ACTIVIDADES ARTISTICAS Y DE ENTRETENIMIENTO ACTIVIDADES DE LOS HOGARES INDIVIDUALES,S02
5,ANTIOQUIA,2023p,34291,3.4291E+13,ADMINISTRACION PUBLICA EDUCACION Y SALUD ACTIVIDADES ARTISTICAS Y DE ENTRETENIMIENTO ACTIVIDADES DE LOS HOGARES INDIVIDUALES,S02
5,ANTIOQUIA,2024pr,39011,3.9011E+13,ADMINISTRACION PUBLICA EDUCACION Y SALUD ACTIVIDADES ARTISTICAS Y DE ENTRETENIMIENTO ACTIVIDADES DE LOS HOGARES INDIVIDUALES,S02
8,ATLANTICO,1980,9,9000000000,ADMINISTRACION PUBLICA EDUCACION Y SALUD ACTIVIDADES ARTISTICAS Y DE ENTRETENIMIENTO ACTIVIDADES DE LOS HOGARES INDIVIDUALES,S02
8,ATLANTICO,1981,11,11000000000,ADMINISTRACION PUBLICA EDUCACION Y SALUD ACTIVIDADES ARTISTICAS Y DE ENTRETENIMIENTO ACTIVIDADES DE LOS HOGARES INDIVIDUALES,S02
8,ATLANTICO,1982,14,14000000000,ADMINISTRACION PUBLICA EDUCACION Y SALUD ACTIVIDADES ARTISTICAS Y DE ENTRETENIMIENTO ACTIVIDADES DE LOS HOGARES INDIVIDUALES,S02
8,ATLANTICO,1983,18,18000000000,ADMINISTRACION PUBLICA EDUCACION Y SALUD ACTIVIDADES ARTISTICAS Y DE ENTRETENIMIENTO ACTIVIDADES DE LOS HOGARES INDIVIDUALES,S02
8,ATLANTICO,1984,24,24000000000,ADMINISTRACION PUBLICA EDUCACION Y SALUD ACTIVIDADES ARTISTICAS Y DE ENTRETENIMIENTO ACTIVIDADES DE LOS HOGARES INDIVIDUALES,S02
8,ATLANTICO,1985,29,29000000000,ADMINISTRACION PUBLICA EDUCACION Y SALUD ACTIVIDADES ARTISTICAS Y DE ENTRETENIMIENTO ACTIVIDADES DE LOS HOGARES INDIVIDUALES,S02
8,ATLANTICO,1986,37,37000000000,ADMINISTRACION PUBLICA EDUCACION Y SALUD ACTIVIDADES ARTISTICAS Y DE ENTRETENIMIENTO ACTIVIDADES DE LOS HOGARES INDIVIDUALES,S02
8,ATLANTICO,1987,47,47000000000,ADMINISTRACION PUBLICA EDUCACION Y SALUD ACTIVIDADES ARTISTICAS Y DE ENTRETENIMIENTO ACTIVIDADES DE LOS HOGARES INDIVIDUALES,S02
8,ATLANTICO,1988,62,62000000000,ADMINISTRACION PUBLICA EDUCACION Y SALUD ACTIVIDADES ARTISTICAS Y DE ENTRETENIMIENTO ACTIVIDADES DE LOS HOGARES INDIVIDUALES,S02
8,ATLANTICO,1989,83,83000000000,ADMINISTRACION PUBLICA EDUCACION Y SALUD ACTIVIDADES ARTISTICAS Y DE ENTRETENIMIENTO ACTIVIDADES DE LOS HOGARES INDIVIDUALES,S02
8,ATLANTICO,1990,112,1.12E+11,ADMINISTRACION PUBLICA EDUCACION Y SALUD ACTIVIDADES ARTISTICAS Y DE ENTRETENIMIENTO ACTIVIDADES DE LOS HOGARES INDIVIDUALES,S02
8,ATLANTICO,1991,150,1.5E+11,ADMINISTRACION PUBLICA EDUCACION Y SALUD ACTIVIDADES ARTISTICAS Y DE ENTRETENIMIENTO ACTIVIDADES DE LOS HOGARES INDIVIDUALES,S02
8,ATLANTICO,1992,248,2.48E+11,ADMINISTRACION PUBLICA EDUCACION Y SALUD ACTIVIDADES ARTISTICAS Y DE ENTRETENIMIENTO ACTIVIDADES DE LOS HOGARES INDIVIDUALES,S02
8,ATLANTICO,1993,348,3.48E+11,ADMINISTRACION PUBLICA EDUCACION Y SALUD ACTIVIDADES ARTISTICAS Y DE ENTRETENIMIENTO ACTIVIDADES DE LOS HOGARES INDIVIDUALES,S02
8,ATLANTICO,1994,503,5.03E+11,ADMINISTRACION PUBLICA EDUCACION Y SALUD ACTIVIDADES ARTISTICAS Y DE ENTRETENIMIENTO ACTIVIDADES DE LOS HOGARES INDIVIDUALES,S02
8,ATLANTICO,1995,653,6.53E+11,ADMINISTRACION PUBLICA EDUCACION Y SALUD ACTIVIDADES ARTISTICAS Y DE ENTRETENIMIENTO ACTIVIDADES DE LOS HOGARES INDIVIDUALES,S02
8,ATLANTICO,1996,835,8.35E+11,ADMINISTRACION PUBLICA EDUCACION Y SALUD ACTIVIDADES ARTISTICAS Y DE ENTRETENIMIENTO ACTIVIDADES DE LOS HOGARES INDIVIDUALES,S02
8,ATLANTICO,1997,1021,1.021E+12,ADMINISTRACION PUBLICA EDUCACION Y SALUD ACTIVIDADES ARTISTICAS Y DE ENTRETENIMIENTO ACTIVIDADES DE LOS HOGARES INDIVIDUALES,S02
8,ATLANTICO,1998,1271,1.271E+12,ADMINISTRACION PUBLICA EDUCACION Y SALUD ACTIVIDADES ARTISTICAS Y DE ENTRETENIMIENTO ACTIVIDADES DE LOS HOGARES INDIVIDUALES,S02
8,ATLANTICO,1999,1459,1.459E+12,ADMINISTRACION PUBLICA EDUCACION Y SALUD ACTIVIDADES ARTISTICAS Y DE ENTRETENIMIENTO ACTIVIDADES DE LOS HOGARES INDIVIDUALES,S02
8,ATLANTICO,2000,1534,1.534E+12,ADMINISTRACION PUBLICA EDUCACION Y SALUD ACTIVIDADES ARTISTICAS Y DE ENTRETENIMIENTO ACTIVIDADES DE LOS HOGARES INDIVIDUALES,S02
8,ATLANTICO,2001,1658,1.658E+12,ADMINISTRACION PUBLICA EDUCACION Y SALUD ACTIVIDADES ARTISTICAS Y DE ENTRETENIMIENTO ACTIVIDADES DE LOS HOGARES INDIVIDUALES,S02
8,ATLANTICO,2002,1767,1.767E+12,ADMINISTRACION PUBLICA EDUCACION Y SALUD ACTIVIDADES ARTISTICAS Y DE ENTRETENIMIENTO ACTIVIDADES DE LOS HOGARES INDIVIDUALES,S02
8,ATLANTICO,2003,1890,1.89E+12,ADMINISTRACION PUBLICA EDUCACION Y SALUD ACTIVIDADES ARTISTICAS Y DE ENTRETENIMIENTO ACTIVIDADES DE LOS HOGARES INDIVIDUALES,S02
8,ATLANTICO,2004,1992,1.992E+12,ADMINISTRACION PUBLICA EDUCACION Y SALUD ACTIVIDADES ARTISTICAS Y DE ENTRETENIMIENTO ACTIVIDADES DE LOS HOGARES INDIVIDUALES,S02
8,ATLANTICO,2005,2092,2.092E+12,ADMINISTRACION PUBLICA EDUCACION Y SALUD ACTIVIDADES ARTISTICAS Y DE ENTRETENIMIENTO ACTIVIDADES DE LOS HOGARES INDIVIDUALES,S02
8,ATLANTICO,2006,2328,2.328E+12,ADMINISTRACION PUBLICA EDUCACION Y SALUD ACTIVIDADES ARTISTICAS Y DE ENTRETENIMIENTO ACTIVIDADES DE LOS HOGARES INDIVIDUALES,S02
8,ATLANTICO,2007,2602,2.602E+12,ADMINISTRACION PUBLICA EDUCACION Y SALUD ACTIVIDADES ARTISTICAS Y DE ENTRETENIMIENTO ACTIVIDADES DE LOS HOGARES INDIVIDUALES,S02
8,ATLANTICO,2008,2923,2.923E+12,ADMINISTRACION PUBLICA EDUCACION Y SALUD ACTIVIDADES ARTISTICAS Y DE ENTRETENIMIENTO ACTIVIDADES DE LOS HOGARES INDIVIDUALES,S02
8,ATLANTICO,2009,3221,3.221E+12,ADMINISTRACION PUBLICA EDUCACION Y SALUD ACTIVIDADES ARTISTICAS Y DE ENTRETENIMIENTO ACTIVIDADES DE LOS HOGARES INDIVIDUALES,S02
8,ATLANTICO,2010,3525,3.525E+12,ADMINISTRACION PUBLICA EDUCACION Y SALUD ACTIVIDADES ARTISTICAS Y DE ENTRETENIMIENTO ACTIVIDADES DE LOS HOGARES INDIVIDUALES,S02
8,ATLANTICO,2011,3968,3.968E+12,ADMINISTRACION PUBLICA EDUCACION Y SALUD ACTIVIDADES ARTISTICAS Y DE ENTRETENIMIENTO ACTIVIDADES DE LOS HOGARES INDIVIDUALES,S02
8,ATLANTICO,2012,4414,4.414E+12,ADMINISTRACION PUBLICA EDUCACION Y SALUD ACTIVIDADES ARTISTICAS Y DE ENTRETENIMIENTO ACTIVIDADES DE LOS HOGARES INDIVIDUALES,S02
8,ATLANTICO,2013,4922,4.922E+12,ADMINISTRACION PUBLICA EDUCACION Y SALUD ACTIVIDADES ARTISTICAS Y DE ENTRETENIMIENTO ACTIVIDADES DE LOS HOGARES INDIVIDUALES,S02
8,ATLANTICO,2014,5429,5.429E+12,ADMINISTRACION PUBLICA EDUCACION Y SALUD ACTIVIDADES ARTISTICAS Y DE ENTRETENIMIENTO ACTIVIDADES DE LOS HOGARES INDIVIDUALES,S02
8,ATLANTICO,2015,5946,5.946E+12,ADMINISTRACION PUBLICA EDUCACION Y SALUD ACTIVIDADES ARTISTICAS Y DE ENTRETENIMIENTO ACTIVIDADES DE LOS HOGARES INDIVIDUALES,S02
8,ATLANTICO,2016,6577,6.577E+12,ADMINISTRACION PUBLICA EDUCACION Y SALUD ACTIVIDADES ARTISTICAS Y DE ENTRETENIMIENTO ACTIVIDADES DE LOS HOGARES INDIVIDUALES,S02
8,ATLANTICO,2017,7161,7.161E+12,ADMINISTRACION PUBLICA EDUCACION Y SALUD ACTIVIDADES ARTISTICAS Y DE ENTRETENIMIENTO ACTIVIDADES DE LOS HOGARES INDIVIDUALES,S02
8,ATLANTICO,2018,7749,7.749E+12,ADMINISTRACION PUBLICA EDUCACION Y SALUD ACTIVIDADES ARTISTICAS Y DE ENTRETENIMIENTO ACTIVIDADES DE LOS HOGARES INDIVIDUALES,S02
8,ATLANTICO,2019,8504,8.504E+12,ADMINISTRACION PUBLICA EDUCACION Y SALUD ACTIVIDADES ARTISTICAS Y DE ENTRETENIMIENTO ACTIVIDADES DE LOS HOGARES INDIVIDUALES,S02
8,ATLANTICO,2020,8596,8.596E+12,ADMINISTRACION PUBLICA EDUCACION Y SALUD ACTIVIDADES ARTISTICAS Y DE ENTRETENIMIENTO ACTIVIDADES DE LOS HOGARES INDIVIDUALES,S02
8,ATLANTICO,2021,9982,9.982E+12,ADMINISTRACION PUBLICA EDUCACION Y SALUD ACTIVIDADES ARTISTICAS Y DE ENTRETENIMIENTO ACTIVIDADES DE LOS HOGARES INDIVIDUALES,S02
8,ATLANTICO,2022,11674,1.1674E+13,ADMINISTRACION PUBLICA EDUCACION Y SALUD ACTIVIDADES ARTISTICAS Y DE ENTRETENIMIENTO ACTIVIDADES DE LOS HOGARES INDIVIDUALES,S02
8,ATLANTICO,2023p,13760,1.376E+13,ADMINISTRACION PUBLICA EDUCACION Y SALUD ACTIVIDADES ARTISTICAS Y DE ENTRETENIMIENTO ACTIVIDADES DE LOS HOGARES INDIVIDUALES,S02
8,ATLANTICO,2024pr,15637,1.5637E+13,ADMINISTRACION PUBLICA EDUCACION Y SALUD ACTIVIDADES ARTISTICAS Y DE ENTRETENIMIENTO ACTIVIDADES DE LOS HOGARES INDIVIDUALES,S02
11,SANTAFE DE BOGOTA D.C,1980,92,92000000000,ADMINISTRACION PUBLICA EDUCACION Y SALUD ACTIVIDADES ARTISTICAS Y DE ENTRETENIMIENTO ACTIVIDADES DE LOS HOGARES INDIVIDUALES,S02
11,SANTAFE DE BOGOTA D.C,1981,121,1.21E+11,ADMINISTRACION PUBLICA EDUCACION Y SALUD ACTIVIDADES ARTISTICAS Y DE ENTRETENIMIENTO ACTIVIDADES DE LOS HOGARES INDIVIDUALES,S02
11,SANTAFE DE BOGOTA D.C,1982,147,1.47E+11,ADMINISTRACION PUBLICA EDUCACION Y SALUD ACTIVIDADES ARTISTICAS Y DE ENTRETENIMIENTO ACTIVIDADES DE LOS HOGARES INDIVIDUALES,S02
11,SANTAFE DE BOGOTA D.C,1983,177,1.77E+11,ADMINISTRACION PUBLICA EDUCACION Y SALUD ACTIVIDADES ARTISTICAS Y DE ENTRETENIMIENTO ACTIVIDADES DE LOS HOGARES INDIVIDUALES,S02
11,SANTAFE DE BOGOTA D.C,1984,221,2.21E+11,ADMINISTRACION PUBLICA EDUCACION Y SALUD ACTIVIDADES ARTISTICAS Y DE ENTRETENIMIENTO ACTIVIDADES DE LOS HOGARES INDIVIDUALES,S02
11,SANTAFE DE BOGOTA D.C,1985,256,2.56E+11,ADMINISTRACION PUBLICA EDUCACION Y SALUD ACTIVIDADES ARTISTICAS Y DE ENTRETENIMIENTO ACTIVIDADES DE LOS HOGARES INDIVIDUALES,S02
11,SANTAFE DE BOGOTA D.C,1986,325,3.25E+11,ADMINISTRACION PUBLICA EDUCACION Y SALUD ACTIVIDADES ARTISTICAS Y DE ENTRETENIMIENTO ACTIVIDADES DE LOS HOGARES INDIVIDUALES,S02
11,SANTAFE DE BOGOTA D.C,1987,415,4.15E+11,ADMINISTRACION PUBLICA EDUCACION Y SALUD ACTIVIDADES ARTISTICAS Y DE ENTRETENIMIENTO ACTIVIDADES DE LOS HOGARES INDIVIDUALES,S02
11,SANTAFE DE BOGOTA D.C,1988,526,5.26E+11,ADMINISTRACION PUBLICA EDUCACION Y SALUD ACTIVIDADES ARTISTICAS Y DE ENTRETENIMIENTO ACTIVIDADES DE LOS HOGARES INDIVIDUALES,S02
11,SANTAFE DE BOGOTA D.C,1989,685,6.85E+11,ADMINISTRACION PUBLICA EDUCACION Y SALUD ACTIVIDADES ARTISTICAS Y DE ENTRETENIMIENTO ACTIVIDADES DE LOS HOGARES INDIVIDUALES,S02
11,SANTAFE DE BOGOTA D.C,1990,871,8.71E+11,ADMINISTRACION PUBLICA EDUCACION Y SALUD ACTIVIDADES ARTISTICAS Y DE ENTRETENIMIENTO ACTIVIDADES DE LOS HOGARES INDIVIDUALES,S02
11,SANTAFE DE BOGOTA D.C,1991,1126,1.126E+12,ADMINISTRACION PUBLICA EDUCACION Y SALUD ACTIVIDADES ARTISTICAS Y DE ENTRETENIMIENTO ACTIVIDADES DE LOS HOGARES INDIVIDUALES,S02
11,SANTAFE DE BOGOTA D.C,1992,1630,1.63E+12,ADMINISTRACION PUBLICA EDUCACION Y SALUD ACTIVIDADES ARTISTICAS Y DE ENTRETENIMIENTO ACTIVIDADES DE LOS HOGARES INDIVIDUALES,S02
11,SANTAFE DE BOGOTA D.C,1993,2235,2.235E+12,ADMINISTRACION PUBLICA EDUCACION Y SALUD ACTIVIDADES ARTISTICAS Y DE ENTRETENIMIENTO ACTIVIDADES DE LOS HOGARES INDIVIDUALES,S02
11,SANTAFE DE BOGOTA D.C,1994,2889,2.889E+12,ADMINISTRACION PUBLICA EDUCACION Y SALUD ACTIVIDADES ARTISTICAS Y DE ENTRETENIMIENTO ACTIVIDADES DE LOS HOGARES INDIVIDUALES,S02
11,SANTAFE DE BOGOTA D.C,1995,3897,3.897E+12,ADMINISTRACION PUBLICA EDUCACION Y SALUD ACTIVIDADES ARTISTICAS Y DE ENTRETENIMIENTO ACTIVIDADES DE LOS HOGARES INDIVIDUALES,S02
11,SANTAFE DE BOGOTA D.C,1996,5324,5.324E+12,ADMINISTRACION PUBLICA EDUCACION Y SALUD ACTIVIDADES ARTISTICAS Y DE ENTRETENIMIENTO ACTIVIDADES DE LOS HOGARES INDIVIDUALES,S02
11,SANTAFE DE BOGOTA D.C,1997,6535,6.535E+12,ADMINISTRACION PUBLICA EDUCACION Y SALUD ACTIVIDADES ARTISTICAS Y DE ENTRETENIMIENTO ACTIVIDADES DE LOS HOGARES INDIVIDUALES,S02
11,SANTAFE DE BOGOTA D.C,1998,7878,7.878E+12,ADMINISTRACION PUBLICA EDUCACION Y SALUD ACTIVIDADES ARTISTICAS Y DE ENTRETENIMIENTO ACTIVIDADES DE LOS HOGARES INDIVIDUALES,S02
11,SANTAFE DE BOGOTA D.C,1999,9050,9.05E+12,ADMINISTRACION PUBLICA EDUCACION Y SALUD ACTIVIDADES ARTISTICAS Y DE ENTRETENIMIENTO ACTIVIDADES DE LOS HOGARES INDIVIDUALES,S02
11,SANTAFE DE BOGOTA D.C,2000,9862,9.862E+12,ADMINISTRACION PUBLICA EDUCACION Y SALUD ACTIVIDADES ARTISTICAS Y DE ENTRETENIMIENTO ACTIVIDADES DE LOS HOGARES INDIVIDUALES,S02
11,SANTAFE DE BOGOTA D.C,2001,10738,1.0738E+13,ADMINISTRACION PUBLICA EDUCACION Y SALUD ACTIVIDADES ARTISTICAS Y DE ENTRETENIMIENTO ACTIVIDADES DE LOS HOGARES INDIVIDUALES,S02
11,SANTAFE DE BOGOTA D.C,2002,11509,1.1509E+13,ADMINISTRACION PUBLICA EDUCACION Y SALUD ACTIVIDADES ARTISTICAS Y DE ENTRETENIMIENTO ACTIVIDADES DE LOS HOGARES INDIVIDUALES,S02
11,SANTAFE DE BOGOTA D.C,2003,12530,1.253E+13,ADMINISTRACION PUBLICA EDUCACION Y SALUD ACTIVIDADES ARTISTICAS Y DE ENTRETENIMIENTO ACTIVIDADES DE LOS HOGARES INDIVIDUALES,S02
11,SANTAFE DE BOGOTA D.C,2004,13696,1.3696E+13,ADMINISTRACION PUBLICA EDUCACION Y SALUD ACTIVIDADES ARTISTICAS Y DE ENTRETENIMIENTO ACTIVIDADES DE LOS HOGARES INDIVIDUALES,S02
11,SANTAFE DE BOGOTA D.C,2005,14933,1.4933E+13,ADMINISTRACION PUBLICA EDUCACION Y SALUD ACTIVIDADES ARTISTICAS Y DE ENTRETENIMIENTO ACTIVIDADES DE LOS HOGARES INDIVIDUALES,S02
11,SANTAFE DE BOGOTA D.C,2006,16292,1.6292E+13,ADMINISTRACION PUBLICA EDUCACION Y SALUD ACTIVIDADES ARTISTICAS Y DE ENTRETENIMIENTO ACTIVIDADES DE LOS HOGARES INDIVIDUALES,S02
11,SANTAFE DE BOGOTA D.C,2007,18236,1.8236E+13,ADMINISTRACION PUBLICA EDUCACION Y SALUD ACTIVIDADES ARTISTICAS Y DE ENTRETENIMIENTO ACTIVIDADES DE LOS HOGARES INDIVIDUALES,S02
11,SANTAFE DE BOGOTA D.C,2008,19432,1.9432E+13,ADMINISTRACION PUBLICA EDUCACION Y SALUD ACTIVIDADES ARTISTICAS Y DE ENTRETENIMIENTO ACTIVIDADES DE LOS HOGARES INDIVIDUALES,S02
11,SANTAFE DE BOGOTA D.C,2009,21772,2.1772E+13,ADMINISTRACION PUBLICA EDUCACION Y SALUD ACTIVIDADES ARTISTICAS Y DE ENTRETENIMIENTO ACTIVIDADES DE LOS HOGARES INDIVIDUALES,S02
11,SANTAFE DE BOGOTA D.C,2010,23767,2.3767E+13,ADMINISTRACION PUBLICA EDUCACION Y SALUD ACTIVIDADES ARTISTICAS Y DE ENTRETENIMIENTO ACTIVIDADES DE LOS HOGARES INDIVIDUALES,S02
11,SANTAFE DE BOGOTA D.C,2011,25813,2.5813E+13,ADMINISTRACION PUBLICA EDUCACION Y SALUD ACTIVIDADES ARTISTICAS Y DE ENTRETENIMIENTO ACTIVIDADES DE LOS HOGARES INDIVIDUALES,S02
11,SANTAFE DE BOGOTA D.C,2012,28351,2.8351E+13,ADMINISTRACION PUBLICA EDUCACION Y SALUD ACTIVIDADES ARTISTICAS Y DE ENTRETENIMIENTO ACTIVIDADES DE LOS HOGARES INDIVIDUALES,S02
11,SANTAFE DE BOGOTA D.C,2013,31543,3.1543E+13,ADMINISTRACION PUBLICA EDUCACION Y SALUD ACTIVIDADES ARTISTICAS Y DE ENTRETENIMIENTO ACTIVIDADES DE LOS HOGARES INDIVIDUALES,S02
11,SANTAFE DE BOGOTA D.C,2014,34915,3.4915E+13,ADMINISTRACION PUBLICA EDUCACION Y SALUD ACTIVIDADES ARTISTICAS Y DE ENTRETENIMIENTO ACTIVIDADES DE LOS HOGARES INDIVIDUALES,S02
11,SANTAFE DE BOGOTA D.C,2015,37596,3.7596E+13,ADMINISTRACION PUBLICA EDUCACION Y SALUD ACTIVIDADES ARTISTICAS Y DE ENTRETENIMIENTO ACTIVIDADES DE LOS HOGARES INDIVIDUALES,S02
11,SANTAFE DE BOGOTA D.C,2016,41245,4.1245E+13,ADMINISTRACION PUBLICA EDUCACION Y SALUD ACTIVIDADES ARTISTICAS Y DE ENTRETENIMIENTO ACTIVIDADES DE LOS HOGARES INDIVIDUALES,S02
11,SANTAFE DE BOGOTA D.C,2017,45398,4.5398E+13,ADMINISTRACION PUBLICA EDUCACION Y SALUD ACTIVIDADES ARTISTICAS Y DE ENTRETENIMIENTO ACTIVIDADES DE LOS HOGARES INDIVIDUALES,S02
11,SANTAFE DE BOGOTA D.C,2018,49075,4.9075E+13,ADMINISTRACION PUBLICA EDUCACION Y SALUD ACTIVIDADES ARTISTICAS Y DE ENTRETENIMIENTO ACTIVIDADES DE LOS HOGARES INDIVIDUALES,S02
11,SANTAFE DE BOGOTA D.C,2019,53721,5.3721E+13,ADMINISTRACION PUBLICA EDUCACION Y SALUD ACTIVIDADES ARTISTICAS Y DE ENTRETENIMIENTO ACTIVIDADES DE LOS HOGARES INDIVIDUALES,S02
11,SANTAFE DE BOGOTA D.C,2020,53113,5.3113E+13,ADMINISTRACION PUBLICA EDUCACION Y SALUD ACTIVIDADES ARTISTICAS Y DE ENTRETENIMIENTO ACTIVIDADES DE LOS HOGARES INDIVIDUALES,S02
11,SANTAFE DE BOGOTA D.C,2021,60781,6.0781E+13,ADMINISTRACION PUBLICA EDUCACION Y SALUD ACTIVIDADES ARTISTICAS Y DE ENTRETENIMIENTO ACTIVIDADES DE LOS HOGARES INDIVIDUALES,S02
11,SANTAFE DE BOGOTA D.C,2022,69352,6.9352E+13,ADMINISTRACION PUBLICA EDUCACION Y SALUD ACTIVIDADES ARTISTICAS Y DE ENTRETENIMIENTO ACTIVIDADES DE LOS HOGARES INDIVIDUALES,S02
11,SANTAFE DE BOGOTA D.C,2023p,80999,8.0999E+13,ADMINISTRACION PUBLICA EDUCACION Y SALUD ACTIVIDADES ARTISTICAS Y DE ENTRETENIMIENTO ACTIVIDADES DE LOS HOGARES INDIVIDUALES,S02
11,SANTAFE DE BOGOTA D.C,2024pr,92150,9.215E+13,ADMINISTRACION PUBLICA EDUCACION Y SALUD ACTIVIDADES ARTISTICAS Y DE ENTRETENIMIENTO ACTIVIDADES DE LOS HOGARES INDIVIDUALES,S02
13,BOLIVAR,1980,7,7000000000,ADMINISTRACION PUBLICA EDUCACION Y SALUD ACTIVIDADES ARTISTICAS Y DE ENTRETENIMIENTO ACTIVIDADES DE LOS HOGARES INDIVIDUALES,S02
13,BOLIVAR,1981,9,9000000000,ADMINISTRACION PUBLICA EDUCACION Y SALUD ACTIVIDADES ARTISTICAS Y DE ENTRETENIMIENTO ACTIVIDADES DE LOS HOGARES INDIVIDUALES,S02
13,BOLIVAR,1982,10,10000000000,ADMINISTRACION PUBLICA EDUCACION Y SALUD ACTIVIDADES ARTISTICAS Y DE ENTRETENIMIENTO ACTIVIDADES DE LOS HOGARES INDIVIDUALES,S02
13,BOLIVAR,1983,14,14000000000,ADMINISTRACION PUBLICA EDUCACION Y SALUD ACTIVIDADES ARTISTICAS Y DE ENTRETENIMIENTO ACTIVIDADES DE LOS HOGARES INDIVIDUALES,S02
13,BOLIVAR,1984,19,19000000000,ADMINISTRACION PUBLICA EDUCACION Y SALUD ACTIVIDADES ARTISTICAS Y DE ENTRETENIMIENTO ACTIVIDADES DE LOS HOGARES INDIVIDUALES,S02
13,BOLIVAR,1985,22,22000000000,ADMINISTRACION PUBLICA EDUCACION Y SALUD ACTIVIDADES ARTISTICAS Y DE ENTRETENIMIENTO ACTIVIDADES DE LOS HOGARES INDIVIDUALES,S02
13,BOLIVAR,1986,28,28000000000,ADMINISTRACION PUBLICA EDUCACION Y SALUD ACTIVIDADES ARTISTICAS Y DE ENTRETENIMIENTO ACTIVIDADES DE LOS HOGARES INDIVIDUALES,S02
13,BOLIVAR,1987,36,36000000000,ADMINISTRACION PUBLICA EDUCACION Y SALUD ACTIVIDADES ARTISTICAS Y DE ENTRETENIMIENTO ACTIVIDADES DE LOS HOGARES INDIVIDUALES,S02
13,BOLIVAR,1988,48,48000000000,ADMINISTRACION PUBLICA EDUCACION Y SALUD ACTIVIDADES ARTISTICAS Y DE ENTRETENIMIENTO ACTIVIDADES DE LOS HOGARES INDIVIDUALES,S02
13,BOLIVAR,1989,68,68000000000,ADMINISTRACION PUBLICA EDUCACION Y SALUD ACTIVIDADES ARTISTICAS Y DE ENTRETENIMIENTO ACTIVIDADES DE LOS HOGARES INDIVIDUALES,S02
13,BOLIVAR,1990,92,92000000000,ADMINISTRACION PUBLICA EDUCACION Y SALUD ACTIVIDADES ARTISTICAS Y DE ENTRETENIMIENTO ACTIVIDADES DE LOS HOGARES INDIVIDUALES,S02
13,BOLIVAR,1991,120,1.2E+11,ADMINISTRACION PUBLICA EDUCACION Y SALUD ACTIVIDADES ARTISTICAS Y DE ENTRETENIMIENTO ACTIVIDADES DE LOS HOGARES INDIVIDUALES,S02
13,BOLIVAR,1992,192,1.92E+11,ADMINISTRACION PUBLICA EDUCACION Y SALUD ACTIVIDADES ARTISTICAS Y DE ENTRETENIMIENTO ACTIVIDADES DE LOS HOGARES INDIVIDUALES,S02
13,BOLIVAR,1993,261,2.61E+11,ADMINISTRACION PUBLICA EDUCACION Y SALUD ACTIVIDADES ARTISTICAS Y DE ENTRETENIMIENTO ACTIVIDADES DE LOS HOGARES INDIVIDUALES,S02
13,BOLIVAR,1994,366,3.66E+11,ADMINISTRACION PUBLICA EDUCACION Y SALUD ACTIVIDADES ARTISTICAS Y DE ENTRETENIMIENTO ACTIVIDADES DE LOS HOGARES INDIVIDUALES,S02
13,BOLIVAR,1995,465,4.65E+11,ADMINISTRACION PUBLICA EDUCACION Y SALUD ACTIVIDADES ARTISTICAS Y DE ENTRETENIMIENTO ACTIVIDADES DE LOS HOGARES INDIVIDUALES,S02
13,BOLIVAR,1996,621,6.21E+11,ADMINISTRACION PUBLICA EDUCACION Y SALUD ACTIVIDADES ARTISTICAS Y DE ENTRETENIMIENTO ACTIVIDADES DE LOS HOGARES INDIVIDUALES,S02
13,BOLIVAR,1997,766,7.66E+11,ADMINISTRACION PUBLICA EDUCACION Y SALUD ACTIVIDADES ARTISTICAS Y DE ENTRETENIMIENTO ACTIVIDADES DE LOS HOGARES INDIVIDUALES,S02
13,BOLIVAR,1998,887,8.87E+11,ADMINISTRACION PUBLICA EDUCACION Y SALUD ACTIVIDADES ARTISTICAS Y DE ENTRETENIMIENTO ACTIVIDADES DE LOS HOGARES INDIVIDUALES,S02
13,BOLIVAR,1999,1016,1.016E+12,ADMINISTRACION PUBLICA EDUCACION Y SALUD ACTIVIDADES ARTISTICAS Y DE ENTRETENIMIENTO ACTIVIDADES DE LOS HOGARES INDIVIDUALES,S02
13,BOLIVAR,2000,1088,1.088E+12,ADMINISTRACION PUBLICA EDUCACION Y SALUD ACTIVIDADES ARTISTICAS Y DE ENTRETENIMIENTO ACTIVIDADES DE LOS HOGARES INDIVIDUALES,S02
13,BOLIVAR,2001,1150,1.15E+12,ADMINISTRACION PUBLICA EDUCACION Y SALUD ACTIVIDADES ARTISTICAS Y DE ENTRETENIMIENTO ACTIVIDADES DE LOS HOGARES INDIVIDUALES,S02
13,BOLIVAR,2002,1238,1.238E+12,ADMINISTRACION PUBLICA EDUCACION Y SALUD ACTIVIDADES ARTISTICAS Y DE ENTRETENIMIENTO ACTIVIDADES DE LOS HOGARES INDIVIDUALES,S02
13,BOLIVAR,2003,1389,1.389E+12,ADMINISTRACION PUBLICA EDUCACION Y SALUD ACTIVIDADES ARTISTICAS Y DE ENTRETENIMIENTO ACTIVIDADES DE LOS HOGARES INDIVIDUALES,S02
13,BOLIVAR,2004,1574,1.574E+12,ADMINISTRACION PUBLICA EDUCACION Y SALUD ACTIVIDADES ARTISTICAS Y DE ENTRETENIMIENTO ACTIVIDADES DE LOS HOGARES INDIVIDUALES,S02
13,BOLIVAR,2005,1794,1.794E+12,ADMINISTRACION PUBLICA EDUCACION Y SALUD ACTIVIDADES ARTISTICAS Y DE ENTRETENIMIENTO ACTIVIDADES DE LOS HOGARES INDIVIDUALES,S02
13,BOLIVAR,2006,1922,1.922E+12,ADMINISTRACION PUBLICA EDUCACION Y SALUD ACTIVIDADES ARTISTICAS Y DE ENTRETENIMIENTO ACTIVIDADES DE LOS HOGARES INDIVIDUALES,S02
13,BOLIVAR,2007,2134,2.134E+12,ADMINISTRACION PUBLICA EDUCACION Y SALUD ACTIVIDADES ARTISTICAS Y DE ENTRETENIMIENTO ACTIVIDADES DE LOS HOGARES INDIVIDUALES,S02
13,BOLIVAR,2008,2306,2.306E+12,ADMINISTRACION PUBLICA EDUCACION Y SALUD ACTIVIDADES ARTISTICAS Y DE ENTRETENIMIENTO ACTIVIDADES DE LOS HOGARES INDIVIDUALES,S02
13,BOLIVAR,2009,2581,2.581E+12,ADMINISTRACION PUBLICA EDUCACION Y SALUD ACTIVIDADES ARTISTICAS Y DE ENTRETENIMIENTO ACTIVIDADES DE LOS HOGARES INDIVIDUALES,S02
13,BOLIVAR,2010,2942,2.942E+12,ADMINISTRACION PUBLICA EDUCACION Y SALUD ACTIVIDADES ARTISTICAS Y DE ENTRETENIMIENTO ACTIVIDADES DE LOS HOGARES INDIVIDUALES,S02
13,BOLIVAR,2011,3230,3.23E+12,ADMINISTRACION PUBLICA EDUCACION Y SALUD ACTIVIDADES ARTISTICAS Y DE ENTRETENIMIENTO ACTIVIDADES DE LOS HOGARES INDIVIDUALES,S02
13,BOLIVAR,2012,3734,3.734E+12,ADMINISTRACION PUBLICA EDUCACION Y SALUD ACTIVIDADES ARTISTICAS Y DE ENTRETENIMIENTO ACTIVIDADES DE LOS HOGARES INDIVIDUALES,S02
13,BOLIVAR,2013,4207,4.207E+12,ADMINISTRACION PUBLICA EDUCACION Y SALUD ACTIVIDADES ARTISTICAS Y DE ENTRETENIMIENTO ACTIVIDADES DE LOS HOGARES INDIVIDUALES,S02
13,BOLIVAR,2014,4803,4.803E+12,ADMINISTRACION PUBLICA EDUCACION Y SALUD ACTIVIDADES ARTISTICAS Y DE ENTRETENIMIENTO ACTIVIDADES DE LOS HOGARES INDIVIDUALES,S02
13,BOLIVAR,2015,5118,5.118E+12,ADMINISTRACION PUBLICA EDUCACION Y SALUD ACTIVIDADES ARTISTICAS Y DE ENTRETENIMIENTO ACTIVIDADES DE LOS HOGARES INDIVIDUALES,S02
13,BOLIVAR,2016,5623,5.623E+12,ADMINISTRACION PUBLICA EDUCACION Y SALUD ACTIVIDADES ARTISTICAS Y DE ENTRETENIMIENTO ACTIVIDADES DE LOS HOGARES INDIVIDUALES,S02
13,BOLIVAR,2017,6109,6.109E+12,ADMINISTRACION PUBLICA EDUCACION Y SALUD ACTIVIDADES ARTISTICAS Y DE ENTRETENIMIENTO ACTIVIDADES DE LOS HOGARES INDIVIDUALES,S02
13,BOLIVAR,2018,6571,6.571E+12,ADMINISTRACION PUBLICA EDUCACION Y SALUD ACTIVIDADES ARTISTICAS Y DE ENTRETENIMIENTO ACTIVIDADES DE LOS HOGARES INDIVIDUALES,S02
13,BOLIVAR,2019,7182,7.182E+12,ADMINISTRACION PUBLICA EDUCACION Y SALUD ACTIVIDADES ARTISTICAS Y DE ENTRETENIMIENTO ACTIVIDADES DE LOS HOGARES INDIVIDUALES,S02
13,BOLIVAR,2020,7282,7.282E+12,ADMINISTRACION PUBLICA EDUCACION Y SALUD ACTIVIDADES ARTISTICAS Y DE ENTRETENIMIENTO ACTIVIDADES DE LOS HOGARES INDIVIDUALES,S02
13,BOLIVAR,2021,8211,8.211E+12,ADMINISTRACION PUBLICA EDUCACION Y SALUD ACTIVIDADES ARTISTICAS Y DE ENTRETENIMIENTO ACTIVIDADES DE LOS HOGARES INDIVIDUALES,S02
13,BOLIVAR,2022,9198,9.198E+12,ADMINISTRACION PUBLICA EDUCACION Y SALUD ACTIVIDADES ARTISTICAS Y DE ENTRETENIMIENTO ACTIVIDADES DE LOS HOGARES INDIVIDUALES,S02
13,BOLIVAR,2023p,10706,1.0706E+13,ADMINISTRACION PUBLICA EDUCACION Y SALUD ACTIVIDADES ARTISTICAS Y DE ENTRETENIMIENTO ACTIVIDADES DE LOS HOGARES INDIVIDUALES,S02
13,BOLIVAR,2024pr,12133,1.2133E+13,ADMINISTRACION PUBLICA EDUCACION Y SALUD ACTIVIDADES ARTISTICAS Y DE ENTRETENIMIENTO ACTIVIDADES DE LOS HOGARES INDIVIDUALES,S02
15,BOYACA,1980,6,6000000000,ADMINISTRACION PUBLICA EDUCACION Y SALUD ACTIVIDADES ARTISTICAS Y DE ENTRETENIMIENTO ACTIVIDADES DE LOS HOGARES INDIVIDUALES,S02
15,BOYACA,1981,8,8000000000,ADMINISTRACION PUBLICA EDUCACION Y SALUD ACTIVIDADES ARTISTICAS Y DE ENTRETENIMIENTO ACTIVIDADES DE LOS HOGARES INDIVIDUALES,S02
15,BOYACA,1982,10,10000000000,ADMINISTRACION PUBLICA EDUCACION Y SALUD ACTIVIDADES ARTISTICAS Y DE ENTRETENIMIENTO ACTIVIDADES DE LOS HOGARES INDIVIDUALES,S02
15,BOYACA,1983,12,12000000000,ADMINISTRACION PUBLICA EDUCACION Y SALUD ACTIVIDADES ARTISTICAS Y DE ENTRETENIMIENTO ACTIVIDADES DE LOS HOGARES INDIVIDUALES,S02
15,BOYACA,1984,16,16000000000,ADMINISTRACION PUBLICA EDUCACION Y SALUD ACTIVIDADES ARTISTICAS Y DE ENTRETENIMIENTO ACTIVIDADES DE LOS HOGARES INDIVIDUALES,S02
15,BOYACA,1985,20,20000000000,ADMINISTRACION PUBLICA EDUCACION Y SALUD ACTIVIDADES ARTISTICAS Y DE ENTRETENIMIENTO ACTIVIDADES DE LOS HOGARES INDIVIDUALES,S02
15,BOYACA,1986,25,25000000000,ADMINISTRACION PUBLICA EDUCACION Y SALUD ACTIVIDADES ARTISTICAS Y DE ENTRETENIMIENTO ACTIVIDADES DE LOS HOGARES INDIVIDUALES,S02
15,BOYACA,1987,34,34000000000,ADMINISTRACION PUBLICA EDUCACION Y SALUD ACTIVIDADES ARTISTICAS Y DE ENTRETENIMIENTO ACTIVIDADES DE LOS HOGARES INDIVIDUALES,S02
15,BOYACA,1988,45,45000000000,ADMINISTRACION PUBLICA EDUCACION Y SALUD ACTIVIDADES ARTISTICAS Y DE ENTRETENIMIENTO ACTIVIDADES DE LOS HOGARES INDIVIDUALES,S02
15,BOYACA,1989,59,59000000000,ADMINISTRACION PUBLICA EDUCACION Y SALUD ACTIVIDADES ARTISTICAS Y DE ENTRETENIMIENTO ACTIVIDADES DE LOS HOGARES INDIVIDUALES,S02
15,BOYACA,1990,78,78000000000,ADMINISTRACION PUBLICA EDUCACION Y SALUD ACTIVIDADES ARTISTICAS Y DE ENTRETENIMIENTO ACTIVIDADES DE LOS HOGARES INDIVIDUALES,S02
15,BOYACA,1991,103,1.03E+11,ADMINISTRACION PUBLICA EDUCACION Y SALUD ACTIVIDADES ARTISTICAS Y DE ENTRETENIMIENTO ACTIVIDADES DE LOS HOGARES INDIVIDUALES,S02
15,BOYACA,1992,162,1.62E+11,ADMINISTRACION PUBLICA EDUCACION Y SALUD ACTIVIDADES ARTISTICAS Y DE ENTRETENIMIENTO ACTIVIDADES DE LOS HOGARES INDIVIDUALES,S02
15,BOYACA,1993,219,2.19E+11,ADMINISTRACION PUBLICA EDUCACION Y SALUD ACTIVIDADES ARTISTICAS Y DE ENTRETENIMIENTO ACTIVIDADES DE LOS HOGARES INDIVIDUALES,S02
15,BOYACA,1994,307,3.07E+11,ADMINISTRACION PUBLICA EDUCACION Y SALUD ACTIVIDADES ARTISTICAS Y DE ENTRETENIMIENTO ACTIVIDADES DE LOS HOGARES INDIVIDUALES,S02
15,BOYACA,1995,397,3.97E+11,ADMINISTRACION PUBLICA EDUCACION Y SALUD ACTIVIDADES ARTISTICAS Y DE ENTRETENIMIENTO ACTIVIDADES DE LOS HOGARES INDIVIDUALES,S02
15,BOYACA,1996,526,5.26E+11,ADMINISTRACION PUBLICA EDUCACION Y SALUD ACTIVIDADES ARTISTICAS Y DE ENTRETENIMIENTO ACTIVIDADES DE LOS HOGARES INDIVIDUALES,S02
15,BOYACA,1997,651,6.51E+11,ADMINISTRACION PUBLICA EDUCACION Y SALUD ACTIVIDADES ARTISTICAS Y DE ENTRETENIMIENTO ACTIVIDADES DE LOS HOGARES INDIVIDUALES,S02
15,BOYACA,1998,767,7.67E+11,ADMINISTRACION PUBLICA EDUCACION Y SALUD ACTIVIDADES ARTISTICAS Y DE ENTRETENIMIENTO ACTIVIDADES DE LOS HOGARES INDIVIDUALES,S02
15,BOYACA,1999,882,8.82E+11,ADMINISTRACION PUBLICA EDUCACION Y SALUD ACTIVIDADES ARTISTICAS Y DE ENTRETENIMIENTO ACTIVIDADES DE LOS HOGARES INDIVIDUALES,S02
15,BOYACA,2000,1053,1.053E+12,ADMINISTRACION PUBLICA EDUCACION Y SALUD ACTIVIDADES ARTISTICAS Y DE ENTRETENIMIENTO ACTIVIDADES DE LOS HOGARES INDIVIDUALES,S02
15,BOYACA,2001,1095,1.095E+12,ADMINISTRACION PUBLICA EDUCACION Y SALUD ACTIVIDADES ARTISTICAS Y DE ENTRETENIMIENTO ACTIVIDADES DE LOS HOGARES INDIVIDUALES,S02
15,BOYACA,2002,1213,1.213E+12,ADMINISTRACION PUBLICA EDUCACION Y SALUD ACTIVIDADES ARTISTICAS Y DE ENTRETENIMIENTO ACTIVIDADES DE LOS HOGARES INDIVIDUALES,S02
15,BOYACA,2003,1178,1.178E+12,ADMINISTRACION PUBLICA EDUCACION Y SALUD ACTIVIDADES ARTISTICAS Y DE ENTRETENIMIENTO ACTIVIDADES DE LOS HOGARES INDIVIDUALES,S02
15,BOYACA,2004,1173,1.173E+12,ADMINISTRACION PUBLICA EDUCACION Y SALUD ACTIVIDADES ARTISTICAS Y DE ENTRETENIMIENTO ACTIVIDADES DE LOS HOGARES INDIVIDUALES,S02
15,BOYACA,2005,1330,1.33E+12,ADMINISTRACION PUBLICA EDUCACION Y SALUD ACTIVIDADES ARTISTICAS Y DE ENTRETENIMIENTO ACTIVIDADES DE LOS HOGARES INDIVIDUALES,S02
15,BOYACA,2006,1525,1.525E+12,ADMINISTRACION PUBLICA EDUCACION Y SALUD ACTIVIDADES ARTISTICAS Y DE ENTRETENIMIENTO ACTIVIDADES DE LOS HOGARES INDIVIDUALES,S02
15,BOYACA,2007,1663,1.663E+12,ADMINISTRACION PUBLICA EDUCACION Y SALUD ACTIVIDADES ARTISTICAS Y DE ENTRETENIMIENTO ACTIVIDADES DE LOS HOGARES INDIVIDUALES,S02
15,BOYACA,2008,1784,1.784E+12,ADMINISTRACION PUBLICA EDUCACION Y SALUD ACTIVIDADES ARTISTICAS Y DE ENTRETENIMIENTO ACTIVIDADES DE LOS HOGARES INDIVIDUALES,S02
15,BOYACA,2009,1940,1.94E+12,ADMINISTRACION PUBLICA EDUCACION Y SALUD ACTIVIDADES ARTISTICAS Y DE ENTRETENIMIENTO ACTIVIDADES DE LOS HOGARES INDIVIDUALES,S02
15,BOYACA,2010,2056,2.056E+12,ADMINISTRACION PUBLICA EDUCACION Y SALUD ACTIVIDADES ARTISTICAS Y DE ENTRETENIMIENTO ACTIVIDADES DE LOS HOGARES INDIVIDUALES,S02
15,BOYACA,2011,2176,2.176E+12,ADMINISTRACION PUBLICA EDUCACION Y SALUD ACTIVIDADES ARTISTICAS Y DE ENTRETENIMIENTO ACTIVIDADES DE LOS HOGARES INDIVIDUALES,S02
15,BOYACA,2012,2401,2.401E+12,ADMINISTRACION PUBLICA EDUCACION Y SALUD ACTIVIDADES ARTISTICAS Y DE ENTRETENIMIENTO ACTIVIDADES DE LOS HOGARES INDIVIDUALES,S02
15,BOYACA,2013,2541,2.541E+12,ADMINISTRACION PUBLICA EDUCACION Y SALUD ACTIVIDADES ARTISTICAS Y DE ENTRETENIMIENTO ACTIVIDADES DE LOS HOGARES INDIVIDUALES,S02
15,BOYACA,2014,2690,2.69E+12,ADMINISTRACION PUBLICA EDUCACION Y SALUD ACTIVIDADES ARTISTICAS Y DE ENTRETENIMIENTO ACTIVIDADES DE LOS HOGARES INDIVIDUALES,S02
15,BOYACA,2015,2966,2.966E+12,ADMINISTRACION PUBLICA EDUCACION Y SALUD ACTIVIDADES ARTISTICAS Y DE ENTRETENIMIENTO ACTIVIDADES DE LOS HOGARES INDIVIDUALES,S02
15,BOYACA,2016,3257,3.257E+12,ADMINISTRACION PUBLICA EDUCACION Y SALUD ACTIVIDADES ARTISTICAS Y DE ENTRETENIMIENTO ACTIVIDADES DE LOS HOGARES INDIVIDUALES,S02
15,BOYACA,2017,3519,3.519E+12,ADMINISTRACION PUBLICA EDUCACION Y SALUD ACTIVIDADES ARTISTICAS Y DE ENTRETENIMIENTO ACTIVIDADES DE LOS HOGARES INDIVIDUALES,S02
15,BOYACA,2018,3786,3.786E+12,ADMINISTRACION PUBLICA EDUCACION Y SALUD ACTIVIDADES ARTISTICAS Y DE ENTRETENIMIENTO ACTIVIDADES DE LOS HOGARES INDIVIDUALES,S02
15,BOYACA,2019,4122,4.122E+12,ADMINISTRACION PUBLICA EDUCACION Y SALUD ACTIVIDADES ARTISTICAS Y DE ENTRETENIMIENTO ACTIVIDADES DE LOS HOGARES INDIVIDUALES,S02
15,BOYACA,2020,4200,4.2E+12,ADMINISTRACION PUBLICA EDUCACION Y SALUD ACTIVIDADES ARTISTICAS Y DE ENTRETENIMIENTO ACTIVIDADES DE LOS HOGARES INDIVIDUALES,S02
15,BOYACA,2021,4694,4.694E+12,ADMINISTRACION PUBLICA EDUCACION Y SALUD ACTIVIDADES ARTISTICAS Y DE ENTRETENIMIENTO ACTIVIDADES DE LOS HOGARES INDIVIDUALES,S02
15,BOYACA,2022,5226,5.226E+12,ADMINISTRACION PUBLICA EDUCACION Y SALUD ACTIVIDADES ARTISTICAS Y DE ENTRETENIMIENTO ACTIVIDADES DE LOS HOGARES INDIVIDUALES,S02
15,BOYACA,2023p,6103,6.103E+12,ADMINISTRACION PUBLICA EDUCACION Y SALUD ACTIVIDADES ARTISTICAS Y DE ENTRETENIMIENTO ACTIVIDADES DE LOS HOGARES INDIVIDUALES,S02
15,BOYACA,2024pr,6921,6.921E+12,ADMINISTRACION PUBLICA EDUCACION Y SALUD ACTIVIDADES ARTISTICAS Y DE ENTRETENIMIENTO ACTIVIDADES DE LOS HOGARES INDIVIDUALES,S02
17,CALDAS,1980,3,3000000000,ADMINISTRACION PUBLICA EDUCACION Y SALUD ACTIVIDADES ARTISTICAS Y DE ENTRETENIMIENTO ACTIVIDADES DE LOS HOGARES INDIVIDUALES,S02
17,CALDAS,1981,5,5000000000,ADMINISTRACION PUBLICA EDUCACION Y SALUD ACTIVIDADES ARTISTICAS Y DE ENTRETENIMIENTO ACTIVIDADES DE LOS HOGARES INDIVIDUALES,S02
17,CALDAS,1982,9,9000000000,ADMINISTRACION PUBLICA EDUCACION Y SALUD ACTIVIDADES ARTISTICAS Y DE ENTRETENIMIENTO ACTIVIDADES DE LOS HOGARES INDIVIDUALES,S02
17,CALDAS,1983,12,12000000000,ADMINISTRACION PUBLICA EDUCACION Y SALUD ACTIVIDADES ARTISTICAS Y DE ENTRETENIMIENTO ACTIVIDADES DE LOS HOGARES INDIVIDUALES,S02
17,CALDAS,1984,15,15000000000,ADMINISTRACION PUBLICA EDUCACION Y SALUD ACTIVIDADES ARTISTICAS Y DE ENTRETENIMIENTO ACTIVIDADES DE LOS HOGARES INDIVIDUALES,S02
17,CALDAS,1985,20,20000000000,ADMINISTRACION PUBLICA EDUCACION Y SALUD ACTIVIDADES ARTISTICAS Y DE ENTRETENIMIENTO ACTIVIDADES DE LOS HOGARES INDIVIDUALES,S02
17,CALDAS,1986,25,25000000000,ADMINISTRACION PUBLICA EDUCACION Y SALUD ACTIVIDADES ARTISTICAS Y DE ENTRETENIMIENTO ACTIVIDADES DE LOS HOGARES INDIVIDUALES,S02
17,CALDAS,1987,32,32000000000,ADMINISTRACION PUBLICA EDUCACION Y SALUD ACTIVIDADES ARTISTICAS Y DE ENTRETENIMIENTO ACTIVIDADES DE LOS HOGARES INDIVIDUALES,S02
17,CALDAS,1988,42,42000000000,ADMINISTRACION PUBLICA EDUCACION Y SALUD ACTIVIDADES ARTISTICAS Y DE ENTRETENIMIENTO ACTIVIDADES DE LOS HOGARES INDIVIDUALES,S02
17,CALDAS,1989,59,59000000000,ADMINISTRACION PUBLICA EDUCACION Y SALUD ACTIVIDADES ARTISTICAS Y DE ENTRETENIMIENTO ACTIVIDADES DE LOS HOGARES INDIVIDUALES,S02
17,CALDAS,1990,80,80000000000,ADMINISTRACION PUBLICA EDUCACION Y SALUD ACTIVIDADES ARTISTICAS Y DE ENTRETENIMIENTO ACTIVIDADES DE LOS HOGARES INDIVIDUALES,S02
17,CALDAS,1991,107,1.07E+11,ADMINISTRACION PUBLICA EDUCACION Y SALUD ACTIVIDADES ARTISTICAS Y DE ENTRETENIMIENTO ACTIVIDADES DE LOS HOGARES INDIVIDUALES,S02
17,CALDAS,1992,171,1.71E+11,ADMINISTRACION PUBLICA EDUCACION Y SALUD ACTIVIDADES ARTISTICAS Y DE ENTRETENIMIENTO ACTIVIDADES DE LOS HOGARES INDIVIDUALES,S02
17,CALDAS,1993,227,2.27E+11,ADMINISTRACION PUBLICA EDUCACION Y SALUD ACTIVIDADES ARTISTICAS Y DE ENTRETENIMIENTO ACTIVIDADES DE LOS HOGARES INDIVIDUALES,S02
17,CALDAS,1994,324,3.24E+11,ADMINISTRACION PUBLICA EDUCACION Y SALUD ACTIVIDADES ARTISTICAS Y DE ENTRETENIMIENTO ACTIVIDADES DE LOS HOGARES INDIVIDUALES,S02
17,CALDAS,1995,361,3.61E+11,ADMINISTRACION PUBLICA EDUCACION Y SALUD ACTIVIDADES ARTISTICAS Y DE ENTRETENIMIENTO ACTIVIDADES DE LOS HOGARES INDIVIDUALES,S02
17,CALDAS,1996,454,4.54E+11,ADMINISTRACION PUBLICA EDUCACION Y SALUD ACTIVIDADES ARTISTICAS Y DE ENTRETENIMIENTO ACTIVIDADES DE LOS HOGARES INDIVIDUALES,S02
17,CALDAS,1997,529,5.29E+11,ADMINISTRACION PUBLICA EDUCACION Y SALUD ACTIVIDADES ARTISTICAS Y DE ENTRETENIMIENTO ACTIVIDADES DE LOS HOGARES INDIVIDUALES,S02
17,CALDAS,1998,616,6.16E+11,ADMINISTRACION PUBLICA EDUCACION Y SALUD ACTIVIDADES ARTISTICAS Y DE ENTRETENIMIENTO ACTIVIDADES DE LOS HOGARES INDIVIDUALES,S02
17,CALDAS,1999,662,6.62E+11,ADMINISTRACION PUBLICA EDUCACION Y SALUD ACTIVIDADES ARTISTICAS Y DE ENTRETENIMIENTO ACTIVIDADES DE LOS HOGARES INDIVIDUALES,S02
17,CALDAS,2000,717,7.17E+11,ADMINISTRACION PUBLICA EDUCACION Y SALUD ACTIVIDADES ARTISTICAS Y DE ENTRETENIMIENTO ACTIVIDADES DE LOS HOGARES INDIVIDUALES,S02
17,CALDAS,2001,793,7.93E+11,ADMINISTRACION PUBLICA EDUCACION Y SALUD ACTIVIDADES ARTISTICAS Y DE ENTRETENIMIENTO ACTIVIDADES DE LOS HOGARES INDIVIDUALES,S02
17,CALDAS,2002,856,8.56E+11,ADMINISTRACION PUBLICA EDUCACION Y SALUD ACTIVIDADES ARTISTICAS Y DE ENTRETENIMIENTO ACTIVIDADES DE LOS HOGARES INDIVIDUALES,S02
17,CALDAS,2003,892,8.92E+11,ADMINISTRACION PUBLICA EDUCACION Y SALUD ACTIVIDADES ARTISTICAS Y DE ENTRETENIMIENTO ACTIVIDADES DE LOS HOGARES INDIVIDUALES,S02
17,CALDAS,2004,886,8.86E+11,ADMINISTRACION PUBLICA EDUCACION Y SALUD ACTIVIDADES ARTISTICAS Y DE ENTRETENIMIENTO ACTIVIDADES DE LOS HOGARES INDIVIDUALES,S02
17,CALDAS,2005,972,9.72E+11,ADMINISTRACION PUBLICA EDUCACION Y SALUD ACTIVIDADES ARTISTICAS Y DE ENTRETENIMIENTO ACTIVIDADES DE LOS HOGARES INDIVIDUALES,S02
17,CALDAS,2006,1078,1.078E+12,ADMINISTRACION PUBLICA EDUCACION Y SALUD ACTIVIDADES ARTISTICAS Y DE ENTRETENIMIENTO ACTIVIDADES DE LOS HOGARES INDIVIDUALES,S02
17,CALDAS,2007,1240,1.24E+12,ADMINISTRACION PUBLICA EDUCACION Y SALUD ACTIVIDADES ARTISTICAS Y DE ENTRETENIMIENTO ACTIVIDADES DE LOS HOGARES INDIVIDUALES,S02
17,CALDAS,2008,1295,1.295E+12,ADMINISTRACION PUBLICA EDUCACION Y SALUD ACTIVIDADES ARTISTICAS Y DE ENTRETENIMIENTO ACTIVIDADES DE LOS HOGARES INDIVIDUALES,S02
17,CALDAS,2009,1381,1.381E+12,ADMINISTRACION PUBLICA EDUCACION Y SALUD ACTIVIDADES ARTISTICAS Y DE ENTRETENIMIENTO ACTIVIDADES DE LOS HOGARES INDIVIDUALES,S02
17,CALDAS,2010,1482,1.482E+12,ADMINISTRACION PUBLICA EDUCACION Y SALUD ACTIVIDADES ARTISTICAS Y DE ENTRETENIMIENTO ACTIVIDADES DE LOS HOGARES INDIVIDUALES,S02
17,CALDAS,2011,1587,1.587E+12,ADMINISTRACION PUBLICA EDUCACION Y SALUD ACTIVIDADES ARTISTICAS Y DE ENTRETENIMIENTO ACTIVIDADES DE LOS HOGARES INDIVIDUALES,S02
17,CALDAS,2012,1746,1.746E+12,ADMINISTRACION PUBLICA EDUCACION Y SALUD ACTIVIDADES ARTISTICAS Y DE ENTRETENIMIENTO ACTIVIDADES DE LOS HOGARES INDIVIDUALES,S02
17,CALDAS,2013,1953,1.953E+12,ADMINISTRACION PUBLICA EDUCACION Y SALUD ACTIVIDADES ARTISTICAS Y DE ENTRETENIMIENTO ACTIVIDADES DE LOS HOGARES INDIVIDUALES,S02
17,CALDAS,2014,2090,2.09E+12,ADMINISTRACION PUBLICA EDUCACION Y SALUD ACTIVIDADES ARTISTICAS Y DE ENTRETENIMIENTO ACTIVIDADES DE LOS HOGARES INDIVIDUALES,S02
17,CALDAS,2015,2262,2.262E+12,ADMINISTRACION PUBLICA EDUCACION Y SALUD ACTIVIDADES ARTISTICAS Y DE ENTRETENIMIENTO ACTIVIDADES DE LOS HOGARES INDIVIDUALES,S02
17,CALDAS,2016,2444,2.444E+12,ADMINISTRACION PUBLICA EDUCACION Y SALUD ACTIVIDADES ARTISTICAS Y DE ENTRETENIMIENTO ACTIVIDADES DE LOS HOGARES INDIVIDUALES,S02
17,CALDAS,2017,2674,2.674E+12,ADMINISTRACION PUBLICA EDUCACION Y SALUD ACTIVIDADES ARTISTICAS Y DE ENTRETENIMIENTO ACTIVIDADES DE LOS HOGARES INDIVIDUALES,S02
17,CALDAS,2018,2887,2.887E+12,ADMINISTRACION PUBLICA EDUCACION Y SALUD ACTIVIDADES ARTISTICAS Y DE ENTRETENIMIENTO ACTIVIDADES DE LOS HOGARES INDIVIDUALES,S02
17,CALDAS,2019,3145,3.145E+12,ADMINISTRACION PUBLICA EDUCACION Y SALUD ACTIVIDADES ARTISTICAS Y DE ENTRETENIMIENTO ACTIVIDADES DE LOS HOGARES INDIVIDUALES,S02
17,CALDAS,2020,3191,3.191E+12,ADMINISTRACION PUBLICA EDUCACION Y SALUD ACTIVIDADES ARTISTICAS Y DE ENTRETENIMIENTO ACTIVIDADES DE LOS HOGARES INDIVIDUALES,S02
17,CALDAS,2021,3679,3.679E+12,ADMINISTRACION PUBLICA EDUCACION Y SALUD ACTIVIDADES ARTISTICAS Y DE ENTRETENIMIENTO ACTIVIDADES DE LOS HOGARES INDIVIDUALES,S02
17,CALDAS,2022,4192,4.192E+12,ADMINISTRACION PUBLICA EDUCACION Y SALUD ACTIVIDADES ARTISTICAS Y DE ENTRETENIMIENTO ACTIVIDADES DE LOS HOGARES INDIVIDUALES,S02
17,CALDAS,2023p,4882,4.882E+12,ADMINISTRACION PUBLICA EDUCACION Y SALUD ACTIVIDADES ARTISTICAS Y DE ENTRETENIMIENTO ACTIVIDADES DE LOS HOGARES INDIVIDUALES,S02
17,CALDAS,2024pr,5552,5.552E+12,ADMINISTRACION PUBLICA EDUCACION Y SALUD ACTIVIDADES ARTISTICAS Y DE ENTRETENIMIENTO ACTIVIDADES DE LOS HOGARES INDIVIDUALES,S02
18,CAQUETA,1980,2,2000000000,ADMINISTRACION PUBLICA EDUCACION Y SALUD ACTIVIDADES ARTISTICAS Y DE ENTRETENIMIENTO ACTIVIDADES DE LOS HOGARES INDIVIDUALES,S02
18,CAQUETA,1981,3,3000000000,ADMINISTRACION PUBLICA EDUCACION Y SALUD ACTIVIDADES ARTISTICAS Y DE ENTRETENIMIENTO ACTIVIDADES DE LOS HOGARES INDIVIDUALES,S02
18,CAQUETA,1982,3,3000000000,ADMINISTRACION PUBLICA EDUCACION Y SALUD ACTIVIDADES ARTISTICAS Y DE ENTRETENIMIENTO ACTIVIDADES DE LOS HOGARES INDIVIDUALES,S02
18,CAQUETA,1983,4,4000000000,ADMINISTRACION PUBLICA EDUCACION Y SALUD ACTIVIDADES ARTISTICAS Y DE ENTRETENIMIENTO ACTIVIDADES DE LOS HOGARES INDIVIDUALES,S02
18,CAQUETA,1984,5,5000000000,ADMINISTRACION PUBLICA EDUCACION Y SALUD ACTIVIDADES ARTISTICAS Y DE ENTRETENIMIENTO ACTIVIDADES DE LOS HOGARES INDIVIDUALES,S02
18,CAQUETA,1985,6,6000000000,ADMINISTRACION PUBLICA EDUCACION Y SALUD ACTIVIDADES ARTISTICAS Y DE ENTRETENIMIENTO ACTIVIDADES DE LOS HOGARES INDIVIDUALES,S02
18,CAQUETA,1986,7,7000000000,ADMINISTRACION PUBLICA EDUCACION Y SALUD ACTIVIDADES ARTISTICAS Y DE ENTRETENIMIENTO ACTIVIDADES DE LOS HOGARES INDIVIDUALES,S02
18,CAQUETA,1987,10,10000000000,ADMINISTRACION PUBLICA EDUCACION Y SALUD ACTIVIDADES ARTISTICAS Y DE ENTRETENIMIENTO ACTIVIDADES DE LOS HOGARES INDIVIDUALES,S02
18,CAQUETA,1988,12,12000000000,ADMINISTRACION PUBLICA EDUCACION Y SALUD ACTIVIDADES ARTISTICAS Y DE ENTRETENIMIENTO ACTIVIDADES DE LOS HOGARES INDIVIDUALES,S02
18,CAQUETA,1989,15,15000000000,ADMINISTRACION PUBLICA EDUCACION Y SALUD ACTIVIDADES ARTISTICAS Y DE ENTRETENIMIENTO ACTIVIDADES DE LOS HOGARES INDIVIDUALES,S02
18,CAQUETA,1990,19,19000000000,ADMINISTRACION PUBLICA EDUCACION Y SALUD ACTIVIDADES ARTISTICAS Y DE ENTRETENIMIENTO ACTIVIDADES DE LOS HOGARES INDIVIDUALES,S02
18,CAQUETA,1991,26,26000000000,ADMINISTRACION PUBLICA EDUCACION Y SALUD ACTIVIDADES ARTISTICAS Y DE ENTRETENIMIENTO ACTIVIDADES DE LOS HOGARES INDIVIDUALES,S02
18,CAQUETA,1992,36,36000000000,ADMINISTRACION PUBLICA EDUCACION Y SALUD ACTIVIDADES ARTISTICAS Y DE ENTRETENIMIENTO ACTIVIDADES DE LOS HOGARES INDIVIDUALES,S02
18,CAQUETA,1993,50,50000000000,ADMINISTRACION PUBLICA EDUCACION Y SALUD ACTIVIDADES ARTISTICAS Y DE ENTRETENIMIENTO ACTIVIDADES DE LOS HOGARES INDIVIDUALES,S02
18,CAQUETA,1994,67,67000000000,ADMINISTRACION PUBLICA EDUCACION Y SALUD ACTIVIDADES ARTISTICAS Y DE ENTRETENIMIENTO ACTIVIDADES DE LOS HOGARES INDIVIDUALES,S02
18,CAQUETA,1995,87,87000000000,ADMINISTRACION PUBLICA EDUCACION Y SALUD ACTIVIDADES ARTISTICAS Y DE ENTRETENIMIENTO ACTIVIDADES DE LOS HOGARES INDIVIDUALES,S02
18,CAQUETA,1996,113,1.13E+11,ADMINISTRACION PUBLICA EDUCACION Y SALUD ACTIVIDADES ARTISTICAS Y DE ENTRETENIMIENTO ACTIVIDADES DE LOS HOGARES INDIVIDUALES,S02
18,CAQUETA,1997,148,1.48E+11,ADMINISTRACION PUBLICA EDUCACION Y SALUD ACTIVIDADES ARTISTICAS Y DE ENTRETENIMIENTO ACTIVIDADES DE LOS HOGARES INDIVIDUALES,S02
18,CAQUETA,1998,170,1.7E+11,ADMINISTRACION PUBLICA EDUCACION Y SALUD ACTIVIDADES ARTISTICAS Y DE ENTRETENIMIENTO ACTIVIDADES DE LOS HOGARES INDIVIDUALES,S02
18,CAQUETA,1999,207,2.07E+11,ADMINISTRACION PUBLICA EDUCACION Y SALUD ACTIVIDADES ARTISTICAS Y DE ENTRETENIMIENTO ACTIVIDADES DE LOS HOGARES INDIVIDUALES,S02
18,CAQUETA,2000,246,2.46E+11,ADMINISTRACION PUBLICA EDUCACION Y SALUD ACTIVIDADES ARTISTICAS Y DE ENTRETENIMIENTO ACTIVIDADES DE LOS HOGARES INDIVIDUALES,S02
18,CAQUETA,2001,272,2.72E+11,ADMINISTRACION PUBLICA EDUCACION Y SALUD ACTIVIDADES ARTISTICAS Y DE ENTRETENIMIENTO ACTIVIDADES DE LOS HOGARES INDIVIDUALES,S02
18,CAQUETA,2002,294,2.94E+11,ADMINISTRACION PUBLICA EDUCACION Y SALUD ACTIVIDADES ARTISTICAS Y DE ENTRETENIMIENTO ACTIVIDADES DE LOS HOGARES INDIVIDUALES,S02
18,CAQUETA,2003,317,3.17E+11,ADMINISTRACION PUBLICA EDUCACION Y SALUD ACTIVIDADES ARTISTICAS Y DE ENTRETENIMIENTO ACTIVIDADES DE LOS HOGARES INDIVIDUALES,S02
18,CAQUETA,2004,350,3.5E+11,ADMINISTRACION PUBLICA EDUCACION Y SALUD ACTIVIDADES ARTISTICAS Y DE ENTRETENIMIENTO ACTIVIDADES DE LOS HOGARES INDIVIDUALES,S02
18,CAQUETA,2005,392,3.92E+11,ADMINISTRACION PUBLICA EDUCACION Y SALUD ACTIVIDADES ARTISTICAS Y DE ENTRETENIMIENTO ACTIVIDADES DE LOS HOGARES INDIVIDUALES,S02
18,CAQUETA,2006,414,4.14E+11,ADMINISTRACION PUBLICA EDUCACION Y SALUD ACTIVIDADES ARTISTICAS Y DE ENTRETENIMIENTO ACTIVIDADES DE LOS HOGARES INDIVIDUALES,S02
18,CAQUETA,2007,466,4.66E+11,ADMINISTRACION PUBLICA EDUCACION Y SALUD ACTIVIDADES ARTISTICAS Y DE ENTRETENIMIENTO ACTIVIDADES DE LOS HOGARES INDIVIDUALES,S02
18,CAQUETA,2008,516,5.16E+11,ADMINISTRACION PUBLICA EDUCACION Y SALUD ACTIVIDADES ARTISTICAS Y DE ENTRETENIMIENTO ACTIVIDADES DE LOS HOGARES INDIVIDUALES,S02
18,CAQUETA,2009,570,5.7E+11,ADMINISTRACION PUBLICA EDUCACION Y SALUD ACTIVIDADES ARTISTICAS Y DE ENTRETENIMIENTO ACTIVIDADES DE LOS HOGARES INDIVIDUALES,S02
18,CAQUETA,2010,609,6.09E+11,ADMINISTRACION PUBLICA EDUCACION Y SALUD ACTIVIDADES ARTISTICAS Y DE ENTRETENIMIENTO ACTIVIDADES DE LOS HOGARES INDIVIDUALES,S02
18,CAQUETA,2011,652,6.52E+11,ADMINISTRACION PUBLICA EDUCACION Y SALUD ACTIVIDADES ARTISTICAS Y DE ENTRETENIMIENTO ACTIVIDADES DE LOS HOGARES INDIVIDUALES,S02
18,CAQUETA,2012,736,7.36E+11,ADMINISTRACION PUBLICA EDUCACION Y SALUD ACTIVIDADES ARTISTICAS Y DE ENTRETENIMIENTO ACTIVIDADES DE LOS HOGARES INDIVIDUALES,S02
18,CAQUETA,2013,817,8.17E+11,ADMINISTRACION PUBLICA EDUCACION Y SALUD ACTIVIDADES ARTISTICAS Y DE ENTRETENIMIENTO ACTIVIDADES DE LOS HOGARES INDIVIDUALES,S02
18,CAQUETA,2014,946,9.46E+11,ADMINISTRACION PUBLICA EDUCACION Y SALUD ACTIVIDADES ARTISTICAS Y DE ENTRETENIMIENTO ACTIVIDADES DE LOS HOGARES INDIVIDUALES,S02
18,CAQUETA,2015,1006,1.006E+12,ADMINISTRACION PUBLICA EDUCACION Y SALUD ACTIVIDADES ARTISTICAS Y DE ENTRETENIMIENTO ACTIVIDADES DE LOS HOGARES INDIVIDUALES,S02
18,CAQUETA,2016,1109,1.109E+12,ADMINISTRACION PUBLICA EDUCACION Y SALUD ACTIVIDADES ARTISTICAS Y DE ENTRETENIMIENTO ACTIVIDADES DE LOS HOGARES INDIVIDUALES,S02
18,CAQUETA,2017,1208,1.208E+12,ADMINISTRACION PUBLICA EDUCACION Y SALUD ACTIVIDADES ARTISTICAS Y DE ENTRETENIMIENTO ACTIVIDADES DE LOS HOGARES INDIVIDUALES,S02
18,CAQUETA,2018,1309,1.309E+12,ADMINISTRACION PUBLICA EDUCACION Y SALUD ACTIVIDADES ARTISTICAS Y DE ENTRETENIMIENTO ACTIVIDADES DE LOS HOGARES INDIVIDUALES,S02
18,CAQUETA,2019,1432,1.432E+12,ADMINISTRACION PUBLICA EDUCACION Y SALUD ACTIVIDADES ARTISTICAS Y DE ENTRETENIMIENTO ACTIVIDADES DE LOS HOGARES INDIVIDUALES,S02
18,CAQUETA,2020,1480,1.48E+12,ADMINISTRACION PUBLICA EDUCACION Y SALUD ACTIVIDADES ARTISTICAS Y DE ENTRETENIMIENTO ACTIVIDADES DE LOS HOGARES INDIVIDUALES,S02
18,CAQUETA,2021,1642,1.642E+12,ADMINISTRACION PUBLICA EDUCACION Y SALUD ACTIVIDADES ARTISTICAS Y DE ENTRETENIMIENTO ACTIVIDADES DE LOS HOGARES INDIVIDUALES,S02
18,CAQUETA,2022,1817,1.817E+12,ADMINISTRACION PUBLICA EDUCACION Y SALUD ACTIVIDADES ARTISTICAS Y DE ENTRETENIMIENTO ACTIVIDADES DE LOS HOGARES INDIVIDUALES,S02
18,CAQUETA,2023p,2128,2.128E+12,ADMINISTRACION PUBLICA EDUCACION Y SALUD ACTIVIDADES ARTISTICAS Y DE ENTRETENIMIENTO ACTIVIDADES DE LOS HOGARES INDIVIDUALES,S02
18,CAQUETA,2024pr,2405,2.405E+12,ADMINISTRACION PUBLICA EDUCACION Y SALUD ACTIVIDADES ARTISTICAS Y DE ENTRETENIMIENTO ACTIVIDADES DE LOS HOGARES INDIVIDUALES,S02
19,CAUCA,1980,3,3000000000,ADMINISTRACION PUBLICA EDUCACION Y SALUD ACTIVIDADES ARTISTICAS Y DE ENTRETENIMIENTO ACTIVIDADES DE LOS HOGARES INDIVIDUALES,S02
19,CAUCA,1981,4,4000000000,ADMINISTRACION PUBLICA EDUCACION Y SALUD ACTIVIDADES ARTISTICAS Y DE ENTRETENIMIENTO ACTIVIDADES DE LOS HOGARES INDIVIDUALES,S02
19,CAUCA,1982,6,6000000000,ADMINISTRACION PUBLICA EDUCACION Y SALUD ACTIVIDADES ARTISTICAS Y DE ENTRETENIMIENTO ACTIVIDADES DE LOS HOGARES INDIVIDUALES,S02
19,CAUCA,1983,8,8000000000,ADMINISTRACION PUBLICA EDUCACION Y SALUD ACTIVIDADES ARTISTICAS Y DE ENTRETENIMIENTO ACTIVIDADES DE LOS HOGARES INDIVIDUALES,S02
19,CAUCA,1984,12,12000000000,ADMINISTRACION PUBLICA EDUCACION Y SALUD ACTIVIDADES ARTISTICAS Y DE ENTRETENIMIENTO ACTIVIDADES DE LOS HOGARES INDIVIDUALES,S02
19,CAUCA,1985,14,14000000000,ADMINISTRACION PUBLICA EDUCACION Y SALUD ACTIVIDADES ARTISTICAS Y DE ENTRETENIMIENTO ACTIVIDADES DE LOS HOGARES INDIVIDUALES,S02
19,CAUCA,1986,18,18000000000,ADMINISTRACION PUBLICA EDUCACION Y SALUD ACTIVIDADES ARTISTICAS Y DE ENTRETENIMIENTO ACTIVIDADES DE LOS HOGARES INDIVIDUALES,S02
19,CAUCA,1987,26,26000000000,ADMINISTRACION PUBLICA EDUCACION Y SALUD ACTIVIDADES ARTISTICAS Y DE ENTRETENIMIENTO ACTIVIDADES DE LOS HOGARES INDIVIDUALES,S02
19,CAUCA,1988,36,36000000000,ADMINISTRACION PUBLICA EDUCACION Y SALUD ACTIVIDADES ARTISTICAS Y DE ENTRETENIMIENTO ACTIVIDADES DE LOS HOGARES INDIVIDUALES,S02
19,CAUCA,1989,47,47000000000,ADMINISTRACION PUBLICA EDUCACION Y SALUD ACTIVIDADES ARTISTICAS Y DE ENTRETENIMIENTO ACTIVIDADES DE LOS HOGARES INDIVIDUALES,S02
19,CAUCA,1990,63,63000000000,ADMINISTRACION PUBLICA EDUCACION Y SALUD ACTIVIDADES ARTISTICAS Y DE ENTRETENIMIENTO ACTIVIDADES DE LOS HOGARES INDIVIDUALES,S02
19,CAUCA,1991,84,84000000000,ADMINISTRACION PUBLICA EDUCACION Y SALUD ACTIVIDADES ARTISTICAS Y DE ENTRETENIMIENTO ACTIVIDADES DE LOS HOGARES INDIVIDUALES,S02
19,CAUCA,1992,133,1.33E+11,ADMINISTRACION PUBLICA EDUCACION Y SALUD ACTIVIDADES ARTISTICAS Y DE ENTRETENIMIENTO ACTIVIDADES DE LOS HOGARES INDIVIDUALES,S02
19,CAUCA,1993,180,1.8E+11,ADMINISTRACION PUBLICA EDUCACION Y SALUD ACTIVIDADES ARTISTICAS Y DE ENTRETENIMIENTO ACTIVIDADES DE LOS HOGARES INDIVIDUALES,S02
19,CAUCA,1994,253,2.53E+11,ADMINISTRACION PUBLICA EDUCACION Y SALUD ACTIVIDADES ARTISTICAS Y DE ENTRETENIMIENTO ACTIVIDADES DE LOS HOGARES INDIVIDUALES,S02
19,CAUCA,1995,317,3.17E+11,ADMINISTRACION PUBLICA EDUCACION Y SALUD ACTIVIDADES ARTISTICAS Y DE ENTRETENIMIENTO ACTIVIDADES DE LOS HOGARES INDIVIDUALES,S02
19,CAUCA,1996,396,3.96E+11,ADMINISTRACION PUBLICA EDUCACION Y SALUD ACTIVIDADES ARTISTICAS Y DE ENTRETENIMIENTO ACTIVIDADES DE LOS HOGARES INDIVIDUALES,S02
19,CAUCA,1997,445,4.45E+11,ADMINISTRACION PUBLICA EDUCACION Y SALUD ACTIVIDADES ARTISTICAS Y DE ENTRETENIMIENTO ACTIVIDADES DE LOS HOGARES INDIVIDUALES,S02
19,CAUCA,1998,538,5.38E+11,ADMINISTRACION PUBLICA EDUCACION Y SALUD ACTIVIDADES ARTISTICAS Y DE ENTRETENIMIENTO ACTIVIDADES DE LOS HOGARES INDIVIDUALES,S02
19,CAUCA,1999,647,6.47E+11,ADMINISTRACION PUBLICA EDUCACION Y SALUD ACTIVIDADES ARTISTICAS Y DE ENTRETENIMIENTO ACTIVIDADES DE LOS HOGARES INDIVIDUALES,S02
19,CAUCA,2000,732,7.32E+11,ADMINISTRACION PUBLICA EDUCACION Y SALUD ACTIVIDADES ARTISTICAS Y DE ENTRETENIMIENTO ACTIVIDADES DE LOS HOGARES INDIVIDUALES,S02
19,CAUCA,2001,782,7.82E+11,ADMINISTRACION PUBLICA EDUCACION Y SALUD ACTIVIDADES ARTISTICAS Y DE ENTRETENIMIENTO ACTIVIDADES DE LOS HOGARES INDIVIDUALES,S02
19,CAUCA,2002,798,7.98E+11,ADMINISTRACION PUBLICA EDUCACION Y SALUD ACTIVIDADES ARTISTICAS Y DE ENTRETENIMIENTO ACTIVIDADES DE LOS HOGARES INDIVIDUALES,S02
19,CAUCA,2003,832,8.32E+11,ADMINISTRACION PUBLICA EDUCACION Y SALUD ACTIVIDADES ARTISTICAS Y DE ENTRETENIMIENTO ACTIVIDADES DE LOS HOGARES INDIVIDUALES,S02
19,CAUCA,2004,953,9.53E+11,ADMINISTRACION PUBLICA EDUCACION Y SALUD ACTIVIDADES ARTISTICAS Y DE ENTRETENIMIENTO ACTIVIDADES DE LOS HOGARES INDIVIDUALES,S02
19,CAUCA,2005,1075,1.075E+12,ADMINISTRACION PUBLICA EDUCACION Y SALUD ACTIVIDADES ARTISTICAS Y DE ENTRETENIMIENTO ACTIVIDADES DE LOS HOGARES INDIVIDUALES,S02
19,CAUCA,2006,1163,1.163E+12,ADMINISTRACION PUBLICA EDUCACION Y SALUD ACTIVIDADES ARTISTICAS Y DE ENTRETENIMIENTO ACTIVIDADES DE LOS HOGARES INDIVIDUALES,S02
19,CAUCA,2007,1332,1.332E+12,ADMINISTRACION PUBLICA EDUCACION Y SALUD ACTIVIDADES ARTISTICAS Y DE ENTRETENIMIENTO ACTIVIDADES DE LOS HOGARES INDIVIDUALES,S02
19,CAUCA,2008,1514,1.514E+12,ADMINISTRACION PUBLICA EDUCACION Y SALUD ACTIVIDADES ARTISTICAS Y DE ENTRETENIMIENTO ACTIVIDADES DE LOS HOGARES INDIVIDUALES,S02
19,CAUCA,2009,1665,1.665E+12,ADMINISTRACION PUBLICA EDUCACION Y SALUD ACTIVIDADES ARTISTICAS Y DE ENTRETENIMIENTO ACTIVIDADES DE LOS HOGARES INDIVIDUALES,S02
19,CAUCA,2010,1847,1.847E+12,ADMINISTRACION PUBLICA EDUCACION Y SALUD ACTIVIDADES ARTISTICAS Y DE ENTRETENIMIENTO ACTIVIDADES DE LOS HOGARES INDIVIDUALES,S02
19,CAUCA,2011,2014,2.014E+12,ADMINISTRACION PUBLICA EDUCACION Y SALUD ACTIVIDADES ARTISTICAS Y DE ENTRETENIMIENTO ACTIVIDADES DE LOS HOGARES INDIVIDUALES,S02
19,CAUCA,2012,2241,2.241E+12,ADMINISTRACION PUBLICA EDUCACION Y SALUD ACTIVIDADES ARTISTICAS Y DE ENTRETENIMIENTO ACTIVIDADES DE LOS HOGARES INDIVIDUALES,S02
19,CAUCA,2013,2471,2.471E+12,ADMINISTRACION PUBLICA EDUCACION Y SALUD ACTIVIDADES ARTISTICAS Y DE ENTRETENIMIENTO ACTIVIDADES DE LOS HOGARES INDIVIDUALES,S02
19,CAUCA,2014,2669,2.669E+12,ADMINISTRACION PUBLICA EDUCACION Y SALUD ACTIVIDADES ARTISTICAS Y DE ENTRETENIMIENTO ACTIVIDADES DE LOS HOGARES INDIVIDUALES,S02
19,CAUCA,2015,2893,2.893E+12,ADMINISTRACION PUBLICA EDUCACION Y SALUD ACTIVIDADES ARTISTICAS Y DE ENTRETENIMIENTO ACTIVIDADES DE LOS HOGARES INDIVIDUALES,S02
19,CAUCA,2016,3197,3.197E+12,ADMINISTRACION PUBLICA EDUCACION Y SALUD ACTIVIDADES ARTISTICAS Y DE ENTRETENIMIENTO ACTIVIDADES DE LOS HOGARES INDIVIDUALES,S02
19,CAUCA,2017,3495,3.495E+12,ADMINISTRACION PUBLICA EDUCACION Y SALUD ACTIVIDADES ARTISTICAS Y DE ENTRETENIMIENTO ACTIVIDADES DE LOS HOGARES INDIVIDUALES,S02
19,CAUCA,2018,3765,3.765E+12,ADMINISTRACION PUBLICA EDUCACION Y SALUD ACTIVIDADES ARTISTICAS Y DE ENTRETENIMIENTO ACTIVIDADES DE LOS HOGARES INDIVIDUALES,S02
19,CAUCA,2019,4143,4.143E+12,ADMINISTRACION PUBLICA EDUCACION Y SALUD ACTIVIDADES ARTISTICAS Y DE ENTRETENIMIENTO ACTIVIDADES DE LOS HOGARES INDIVIDUALES,S02
19,CAUCA,2020,4288,4.288E+12,ADMINISTRACION PUBLICA EDUCACION Y SALUD ACTIVIDADES ARTISTICAS Y DE ENTRETENIMIENTO ACTIVIDADES DE LOS HOGARES INDIVIDUALES,S02
19,CAUCA,2021,4853,4.853E+12,ADMINISTRACION PUBLICA EDUCACION Y SALUD ACTIVIDADES ARTISTICAS Y DE ENTRETENIMIENTO ACTIVIDADES DE LOS HOGARES INDIVIDUALES,S02
19,CAUCA,2022,5404,5.404E+12,ADMINISTRACION PUBLICA EDUCACION Y SALUD ACTIVIDADES ARTISTICAS Y DE ENTRETENIMIENTO ACTIVIDADES DE LOS HOGARES INDIVIDUALES,S02
19,CAUCA,2023p,6285,6.285E+12,ADMINISTRACION PUBLICA EDUCACION Y SALUD ACTIVIDADES ARTISTICAS Y DE ENTRETENIMIENTO ACTIVIDADES DE LOS HOGARES INDIVIDUALES,S02
19,CAUCA,2024pr,7119,7.119E+12,ADMINISTRACION PUBLICA EDUCACION Y SALUD ACTIVIDADES ARTISTICAS Y DE ENTRETENIMIENTO ACTIVIDADES DE LOS HOGARES INDIVIDUALES,S02
20,CESAR,1980,3,3000000000,ADMINISTRACION PUBLICA EDUCACION Y SALUD ACTIVIDADES ARTISTICAS Y DE ENTRETENIMIENTO ACTIVIDADES DE LOS HOGARES INDIVIDUALES,S02
20,CESAR,1981,4,4000000000,ADMINISTRACION PUBLICA EDUCACION Y SALUD ACTIVIDADES ARTISTICAS Y DE ENTRETENIMIENTO ACTIVIDADES DE LOS HOGARES INDIVIDUALES,S02
20,CESAR,1982,5,5000000000,ADMINISTRACION PUBLICA EDUCACION Y SALUD ACTIVIDADES ARTISTICAS Y DE ENTRETENIMIENTO ACTIVIDADES DE LOS HOGARES INDIVIDUALES,S02
20,CESAR,1983,6,6000000000,ADMINISTRACION PUBLICA EDUCACION Y SALUD ACTIVIDADES ARTISTICAS Y DE ENTRETENIMIENTO ACTIVIDADES DE LOS HOGARES INDIVIDUALES,S02
20,CESAR,1984,8,8000000000,ADMINISTRACION PUBLICA EDUCACION Y SALUD ACTIVIDADES ARTISTICAS Y DE ENTRETENIMIENTO ACTIVIDADES DE LOS HOGARES INDIVIDUALES,S02
20,CESAR,1985,9,9000000000,ADMINISTRACION PUBLICA EDUCACION Y SALUD ACTIVIDADES ARTISTICAS Y DE ENTRETENIMIENTO ACTIVIDADES DE LOS HOGARES INDIVIDUALES,S02
20,CESAR,1986,12,12000000000,ADMINISTRACION PUBLICA EDUCACION Y SALUD ACTIVIDADES ARTISTICAS Y DE ENTRETENIMIENTO ACTIVIDADES DE LOS HOGARES INDIVIDUALES,S02
20,CESAR,1987,17,17000000000,ADMINISTRACION PUBLICA EDUCACION Y SALUD ACTIVIDADES ARTISTICAS Y DE ENTRETENIMIENTO ACTIVIDADES DE LOS HOGARES INDIVIDUALES,S02
20,CESAR,1988,22,22000000000,ADMINISTRACION PUBLICA EDUCACION Y SALUD ACTIVIDADES ARTISTICAS Y DE ENTRETENIMIENTO ACTIVIDADES DE LOS HOGARES INDIVIDUALES,S02
20,CESAR,1989,32,32000000000,ADMINISTRACION PUBLICA EDUCACION Y SALUD ACTIVIDADES ARTISTICAS Y DE ENTRETENIMIENTO ACTIVIDADES DE LOS HOGARES INDIVIDUALES,S02
20,CESAR,1990,43,43000000000,ADMINISTRACION PUBLICA EDUCACION Y SALUD ACTIVIDADES ARTISTICAS Y DE ENTRETENIMIENTO ACTIVIDADES DE LOS HOGARES INDIVIDUALES,S02
20,CESAR,1991,58,58000000000,ADMINISTRACION PUBLICA EDUCACION Y SALUD ACTIVIDADES ARTISTICAS Y DE ENTRETENIMIENTO ACTIVIDADES DE LOS HOGARES INDIVIDUALES,S02
20,CESAR,1992,95,95000000000,ADMINISTRACION PUBLICA EDUCACION Y SALUD ACTIVIDADES ARTISTICAS Y DE ENTRETENIMIENTO ACTIVIDADES DE LOS HOGARES INDIVIDUALES,S02
20,CESAR,1993,130,1.3E+11,ADMINISTRACION PUBLICA EDUCACION Y SALUD ACTIVIDADES ARTISTICAS Y DE ENTRETENIMIENTO ACTIVIDADES DE LOS HOGARES INDIVIDUALES,S02
20,CESAR,1994,188,1.88E+11,ADMINISTRACION PUBLICA EDUCACION Y SALUD ACTIVIDADES ARTISTICAS Y DE ENTRETENIMIENTO ACTIVIDADES DE LOS HOGARES INDIVIDUALES,S02
20,CESAR,1995,241,2.41E+11,ADMINISTRACION PUBLICA EDUCACION Y SALUD ACTIVIDADES ARTISTICAS Y DE ENTRETENIMIENTO ACTIVIDADES DE LOS HOGARES INDIVIDUALES,S02
20,CESAR,1996,293,2.93E+11,ADMINISTRACION PUBLICA EDUCACION Y SALUD ACTIVIDADES ARTISTICAS Y DE ENTRETENIMIENTO ACTIVIDADES DE LOS HOGARES INDIVIDUALES,S02
20,CESAR,1997,350,3.5E+11,ADMINISTRACION PUBLICA EDUCACION Y SALUD ACTIVIDADES ARTISTICAS Y DE ENTRETENIMIENTO ACTIVIDADES DE LOS HOGARES INDIVIDUALES,S02
20,CESAR,1998,411,4.11E+11,ADMINISTRACION PUBLICA EDUCACION Y SALUD ACTIVIDADES ARTISTICAS Y DE ENTRETENIMIENTO ACTIVIDADES DE LOS HOGARES INDIVIDUALES,S02
20,CESAR,1999,466,4.66E+11,ADMINISTRACION PUBLICA EDUCACION Y SALUD ACTIVIDADES ARTISTICAS Y DE ENTRETENIMIENTO ACTIVIDADES DE LOS HOGARES INDIVIDUALES,S02
20,CESAR,2000,485,4.85E+11,ADMINISTRACION PUBLICA EDUCACION Y SALUD ACTIVIDADES ARTISTICAS Y DE ENTRETENIMIENTO ACTIVIDADES DE LOS HOGARES INDIVIDUALES,S02
20,CESAR,2001,529,5.29E+11,ADMINISTRACION PUBLICA EDUCACION Y SALUD ACTIVIDADES ARTISTICAS Y DE ENTRETENIMIENTO ACTIVIDADES DE LOS HOGARES INDIVIDUALES,S02
20,CESAR,2002,449,4.49E+11,ADMINISTRACION PUBLICA EDUCACION Y SALUD ACTIVIDADES ARTISTICAS Y DE ENTRETENIMIENTO ACTIVIDADES DE LOS HOGARES INDIVIDUALES,S02
20,CESAR,2003,619,6.19E+11,ADMINISTRACION PUBLICA EDUCACION Y SALUD ACTIVIDADES ARTISTICAS Y DE ENTRETENIMIENTO ACTIVIDADES DE LOS HOGARES INDIVIDUALES,S02
20,CESAR,2004,774,7.74E+11,ADMINISTRACION PUBLICA EDUCACION Y SALUD ACTIVIDADES ARTISTICAS Y DE ENTRETENIMIENTO ACTIVIDADES DE LOS HOGARES INDIVIDUALES,S02
20,CESAR,2005,836,8.36E+11,ADMINISTRACION PUBLICA EDUCACION Y SALUD ACTIVIDADES ARTISTICAS Y DE ENTRETENIMIENTO ACTIVIDADES DE LOS HOGARES INDIVIDUALES,S02
20,CESAR,2006,924,9.24E+11,ADMINISTRACION PUBLICA EDUCACION Y SALUD ACTIVIDADES ARTISTICAS Y DE ENTRETENIMIENTO ACTIVIDADES DE LOS HOGARES INDIVIDUALES,S02
20,CESAR,2007,1013,1.013E+12,ADMINISTRACION PUBLICA EDUCACION Y SALUD ACTIVIDADES ARTISTICAS Y DE ENTRETENIMIENTO ACTIVIDADES DE LOS HOGARES INDIVIDUALES,S02
20,CESAR,2008,1131,1.131E+12,ADMINISTRACION PUBLICA EDUCACION Y SALUD ACTIVIDADES ARTISTICAS Y DE ENTRETENIMIENTO ACTIVIDADES DE LOS HOGARES INDIVIDUALES,S02
20,CESAR,2009,1266,1.266E+12,ADMINISTRACION PUBLICA EDUCACION Y SALUD ACTIVIDADES ARTISTICAS Y DE ENTRETENIMIENTO ACTIVIDADES DE LOS HOGARES INDIVIDUALES,S02
20,CESAR,2010,1439,1.439E+12,ADMINISTRACION PUBLICA EDUCACION Y SALUD ACTIVIDADES ARTISTICAS Y DE ENTRETENIMIENTO ACTIVIDADES DE LOS HOGARES INDIVIDUALES,S02
20,CESAR,2011,1593,1.593E+12,ADMINISTRACION PUBLICA EDUCACION Y SALUD ACTIVIDADES ARTISTICAS Y DE ENTRETENIMIENTO ACTIVIDADES DE LOS HOGARES INDIVIDUALES,S02
20,CESAR,2012,1824,1.824E+12,ADMINISTRACION PUBLICA EDUCACION Y SALUD ACTIVIDADES ARTISTICAS Y DE ENTRETENIMIENTO ACTIVIDADES DE LOS HOGARES INDIVIDUALES,S02
20,CESAR,2013,2046,2.046E+12,ADMINISTRACION PUBLICA EDUCACION Y SALUD ACTIVIDADES ARTISTICAS Y DE ENTRETENIMIENTO ACTIVIDADES DE LOS HOGARES INDIVIDUALES,S02
20,CESAR,2014,2243,2.243E+12,ADMINISTRACION PUBLICA EDUCACION Y SALUD ACTIVIDADES ARTISTICAS Y DE ENTRETENIMIENTO ACTIVIDADES DE LOS HOGARES INDIVIDUALES,S02
20,CESAR,2015,2445,2.445E+12,ADMINISTRACION PUBLICA EDUCACION Y SALUD ACTIVIDADES ARTISTICAS Y DE ENTRETENIMIENTO ACTIVIDADES DE LOS HOGARES INDIVIDUALES,S02
20,CESAR,2016,2651,2.651E+12,ADMINISTRACION PUBLICA EDUCACION Y SALUD ACTIVIDADES ARTISTICAS Y DE ENTRETENIMIENTO ACTIVIDADES DE LOS HOGARES INDIVIDUALES,S02
20,CESAR,2017,2886,2.886E+12,ADMINISTRACION PUBLICA EDUCACION Y SALUD ACTIVIDADES ARTISTICAS Y DE ENTRETENIMIENTO ACTIVIDADES DE LOS HOGARES INDIVIDUALES,S02
20,CESAR,2018,3147,3.147E+12,ADMINISTRACION PUBLICA EDUCACION Y SALUD ACTIVIDADES ARTISTICAS Y DE ENTRETENIMIENTO ACTIVIDADES DE LOS HOGARES INDIVIDUALES,S02
20,CESAR,2019,3422,3.422E+12,ADMINISTRACION PUBLICA EDUCACION Y SALUD ACTIVIDADES ARTISTICAS Y DE ENTRETENIMIENTO ACTIVIDADES DE LOS HOGARES INDIVIDUALES,S02
20,CESAR,2020,3519,3.519E+12,ADMINISTRACION PUBLICA EDUCACION Y SALUD ACTIVIDADES ARTISTICAS Y DE ENTRETENIMIENTO ACTIVIDADES DE LOS HOGARES INDIVIDUALES,S02
20,CESAR,2021,3974,3.974E+12,ADMINISTRACION PUBLICA EDUCACION Y SALUD ACTIVIDADES ARTISTICAS Y DE ENTRETENIMIENTO ACTIVIDADES DE LOS HOGARES INDIVIDUALES,S02
20,CESAR,2022,4383,4.383E+12,ADMINISTRACION PUBLICA EDUCACION Y SALUD ACTIVIDADES ARTISTICAS Y DE ENTRETENIMIENTO ACTIVIDADES DE LOS HOGARES INDIVIDUALES,S02
20,CESAR,2023p,5094,5.094E+12,ADMINISTRACION PUBLICA EDUCACION Y SALUD ACTIVIDADES ARTISTICAS Y DE ENTRETENIMIENTO ACTIVIDADES DE LOS HOGARES INDIVIDUALES,S02
20,CESAR,2024pr,5731,5.731E+12,ADMINISTRACION PUBLICA EDUCACION Y SALUD ACTIVIDADES ARTISTICAS Y DE ENTRETENIMIENTO ACTIVIDADES DE LOS HOGARES INDIVIDUALES,S02
27,CHOCO,1980,2,2000000000,ADMINISTRACION PUBLICA EDUCACION Y SALUD ACTIVIDADES ARTISTICAS Y DE ENTRETENIMIENTO ACTIVIDADES DE LOS HOGARES INDIVIDUALES,S02
27,CHOCO,1981,3,3000000000,ADMINISTRACION PUBLICA EDUCACION Y SALUD ACTIVIDADES ARTISTICAS Y DE ENTRETENIMIENTO ACTIVIDADES DE LOS HOGARES INDIVIDUALES,S02
27,CHOCO,1982,3,3000000000,ADMINISTRACION PUBLICA EDUCACION Y SALUD ACTIVIDADES ARTISTICAS Y DE ENTRETENIMIENTO ACTIVIDADES DE LOS HOGARES INDIVIDUALES,S02
27,CHOCO,1983,4,4000000000,ADMINISTRACION PUBLICA EDUCACION Y SALUD ACTIVIDADES ARTISTICAS Y DE ENTRETENIMIENTO ACTIVIDADES DE LOS HOGARES INDIVIDUALES,S02
27,CHOCO,1984,4,4000000000,ADMINISTRACION PUBLICA EDUCACION Y SALUD ACTIVIDADES ARTISTICAS Y DE ENTRETENIMIENTO ACTIVIDADES DE LOS HOGARES INDIVIDUALES,S02
27,CHOCO,1985,6,6000000000,ADMINISTRACION PUBLICA EDUCACION Y SALUD ACTIVIDADES ARTISTICAS Y DE ENTRETENIMIENTO ACTIVIDADES DE LOS HOGARES INDIVIDUALES,S02
27,CHOCO,1986,8,8000000000,ADMINISTRACION PUBLICA EDUCACION Y SALUD ACTIVIDADES ARTISTICAS Y DE ENTRETENIMIENTO ACTIVIDADES DE LOS HOGARES INDIVIDUALES,S02
27,CHOCO,1987,9,9000000000,ADMINISTRACION PUBLICA EDUCACION Y SALUD ACTIVIDADES ARTISTICAS Y DE ENTRETENIMIENTO ACTIVIDADES DE LOS HOGARES INDIVIDUALES,S02
27,CHOCO,1988,11,11000000000,ADMINISTRACION PUBLICA EDUCACION Y SALUD ACTIVIDADES ARTISTICAS Y DE ENTRETENIMIENTO ACTIVIDADES DE LOS HOGARES INDIVIDUALES,S02
27,CHOCO,1989,16,16000000000,ADMINISTRACION PUBLICA EDUCACION Y SALUD ACTIVIDADES ARTISTICAS Y DE ENTRETENIMIENTO ACTIVIDADES DE LOS HOGARES INDIVIDUALES,S02
27,CHOCO,1990,20,20000000000,ADMINISTRACION PUBLICA EDUCACION Y SALUD ACTIVIDADES ARTISTICAS Y DE ENTRETENIMIENTO ACTIVIDADES DE LOS HOGARES INDIVIDUALES,S02
27,CHOCO,1991,26,26000000000,ADMINISTRACION PUBLICA EDUCACION Y SALUD ACTIVIDADES ARTISTICAS Y DE ENTRETENIMIENTO ACTIVIDADES DE LOS HOGARES INDIVIDUALES,S02
27,CHOCO,1992,40,40000000000,ADMINISTRACION PUBLICA EDUCACION Y SALUD ACTIVIDADES ARTISTICAS Y DE ENTRETENIMIENTO ACTIVIDADES DE LOS HOGARES INDIVIDUALES,S02
27,CHOCO,1993,55,55000000000,ADMINISTRACION PUBLICA EDUCACION Y SALUD ACTIVIDADES ARTISTICAS Y DE ENTRETENIMIENTO ACTIVIDADES DE LOS HOGARES INDIVIDUALES,S02
27,CHOCO,1994,74,74000000000,ADMINISTRACION PUBLICA EDUCACION Y SALUD ACTIVIDADES ARTISTICAS Y DE ENTRETENIMIENTO ACTIVIDADES DE LOS HOGARES INDIVIDUALES,S02
27,CHOCO,1995,105,1.05E+11,ADMINISTRACION PUBLICA EDUCACION Y SALUD ACTIVIDADES ARTISTICAS Y DE ENTRETENIMIENTO ACTIVIDADES DE LOS HOGARES INDIVIDUALES,S02
27,CHOCO,1996,133,1.33E+11,ADMINISTRACION PUBLICA EDUCACION Y SALUD ACTIVIDADES ARTISTICAS Y DE ENTRETENIMIENTO ACTIVIDADES DE LOS HOGARES INDIVIDUALES,S02
27,CHOCO,1997,170,1.7E+11,ADMINISTRACION PUBLICA EDUCACION Y SALUD ACTIVIDADES ARTISTICAS Y DE ENTRETENIMIENTO ACTIVIDADES DE LOS HOGARES INDIVIDUALES,S02
27,CHOCO,1998,203,2.03E+11,ADMINISTRACION PUBLICA EDUCACION Y SALUD ACTIVIDADES ARTISTICAS Y DE ENTRETENIMIENTO ACTIVIDADES DE LOS HOGARES INDIVIDUALES,S02
27,CHOCO,1999,240,2.4E+11,ADMINISTRACION PUBLICA EDUCACION Y SALUD ACTIVIDADES ARTISTICAS Y DE ENTRETENIMIENTO ACTIVIDADES DE LOS HOGARES INDIVIDUALES,S02
27,CHOCO,2000,277,2.77E+11,ADMINISTRACION PUBLICA EDUCACION Y SALUD ACTIVIDADES ARTISTICAS Y DE ENTRETENIMIENTO ACTIVIDADES DE LOS HOGARES INDIVIDUALES,S02
27,CHOCO,2001,283,2.83E+11,ADMINISTRACION PUBLICA EDUCACION Y SALUD ACTIVIDADES ARTISTICAS Y DE ENTRETENIMIENTO ACTIVIDADES DE LOS HOGARES INDIVIDUALES,S02
27,CHOCO,2002,239,2.39E+11,ADMINISTRACION PUBLICA EDUCACION Y SALUD ACTIVIDADES ARTISTICAS Y DE ENTRETENIMIENTO ACTIVIDADES DE LOS HOGARES INDIVIDUALES,S02
27,CHOCO,2003,356,3.56E+11,ADMINISTRACION PUBLICA EDUCACION Y SALUD ACTIVIDADES ARTISTICAS Y DE ENTRETENIMIENTO ACTIVIDADES DE LOS HOGARES INDIVIDUALES,S02
27,CHOCO,2004,401,4.01E+11,ADMINISTRACION PUBLICA EDUCACION Y SALUD ACTIVIDADES ARTISTICAS Y DE ENTRETENIMIENTO ACTIVIDADES DE LOS HOGARES INDIVIDUALES,S02
27,CHOCO,2005,462,4.62E+11,ADMINISTRACION PUBLICA EDUCACION Y SALUD ACTIVIDADES ARTISTICAS Y DE ENTRETENIMIENTO ACTIVIDADES DE LOS HOGARES INDIVIDUALES,S02
27,CHOCO,2006,475,4.75E+11,ADMINISTRACION PUBLICA EDUCACION Y SALUD ACTIVIDADES ARTISTICAS Y DE ENTRETENIMIENTO ACTIVIDADES DE LOS HOGARES INDIVIDUALES,S02
27,CHOCO,2007,482,4.82E+11,ADMINISTRACION PUBLICA EDUCACION Y SALUD ACTIVIDADES ARTISTICAS Y DE ENTRETENIMIENTO ACTIVIDADES DE LOS HOGARES INDIVIDUALES,S02
27,CHOCO,2008,588,5.88E+11,ADMINISTRACION PUBLICA EDUCACION Y SALUD ACTIVIDADES ARTISTICAS Y DE ENTRETENIMIENTO ACTIVIDADES DE LOS HOGARES INDIVIDUALES,S02
27,CHOCO,2009,648,6.48E+11,ADMINISTRACION PUBLICA EDUCACION Y SALUD ACTIVIDADES ARTISTICAS Y DE ENTRETENIMIENTO ACTIVIDADES DE LOS HOGARES INDIVIDUALES,S02
27,CHOCO,2010,748,7.48E+11,ADMINISTRACION PUBLICA EDUCACION Y SALUD ACTIVIDADES ARTISTICAS Y DE ENTRETENIMIENTO ACTIVIDADES DE LOS HOGARES INDIVIDUALES,S02
27,CHOCO,2011,769,7.69E+11,ADMINISTRACION PUBLICA EDUCACION Y SALUD ACTIVIDADES ARTISTICAS Y DE ENTRETENIMIENTO ACTIVIDADES DE LOS HOGARES INDIVIDUALES,S02
27,CHOCO,2012,863,8.63E+11,ADMINISTRACION PUBLICA EDUCACION Y SALUD ACTIVIDADES ARTISTICAS Y DE ENTRETENIMIENTO ACTIVIDADES DE LOS HOGARES INDIVIDUALES,S02
27,CHOCO,2013,996,9.96E+11,ADMINISTRACION PUBLICA EDUCACION Y SALUD ACTIVIDADES ARTISTICAS Y DE ENTRETENIMIENTO ACTIVIDADES DE LOS HOGARES INDIVIDUALES,S02
27,CHOCO,2014,1028,1.028E+12,ADMINISTRACION PUBLICA EDUCACION Y SALUD ACTIVIDADES ARTISTICAS Y DE ENTRETENIMIENTO ACTIVIDADES DE LOS HOGARES INDIVIDUALES,S02
27,CHOCO,2015,1113,1.113E+12,ADMINISTRACION PUBLICA EDUCACION Y SALUD ACTIVIDADES ARTISTICAS Y DE ENTRETENIMIENTO ACTIVIDADES DE LOS HOGARES INDIVIDUALES,S02
27,CHOCO,2016,1227,1.227E+12,ADMINISTRACION PUBLICA EDUCACION Y SALUD ACTIVIDADES ARTISTICAS Y DE ENTRETENIMIENTO ACTIVIDADES DE LOS HOGARES INDIVIDUALES,S02
27,CHOCO,2017,1334,1.334E+12,ADMINISTRACION PUBLICA EDUCACION Y SALUD ACTIVIDADES ARTISTICAS Y DE ENTRETENIMIENTO ACTIVIDADES DE LOS HOGARES INDIVIDUALES,S02
27,CHOCO,2018,1446,1.446E+12,ADMINISTRACION PUBLICA EDUCACION Y SALUD ACTIVIDADES ARTISTICAS Y DE ENTRETENIMIENTO ACTIVIDADES DE LOS HOGARES INDIVIDUALES,S02
27,CHOCO,2019,1581,1.581E+12,ADMINISTRACION PUBLICA EDUCACION Y SALUD ACTIVIDADES ARTISTICAS Y DE ENTRETENIMIENTO ACTIVIDADES DE LOS HOGARES INDIVIDUALES,S02
27,CHOCO,2020,1661,1.661E+12,ADMINISTRACION PUBLICA EDUCACION Y SALUD ACTIVIDADES ARTISTICAS Y DE ENTRETENIMIENTO ACTIVIDADES DE LOS HOGARES INDIVIDUALES,S02
27,CHOCO,2021,1817,1.817E+12,ADMINISTRACION PUBLICA EDUCACION Y SALUD ACTIVIDADES ARTISTICAS Y DE ENTRETENIMIENTO ACTIVIDADES DE LOS HOGARES INDIVIDUALES,S02
27,CHOCO,2022,1986,1.986E+12,ADMINISTRACION PUBLICA EDUCACION Y SALUD ACTIVIDADES ARTISTICAS Y DE ENTRETENIMIENTO ACTIVIDADES DE LOS HOGARES INDIVIDUALES,S02
27,CHOCO,2023p,2293,2.293E+12,ADMINISTRACION PUBLICA EDUCACION Y SALUD ACTIVIDADES ARTISTICAS Y DE ENTRETENIMIENTO ACTIVIDADES DE LOS HOGARES INDIVIDUALES,S02
27,CHOCO,2024pr,2596,2.596E+12,ADMINISTRACION PUBLICA EDUCACION Y SALUD ACTIVIDADES ARTISTICAS Y DE ENTRETENIMIENTO ACTIVIDADES DE LOS HOGARES INDIVIDUALES,S02
23,CORDOBA,1980,4,4000000000,ADMINISTRACION PUBLICA EDUCACION Y SALUD ACTIVIDADES ARTISTICAS Y DE ENTRETENIMIENTO ACTIVIDADES DE LOS HOGARES INDIVIDUALES,S02
23,CORDOBA,1981,5,5000000000,ADMINISTRACION PUBLICA EDUCACION Y SALUD ACTIVIDADES ARTISTICAS Y DE ENTRETENIMIENTO ACTIVIDADES DE LOS HOGARES INDIVIDUALES,S02
23,CORDOBA,1982,7,7000000000,ADMINISTRACION PUBLICA EDUCACION Y SALUD ACTIVIDADES ARTISTICAS Y DE ENTRETENIMIENTO ACTIVIDADES DE LOS HOGARES INDIVIDUALES,S02
23,CORDOBA,1983,9,9000000000,ADMINISTRACION PUBLICA EDUCACION Y SALUD ACTIVIDADES ARTISTICAS Y DE ENTRETENIMIENTO ACTIVIDADES DE LOS HOGARES INDIVIDUALES,S02
23,CORDOBA,1984,10,10000000000,ADMINISTRACION PUBLICA EDUCACION Y SALUD ACTIVIDADES ARTISTICAS Y DE ENTRETENIMIENTO ACTIVIDADES DE LOS HOGARES INDIVIDUALES,S02
23,CORDOBA,1985,12,12000000000,ADMINISTRACION PUBLICA EDUCACION Y SALUD ACTIVIDADES ARTISTICAS Y DE ENTRETENIMIENTO ACTIVIDADES DE LOS HOGARES INDIVIDUALES,S02
23,CORDOBA,1986,17,17000000000,ADMINISTRACION PUBLICA EDUCACION Y SALUD ACTIVIDADES ARTISTICAS Y DE ENTRETENIMIENTO ACTIVIDADES DE LOS HOGARES INDIVIDUALES,S02
23,CORDOBA,1987,24,24000000000,ADMINISTRACION PUBLICA EDUCACION Y SALUD ACTIVIDADES ARTISTICAS Y DE ENTRETENIMIENTO ACTIVIDADES DE LOS HOGARES INDIVIDUALES,S02
23,CORDOBA,1988,34,34000000000,ADMINISTRACION PUBLICA EDUCACION Y SALUD ACTIVIDADES ARTISTICAS Y DE ENTRETENIMIENTO ACTIVIDADES DE LOS HOGARES INDIVIDUALES,S02
23,CORDOBA,1989,47,47000000000,ADMINISTRACION PUBLICA EDUCACION Y SALUD ACTIVIDADES ARTISTICAS Y DE ENTRETENIMIENTO ACTIVIDADES DE LOS HOGARES INDIVIDUALES,S02
23,CORDOBA,1990,62,62000000000,ADMINISTRACION PUBLICA EDUCACION Y SALUD ACTIVIDADES ARTISTICAS Y DE ENTRETENIMIENTO ACTIVIDADES DE LOS HOGARES INDIVIDUALES,S02
23,CORDOBA,1991,83,83000000000,ADMINISTRACION PUBLICA EDUCACION Y SALUD ACTIVIDADES ARTISTICAS Y DE ENTRETENIMIENTO ACTIVIDADES DE LOS HOGARES INDIVIDUALES,S02
23,CORDOBA,1992,135,1.35E+11,ADMINISTRACION PUBLICA EDUCACION Y SALUD ACTIVIDADES ARTISTICAS Y DE ENTRETENIMIENTO ACTIVIDADES DE LOS HOGARES INDIVIDUALES,S02
23,CORDOBA,1993,187,1.87E+11,ADMINISTRACION PUBLICA EDUCACION Y SALUD ACTIVIDADES ARTISTICAS Y DE ENTRETENIMIENTO ACTIVIDADES DE LOS HOGARES INDIVIDUALES,S02
23,CORDOBA,1994,268,2.68E+11,ADMINISTRACION PUBLICA EDUCACION Y SALUD ACTIVIDADES ARTISTICAS Y DE ENTRETENIMIENTO ACTIVIDADES DE LOS HOGARES INDIVIDUALES,S02
23,CORDOBA,1995,363,3.63E+11,ADMINISTRACION PUBLICA EDUCACION Y SALUD ACTIVIDADES ARTISTICAS Y DE ENTRETENIMIENTO ACTIVIDADES DE LOS HOGARES INDIVIDUALES,S02
23,CORDOBA,1996,474,4.74E+11,ADMINISTRACION PUBLICA EDUCACION Y SALUD ACTIVIDADES ARTISTICAS Y DE ENTRETENIMIENTO ACTIVIDADES DE LOS HOGARES INDIVIDUALES,S02
23,CORDOBA,1997,589,5.89E+11,ADMINISTRACION PUBLICA EDUCACION Y SALUD ACTIVIDADES ARTISTICAS Y DE ENTRETENIMIENTO ACTIVIDADES DE LOS HOGARES INDIVIDUALES,S02
23,CORDOBA,1998,696,6.96E+11,ADMINISTRACION PUBLICA EDUCACION Y SALUD ACTIVIDADES ARTISTICAS Y DE ENTRETENIMIENTO ACTIVIDADES DE LOS HOGARES INDIVIDUALES,S02
23,CORDOBA,1999,765,7.65E+11,ADMINISTRACION PUBLICA EDUCACION Y SALUD ACTIVIDADES ARTISTICAS Y DE ENTRETENIMIENTO ACTIVIDADES DE LOS HOGARES INDIVIDUALES,S02
23,CORDOBA,2000,749,7.49E+11,ADMINISTRACION PUBLICA EDUCACION Y SALUD ACTIVIDADES ARTISTICAS Y DE ENTRETENIMIENTO ACTIVIDADES DE LOS HOGARES INDIVIDUALES,S02
23,CORDOBA,2001,777,7.77E+11,ADMINISTRACION PUBLICA EDUCACION Y SALUD ACTIVIDADES ARTISTICAS Y DE ENTRETENIMIENTO ACTIVIDADES DE LOS HOGARES INDIVIDUALES,S02
23,CORDOBA,2002,888,8.88E+11,ADMINISTRACION PUBLICA EDUCACION Y SALUD ACTIVIDADES ARTISTICAS Y DE ENTRETENIMIENTO ACTIVIDADES DE LOS HOGARES INDIVIDUALES,S02
23,CORDOBA,2003,971,9.71E+11,ADMINISTRACION PUBLICA EDUCACION Y SALUD ACTIVIDADES ARTISTICAS Y DE ENTRETENIMIENTO ACTIVIDADES DE LOS HOGARES INDIVIDUALES,S02
23,CORDOBA,2004,1053,1.053E+12,ADMINISTRACION PUBLICA EDUCACION Y SALUD ACTIVIDADES ARTISTICAS Y DE ENTRETENIMIENTO ACTIVIDADES DE LOS HOGARES INDIVIDUALES,S02
23,CORDOBA,2005,1189,1.189E+12,ADMINISTRACION PUBLICA EDUCACION Y SALUD ACTIVIDADES ARTISTICAS Y DE ENTRETENIMIENTO ACTIVIDADES DE LOS HOGARES INDIVIDUALES,S02
23,CORDOBA,2006,1374,1.374E+12,ADMINISTRACION PUBLICA EDUCACION Y SALUD ACTIVIDADES ARTISTICAS Y DE ENTRETENIMIENTO ACTIVIDADES DE LOS HOGARES INDIVIDUALES,S02
23,CORDOBA,2007,1561,1.561E+12,ADMINISTRACION PUBLICA EDUCACION Y SALUD ACTIVIDADES ARTISTICAS Y DE ENTRETENIMIENTO ACTIVIDADES DE LOS HOGARES INDIVIDUALES,S02
23,CORDOBA,2008,1783,1.783E+12,ADMINISTRACION PUBLICA EDUCACION Y SALUD ACTIVIDADES ARTISTICAS Y DE ENTRETENIMIENTO ACTIVIDADES DE LOS HOGARES INDIVIDUALES,S02
23,CORDOBA,2009,1929,1.929E+12,ADMINISTRACION PUBLICA EDUCACION Y SALUD ACTIVIDADES ARTISTICAS Y DE ENTRETENIMIENTO ACTIVIDADES DE LOS HOGARES INDIVIDUALES,S02
23,CORDOBA,2010,2149,2.149E+12,ADMINISTRACION PUBLICA EDUCACION Y SALUD ACTIVIDADES ARTISTICAS Y DE ENTRETENIMIENTO ACTIVIDADES DE LOS HOGARES INDIVIDUALES,S02
23,CORDOBA,2011,2392,2.392E+12,ADMINISTRACION PUBLICA EDUCACION Y SALUD ACTIVIDADES ARTISTICAS Y DE ENTRETENIMIENTO ACTIVIDADES DE LOS HOGARES INDIVIDUALES,S02
23,CORDOBA,2012,2728,2.728E+12,ADMINISTRACION PUBLICA EDUCACION Y SALUD ACTIVIDADES ARTISTICAS Y DE ENTRETENIMIENTO ACTIVIDADES DE LOS HOGARES INDIVIDUALES,S02
23,CORDOBA,2013,3100,3.1E+12,ADMINISTRACION PUBLICA EDUCACION Y SALUD ACTIVIDADES ARTISTICAS Y DE ENTRETENIMIENTO ACTIVIDADES DE LOS HOGARES INDIVIDUALES,S02
23,CORDOBA,2014,3551,3.551E+12,ADMINISTRACION PUBLICA EDUCACION Y SALUD ACTIVIDADES ARTISTICAS Y DE ENTRETENIMIENTO ACTIVIDADES DE LOS HOGARES INDIVIDUALES,S02
23,CORDOBA,2015,3706,3.706E+12,ADMINISTRACION PUBLICA EDUCACION Y SALUD ACTIVIDADES ARTISTICAS Y DE ENTRETENIMIENTO ACTIVIDADES DE LOS HOGARES INDIVIDUALES,S02
23,CORDOBA,2016,4069,4.069E+12,ADMINISTRACION PUBLICA EDUCACION Y SALUD ACTIVIDADES ARTISTICAS Y DE ENTRETENIMIENTO ACTIVIDADES DE LOS HOGARES INDIVIDUALES,S02
23,CORDOBA,2017,4422,4.422E+12,ADMINISTRACION PUBLICA EDUCACION Y SALUD ACTIVIDADES ARTISTICAS Y DE ENTRETENIMIENTO ACTIVIDADES DE LOS HOGARES INDIVIDUALES,S02
23,CORDOBA,2018,4778,4.778E+12,ADMINISTRACION PUBLICA EDUCACION Y SALUD ACTIVIDADES ARTISTICAS Y DE ENTRETENIMIENTO ACTIVIDADES DE LOS HOGARES INDIVIDUALES,S02
23,CORDOBA,2019,5213,5.213E+12,ADMINISTRACION PUBLICA EDUCACION Y SALUD ACTIVIDADES ARTISTICAS Y DE ENTRETENIMIENTO ACTIVIDADES DE LOS HOGARES INDIVIDUALES,S02
23,CORDOBA,2020,5352,5.352E+12,ADMINISTRACION PUBLICA EDUCACION Y SALUD ACTIVIDADES ARTISTICAS Y DE ENTRETENIMIENTO ACTIVIDADES DE LOS HOGARES INDIVIDUALES,S02
23,CORDOBA,2021,5967,5.967E+12,ADMINISTRACION PUBLICA EDUCACION Y SALUD ACTIVIDADES ARTISTICAS Y DE ENTRETENIMIENTO ACTIVIDADES DE LOS HOGARES INDIVIDUALES,S02
23,CORDOBA,2022,6600,6.6E+12,ADMINISTRACION PUBLICA EDUCACION Y SALUD ACTIVIDADES ARTISTICAS Y DE ENTRETENIMIENTO ACTIVIDADES DE LOS HOGARES INDIVIDUALES,S02
23,CORDOBA,2023p,7651,7.651E+12,ADMINISTRACION PUBLICA EDUCACION Y SALUD ACTIVIDADES ARTISTICAS Y DE ENTRETENIMIENTO ACTIVIDADES DE LOS HOGARES INDIVIDUALES,S02
23,CORDOBA,2024pr,8690,8.69E+12,ADMINISTRACION PUBLICA EDUCACION Y SALUD ACTIVIDADES ARTISTICAS Y DE ENTRETENIMIENTO ACTIVIDADES DE LOS HOGARES INDIVIDUALES,S02
25,CUNDINAMARCA,1980,8,8000000000,ADMINISTRACION PUBLICA EDUCACION Y SALUD ACTIVIDADES ARTISTICAS Y DE ENTRETENIMIENTO ACTIVIDADES DE LOS HOGARES INDIVIDUALES,S02
25,CUNDINAMARCA,1981,10,10000000000,ADMINISTRACION PUBLICA EDUCACION Y SALUD ACTIVIDADES ARTISTICAS Y DE ENTRETENIMIENTO ACTIVIDADES DE LOS HOGARES INDIVIDUALES,S02
25,CUNDINAMARCA,1982,19,19000000000,ADMINISTRACION PUBLICA EDUCACION Y SALUD ACTIVIDADES ARTISTICAS Y DE ENTRETENIMIENTO ACTIVIDADES DE LOS HOGARES INDIVIDUALES,S02
25,CUNDINAMARCA,1983,23,23000000000,ADMINISTRACION PUBLICA EDUCACION Y SALUD ACTIVIDADES ARTISTICAS Y DE ENTRETENIMIENTO ACTIVIDADES DE LOS HOGARES INDIVIDUALES,S02
25,CUNDINAMARCA,1984,31,31000000000,ADMINISTRACION PUBLICA EDUCACION Y SALUD ACTIVIDADES ARTISTICAS Y DE ENTRETENIMIENTO ACTIVIDADES DE LOS HOGARES INDIVIDUALES,S02
25,CUNDINAMARCA,1985,39,39000000000,ADMINISTRACION PUBLICA EDUCACION Y SALUD ACTIVIDADES ARTISTICAS Y DE ENTRETENIMIENTO ACTIVIDADES DE LOS HOGARES INDIVIDUALES,S02
25,CUNDINAMARCA,1986,47,47000000000,ADMINISTRACION PUBLICA EDUCACION Y SALUD ACTIVIDADES ARTISTICAS Y DE ENTRETENIMIENTO ACTIVIDADES DE LOS HOGARES INDIVIDUALES,S02
25,CUNDINAMARCA,1987,58,58000000000,ADMINISTRACION PUBLICA EDUCACION Y SALUD ACTIVIDADES ARTISTICAS Y DE ENTRETENIMIENTO ACTIVIDADES DE LOS HOGARES INDIVIDUALES,S02
25,CUNDINAMARCA,1988,79,79000000000,ADMINISTRACION PUBLICA EDUCACION Y SALUD ACTIVIDADES ARTISTICAS Y DE ENTRETENIMIENTO ACTIVIDADES DE LOS HOGARES INDIVIDUALES,S02
25,CUNDINAMARCA,1989,101,1.01E+11,ADMINISTRACION PUBLICA EDUCACION Y SALUD ACTIVIDADES ARTISTICAS Y DE ENTRETENIMIENTO ACTIVIDADES DE LOS HOGARES INDIVIDUALES,S02
25,CUNDINAMARCA,1990,131,1.31E+11,ADMINISTRACION PUBLICA EDUCACION Y SALUD ACTIVIDADES ARTISTICAS Y DE ENTRETENIMIENTO ACTIVIDADES DE LOS HOGARES INDIVIDUALES,S02
25,CUNDINAMARCA,1991,178,1.78E+11,ADMINISTRACION PUBLICA EDUCACION Y SALUD ACTIVIDADES ARTISTICAS Y DE ENTRETENIMIENTO ACTIVIDADES DE LOS HOGARES INDIVIDUALES,S02
25,CUNDINAMARCA,1992,243,2.43E+11,ADMINISTRACION PUBLICA EDUCACION Y SALUD ACTIVIDADES ARTISTICAS Y DE ENTRETENIMIENTO ACTIVIDADES DE LOS HOGARES INDIVIDUALES,S02
25,CUNDINAMARCA,1993,341,3.41E+11,ADMINISTRACION PUBLICA EDUCACION Y SALUD ACTIVIDADES ARTISTICAS Y DE ENTRETENIMIENTO ACTIVIDADES DE LOS HOGARES INDIVIDUALES,S02
25,CUNDINAMARCA,1994,427,4.27E+11,ADMINISTRACION PUBLICA EDUCACION Y SALUD ACTIVIDADES ARTISTICAS Y DE ENTRETENIMIENTO ACTIVIDADES DE LOS HOGARES INDIVIDUALES,S02
25,CUNDINAMARCA,1995,573,5.73E+11,ADMINISTRACION PUBLICA EDUCACION Y SALUD ACTIVIDADES ARTISTICAS Y DE ENTRETENIMIENTO ACTIVIDADES DE LOS HOGARES INDIVIDUALES,S02
25,CUNDINAMARCA,1996,802,8.02E+11,ADMINISTRACION PUBLICA EDUCACION Y SALUD ACTIVIDADES ARTISTICAS Y DE ENTRETENIMIENTO ACTIVIDADES DE LOS HOGARES INDIVIDUALES,S02
25,CUNDINAMARCA,1997,973,9.73E+11,ADMINISTRACION PUBLICA EDUCACION Y SALUD ACTIVIDADES ARTISTICAS Y DE ENTRETENIMIENTO ACTIVIDADES DE LOS HOGARES INDIVIDUALES,S02
25,CUNDINAMARCA,1998,1170,1.17E+12,ADMINISTRACION PUBLICA EDUCACION Y SALUD ACTIVIDADES ARTISTICAS Y DE ENTRETENIMIENTO ACTIVIDADES DE LOS HOGARES INDIVIDUALES,S02
25,CUNDINAMARCA,1999,1393,1.393E+12,ADMINISTRACION PUBLICA EDUCACION Y SALUD ACTIVIDADES ARTISTICAS Y DE ENTRETENIMIENTO ACTIVIDADES DE LOS HOGARES INDIVIDUALES,S02
25,CUNDINAMARCA,2000,1470,1.47E+12,ADMINISTRACION PUBLICA EDUCACION Y SALUD ACTIVIDADES ARTISTICAS Y DE ENTRETENIMIENTO ACTIVIDADES DE LOS HOGARES INDIVIDUALES,S02
25,CUNDINAMARCA,2001,1606,1.606E+12,ADMINISTRACION PUBLICA EDUCACION Y SALUD ACTIVIDADES ARTISTICAS Y DE ENTRETENIMIENTO ACTIVIDADES DE LOS HOGARES INDIVIDUALES,S02
25,CUNDINAMARCA,2002,1754,1.754E+12,ADMINISTRACION PUBLICA EDUCACION Y SALUD ACTIVIDADES ARTISTICAS Y DE ENTRETENIMIENTO ACTIVIDADES DE LOS HOGARES INDIVIDUALES,S02
25,CUNDINAMARCA,2003,2083,2.083E+12,ADMINISTRACION PUBLICA EDUCACION Y SALUD ACTIVIDADES ARTISTICAS Y DE ENTRETENIMIENTO ACTIVIDADES DE LOS HOGARES INDIVIDUALES,S02
25,CUNDINAMARCA,2004,2349,2.349E+12,ADMINISTRACION PUBLICA EDUCACION Y SALUD ACTIVIDADES ARTISTICAS Y DE ENTRETENIMIENTO ACTIVIDADES DE LOS HOGARES INDIVIDUALES,S02
25,CUNDINAMARCA,2005,2424,2.424E+12,ADMINISTRACION PUBLICA EDUCACION Y SALUD ACTIVIDADES ARTISTICAS Y DE ENTRETENIMIENTO ACTIVIDADES DE LOS HOGARES INDIVIDUALES,S02
25,CUNDINAMARCA,2006,2678,2.678E+12,ADMINISTRACION PUBLICA EDUCACION Y SALUD ACTIVIDADES ARTISTICAS Y DE ENTRETENIMIENTO ACTIVIDADES DE LOS HOGARES INDIVIDUALES,S02
25,CUNDINAMARCA,2007,2849,2.849E+12,ADMINISTRACION PUBLICA EDUCACION Y SALUD ACTIVIDADES ARTISTICAS Y DE ENTRETENIMIENTO ACTIVIDADES DE LOS HOGARES INDIVIDUALES,S02
25,CUNDINAMARCA,2008,3034,3.034E+12,ADMINISTRACION PUBLICA EDUCACION Y SALUD ACTIVIDADES ARTISTICAS Y DE ENTRETENIMIENTO ACTIVIDADES DE LOS HOGARES INDIVIDUALES,S02
25,CUNDINAMARCA,2009,3314,3.314E+12,ADMINISTRACION PUBLICA EDUCACION Y SALUD ACTIVIDADES ARTISTICAS Y DE ENTRETENIMIENTO ACTIVIDADES DE LOS HOGARES INDIVIDUALES,S02
25,CUNDINAMARCA,2010,3634,3.634E+12,ADMINISTRACION PUBLICA EDUCACION Y SALUD ACTIVIDADES ARTISTICAS Y DE ENTRETENIMIENTO ACTIVIDADES DE LOS HOGARES INDIVIDUALES,S02
25,CUNDINAMARCA,2011,3992,3.992E+12,ADMINISTRACION PUBLICA EDUCACION Y SALUD ACTIVIDADES ARTISTICAS Y DE ENTRETENIMIENTO ACTIVIDADES DE LOS HOGARES INDIVIDUALES,S02
25,CUNDINAMARCA,2012,4383,4.383E+12,ADMINISTRACION PUBLICA EDUCACION Y SALUD ACTIVIDADES ARTISTICAS Y DE ENTRETENIMIENTO ACTIVIDADES DE LOS HOGARES INDIVIDUALES,S02
25,CUNDINAMARCA,2013,4716,4.716E+12,ADMINISTRACION PUBLICA EDUCACION Y SALUD ACTIVIDADES ARTISTICAS Y DE ENTRETENIMIENTO ACTIVIDADES DE LOS HOGARES INDIVIDUALES,S02
25,CUNDINAMARCA,2014,5215,5.215E+12,ADMINISTRACION PUBLICA EDUCACION Y SALUD ACTIVIDADES ARTISTICAS Y DE ENTRETENIMIENTO ACTIVIDADES DE LOS HOGARES INDIVIDUALES,S02
25,CUNDINAMARCA,2015,5723,5.723E+12,ADMINISTRACION PUBLICA EDUCACION Y SALUD ACTIVIDADES ARTISTICAS Y DE ENTRETENIMIENTO ACTIVIDADES DE LOS HOGARES INDIVIDUALES,S02
25,CUNDINAMARCA,2016,6301,6.301E+12,ADMINISTRACION PUBLICA EDUCACION Y SALUD ACTIVIDADES ARTISTICAS Y DE ENTRETENIMIENTO ACTIVIDADES DE LOS HOGARES INDIVIDUALES,S02
25,CUNDINAMARCA,2017,6864,6.864E+12,ADMINISTRACION PUBLICA EDUCACION Y SALUD ACTIVIDADES ARTISTICAS Y DE ENTRETENIMIENTO ACTIVIDADES DE LOS HOGARES INDIVIDUALES,S02
25,CUNDINAMARCA,2018,7489,7.489E+12,ADMINISTRACION PUBLICA EDUCACION Y SALUD ACTIVIDADES ARTISTICAS Y DE ENTRETENIMIENTO ACTIVIDADES DE LOS HOGARES INDIVIDUALES,S02
25,CUNDINAMARCA,2019,8213,8.213E+12,ADMINISTRACION PUBLICA EDUCACION Y SALUD ACTIVIDADES ARTISTICAS Y DE ENTRETENIMIENTO ACTIVIDADES DE LOS HOGARES INDIVIDUALES,S02
25,CUNDINAMARCA,2020,8354,8.354E+12,ADMINISTRACION PUBLICA EDUCACION Y SALUD ACTIVIDADES ARTISTICAS Y DE ENTRETENIMIENTO ACTIVIDADES DE LOS HOGARES INDIVIDUALES,S02
25,CUNDINAMARCA,2021,9458,9.458E+12,ADMINISTRACION PUBLICA EDUCACION Y SALUD ACTIVIDADES ARTISTICAS Y DE ENTRETENIMIENTO ACTIVIDADES DE LOS HOGARES INDIVIDUALES,S02
25,CUNDINAMARCA,2022,10587,1.0587E+13,ADMINISTRACION PUBLICA EDUCACION Y SALUD ACTIVIDADES ARTISTICAS Y DE ENTRETENIMIENTO ACTIVIDADES DE LOS HOGARES INDIVIDUALES,S02
25,CUNDINAMARCA,2023p,12193,1.2193E+13,ADMINISTRACION PUBLICA EDUCACION Y SALUD ACTIVIDADES ARTISTICAS Y DE ENTRETENIMIENTO ACTIVIDADES DE LOS HOGARES INDIVIDUALES,S02
25,CUNDINAMARCA,2024pr,13933,1.3933E+13,ADMINISTRACION PUBLICA EDUCACION Y SALUD ACTIVIDADES ARTISTICAS Y DE ENTRETENIMIENTO ACTIVIDADES DE LOS HOGARES INDIVIDUALES,S02
41,HUILA,1980,4,4000000000,ADMINISTRACION PUBLICA EDUCACION Y SALUD ACTIVIDADES ARTISTICAS Y DE ENTRETENIMIENTO ACTIVIDADES DE LOS HOGARES INDIVIDUALES,S02
41,HUILA,1981,5,5000000000,ADMINISTRACION PUBLICA EDUCACION Y SALUD ACTIVIDADES ARTISTICAS Y DE ENTRETENIMIENTO ACTIVIDADES DE LOS HOGARES INDIVIDUALES,S02
41,HUILA,1982,7,7000000000,ADMINISTRACION PUBLICA EDUCACION Y SALUD ACTIVIDADES ARTISTICAS Y DE ENTRETENIMIENTO ACTIVIDADES DE LOS HOGARES INDIVIDUALES,S02
41,HUILA,1983,9,9000000000,ADMINISTRACION PUBLICA EDUCACION Y SALUD ACTIVIDADES ARTISTICAS Y DE ENTRETENIMIENTO ACTIVIDADES DE LOS HOGARES INDIVIDUALES,S02
41,HUILA,1984,11,11000000000,ADMINISTRACION PUBLICA EDUCACION Y SALUD ACTIVIDADES ARTISTICAS Y DE ENTRETENIMIENTO ACTIVIDADES DE LOS HOGARES INDIVIDUALES,S02
41,HUILA,1985,14,14000000000,ADMINISTRACION PUBLICA EDUCACION Y SALUD ACTIVIDADES ARTISTICAS Y DE ENTRETENIMIENTO ACTIVIDADES DE LOS HOGARES INDIVIDUALES,S02
41,HUILA,1986,19,19000000000,ADMINISTRACION PUBLICA EDUCACION Y SALUD ACTIVIDADES ARTISTICAS Y DE ENTRETENIMIENTO ACTIVIDADES DE LOS HOGARES INDIVIDUALES,S02
41,HUILA,1987,25,25000000000,ADMINISTRACION PUBLICA EDUCACION Y SALUD ACTIVIDADES ARTISTICAS Y DE ENTRETENIMIENTO ACTIVIDADES DE LOS HOGARES INDIVIDUALES,S02
41,HUILA,1988,31,31000000000,ADMINISTRACION PUBLICA EDUCACION Y SALUD ACTIVIDADES ARTISTICAS Y DE ENTRETENIMIENTO ACTIVIDADES DE LOS HOGARES INDIVIDUALES,S02
41,HUILA,1989,42,42000000000,ADMINISTRACION PUBLICA EDUCACION Y SALUD ACTIVIDADES ARTISTICAS Y DE ENTRETENIMIENTO ACTIVIDADES DE LOS HOGARES INDIVIDUALES,S02
41,HUILA,1990,56,56000000000,ADMINISTRACION PUBLICA EDUCACION Y SALUD ACTIVIDADES ARTISTICAS Y DE ENTRETENIMIENTO ACTIVIDADES DE LOS HOGARES INDIVIDUALES,S02
41,HUILA,1991,74,74000000000,ADMINISTRACION PUBLICA EDUCACION Y SALUD ACTIVIDADES ARTISTICAS Y DE ENTRETENIMIENTO ACTIVIDADES DE LOS HOGARES INDIVIDUALES,S02
41,HUILA,1992,116,1.16E+11,ADMINISTRACION PUBLICA EDUCACION Y SALUD ACTIVIDADES ARTISTICAS Y DE ENTRETENIMIENTO ACTIVIDADES DE LOS HOGARES INDIVIDUALES,S02
41,HUILA,1993,158,1.58E+11,ADMINISTRACION PUBLICA EDUCACION Y SALUD ACTIVIDADES ARTISTICAS Y DE ENTRETENIMIENTO ACTIVIDADES DE LOS HOGARES INDIVIDUALES,S02
41,HUILA,1994,219,2.19E+11,ADMINISTRACION PUBLICA EDUCACION Y SALUD ACTIVIDADES ARTISTICAS Y DE ENTRETENIMIENTO ACTIVIDADES DE LOS HOGARES INDIVIDUALES,S02
41,HUILA,1995,288,2.88E+11,ADMINISTRACION PUBLICA EDUCACION Y SALUD ACTIVIDADES ARTISTICAS Y DE ENTRETENIMIENTO ACTIVIDADES DE LOS HOGARES INDIVIDUALES,S02
41,HUILA,1996,364,3.64E+11,ADMINISTRACION PUBLICA EDUCACION Y SALUD ACTIVIDADES ARTISTICAS Y DE ENTRETENIMIENTO ACTIVIDADES DE LOS HOGARES INDIVIDUALES,S02
41,HUILA,1997,439,4.39E+11,ADMINISTRACION PUBLICA EDUCACION Y SALUD ACTIVIDADES ARTISTICAS Y DE ENTRETENIMIENTO ACTIVIDADES DE LOS HOGARES INDIVIDUALES,S02
41,HUILA,1998,497,4.97E+11,ADMINISTRACION PUBLICA EDUCACION Y SALUD ACTIVIDADES ARTISTICAS Y DE ENTRETENIMIENTO ACTIVIDADES DE LOS HOGARES INDIVIDUALES,S02
41,HUILA,1999,563,5.63E+11,ADMINISTRACION PUBLICA EDUCACION Y SALUD ACTIVIDADES ARTISTICAS Y DE ENTRETENIMIENTO ACTIVIDADES DE LOS HOGARES INDIVIDUALES,S02
41,HUILA,2000,549,5.49E+11,ADMINISTRACION PUBLICA EDUCACION Y SALUD ACTIVIDADES ARTISTICAS Y DE ENTRETENIMIENTO ACTIVIDADES DE LOS HOGARES INDIVIDUALES,S02
41,HUILA,2001,598,5.98E+11,ADMINISTRACION PUBLICA EDUCACION Y SALUD ACTIVIDADES ARTISTICAS Y DE ENTRETENIMIENTO ACTIVIDADES DE LOS HOGARES INDIVIDUALES,S02
41,HUILA,2002,757,7.57E+11,ADMINISTRACION PUBLICA EDUCACION Y SALUD ACTIVIDADES ARTISTICAS Y DE ENTRETENIMIENTO ACTIVIDADES DE LOS HOGARES INDIVIDUALES,S02
41,HUILA,2003,769,7.69E+11,ADMINISTRACION PUBLICA EDUCACION Y SALUD ACTIVIDADES ARTISTICAS Y DE ENTRETENIMIENTO ACTIVIDADES DE LOS HOGARES INDIVIDUALES,S02
41,HUILA,2004,861,8.61E+11,ADMINISTRACION PUBLICA EDUCACION Y SALUD ACTIVIDADES ARTISTICAS Y DE ENTRETENIMIENTO ACTIVIDADES DE LOS HOGARES INDIVIDUALES,S02
41,HUILA,2005,967,9.67E+11,ADMINISTRACION PUBLICA EDUCACION Y SALUD ACTIVIDADES ARTISTICAS Y DE ENTRETENIMIENTO ACTIVIDADES DE LOS HOGARES INDIVIDUALES,S02
41,HUILA,2006,931,9.31E+11,ADMINISTRACION PUBLICA EDUCACION Y SALUD ACTIVIDADES ARTISTICAS Y DE ENTRETENIMIENTO ACTIVIDADES DE LOS HOGARES INDIVIDUALES,S02
41,HUILA,2007,1124,1.124E+12,ADMINISTRACION PUBLICA EDUCACION Y SALUD ACTIVIDADES ARTISTICAS Y DE ENTRETENIMIENTO ACTIVIDADES DE LOS HOGARES INDIVIDUALES,S02
41,HUILA,2008,1271,1.271E+12,ADMINISTRACION PUBLICA EDUCACION Y SALUD ACTIVIDADES ARTISTICAS Y DE ENTRETENIMIENTO ACTIVIDADES DE LOS HOGARES INDIVIDUALES,S02
41,HUILA,2009,1411,1.411E+12,ADMINISTRACION PUBLICA EDUCACION Y SALUD ACTIVIDADES ARTISTICAS Y DE ENTRETENIMIENTO ACTIVIDADES DE LOS HOGARES INDIVIDUALES,S02
41,HUILA,2010,1616,1.616E+12,ADMINISTRACION PUBLICA EDUCACION Y SALUD ACTIVIDADES ARTISTICAS Y DE ENTRETENIMIENTO ACTIVIDADES DE LOS HOGARES INDIVIDUALES,S02
41,HUILA,2011,1759,1.759E+12,ADMINISTRACION PUBLICA EDUCACION Y SALUD ACTIVIDADES ARTISTICAS Y DE ENTRETENIMIENTO ACTIVIDADES DE LOS HOGARES INDIVIDUALES,S02
41,HUILA,2012,1997,1.997E+12,ADMINISTRACION PUBLICA EDUCACION Y SALUD ACTIVIDADES ARTISTICAS Y DE ENTRETENIMIENTO ACTIVIDADES DE LOS HOGARES INDIVIDUALES,S02
41,HUILA,2013,2203,2.203E+12,ADMINISTRACION PUBLICA EDUCACION Y SALUD ACTIVIDADES ARTISTICAS Y DE ENTRETENIMIENTO ACTIVIDADES DE LOS HOGARES INDIVIDUALES,S02
41,HUILA,2014,2385,2.385E+12,ADMINISTRACION PUBLICA EDUCACION Y SALUD ACTIVIDADES ARTISTICAS Y DE ENTRETENIMIENTO ACTIVIDADES DE LOS HOGARES INDIVIDUALES,S02
41,HUILA,2015,2595,2.595E+12,ADMINISTRACION PUBLICA EDUCACION Y SALUD ACTIVIDADES ARTISTICAS Y DE ENTRETENIMIENTO ACTIVIDADES DE LOS HOGARES INDIVIDUALES,S02
41,HUILA,2016,2838,2.838E+12,ADMINISTRACION PUBLICA EDUCACION Y SALUD ACTIVIDADES ARTISTICAS Y DE ENTRETENIMIENTO ACTIVIDADES DE LOS HOGARES INDIVIDUALES,S02
41,HUILA,2017,3070,3.07E+12,ADMINISTRACION PUBLICA EDUCACION Y SALUD ACTIVIDADES ARTISTICAS Y DE ENTRETENIMIENTO ACTIVIDADES DE LOS HOGARES INDIVIDUALES,S02
41,HUILA,2018,3312,3.312E+12,ADMINISTRACION PUBLICA EDUCACION Y SALUD ACTIVIDADES ARTISTICAS Y DE ENTRETENIMIENTO ACTIVIDADES DE LOS HOGARES INDIVIDUALES,S02
41,HUILA,2019,3642,3.642E+12,ADMINISTRACION PUBLICA EDUCACION Y SALUD ACTIVIDADES ARTISTICAS Y DE ENTRETENIMIENTO ACTIVIDADES DE LOS HOGARES INDIVIDUALES,S02
41,HUILA,2020,3718,3.718E+12,ADMINISTRACION PUBLICA EDUCACION Y SALUD ACTIVIDADES ARTISTICAS Y DE ENTRETENIMIENTO ACTIVIDADES DE LOS HOGARES INDIVIDUALES,S02
41,HUILA,2021,4209,4.209E+12,ADMINISTRACION PUBLICA EDUCACION Y SALUD ACTIVIDADES ARTISTICAS Y DE ENTRETENIMIENTO ACTIVIDADES DE LOS HOGARES INDIVIDUALES,S02
41,HUILA,2022,4762,4.762E+12,ADMINISTRACION PUBLICA EDUCACION Y SALUD ACTIVIDADES ARTISTICAS Y DE ENTRETENIMIENTO ACTIVIDADES DE LOS HOGARES INDIVIDUALES,S02
41,HUILA,2023p,5583,5.583E+12,ADMINISTRACION PUBLICA EDUCACION Y SALUD ACTIVIDADES ARTISTICAS Y DE ENTRETENIMIENTO ACTIVIDADES DE LOS HOGARES INDIVIDUALES,S02
41,HUILA,2024pr,6348,6.348E+12,ADMINISTRACION PUBLICA EDUCACION Y SALUD ACTIVIDADES ARTISTICAS Y DE ENTRETENIMIENTO ACTIVIDADES DE LOS HOGARES INDIVIDUALES,S02
44,LA GUAJIRA,1980,1,1000000000,ADMINISTRACION PUBLICA EDUCACION Y SALUD ACTIVIDADES ARTISTICAS Y DE ENTRETENIMIENTO ACTIVIDADES DE LOS HOGARES INDIVIDUALES,S02
44,LA GUAJIRA,1981,1,1000000000,ADMINISTRACION PUBLICA EDUCACION Y SALUD ACTIVIDADES ARTISTICAS Y DE ENTRETENIMIENTO ACTIVIDADES DE LOS HOGARES INDIVIDUALES,S02
44,LA GUAJIRA,1982,2,2000000000,ADMINISTRACION PUBLICA EDUCACION Y SALUD ACTIVIDADES ARTISTICAS Y DE ENTRETENIMIENTO ACTIVIDADES DE LOS HOGARES INDIVIDUALES,S02
44,LA GUAJIRA,1983,4,4000000000,ADMINISTRACION PUBLICA EDUCACION Y SALUD ACTIVIDADES ARTISTICAS Y DE ENTRETENIMIENTO ACTIVIDADES DE LOS HOGARES INDIVIDUALES,S02
44,LA GUAJIRA,1984,5,5000000000,ADMINISTRACION PUBLICA EDUCACION Y SALUD ACTIVIDADES ARTISTICAS Y DE ENTRETENIMIENTO ACTIVIDADES DE LOS HOGARES INDIVIDUALES,S02
44,LA GUAJIRA,1985,6,6000000000,ADMINISTRACION PUBLICA EDUCACION Y SALUD ACTIVIDADES ARTISTICAS Y DE ENTRETENIMIENTO ACTIVIDADES DE LOS HOGARES INDIVIDUALES,S02
44,LA GUAJIRA,1986,8,8000000000,ADMINISTRACION PUBLICA EDUCACION Y SALUD ACTIVIDADES ARTISTICAS Y DE ENTRETENIMIENTO ACTIVIDADES DE LOS HOGARES INDIVIDUALES,S02
44,LA GUAJIRA,1987,11,11000000000,ADMINISTRACION PUBLICA EDUCACION Y SALUD ACTIVIDADES ARTISTICAS Y DE ENTRETENIMIENTO ACTIVIDADES DE LOS HOGARES INDIVIDUALES,S02
44,LA GUAJIRA,1988,14,14000000000,ADMINISTRACION PUBLICA EDUCACION Y SALUD ACTIVIDADES ARTISTICAS Y DE ENTRETENIMIENTO ACTIVIDADES DE LOS HOGARES INDIVIDUALES,S02
44,LA GUAJIRA,1989,19,19000000000,ADMINISTRACION PUBLICA EDUCACION Y SALUD ACTIVIDADES ARTISTICAS Y DE ENTRETENIMIENTO ACTIVIDADES DE LOS HOGARES INDIVIDUALES,S02
44,LA GUAJIRA,1990,26,26000000000,ADMINISTRACION PUBLICA EDUCACION Y SALUD ACTIVIDADES ARTISTICAS Y DE ENTRETENIMIENTO ACTIVIDADES DE LOS HOGARES INDIVIDUALES,S02
44,LA GUAJIRA,1991,35,35000000000,ADMINISTRACION PUBLICA EDUCACION Y SALUD ACTIVIDADES ARTISTICAS Y DE ENTRETENIMIENTO ACTIVIDADES DE LOS HOGARES INDIVIDUALES,S02
44,LA GUAJIRA,1992,55,55000000000,ADMINISTRACION PUBLICA EDUCACION Y SALUD ACTIVIDADES ARTISTICAS Y DE ENTRETENIMIENTO ACTIVIDADES DE LOS HOGARES INDIVIDUALES,S02
44,LA GUAJIRA,1993,75,75000000000,ADMINISTRACION PUBLICA EDUCACION Y SALUD ACTIVIDADES ARTISTICAS Y DE ENTRETENIMIENTO ACTIVIDADES DE LOS HOGARES INDIVIDUALES,S02
44,LA GUAJIRA,1994,106,1.06E+11,ADMINISTRACION PUBLICA EDUCACION Y SALUD ACTIVIDADES ARTISTICAS Y DE ENTRETENIMIENTO ACTIVIDADES DE LOS HOGARES INDIVIDUALES,S02
44,LA GUAJIRA,1995,138,1.38E+11,ADMINISTRACION PUBLICA EDUCACION Y SALUD ACTIVIDADES ARTISTICAS Y DE ENTRETENIMIENTO ACTIVIDADES DE LOS HOGARES INDIVIDUALES,S02
44,LA GUAJIRA,1996,174,1.74E+11,ADMINISTRACION PUBLICA EDUCACION Y SALUD ACTIVIDADES ARTISTICAS Y DE ENTRETENIMIENTO ACTIVIDADES DE LOS HOGARES INDIVIDUALES,S02
44,LA GUAJIRA,1997,211,2.11E+11,ADMINISTRACION PUBLICA EDUCACION Y SALUD ACTIVIDADES ARTISTICAS Y DE ENTRETENIMIENTO ACTIVIDADES DE LOS HOGARES INDIVIDUALES,S02
44,LA GUAJIRA,1998,245,2.45E+11,ADMINISTRACION PUBLICA EDUCACION Y SALUD ACTIVIDADES ARTISTICAS Y DE ENTRETENIMIENTO ACTIVIDADES DE LOS HOGARES INDIVIDUALES,S02
44,LA GUAJIRA,1999,284,2.84E+11,ADMINISTRACION PUBLICA EDUCACION Y SALUD ACTIVIDADES ARTISTICAS Y DE ENTRETENIMIENTO ACTIVIDADES DE LOS HOGARES INDIVIDUALES,S02
44,LA GUAJIRA,2000,296,2.96E+11,ADMINISTRACION PUBLICA EDUCACION Y SALUD ACTIVIDADES ARTISTICAS Y DE ENTRETENIMIENTO ACTIVIDADES DE LOS HOGARES INDIVIDUALES,S02
44,LA GUAJIRA,2001,352,3.52E+11,ADMINISTRACION PUBLICA EDUCACION Y SALUD ACTIVIDADES ARTISTICAS Y DE ENTRETENIMIENTO ACTIVIDADES DE LOS HOGARES INDIVIDUALES,S02
44,LA GUAJIRA,2002,319,3.19E+11,ADMINISTRACION PUBLICA EDUCACION Y SALUD ACTIVIDADES ARTISTICAS Y DE ENTRETENIMIENTO ACTIVIDADES DE LOS HOGARES INDIVIDUALES,S02
44,LA GUAJIRA,2003,417,4.17E+11,ADMINISTRACION PUBLICA EDUCACION Y SALUD ACTIVIDADES ARTISTICAS Y DE ENTRETENIMIENTO ACTIVIDADES DE LOS HOGARES INDIVIDUALES,S02
44,LA GUAJIRA,2004,459,4.59E+11,ADMINISTRACION PUBLICA EDUCACION Y SALUD ACTIVIDADES ARTISTICAS Y DE ENTRETENIMIENTO ACTIVIDADES DE LOS HOGARES INDIVIDUALES,S02
44,LA GUAJIRA,2005,565,5.65E+11,ADMINISTRACION PUBLICA EDUCACION Y SALUD ACTIVIDADES ARTISTICAS Y DE ENTRETENIMIENTO ACTIVIDADES DE LOS HOGARES INDIVIDUALES,S02
44,LA GUAJIRA,2006,647,6.47E+11,ADMINISTRACION PUBLICA EDUCACION Y SALUD ACTIVIDADES ARTISTICAS Y DE ENTRETENIMIENTO ACTIVIDADES DE LOS HOGARES INDIVIDUALES,S02
44,LA GUAJIRA,2007,670,6.7E+11,ADMINISTRACION PUBLICA EDUCACION Y SALUD ACTIVIDADES ARTISTICAS Y DE ENTRETENIMIENTO ACTIVIDADES DE LOS HOGARES INDIVIDUALES,S02
44,LA GUAJIRA,2008,749,7.49E+11,ADMINISTRACION PUBLICA EDUCACION Y SALUD ACTIVIDADES ARTISTICAS Y DE ENTRETENIMIENTO ACTIVIDADES DE LOS HOGARES INDIVIDUALES,S02
44,LA GUAJIRA,2009,864,8.64E+11,ADMINISTRACION PUBLICA EDUCACION Y SALUD ACTIVIDADES ARTISTICAS Y DE ENTRETENIMIENTO ACTIVIDADES DE LOS HOGARES INDIVIDUALES,S02
44,LA GUAJIRA,2010,971,9.71E+11,ADMINISTRACION PUBLICA EDUCACION Y SALUD ACTIVIDADES ARTISTICAS Y DE ENTRETENIMIENTO ACTIVIDADES DE LOS HOGARES INDIVIDUALES,S02
44,LA GUAJIRA,2011,1110,1.11E+12,ADMINISTRACION PUBLICA EDUCACION Y SALUD ACTIVIDADES ARTISTICAS Y DE ENTRETENIMIENTO ACTIVIDADES DE LOS HOGARES INDIVIDUALES,S02
44,LA GUAJIRA,2012,1271,1.271E+12,ADMINISTRACION PUBLICA EDUCACION Y SALUD ACTIVIDADES ARTISTICAS Y DE ENTRETENIMIENTO ACTIVIDADES DE LOS HOGARES INDIVIDUALES,S02
44,LA GUAJIRA,2013,1407,1.407E+12,ADMINISTRACION PUBLICA EDUCACION Y SALUD ACTIVIDADES ARTISTICAS Y DE ENTRETENIMIENTO ACTIVIDADES DE LOS HOGARES INDIVIDUALES,S02
44,LA GUAJIRA,2014,1592,1.592E+12,ADMINISTRACION PUBLICA EDUCACION Y SALUD ACTIVIDADES ARTISTICAS Y DE ENTRETENIMIENTO ACTIVIDADES DE LOS HOGARES INDIVIDUALES,S02
44,LA GUAJIRA,2015,1762,1.762E+12,ADMINISTRACION PUBLICA EDUCACION Y SALUD ACTIVIDADES ARTISTICAS Y DE ENTRETENIMIENTO ACTIVIDADES DE LOS HOGARES INDIVIDUALES,S02
44,LA GUAJIRA,2016,1937,1.937E+12,ADMINISTRACION PUBLICA EDUCACION Y SALUD ACTIVIDADES ARTISTICAS Y DE ENTRETENIMIENTO ACTIVIDADES DE LOS HOGARES INDIVIDUALES,S02
44,LA GUAJIRA,2017,2099,2.099E+12,ADMINISTRACION PUBLICA EDUCACION Y SALUD ACTIVIDADES ARTISTICAS Y DE ENTRETENIMIENTO ACTIVIDADES DE LOS HOGARES INDIVIDUALES,S02
44,LA GUAJIRA,2018,2277,2.277E+12,ADMINISTRACION PUBLICA EDUCACION Y SALUD ACTIVIDADES ARTISTICAS Y DE ENTRETENIMIENTO ACTIVIDADES DE LOS HOGARES INDIVIDUALES,S02
44,LA GUAJIRA,2019,2509,2.509E+12,ADMINISTRACION PUBLICA EDUCACION Y SALUD ACTIVIDADES ARTISTICAS Y DE ENTRETENIMIENTO ACTIVIDADES DE LOS HOGARES INDIVIDUALES,S02
44,LA GUAJIRA,2020,2599,2.599E+12,ADMINISTRACION PUBLICA EDUCACION Y SALUD ACTIVIDADES ARTISTICAS Y DE ENTRETENIMIENTO ACTIVIDADES DE LOS HOGARES INDIVIDUALES,S02
44,LA GUAJIRA,2021,2929,2.929E+12,ADMINISTRACION PUBLICA EDUCACION Y SALUD ACTIVIDADES ARTISTICAS Y DE ENTRETENIMIENTO ACTIVIDADES DE LOS HOGARES INDIVIDUALES,S02
44,LA GUAJIRA,2022,3248,3.248E+12,ADMINISTRACION PUBLICA EDUCACION Y SALUD ACTIVIDADES ARTISTICAS Y DE ENTRETENIMIENTO ACTIVIDADES DE LOS HOGARES INDIVIDUALES,S02
44,LA GUAJIRA,2023p,3805,3.805E+12,ADMINISTRACION PUBLICA EDUCACION Y SALUD ACTIVIDADES ARTISTICAS Y DE ENTRETENIMIENTO ACTIVIDADES DE LOS HOGARES INDIVIDUALES,S02
44,LA GUAJIRA,2024pr,4326,4.326E+12,ADMINISTRACION PUBLICA EDUCACION Y SALUD ACTIVIDADES ARTISTICAS Y DE ENTRETENIMIENTO ACTIVIDADES DE LOS HOGARES INDIVIDUALES,S02
47,MAGDALENA,1980,4,4000000000,ADMINISTRACION PUBLICA EDUCACION Y SALUD ACTIVIDADES ARTISTICAS Y DE ENTRETENIMIENTO ACTIVIDADES DE LOS HOGARES INDIVIDUALES,S02
47,MAGDALENA,1981,5,5000000000,ADMINISTRACION PUBLICA EDUCACION Y SALUD ACTIVIDADES ARTISTICAS Y DE ENTRETENIMIENTO ACTIVIDADES DE LOS HOGARES INDIVIDUALES,S02
47,MAGDALENA,1982,6,6000000000,ADMINISTRACION PUBLICA EDUCACION Y SALUD ACTIVIDADES ARTISTICAS Y DE ENTRETENIMIENTO ACTIVIDADES DE LOS HOGARES INDIVIDUALES,S02
47,MAGDALENA,1983,8,8000000000,ADMINISTRACION PUBLICA EDUCACION Y SALUD ACTIVIDADES ARTISTICAS Y DE ENTRETENIMIENTO ACTIVIDADES DE LOS HOGARES INDIVIDUALES,S02
47,MAGDALENA,1984,10,10000000000,ADMINISTRACION PUBLICA EDUCACION Y SALUD ACTIVIDADES ARTISTICAS Y DE ENTRETENIMIENTO ACTIVIDADES DE LOS HOGARES INDIVIDUALES,S02
47,MAGDALENA,1985,13,13000000000,ADMINISTRACION PUBLICA EDUCACION Y SALUD ACTIVIDADES ARTISTICAS Y DE ENTRETENIMIENTO ACTIVIDADES DE LOS HOGARES INDIVIDUALES,S02
47,MAGDALENA,1986,17,17000000000,ADMINISTRACION PUBLICA EDUCACION Y SALUD ACTIVIDADES ARTISTICAS Y DE ENTRETENIMIENTO ACTIVIDADES DE LOS HOGARES INDIVIDUALES,S02
47,MAGDALENA,1987,22,22000000000,ADMINISTRACION PUBLICA EDUCACION Y SALUD ACTIVIDADES ARTISTICAS Y DE ENTRETENIMIENTO ACTIVIDADES DE LOS HOGARES INDIVIDUALES,S02
47,MAGDALENA,1988,30,30000000000,ADMINISTRACION PUBLICA EDUCACION Y SALUD ACTIVIDADES ARTISTICAS Y DE ENTRETENIMIENTO ACTIVIDADES DE LOS HOGARES INDIVIDUALES,S02
47,MAGDALENA,1989,40,40000000000,ADMINISTRACION PUBLICA EDUCACION Y SALUD ACTIVIDADES ARTISTICAS Y DE ENTRETENIMIENTO ACTIVIDADES DE LOS HOGARES INDIVIDUALES,S02
47,MAGDALENA,1990,53,53000000000,ADMINISTRACION PUBLICA EDUCACION Y SALUD ACTIVIDADES ARTISTICAS Y DE ENTRETENIMIENTO ACTIVIDADES DE LOS HOGARES INDIVIDUALES,S02
47,MAGDALENA,1991,71,71000000000,ADMINISTRACION PUBLICA EDUCACION Y SALUD ACTIVIDADES ARTISTICAS Y DE ENTRETENIMIENTO ACTIVIDADES DE LOS HOGARES INDIVIDUALES,S02
47,MAGDALENA,1992,114,1.14E+11,ADMINISTRACION PUBLICA EDUCACION Y SALUD ACTIVIDADES ARTISTICAS Y DE ENTRETENIMIENTO ACTIVIDADES DE LOS HOGARES INDIVIDUALES,S02
47,MAGDALENA,1993,154,1.54E+11,ADMINISTRACION PUBLICA EDUCACION Y SALUD ACTIVIDADES ARTISTICAS Y DE ENTRETENIMIENTO ACTIVIDADES DE LOS HOGARES INDIVIDUALES,S02
47,MAGDALENA,1994,217,2.17E+11,ADMINISTRACION PUBLICA EDUCACION Y SALUD ACTIVIDADES ARTISTICAS Y DE ENTRETENIMIENTO ACTIVIDADES DE LOS HOGARES INDIVIDUALES,S02
47,MAGDALENA,1995,290,2.9E+11,ADMINISTRACION PUBLICA EDUCACION Y SALUD ACTIVIDADES ARTISTICAS Y DE ENTRETENIMIENTO ACTIVIDADES DE LOS HOGARES INDIVIDUALES,S02
47,MAGDALENA,1996,363,3.63E+11,ADMINISTRACION PUBLICA EDUCACION Y SALUD ACTIVIDADES ARTISTICAS Y DE ENTRETENIMIENTO ACTIVIDADES DE LOS HOGARES INDIVIDUALES,S02
47,MAGDALENA,1997,428,4.28E+11,ADMINISTRACION PUBLICA EDUCACION Y SALUD ACTIVIDADES ARTISTICAS Y DE ENTRETENIMIENTO ACTIVIDADES DE LOS HOGARES INDIVIDUALES,S02
47,MAGDALENA,1998,483,4.83E+11,ADMINISTRACION PUBLICA EDUCACION Y SALUD ACTIVIDADES ARTISTICAS Y DE ENTRETENIMIENTO ACTIVIDADES DE LOS HOGARES INDIVIDUALES,S02
47,MAGDALENA,1999,562,5.62E+11,ADMINISTRACION PUBLICA EDUCACION Y SALUD ACTIVIDADES ARTISTICAS Y DE ENTRETENIMIENTO ACTIVIDADES DE LOS HOGARES INDIVIDUALES,S02
47,MAGDALENA,2000,549,5.49E+11,ADMINISTRACION PUBLICA EDUCACION Y SALUD ACTIVIDADES ARTISTICAS Y DE ENTRETENIMIENTO ACTIVIDADES DE LOS HOGARES INDIVIDUALES,S02
47,MAGDALENA,2001,598,5.98E+11,ADMINISTRACION PUBLICA EDUCACION Y SALUD ACTIVIDADES ARTISTICAS Y DE ENTRETENIMIENTO ACTIVIDADES DE LOS HOGARES INDIVIDUALES,S02
47,MAGDALENA,2002,687,6.87E+11,ADMINISTRACION PUBLICA EDUCACION Y SALUD ACTIVIDADES ARTISTICAS Y DE ENTRETENIMIENTO ACTIVIDADES DE LOS HOGARES INDIVIDUALES,S02
47,MAGDALENA,2003,718,7.18E+11,ADMINISTRACION PUBLICA EDUCACION Y SALUD ACTIVIDADES ARTISTICAS Y DE ENTRETENIMIENTO ACTIVIDADES DE LOS HOGARES INDIVIDUALES,S02
47,MAGDALENA,2004,822,8.22E+11,ADMINISTRACION PUBLICA EDUCACION Y SALUD ACTIVIDADES ARTISTICAS Y DE ENTRETENIMIENTO ACTIVIDADES DE LOS HOGARES INDIVIDUALES,S02
47,MAGDALENA,2005,1008,1.008E+12,ADMINISTRACION PUBLICA EDUCACION Y SALUD ACTIVIDADES ARTISTICAS Y DE ENTRETENIMIENTO ACTIVIDADES DE LOS HOGARES INDIVIDUALES,S02
47,MAGDALENA,2006,1116,1.116E+12,ADMINISTRACION PUBLICA EDUCACION Y SALUD ACTIVIDADES ARTISTICAS Y DE ENTRETENIMIENTO ACTIVIDADES DE LOS HOGARES INDIVIDUALES,S02
47,MAGDALENA,2007,1201,1.201E+12,ADMINISTRACION PUBLICA EDUCACION Y SALUD ACTIVIDADES ARTISTICAS Y DE ENTRETENIMIENTO ACTIVIDADES DE LOS HOGARES INDIVIDUALES,S02
47,MAGDALENA,2008,1419,1.419E+12,ADMINISTRACION PUBLICA EDUCACION Y SALUD ACTIVIDADES ARTISTICAS Y DE ENTRETENIMIENTO ACTIVIDADES DE LOS HOGARES INDIVIDUALES,S02
47,MAGDALENA,2009,1591,1.591E+12,ADMINISTRACION PUBLICA EDUCACION Y SALUD ACTIVIDADES ARTISTICAS Y DE ENTRETENIMIENTO ACTIVIDADES DE LOS HOGARES INDIVIDUALES,S02
47,MAGDALENA,2010,1782,1.782E+12,ADMINISTRACION PUBLICA EDUCACION Y SALUD ACTIVIDADES ARTISTICAS Y DE ENTRETENIMIENTO ACTIVIDADES DE LOS HOGARES INDIVIDUALES,S02
47,MAGDALENA,2011,1997,1.997E+12,ADMINISTRACION PUBLICA EDUCACION Y SALUD ACTIVIDADES ARTISTICAS Y DE ENTRETENIMIENTO ACTIVIDADES DE LOS HOGARES INDIVIDUALES,S02
47,MAGDALENA,2012,2176,2.176E+12,ADMINISTRACION PUBLICA EDUCACION Y SALUD ACTIVIDADES ARTISTICAS Y DE ENTRETENIMIENTO ACTIVIDADES DE LOS HOGARES INDIVIDUALES,S02
47,MAGDALENA,2013,2519,2.519E+12,ADMINISTRACION PUBLICA EDUCACION Y SALUD ACTIVIDADES ARTISTICAS Y DE ENTRETENIMIENTO ACTIVIDADES DE LOS HOGARES INDIVIDUALES,S02
47,MAGDALENA,2014,2774,2.774E+12,ADMINISTRACION PUBLICA EDUCACION Y SALUD ACTIVIDADES ARTISTICAS Y DE ENTRETENIMIENTO ACTIVIDADES DE LOS HOGARES INDIVIDUALES,S02
47,MAGDALENA,2015,3000,3E+12,ADMINISTRACION PUBLICA EDUCACION Y SALUD ACTIVIDADES ARTISTICAS Y DE ENTRETENIMIENTO ACTIVIDADES DE LOS HOGARES INDIVIDUALES,S02
47,MAGDALENA,2016,3277,3.277E+12,ADMINISTRACION PUBLICA EDUCACION Y SALUD ACTIVIDADES ARTISTICAS Y DE ENTRETENIMIENTO ACTIVIDADES DE LOS HOGARES INDIVIDUALES,S02
47,MAGDALENA,2017,3580,3.58E+12,ADMINISTRACION PUBLICA EDUCACION Y SALUD ACTIVIDADES ARTISTICAS Y DE ENTRETENIMIENTO ACTIVIDADES DE LOS HOGARES INDIVIDUALES,S02
47,MAGDALENA,2018,3894,3.894E+12,ADMINISTRACION PUBLICA EDUCACION Y SALUD ACTIVIDADES ARTISTICAS Y DE ENTRETENIMIENTO ACTIVIDADES DE LOS HOGARES INDIVIDUALES,S02
47,MAGDALENA,2019,4270,4.27E+12,ADMINISTRACION PUBLICA EDUCACION Y SALUD ACTIVIDADES ARTISTICAS Y DE ENTRETENIMIENTO ACTIVIDADES DE LOS HOGARES INDIVIDUALES,S02
47,MAGDALENA,2020,4378,4.378E+12,ADMINISTRACION PUBLICA EDUCACION Y SALUD ACTIVIDADES ARTISTICAS Y DE ENTRETENIMIENTO ACTIVIDADES DE LOS HOGARES INDIVIDUALES,S02
47,MAGDALENA,2021,4916,4.916E+12,ADMINISTRACION PUBLICA EDUCACION Y SALUD ACTIVIDADES ARTISTICAS Y DE ENTRETENIMIENTO ACTIVIDADES DE LOS HOGARES INDIVIDUALES,S02
47,MAGDALENA,2022,5501,5.501E+12,ADMINISTRACION PUBLICA EDUCACION Y SALUD ACTIVIDADES ARTISTICAS Y DE ENTRETENIMIENTO ACTIVIDADES DE LOS HOGARES INDIVIDUALES,S02
47,MAGDALENA,2023p,6418,6.418E+12,ADMINISTRACION PUBLICA EDUCACION Y SALUD ACTIVIDADES ARTISTICAS Y DE ENTRETENIMIENTO ACTIVIDADES DE LOS HOGARES INDIVIDUALES,S02
47,MAGDALENA,2024pr,7271,7.271E+12,ADMINISTRACION PUBLICA EDUCACION Y SALUD ACTIVIDADES ARTISTICAS Y DE ENTRETENIMIENTO ACTIVIDADES DE LOS HOGARES INDIVIDUALES,S02
50,META,1980,2,2000000000,ADMINISTRACION PUBLICA EDUCACION Y SALUD ACTIVIDADES ARTISTICAS Y DE ENTRETENIMIENTO ACTIVIDADES DE LOS HOGARES INDIVIDUALES,S02
50,META,1981,2,2000000000,ADMINISTRACION PUBLICA EDUCACION Y SALUD ACTIVIDADES ARTISTICAS Y DE ENTRETENIMIENTO ACTIVIDADES DE LOS HOGARES INDIVIDUALES,S02
50,META,1982,4,4000000000,ADMINISTRACION PUBLICA EDUCACION Y SALUD ACTIVIDADES ARTISTICAS Y DE ENTRETENIMIENTO ACTIVIDADES DE LOS HOGARES INDIVIDUALES,S02
50,META,1983,6,6000000000,ADMINISTRACION PUBLICA EDUCACION Y SALUD ACTIVIDADES ARTISTICAS Y DE ENTRETENIMIENTO ACTIVIDADES DE LOS HOGARES INDIVIDUALES,S02
50,META,1984,8,8000000000,ADMINISTRACION PUBLICA EDUCACION Y SALUD ACTIVIDADES ARTISTICAS Y DE ENTRETENIMIENTO ACTIVIDADES DE LOS HOGARES INDIVIDUALES,S02
50,META,1985,10,10000000000,ADMINISTRACION PUBLICA EDUCACION Y SALUD ACTIVIDADES ARTISTICAS Y DE ENTRETENIMIENTO ACTIVIDADES DE LOS HOGARES INDIVIDUALES,S02
50,META,1986,13,13000000000,ADMINISTRACION PUBLICA EDUCACION Y SALUD ACTIVIDADES ARTISTICAS Y DE ENTRETENIMIENTO ACTIVIDADES DE LOS HOGARES INDIVIDUALES,S02
50,META,1987,17,17000000000,ADMINISTRACION PUBLICA EDUCACION Y SALUD ACTIVIDADES ARTISTICAS Y DE ENTRETENIMIENTO ACTIVIDADES DE LOS HOGARES INDIVIDUALES,S02
50,META,1988,23,23000000000,ADMINISTRACION PUBLICA EDUCACION Y SALUD ACTIVIDADES ARTISTICAS Y DE ENTRETENIMIENTO ACTIVIDADES DE LOS HOGARES INDIVIDUALES,S02
50,META,1989,31,31000000000,ADMINISTRACION PUBLICA EDUCACION Y SALUD ACTIVIDADES ARTISTICAS Y DE ENTRETENIMIENTO ACTIVIDADES DE LOS HOGARES INDIVIDUALES,S02
50,META,1990,42,42000000000,ADMINISTRACION PUBLICA EDUCACION Y SALUD ACTIVIDADES ARTISTICAS Y DE ENTRETENIMIENTO ACTIVIDADES DE LOS HOGARES INDIVIDUALES,S02
50,META,1991,55,55000000000,ADMINISTRACION PUBLICA EDUCACION Y SALUD ACTIVIDADES ARTISTICAS Y DE ENTRETENIMIENTO ACTIVIDADES DE LOS HOGARES INDIVIDUALES,S02
50,META,1992,88,88000000000,ADMINISTRACION PUBLICA EDUCACION Y SALUD ACTIVIDADES ARTISTICAS Y DE ENTRETENIMIENTO ACTIVIDADES DE LOS HOGARES INDIVIDUALES,S02
50,META,1993,120,1.2E+11,ADMINISTRACION PUBLICA EDUCACION Y SALUD ACTIVIDADES ARTISTICAS Y DE ENTRETENIMIENTO ACTIVIDADES DE LOS HOGARES INDIVIDUALES,S02
50,META,1994,172,1.72E+11,ADMINISTRACION PUBLICA EDUCACION Y SALUD ACTIVIDADES ARTISTICAS Y DE ENTRETENIMIENTO ACTIVIDADES DE LOS HOGARES INDIVIDUALES,S02
50,META,1995,234,2.34E+11,ADMINISTRACION PUBLICA EDUCACION Y SALUD ACTIVIDADES ARTISTICAS Y DE ENTRETENIMIENTO ACTIVIDADES DE LOS HOGARES INDIVIDUALES,S02
50,META,1996,320,3.2E+11,ADMINISTRACION PUBLICA EDUCACION Y SALUD ACTIVIDADES ARTISTICAS Y DE ENTRETENIMIENTO ACTIVIDADES DE LOS HOGARES INDIVIDUALES,S02
50,META,1997,410,4.1E+11,ADMINISTRACION PUBLICA EDUCACION Y SALUD ACTIVIDADES ARTISTICAS Y DE ENTRETENIMIENTO ACTIVIDADES DE LOS HOGARES INDIVIDUALES,S02
50,META,1998,484,4.84E+11,ADMINISTRACION PUBLICA EDUCACION Y SALUD ACTIVIDADES ARTISTICAS Y DE ENTRETENIMIENTO ACTIVIDADES DE LOS HOGARES INDIVIDUALES,S02
50,META,1999,578,5.78E+11,ADMINISTRACION PUBLICA EDUCACION Y SALUD ACTIVIDADES ARTISTICAS Y DE ENTRETENIMIENTO ACTIVIDADES DE LOS HOGARES INDIVIDUALES,S02
50,META,2000,627,6.27E+11,ADMINISTRACION PUBLICA EDUCACION Y SALUD ACTIVIDADES ARTISTICAS Y DE ENTRETENIMIENTO ACTIVIDADES DE LOS HOGARES INDIVIDUALES,S02
50,META,2001,649,6.49E+11,ADMINISTRACION PUBLICA EDUCACION Y SALUD ACTIVIDADES ARTISTICAS Y DE ENTRETENIMIENTO ACTIVIDADES DE LOS HOGARES INDIVIDUALES,S02
50,META,2002,785,7.85E+11,ADMINISTRACION PUBLICA EDUCACION Y SALUD ACTIVIDADES ARTISTICAS Y DE ENTRETENIMIENTO ACTIVIDADES DE LOS HOGARES INDIVIDUALES,S02
50,META,2003,804,8.04E+11,ADMINISTRACION PUBLICA EDUCACION Y SALUD ACTIVIDADES ARTISTICAS Y DE ENTRETENIMIENTO ACTIVIDADES DE LOS HOGARES INDIVIDUALES,S02
50,META,2004,941,9.41E+11,ADMINISTRACION PUBLICA EDUCACION Y SALUD ACTIVIDADES ARTISTICAS Y DE ENTRETENIMIENTO ACTIVIDADES DE LOS HOGARES INDIVIDUALES,S02
50,META,2005,1018,1.018E+12,ADMINISTRACION PUBLICA EDUCACION Y SALUD ACTIVIDADES ARTISTICAS Y DE ENTRETENIMIENTO ACTIVIDADES DE LOS HOGARES INDIVIDUALES,S02
50,META,2006,1115,1.115E+12,ADMINISTRACION PUBLICA EDUCACION Y SALUD ACTIVIDADES ARTISTICAS Y DE ENTRETENIMIENTO ACTIVIDADES DE LOS HOGARES INDIVIDUALES,S02
50,META,2007,1213,1.213E+12,ADMINISTRACION PUBLICA EDUCACION Y SALUD ACTIVIDADES ARTISTICAS Y DE ENTRETENIMIENTO ACTIVIDADES DE LOS HOGARES INDIVIDUALES,S02
50,META,2008,1354,1.354E+12,ADMINISTRACION PUBLICA EDUCACION Y SALUD ACTIVIDADES ARTISTICAS Y DE ENTRETENIMIENTO ACTIVIDADES DE LOS HOGARES INDIVIDUALES,S02
50,META,2009,1480,1.48E+12,ADMINISTRACION PUBLICA EDUCACION Y SALUD ACTIVIDADES ARTISTICAS Y DE ENTRETENIMIENTO ACTIVIDADES DE LOS HOGARES INDIVIDUALES,S02
50,META,2010,1541,1.541E+12,ADMINISTRACION PUBLICA EDUCACION Y SALUD ACTIVIDADES ARTISTICAS Y DE ENTRETENIMIENTO ACTIVIDADES DE LOS HOGARES INDIVIDUALES,S02
50,META,2011,1654,1.654E+12,ADMINISTRACION PUBLICA EDUCACION Y SALUD ACTIVIDADES ARTISTICAS Y DE ENTRETENIMIENTO ACTIVIDADES DE LOS HOGARES INDIVIDUALES,S02
50,META,2012,1823,1.823E+12,ADMINISTRACION PUBLICA EDUCACION Y SALUD ACTIVIDADES ARTISTICAS Y DE ENTRETENIMIENTO ACTIVIDADES DE LOS HOGARES INDIVIDUALES,S02
50,META,2013,2010,2.01E+12,ADMINISTRACION PUBLICA EDUCACION Y SALUD ACTIVIDADES ARTISTICAS Y DE ENTRETENIMIENTO ACTIVIDADES DE LOS HOGARES INDIVIDUALES,S02
50,META,2014,2154,2.154E+12,ADMINISTRACION PUBLICA EDUCACION Y SALUD ACTIVIDADES ARTISTICAS Y DE ENTRETENIMIENTO ACTIVIDADES DE LOS HOGARES INDIVIDUALES,S02
50,META,2015,2375,2.375E+12,ADMINISTRACION PUBLICA EDUCACION Y SALUD ACTIVIDADES ARTISTICAS Y DE ENTRETENIMIENTO ACTIVIDADES DE LOS HOGARES INDIVIDUALES,S02
50,META,2016,2589,2.589E+12,ADMINISTRACION PUBLICA EDUCACION Y SALUD ACTIVIDADES ARTISTICAS Y DE ENTRETENIMIENTO ACTIVIDADES DE LOS HOGARES INDIVIDUALES,S02
50,META,2017,2820,2.82E+12,ADMINISTRACION PUBLICA EDUCACION Y SALUD ACTIVIDADES ARTISTICAS Y DE ENTRETENIMIENTO ACTIVIDADES DE LOS HOGARES INDIVIDUALES,S02
50,META,2018,3051,3.051E+12,ADMINISTRACION PUBLICA EDUCACION Y SALUD ACTIVIDADES ARTISTICAS Y DE ENTRETENIMIENTO ACTIVIDADES DE LOS HOGARES INDIVIDUALES,S02
50,META,2019,3333,3.333E+12,ADMINISTRACION PUBLICA EDUCACION Y SALUD ACTIVIDADES ARTISTICAS Y DE ENTRETENIMIENTO ACTIVIDADES DE LOS HOGARES INDIVIDUALES,S02
50,META,2020,3404,3.404E+12,ADMINISTRACION PUBLICA EDUCACION Y SALUD ACTIVIDADES ARTISTICAS Y DE ENTRETENIMIENTO ACTIVIDADES DE LOS HOGARES INDIVIDUALES,S02
50,META,2021,3820,3.82E+12,ADMINISTRACION PUBLICA EDUCACION Y SALUD ACTIVIDADES ARTISTICAS Y DE ENTRETENIMIENTO ACTIVIDADES DE LOS HOGARES INDIVIDUALES,S02
50,META,2022,4259,4.259E+12,ADMINISTRACION PUBLICA EDUCACION Y SALUD ACTIVIDADES ARTISTICAS Y DE ENTRETENIMIENTO ACTIVIDADES DE LOS HOGARES INDIVIDUALES,S02
50,META,2023p,4910,4.91E+12,ADMINISTRACION PUBLICA EDUCACION Y SALUD ACTIVIDADES ARTISTICAS Y DE ENTRETENIMIENTO ACTIVIDADES DE LOS HOGARES INDIVIDUALES,S02
50,META,2024pr,5560,5.56E+12,ADMINISTRACION PUBLICA EDUCACION Y SALUD ACTIVIDADES ARTISTICAS Y DE ENTRETENIMIENTO ACTIVIDADES DE LOS HOGARES INDIVIDUALES,S02
52,NARINO,1980,3,3000000000,ADMINISTRACION PUBLICA EDUCACION Y SALUD ACTIVIDADES ARTISTICAS Y DE ENTRETENIMIENTO ACTIVIDADES DE LOS HOGARES INDIVIDUALES,S02
52,NARINO,1981,4,4000000000,ADMINISTRACION PUBLICA EDUCACION Y SALUD ACTIVIDADES ARTISTICAS Y DE ENTRETENIMIENTO ACTIVIDADES DE LOS HOGARES INDIVIDUALES,S02
52,NARINO,1982,8,8000000000,ADMINISTRACION PUBLICA EDUCACION Y SALUD ACTIVIDADES ARTISTICAS Y DE ENTRETENIMIENTO ACTIVIDADES DE LOS HOGARES INDIVIDUALES,S02
52,NARINO,1983,11,11000000000,ADMINISTRACION PUBLICA EDUCACION Y SALUD ACTIVIDADES ARTISTICAS Y DE ENTRETENIMIENTO ACTIVIDADES DE LOS HOGARES INDIVIDUALES,S02
52,NARINO,1984,13,13000000000,ADMINISTRACION PUBLICA EDUCACION Y SALUD ACTIVIDADES ARTISTICAS Y DE ENTRETENIMIENTO ACTIVIDADES DE LOS HOGARES INDIVIDUALES,S02
52,NARINO,1985,16,16000000000,ADMINISTRACION PUBLICA EDUCACION Y SALUD ACTIVIDADES ARTISTICAS Y DE ENTRETENIMIENTO ACTIVIDADES DE LOS HOGARES INDIVIDUALES,S02
52,NARINO,1986,21,21000000000,ADMINISTRACION PUBLICA EDUCACION Y SALUD ACTIVIDADES ARTISTICAS Y DE ENTRETENIMIENTO ACTIVIDADES DE LOS HOGARES INDIVIDUALES,S02
52,NARINO,1987,29,29000000000,ADMINISTRACION PUBLICA EDUCACION Y SALUD ACTIVIDADES ARTISTICAS Y DE ENTRETENIMIENTO ACTIVIDADES DE LOS HOGARES INDIVIDUALES,S02
52,NARINO,1988,37,37000000000,ADMINISTRACION PUBLICA EDUCACION Y SALUD ACTIVIDADES ARTISTICAS Y DE ENTRETENIMIENTO ACTIVIDADES DE LOS HOGARES INDIVIDUALES,S02
52,NARINO,1989,49,49000000000,ADMINISTRACION PUBLICA EDUCACION Y SALUD ACTIVIDADES ARTISTICAS Y DE ENTRETENIMIENTO ACTIVIDADES DE LOS HOGARES INDIVIDUALES,S02
52,NARINO,1990,65,65000000000,ADMINISTRACION PUBLICA EDUCACION Y SALUD ACTIVIDADES ARTISTICAS Y DE ENTRETENIMIENTO ACTIVIDADES DE LOS HOGARES INDIVIDUALES,S02
52,NARINO,1991,85,85000000000,ADMINISTRACION PUBLICA EDUCACION Y SALUD ACTIVIDADES ARTISTICAS Y DE ENTRETENIMIENTO ACTIVIDADES DE LOS HOGARES INDIVIDUALES,S02
52,NARINO,1992,138,1.38E+11,ADMINISTRACION PUBLICA EDUCACION Y SALUD ACTIVIDADES ARTISTICAS Y DE ENTRETENIMIENTO ACTIVIDADES DE LOS HOGARES INDIVIDUALES,S02
52,NARINO,1993,187,1.87E+11,ADMINISTRACION PUBLICA EDUCACION Y SALUD ACTIVIDADES ARTISTICAS Y DE ENTRETENIMIENTO ACTIVIDADES DE LOS HOGARES INDIVIDUALES,S02
52,NARINO,1994,261,2.61E+11,ADMINISTRACION PUBLICA EDUCACION Y SALUD ACTIVIDADES ARTISTICAS Y DE ENTRETENIMIENTO ACTIVIDADES DE LOS HOGARES INDIVIDUALES,S02
52,NARINO,1995,339,3.39E+11,ADMINISTRACION PUBLICA EDUCACION Y SALUD ACTIVIDADES ARTISTICAS Y DE ENTRETENIMIENTO ACTIVIDADES DE LOS HOGARES INDIVIDUALES,S02
52,NARINO,1996,440,4.4E+11,ADMINISTRACION PUBLICA EDUCACION Y SALUD ACTIVIDADES ARTISTICAS Y DE ENTRETENIMIENTO ACTIVIDADES DE LOS HOGARES INDIVIDUALES,S02
52,NARINO,1997,518,5.18E+11,ADMINISTRACION PUBLICA EDUCACION Y SALUD ACTIVIDADES ARTISTICAS Y DE ENTRETENIMIENTO ACTIVIDADES DE LOS HOGARES INDIVIDUALES,S02
52,NARINO,1998,570,5.7E+11,ADMINISTRACION PUBLICA EDUCACION Y SALUD ACTIVIDADES ARTISTICAS Y DE ENTRETENIMIENTO ACTIVIDADES DE LOS HOGARES INDIVIDUALES,S02
52,NARINO,1999,686,6.86E+11,ADMINISTRACION PUBLICA EDUCACION Y SALUD ACTIVIDADES ARTISTICAS Y DE ENTRETENIMIENTO ACTIVIDADES DE LOS HOGARES INDIVIDUALES,S02
52,NARINO,2000,742,7.42E+11,ADMINISTRACION PUBLICA EDUCACION Y SALUD ACTIVIDADES ARTISTICAS Y DE ENTRETENIMIENTO ACTIVIDADES DE LOS HOGARES INDIVIDUALES,S02
52,NARINO,2001,853,8.53E+11,ADMINISTRACION PUBLICA EDUCACION Y SALUD ACTIVIDADES ARTISTICAS Y DE ENTRETENIMIENTO ACTIVIDADES DE LOS HOGARES INDIVIDUALES,S02
52,NARINO,2002,912,9.12E+11,ADMINISTRACION PUBLICA EDUCACION Y SALUD ACTIVIDADES ARTISTICAS Y DE ENTRETENIMIENTO ACTIVIDADES DE LOS HOGARES INDIVIDUALES,S02
52,NARINO,2003,1014,1.014E+12,ADMINISTRACION PUBLICA EDUCACION Y SALUD ACTIVIDADES ARTISTICAS Y DE ENTRETENIMIENTO ACTIVIDADES DE LOS HOGARES INDIVIDUALES,S02
52,NARINO,2004,1036,1.036E+12,ADMINISTRACION PUBLICA EDUCACION Y SALUD ACTIVIDADES ARTISTICAS Y DE ENTRETENIMIENTO ACTIVIDADES DE LOS HOGARES INDIVIDUALES,S02
52,NARINO,2005,1227,1.227E+12,ADMINISTRACION PUBLICA EDUCACION Y SALUD ACTIVIDADES ARTISTICAS Y DE ENTRETENIMIENTO ACTIVIDADES DE LOS HOGARES INDIVIDUALES,S02
52,NARINO,2006,1495,1.495E+12,ADMINISTRACION PUBLICA EDUCACION Y SALUD ACTIVIDADES ARTISTICAS Y DE ENTRETENIMIENTO ACTIVIDADES DE LOS HOGARES INDIVIDUALES,S02
52,NARINO,2007,1655,1.655E+12,ADMINISTRACION PUBLICA EDUCACION Y SALUD ACTIVIDADES ARTISTICAS Y DE ENTRETENIMIENTO ACTIVIDADES DE LOS HOGARES INDIVIDUALES,S02
52,NARINO,2008,1889,1.889E+12,ADMINISTRACION PUBLICA EDUCACION Y SALUD ACTIVIDADES ARTISTICAS Y DE ENTRETENIMIENTO ACTIVIDADES DE LOS HOGARES INDIVIDUALES,S02
52,NARINO,2009,2090,2.09E+12,ADMINISTRACION PUBLICA EDUCACION Y SALUD ACTIVIDADES ARTISTICAS Y DE ENTRETENIMIENTO ACTIVIDADES DE LOS HOGARES INDIVIDUALES,S02
52,NARINO,2010,2167,2.167E+12,ADMINISTRACION PUBLICA EDUCACION Y SALUD ACTIVIDADES ARTISTICAS Y DE ENTRETENIMIENTO ACTIVIDADES DE LOS HOGARES INDIVIDUALES,S02
52,NARINO,2011,2381,2.381E+12,ADMINISTRACION PUBLICA EDUCACION Y SALUD ACTIVIDADES ARTISTICAS Y DE ENTRETENIMIENTO ACTIVIDADES DE LOS HOGARES INDIVIDUALES,S02
52,NARINO,2012,2652,2.652E+12,ADMINISTRACION PUBLICA EDUCACION Y SALUD ACTIVIDADES ARTISTICAS Y DE ENTRETENIMIENTO ACTIVIDADES DE LOS HOGARES INDIVIDUALES,S02
52,NARINO,2013,2911,2.911E+12,ADMINISTRACION PUBLICA EDUCACION Y SALUD ACTIVIDADES ARTISTICAS Y DE ENTRETENIMIENTO ACTIVIDADES DE LOS HOGARES INDIVIDUALES,S02
52,NARINO,2014,3120,3.12E+12,ADMINISTRACION PUBLICA EDUCACION Y SALUD ACTIVIDADES ARTISTICAS Y DE ENTRETENIMIENTO ACTIVIDADES DE LOS HOGARES INDIVIDUALES,S02
52,NARINO,2015,3422,3.422E+12,ADMINISTRACION PUBLICA EDUCACION Y SALUD ACTIVIDADES ARTISTICAS Y DE ENTRETENIMIENTO ACTIVIDADES DE LOS HOGARES INDIVIDUALES,S02
52,NARINO,2016,3736,3.736E+12,ADMINISTRACION PUBLICA EDUCACION Y SALUD ACTIVIDADES ARTISTICAS Y DE ENTRETENIMIENTO ACTIVIDADES DE LOS HOGARES INDIVIDUALES,S02
52,NARINO,2017,4076,4.076E+12,ADMINISTRACION PUBLICA EDUCACION Y SALUD ACTIVIDADES ARTISTICAS Y DE ENTRETENIMIENTO ACTIVIDADES DE LOS HOGARES INDIVIDUALES,S02
52,NARINO,2018,4419,4.419E+12,ADMINISTRACION PUBLICA EDUCACION Y SALUD ACTIVIDADES ARTISTICAS Y DE ENTRETENIMIENTO ACTIVIDADES DE LOS HOGARES INDIVIDUALES,S02
52,NARINO,2019,4841,4.841E+12,ADMINISTRACION PUBLICA EDUCACION Y SALUD ACTIVIDADES ARTISTICAS Y DE ENTRETENIMIENTO ACTIVIDADES DE LOS HOGARES INDIVIDUALES,S02
52,NARINO,2020,4952,4.952E+12,ADMINISTRACION PUBLICA EDUCACION Y SALUD ACTIVIDADES ARTISTICAS Y DE ENTRETENIMIENTO ACTIVIDADES DE LOS HOGARES INDIVIDUALES,S02
52,NARINO,2021,5577,5.577E+12,ADMINISTRACION PUBLICA EDUCACION Y SALUD ACTIVIDADES ARTISTICAS Y DE ENTRETENIMIENTO ACTIVIDADES DE LOS HOGARES INDIVIDUALES,S02
52,NARINO,2022,6213,6.213E+12,ADMINISTRACION PUBLICA EDUCACION Y SALUD ACTIVIDADES ARTISTICAS Y DE ENTRETENIMIENTO ACTIVIDADES DE LOS HOGARES INDIVIDUALES,S02
52,NARINO,2023p,7175,7.175E+12,ADMINISTRACION PUBLICA EDUCACION Y SALUD ACTIVIDADES ARTISTICAS Y DE ENTRETENIMIENTO ACTIVIDADES DE LOS HOGARES INDIVIDUALES,S02
52,NARINO,2024pr,8117,8.117E+12,ADMINISTRACION PUBLICA EDUCACION Y SALUD ACTIVIDADES ARTISTICAS Y DE ENTRETENIMIENTO ACTIVIDADES DE LOS HOGARES INDIVIDUALES,S02
54,NORTE DE SANTANDER,1980,6,6000000000,ADMINISTRACION PUBLICA EDUCACION Y SALUD ACTIVIDADES ARTISTICAS Y DE ENTRETENIMIENTO ACTIVIDADES DE LOS HOGARES INDIVIDUALES,S02
54,NORTE DE SANTANDER,1981,8,8000000000,ADMINISTRACION PUBLICA EDUCACION Y SALUD ACTIVIDADES ARTISTICAS Y DE ENTRETENIMIENTO ACTIVIDADES DE LOS HOGARES INDIVIDUALES,S02
54,NORTE DE SANTANDER,1982,10,10000000000,ADMINISTRACION PUBLICA EDUCACION Y SALUD ACTIVIDADES ARTISTICAS Y DE ENTRETENIMIENTO ACTIVIDADES DE LOS HOGARES INDIVIDUALES,S02
54,NORTE DE SANTANDER,1983,12,12000000000,ADMINISTRACION PUBLICA EDUCACION Y SALUD ACTIVIDADES ARTISTICAS Y DE ENTRETENIMIENTO ACTIVIDADES DE LOS HOGARES INDIVIDUALES,S02
54,NORTE DE SANTANDER,1984,16,16000000000,ADMINISTRACION PUBLICA EDUCACION Y SALUD ACTIVIDADES ARTISTICAS Y DE ENTRETENIMIENTO ACTIVIDADES DE LOS HOGARES INDIVIDUALES,S02
54,NORTE DE SANTANDER,1985,19,19000000000,ADMINISTRACION PUBLICA EDUCACION Y SALUD ACTIVIDADES ARTISTICAS Y DE ENTRETENIMIENTO ACTIVIDADES DE LOS HOGARES INDIVIDUALES,S02
54,NORTE DE SANTANDER,1986,25,25000000000,ADMINISTRACION PUBLICA EDUCACION Y SALUD ACTIVIDADES ARTISTICAS Y DE ENTRETENIMIENTO ACTIVIDADES DE LOS HOGARES INDIVIDUALES,S02
54,NORTE DE SANTANDER,1987,33,33000000000,ADMINISTRACION PUBLICA EDUCACION Y SALUD ACTIVIDADES ARTISTICAS Y DE ENTRETENIMIENTO ACTIVIDADES DE LOS HOGARES INDIVIDUALES,S02
54,NORTE DE SANTANDER,1988,43,43000000000,ADMINISTRACION PUBLICA EDUCACION Y SALUD ACTIVIDADES ARTISTICAS Y DE ENTRETENIMIENTO ACTIVIDADES DE LOS HOGARES INDIVIDUALES,S02
54,NORTE DE SANTANDER,1989,56,56000000000,ADMINISTRACION PUBLICA EDUCACION Y SALUD ACTIVIDADES ARTISTICAS Y DE ENTRETENIMIENTO ACTIVIDADES DE LOS HOGARES INDIVIDUALES,S02
54,NORTE DE SANTANDER,1990,75,75000000000,ADMINISTRACION PUBLICA EDUCACION Y SALUD ACTIVIDADES ARTISTICAS Y DE ENTRETENIMIENTO ACTIVIDADES DE LOS HOGARES INDIVIDUALES,S02
54,NORTE DE SANTANDER,1991,97,97000000000,ADMINISTRACION PUBLICA EDUCACION Y SALUD ACTIVIDADES ARTISTICAS Y DE ENTRETENIMIENTO ACTIVIDADES DE LOS HOGARES INDIVIDUALES,S02
54,NORTE DE SANTANDER,1992,155,1.55E+11,ADMINISTRACION PUBLICA EDUCACION Y SALUD ACTIVIDADES ARTISTICAS Y DE ENTRETENIMIENTO ACTIVIDADES DE LOS HOGARES INDIVIDUALES,S02
54,NORTE DE SANTANDER,1993,211,2.11E+11,ADMINISTRACION PUBLICA EDUCACION Y SALUD ACTIVIDADES ARTISTICAS Y DE ENTRETENIMIENTO ACTIVIDADES DE LOS HOGARES INDIVIDUALES,S02
54,NORTE DE SANTANDER,1994,297,2.97E+11,ADMINISTRACION PUBLICA EDUCACION Y SALUD ACTIVIDADES ARTISTICAS Y DE ENTRETENIMIENTO ACTIVIDADES DE LOS HOGARES INDIVIDUALES,S02
54,NORTE DE SANTANDER,1995,348,3.48E+11,ADMINISTRACION PUBLICA EDUCACION Y SALUD ACTIVIDADES ARTISTICAS Y DE ENTRETENIMIENTO ACTIVIDADES DE LOS HOGARES INDIVIDUALES,S02
54,NORTE DE SANTANDER,1996,459,4.59E+11,ADMINISTRACION PUBLICA EDUCACION Y SALUD ACTIVIDADES ARTISTICAS Y DE ENTRETENIMIENTO ACTIVIDADES DE LOS HOGARES INDIVIDUALES,S02
54,NORTE DE SANTANDER,1997,557,5.57E+11,ADMINISTRACION PUBLICA EDUCACION Y SALUD ACTIVIDADES ARTISTICAS Y DE ENTRETENIMIENTO ACTIVIDADES DE LOS HOGARES INDIVIDUALES,S02
54,NORTE DE SANTANDER,1998,621,6.21E+11,ADMINISTRACION PUBLICA EDUCACION Y SALUD ACTIVIDADES ARTISTICAS Y DE ENTRETENIMIENTO ACTIVIDADES DE LOS HOGARES INDIVIDUALES,S02
54,NORTE DE SANTANDER,1999,729,7.29E+11,ADMINISTRACION PUBLICA EDUCACION Y SALUD ACTIVIDADES ARTISTICAS Y DE ENTRETENIMIENTO ACTIVIDADES DE LOS HOGARES INDIVIDUALES,S02
54,NORTE DE SANTANDER,2000,865,8.65E+11,ADMINISTRACION PUBLICA EDUCACION Y SALUD ACTIVIDADES ARTISTICAS Y DE ENTRETENIMIENTO ACTIVIDADES DE LOS HOGARES INDIVIDUALES,S02
54,NORTE DE SANTANDER,2001,914,9.14E+11,ADMINISTRACION PUBLICA EDUCACION Y SALUD ACTIVIDADES ARTISTICAS Y DE ENTRETENIMIENTO ACTIVIDADES DE LOS HOGARES INDIVIDUALES,S02
54,NORTE DE SANTANDER,2002,1044,1.044E+12,ADMINISTRACION PUBLICA EDUCACION Y SALUD ACTIVIDADES ARTISTICAS Y DE ENTRETENIMIENTO ACTIVIDADES DE LOS HOGARES INDIVIDUALES,S02
54,NORTE DE SANTANDER,2003,1126,1.126E+12,ADMINISTRACION PUBLICA EDUCACION Y SALUD ACTIVIDADES ARTISTICAS Y DE ENTRETENIMIENTO ACTIVIDADES DE LOS HOGARES INDIVIDUALES,S02
54,NORTE DE SANTANDER,2004,1135,1.135E+12,ADMINISTRACION PUBLICA EDUCACION Y SALUD ACTIVIDADES ARTISTICAS Y DE ENTRETENIMIENTO ACTIVIDADES DE LOS HOGARES INDIVIDUALES,S02
54,NORTE DE SANTANDER,2005,1212,1.212E+12,ADMINISTRACION PUBLICA EDUCACION Y SALUD ACTIVIDADES ARTISTICAS Y DE ENTRETENIMIENTO ACTIVIDADES DE LOS HOGARES INDIVIDUALES,S02
54,NORTE DE SANTANDER,2006,1386,1.386E+12,ADMINISTRACION PUBLICA EDUCACION Y SALUD ACTIVIDADES ARTISTICAS Y DE ENTRETENIMIENTO ACTIVIDADES DE LOS HOGARES INDIVIDUALES,S02
54,NORTE DE SANTANDER,2007,1567,1.567E+12,ADMINISTRACION PUBLICA EDUCACION Y SALUD ACTIVIDADES ARTISTICAS Y DE ENTRETENIMIENTO ACTIVIDADES DE LOS HOGARES INDIVIDUALES,S02
54,NORTE DE SANTANDER,2008,1778,1.778E+12,ADMINISTRACION PUBLICA EDUCACION Y SALUD ACTIVIDADES ARTISTICAS Y DE ENTRETENIMIENTO ACTIVIDADES DE LOS HOGARES INDIVIDUALES,S02
54,NORTE DE SANTANDER,2009,1948,1.948E+12,ADMINISTRACION PUBLICA EDUCACION Y SALUD ACTIVIDADES ARTISTICAS Y DE ENTRETENIMIENTO ACTIVIDADES DE LOS HOGARES INDIVIDUALES,S02
54,NORTE DE SANTANDER,2010,2137,2.137E+12,ADMINISTRACION PUBLICA EDUCACION Y SALUD ACTIVIDADES ARTISTICAS Y DE ENTRETENIMIENTO ACTIVIDADES DE LOS HOGARES INDIVIDUALES,S02
54,NORTE DE SANTANDER,2011,2270,2.27E+12,ADMINISTRACION PUBLICA EDUCACION Y SALUD ACTIVIDADES ARTISTICAS Y DE ENTRETENIMIENTO ACTIVIDADES DE LOS HOGARES INDIVIDUALES,S02
54,NORTE DE SANTANDER,2012,2485,2.485E+12,ADMINISTRACION PUBLICA EDUCACION Y SALUD ACTIVIDADES ARTISTICAS Y DE ENTRETENIMIENTO ACTIVIDADES DE LOS HOGARES INDIVIDUALES,S02
54,NORTE DE SANTANDER,2013,2738,2.738E+12,ADMINISTRACION PUBLICA EDUCACION Y SALUD ACTIVIDADES ARTISTICAS Y DE ENTRETENIMIENTO ACTIVIDADES DE LOS HOGARES INDIVIDUALES,S02
54,NORTE DE SANTANDER,2014,2966,2.966E+12,ADMINISTRACION PUBLICA EDUCACION Y SALUD ACTIVIDADES ARTISTICAS Y DE ENTRETENIMIENTO ACTIVIDADES DE LOS HOGARES INDIVIDUALES,S02
54,NORTE DE SANTANDER,2015,3242,3.242E+12,ADMINISTRACION PUBLICA EDUCACION Y SALUD ACTIVIDADES ARTISTICAS Y DE ENTRETENIMIENTO ACTIVIDADES DE LOS HOGARES INDIVIDUALES,S02
54,NORTE DE SANTANDER,2016,3568,3.568E+12,ADMINISTRACION PUBLICA EDUCACION Y SALUD ACTIVIDADES ARTISTICAS Y DE ENTRETENIMIENTO ACTIVIDADES DE LOS HOGARES INDIVIDUALES,S02
54,NORTE DE SANTANDER,2017,3860,3.86E+12,ADMINISTRACION PUBLICA EDUCACION Y SALUD ACTIVIDADES ARTISTICAS Y DE ENTRETENIMIENTO ACTIVIDADES DE LOS HOGARES INDIVIDUALES,S02
54,NORTE DE SANTANDER,2018,4190,4.19E+12,ADMINISTRACION PUBLICA EDUCACION Y SALUD ACTIVIDADES ARTISTICAS Y DE ENTRETENIMIENTO ACTIVIDADES DE LOS HOGARES INDIVIDUALES,S02
54,NORTE DE SANTANDER,2019,4612,4.612E+12,ADMINISTRACION PUBLICA EDUCACION Y SALUD ACTIVIDADES ARTISTICAS Y DE ENTRETENIMIENTO ACTIVIDADES DE LOS HOGARES INDIVIDUALES,S02
54,NORTE DE SANTANDER,2020,4728,4.728E+12,ADMINISTRACION PUBLICA EDUCACION Y SALUD ACTIVIDADES ARTISTICAS Y DE ENTRETENIMIENTO ACTIVIDADES DE LOS HOGARES INDIVIDUALES,S02
54,NORTE DE SANTANDER,2021,5397,5.397E+12,ADMINISTRACION PUBLICA EDUCACION Y SALUD ACTIVIDADES ARTISTICAS Y DE ENTRETENIMIENTO ACTIVIDADES DE LOS HOGARES INDIVIDUALES,S02
54,NORTE DE SANTANDER,2022,6208,6.208E+12,ADMINISTRACION PUBLICA EDUCACION Y SALUD ACTIVIDADES ARTISTICAS Y DE ENTRETENIMIENTO ACTIVIDADES DE LOS HOGARES INDIVIDUALES,S02
54,NORTE DE SANTANDER,2023p,7276,7.276E+12,ADMINISTRACION PUBLICA EDUCACION Y SALUD ACTIVIDADES ARTISTICAS Y DE ENTRETENIMIENTO ACTIVIDADES DE LOS HOGARES INDIVIDUALES,S02
54,NORTE DE SANTANDER,2024pr,8307,8.307E+12,ADMINISTRACION PUBLICA EDUCACION Y SALUD ACTIVIDADES ARTISTICAS Y DE ENTRETENIMIENTO ACTIVIDADES DE LOS HOGARES INDIVIDUALES,S02
63,QUNDIO,1980,3,3000000000,ADMINISTRACION PUBLICA EDUCACION Y SALUD ACTIVIDADES ARTISTICAS Y DE ENTRETENIMIENTO ACTIVIDADES DE LOS HOGARES INDIVIDUALES,S02
63,QUNDIO,1981,3,3000000000,ADMINISTRACION PUBLICA EDUCACION Y SALUD ACTIVIDADES ARTISTICAS Y DE ENTRETENIMIENTO ACTIVIDADES DE LOS HOGARES INDIVIDUALES,S02
63,QUNDIO,1982,6,6000000000,ADMINISTRACION PUBLICA EDUCACION Y SALUD ACTIVIDADES ARTISTICAS Y DE ENTRETENIMIENTO ACTIVIDADES DE LOS HOGARES INDIVIDUALES,S02
63,QUNDIO,1983,7,7000000000,ADMINISTRACION PUBLICA EDUCACION Y SALUD ACTIVIDADES ARTISTICAS Y DE ENTRETENIMIENTO ACTIVIDADES DE LOS HOGARES INDIVIDUALES,S02
63,QUNDIO,1984,9,9000000000,ADMINISTRACION PUBLICA EDUCACION Y SALUD ACTIVIDADES ARTISTICAS Y DE ENTRETENIMIENTO ACTIVIDADES DE LOS HOGARES INDIVIDUALES,S02
63,QUNDIO,1985,11,11000000000,ADMINISTRACION PUBLICA EDUCACION Y SALUD ACTIVIDADES ARTISTICAS Y DE ENTRETENIMIENTO ACTIVIDADES DE LOS HOGARES INDIVIDUALES,S02
63,QUNDIO,1986,13,13000000000,ADMINISTRACION PUBLICA EDUCACION Y SALUD ACTIVIDADES ARTISTICAS Y DE ENTRETENIMIENTO ACTIVIDADES DE LOS HOGARES INDIVIDUALES,S02
63,QUNDIO,1987,17,17000000000,ADMINISTRACION PUBLICA EDUCACION Y SALUD ACTIVIDADES ARTISTICAS Y DE ENTRETENIMIENTO ACTIVIDADES DE LOS HOGARES INDIVIDUALES,S02
63,QUNDIO,1988,20,20000000000,ADMINISTRACION PUBLICA EDUCACION Y SALUD ACTIVIDADES ARTISTICAS Y DE ENTRETENIMIENTO ACTIVIDADES DE LOS HOGARES INDIVIDUALES,S02
63,QUNDIO,1989,26,26000000000,ADMINISTRACION PUBLICA EDUCACION Y SALUD ACTIVIDADES ARTISTICAS Y DE ENTRETENIMIENTO ACTIVIDADES DE LOS HOGARES INDIVIDUALES,S02
63,QUNDIO,1990,33,33000000000,ADMINISTRACION PUBLICA EDUCACION Y SALUD ACTIVIDADES ARTISTICAS Y DE ENTRETENIMIENTO ACTIVIDADES DE LOS HOGARES INDIVIDUALES,S02
63,QUNDIO,1991,44,44000000000,ADMINISTRACION PUBLICA EDUCACION Y SALUD ACTIVIDADES ARTISTICAS Y DE ENTRETENIMIENTO ACTIVIDADES DE LOS HOGARES INDIVIDUALES,S02
63,QUNDIO,1992,61,61000000000,ADMINISTRACION PUBLICA EDUCACION Y SALUD ACTIVIDADES ARTISTICAS Y DE ENTRETENIMIENTO ACTIVIDADES DE LOS HOGARES INDIVIDUALES,S02
63,QUNDIO,1993,83,83000000000,ADMINISTRACION PUBLICA EDUCACION Y SALUD ACTIVIDADES ARTISTICAS Y DE ENTRETENIMIENTO ACTIVIDADES DE LOS HOGARES INDIVIDUALES,S02
63,QUNDIO,1994,108,1.08E+11,ADMINISTRACION PUBLICA EDUCACION Y SALUD ACTIVIDADES ARTISTICAS Y DE ENTRETENIMIENTO ACTIVIDADES DE LOS HOGARES INDIVIDUALES,S02
63,QUNDIO,1995,128,1.28E+11,ADMINISTRACION PUBLICA EDUCACION Y SALUD ACTIVIDADES ARTISTICAS Y DE ENTRETENIMIENTO ACTIVIDADES DE LOS HOGARES INDIVIDUALES,S02
63,QUNDIO,1996,183,1.83E+11,ADMINISTRACION PUBLICA EDUCACION Y SALUD ACTIVIDADES ARTISTICAS Y DE ENTRETENIMIENTO ACTIVIDADES DE LOS HOGARES INDIVIDUALES,S02
63,QUNDIO,1997,227,2.27E+11,ADMINISTRACION PUBLICA EDUCACION Y SALUD ACTIVIDADES ARTISTICAS Y DE ENTRETENIMIENTO ACTIVIDADES DE LOS HOGARES INDIVIDUALES,S02
63,QUNDIO,1998,275,2.75E+11,ADMINISTRACION PUBLICA EDUCACION Y SALUD ACTIVIDADES ARTISTICAS Y DE ENTRETENIMIENTO ACTIVIDADES DE LOS HOGARES INDIVIDUALES,S02
63,QUNDIO,1999,320,3.2E+11,ADMINISTRACION PUBLICA EDUCACION Y SALUD ACTIVIDADES ARTISTICAS Y DE ENTRETENIMIENTO ACTIVIDADES DE LOS HOGARES INDIVIDUALES,S02
63,QUNDIO,2000,377,3.77E+11,ADMINISTRACION PUBLICA EDUCACION Y SALUD ACTIVIDADES ARTISTICAS Y DE ENTRETENIMIENTO ACTIVIDADES DE LOS HOGARES INDIVIDUALES,S02
63,QUNDIO,2001,405,4.05E+11,ADMINISTRACION PUBLICA EDUCACION Y SALUD ACTIVIDADES ARTISTICAS Y DE ENTRETENIMIENTO ACTIVIDADES DE LOS HOGARES INDIVIDUALES,S02
63,QUNDIO,2002,454,4.54E+11,ADMINISTRACION PUBLICA EDUCACION Y SALUD ACTIVIDADES ARTISTICAS Y DE ENTRETENIMIENTO ACTIVIDADES DE LOS HOGARES INDIVIDUALES,S02
63,QUNDIO,2003,467,4.67E+11,ADMINISTRACION PUBLICA EDUCACION Y SALUD ACTIVIDADES ARTISTICAS Y DE ENTRETENIMIENTO ACTIVIDADES DE LOS HOGARES INDIVIDUALES,S02
63,QUNDIO,2004,515,5.15E+11,ADMINISTRACION PUBLICA EDUCACION Y SALUD ACTIVIDADES ARTISTICAS Y DE ENTRETENIMIENTO ACTIVIDADES DE LOS HOGARES INDIVIDUALES,S02
63,QUNDIO,2005,554,5.54E+11,ADMINISTRACION PUBLICA EDUCACION Y SALUD ACTIVIDADES ARTISTICAS Y DE ENTRETENIMIENTO ACTIVIDADES DE LOS HOGARES INDIVIDUALES,S02
63,QUNDIO,2006,626,6.26E+11,ADMINISTRACION PUBLICA EDUCACION Y SALUD ACTIVIDADES ARTISTICAS Y DE ENTRETENIMIENTO ACTIVIDADES DE LOS HOGARES INDIVIDUALES,S02
63,QUNDIO,2007,659,6.59E+11,ADMINISTRACION PUBLICA EDUCACION Y SALUD ACTIVIDADES ARTISTICAS Y DE ENTRETENIMIENTO ACTIVIDADES DE LOS HOGARES INDIVIDUALES,S02
63,QUNDIO,2008,724,7.24E+11,ADMINISTRACION PUBLICA EDUCACION Y SALUD ACTIVIDADES ARTISTICAS Y DE ENTRETENIMIENTO ACTIVIDADES DE LOS HOGARES INDIVIDUALES,S02
63,QUNDIO,2009,758,7.58E+11,ADMINISTRACION PUBLICA EDUCACION Y SALUD ACTIVIDADES ARTISTICAS Y DE ENTRETENIMIENTO ACTIVIDADES DE LOS HOGARES INDIVIDUALES,S02
63,QUNDIO,2010,835,8.35E+11,ADMINISTRACION PUBLICA EDUCACION Y SALUD ACTIVIDADES ARTISTICAS Y DE ENTRETENIMIENTO ACTIVIDADES DE LOS HOGARES INDIVIDUALES,S02
63,QUNDIO,2011,871,8.71E+11,ADMINISTRACION PUBLICA EDUCACION Y SALUD ACTIVIDADES ARTISTICAS Y DE ENTRETENIMIENTO ACTIVIDADES DE LOS HOGARES INDIVIDUALES,S02
63,QUNDIO,2012,962,9.62E+11,ADMINISTRACION PUBLICA EDUCACION Y SALUD ACTIVIDADES ARTISTICAS Y DE ENTRETENIMIENTO ACTIVIDADES DE LOS HOGARES INDIVIDUALES,S02
63,QUNDIO,2013,1044,1.044E+12,ADMINISTRACION PUBLICA EDUCACION Y SALUD ACTIVIDADES ARTISTICAS Y DE ENTRETENIMIENTO ACTIVIDADES DE LOS HOGARES INDIVIDUALES,S02
63,QUNDIO,2014,1119,1.119E+12,ADMINISTRACION PUBLICA EDUCACION Y SALUD ACTIVIDADES ARTISTICAS Y DE ENTRETENIMIENTO ACTIVIDADES DE LOS HOGARES INDIVIDUALES,S02
63,QUNDIO,2015,1236,1.236E+12,ADMINISTRACION PUBLICA EDUCACION Y SALUD ACTIVIDADES ARTISTICAS Y DE ENTRETENIMIENTO ACTIVIDADES DE LOS HOGARES INDIVIDUALES,S02
63,QUNDIO,2016,1357,1.357E+12,ADMINISTRACION PUBLICA EDUCACION Y SALUD ACTIVIDADES ARTISTICAS Y DE ENTRETENIMIENTO ACTIVIDADES DE LOS HOGARES INDIVIDUALES,S02
63,QUNDIO,2017,1479,1.479E+12,ADMINISTRACION PUBLICA EDUCACION Y SALUD ACTIVIDADES ARTISTICAS Y DE ENTRETENIMIENTO ACTIVIDADES DE LOS HOGARES INDIVIDUALES,S02
63,QUNDIO,2018,1595,1.595E+12,ADMINISTRACION PUBLICA EDUCACION Y SALUD ACTIVIDADES ARTISTICAS Y DE ENTRETENIMIENTO ACTIVIDADES DE LOS HOGARES INDIVIDUALES,S02
63,QUNDIO,2019,1744,1.744E+12,ADMINISTRACION PUBLICA EDUCACION Y SALUD ACTIVIDADES ARTISTICAS Y DE ENTRETENIMIENTO ACTIVIDADES DE LOS HOGARES INDIVIDUALES,S02
63,QUNDIO,2020,1772,1.772E+12,ADMINISTRACION PUBLICA EDUCACION Y SALUD ACTIVIDADES ARTISTICAS Y DE ENTRETENIMIENTO ACTIVIDADES DE LOS HOGARES INDIVIDUALES,S02
63,QUNDIO,2021,2034,2.034E+12,ADMINISTRACION PUBLICA EDUCACION Y SALUD ACTIVIDADES ARTISTICAS Y DE ENTRETENIMIENTO ACTIVIDADES DE LOS HOGARES INDIVIDUALES,S02
63,QUNDIO,2022,2283,2.283E+12,ADMINISTRACION PUBLICA EDUCACION Y SALUD ACTIVIDADES ARTISTICAS Y DE ENTRETENIMIENTO ACTIVIDADES DE LOS HOGARES INDIVIDUALES,S02
63,QUNDIO,2023p,2662,2.662E+12,ADMINISTRACION PUBLICA EDUCACION Y SALUD ACTIVIDADES ARTISTICAS Y DE ENTRETENIMIENTO ACTIVIDADES DE LOS HOGARES INDIVIDUALES,S02
63,QUNDIO,2024pr,3007,3.007E+12,ADMINISTRACION PUBLICA EDUCACION Y SALUD ACTIVIDADES ARTISTICAS Y DE ENTRETENIMIENTO ACTIVIDADES DE LOS HOGARES INDIVIDUALES,S02
66,RISARALDA,1980,4,4000000000,ADMINISTRACION PUBLICA EDUCACION Y SALUD ACTIVIDADES ARTISTICAS Y DE ENTRETENIMIENTO ACTIVIDADES DE LOS HOGARES INDIVIDUALES,S02
66,RISARALDA,1981,4,4000000000,ADMINISTRACION PUBLICA EDUCACION Y SALUD ACTIVIDADES ARTISTICAS Y DE ENTRETENIMIENTO ACTIVIDADES DE LOS HOGARES INDIVIDUALES,S02
66,RISARALDA,1982,8,8000000000,ADMINISTRACION PUBLICA EDUCACION Y SALUD ACTIVIDADES ARTISTICAS Y DE ENTRETENIMIENTO ACTIVIDADES DE LOS HOGARES INDIVIDUALES,S02
66,RISARALDA,1983,10,10000000000,ADMINISTRACION PUBLICA EDUCACION Y SALUD ACTIVIDADES ARTISTICAS Y DE ENTRETENIMIENTO ACTIVIDADES DE LOS HOGARES INDIVIDUALES,S02
66,RISARALDA,1984,13,13000000000,ADMINISTRACION PUBLICA EDUCACION Y SALUD ACTIVIDADES ARTISTICAS Y DE ENTRETENIMIENTO ACTIVIDADES DE LOS HOGARES INDIVIDUALES,S02
66,RISARALDA,1985,15,15000000000,ADMINISTRACION PUBLICA EDUCACION Y SALUD ACTIVIDADES ARTISTICAS Y DE ENTRETENIMIENTO ACTIVIDADES DE LOS HOGARES INDIVIDUALES,S02
66,RISARALDA,1986,18,18000000000,ADMINISTRACION PUBLICA EDUCACION Y SALUD ACTIVIDADES ARTISTICAS Y DE ENTRETENIMIENTO ACTIVIDADES DE LOS HOGARES INDIVIDUALES,S02
66,RISARALDA,1987,23,23000000000,ADMINISTRACION PUBLICA EDUCACION Y SALUD ACTIVIDADES ARTISTICAS Y DE ENTRETENIMIENTO ACTIVIDADES DE LOS HOGARES INDIVIDUALES,S02
66,RISARALDA,1988,31,31000000000,ADMINISTRACION PUBLICA EDUCACION Y SALUD ACTIVIDADES ARTISTICAS Y DE ENTRETENIMIENTO ACTIVIDADES DE LOS HOGARES INDIVIDUALES,S02
66,RISARALDA,1989,40,40000000000,ADMINISTRACION PUBLICA EDUCACION Y SALUD ACTIVIDADES ARTISTICAS Y DE ENTRETENIMIENTO ACTIVIDADES DE LOS HOGARES INDIVIDUALES,S02
66,RISARALDA,1990,52,52000000000,ADMINISTRACION PUBLICA EDUCACION Y SALUD ACTIVIDADES ARTISTICAS Y DE ENTRETENIMIENTO ACTIVIDADES DE LOS HOGARES INDIVIDUALES,S02
66,RISARALDA,1991,67,67000000000,ADMINISTRACION PUBLICA EDUCACION Y SALUD ACTIVIDADES ARTISTICAS Y DE ENTRETENIMIENTO ACTIVIDADES DE LOS HOGARES INDIVIDUALES,S02
66,RISARALDA,1992,97,97000000000,ADMINISTRACION PUBLICA EDUCACION Y SALUD ACTIVIDADES ARTISTICAS Y DE ENTRETENIMIENTO ACTIVIDADES DE LOS HOGARES INDIVIDUALES,S02
66,RISARALDA,1993,128,1.28E+11,ADMINISTRACION PUBLICA EDUCACION Y SALUD ACTIVIDADES ARTISTICAS Y DE ENTRETENIMIENTO ACTIVIDADES DE LOS HOGARES INDIVIDUALES,S02
66,RISARALDA,1994,170,1.7E+11,ADMINISTRACION PUBLICA EDUCACION Y SALUD ACTIVIDADES ARTISTICAS Y DE ENTRETENIMIENTO ACTIVIDADES DE LOS HOGARES INDIVIDUALES,S02
66,RISARALDA,1995,227,2.27E+11,ADMINISTRACION PUBLICA EDUCACION Y SALUD ACTIVIDADES ARTISTICAS Y DE ENTRETENIMIENTO ACTIVIDADES DE LOS HOGARES INDIVIDUALES,S02
66,RISARALDA,1996,300,3E+11,ADMINISTRACION PUBLICA EDUCACION Y SALUD ACTIVIDADES ARTISTICAS Y DE ENTRETENIMIENTO ACTIVIDADES DE LOS HOGARES INDIVIDUALES,S02
66,RISARALDA,1997,375,3.75E+11,ADMINISTRACION PUBLICA EDUCACION Y SALUD ACTIVIDADES ARTISTICAS Y DE ENTRETENIMIENTO ACTIVIDADES DE LOS HOGARES INDIVIDUALES,S02
66,RISARALDA,1998,429,4.29E+11,ADMINISTRACION PUBLICA EDUCACION Y SALUD ACTIVIDADES ARTISTICAS Y DE ENTRETENIMIENTO ACTIVIDADES DE LOS HOGARES INDIVIDUALES,S02
66,RISARALDA,1999,485,4.85E+11,ADMINISTRACION PUBLICA EDUCACION Y SALUD ACTIVIDADES ARTISTICAS Y DE ENTRETENIMIENTO ACTIVIDADES DE LOS HOGARES INDIVIDUALES,S02
66,RISARALDA,2000,510,5.1E+11,ADMINISTRACION PUBLICA EDUCACION Y SALUD ACTIVIDADES ARTISTICAS Y DE ENTRETENIMIENTO ACTIVIDADES DE LOS HOGARES INDIVIDUALES,S02
66,RISARALDA,2001,561,5.61E+11,ADMINISTRACION PUBLICA EDUCACION Y SALUD ACTIVIDADES ARTISTICAS Y DE ENTRETENIMIENTO ACTIVIDADES DE LOS HOGARES INDIVIDUALES,S02
66,RISARALDA,2002,648,6.48E+11,ADMINISTRACION PUBLICA EDUCACION Y SALUD ACTIVIDADES ARTISTICAS Y DE ENTRETENIMIENTO ACTIVIDADES DE LOS HOGARES INDIVIDUALES,S02
66,RISARALDA,2003,719,7.19E+11,ADMINISTRACION PUBLICA EDUCACION Y SALUD ACTIVIDADES ARTISTICAS Y DE ENTRETENIMIENTO ACTIVIDADES DE LOS HOGARES INDIVIDUALES,S02
66,RISARALDA,2004,806,8.06E+11,ADMINISTRACION PUBLICA EDUCACION Y SALUD ACTIVIDADES ARTISTICAS Y DE ENTRETENIMIENTO ACTIVIDADES DE LOS HOGARES INDIVIDUALES,S02
66,RISARALDA,2005,929,9.29E+11,ADMINISTRACION PUBLICA EDUCACION Y SALUD ACTIVIDADES ARTISTICAS Y DE ENTRETENIMIENTO ACTIVIDADES DE LOS HOGARES INDIVIDUALES,S02
66,RISARALDA,2006,1035,1.035E+12,ADMINISTRACION PUBLICA EDUCACION Y SALUD ACTIVIDADES ARTISTICAS Y DE ENTRETENIMIENTO ACTIVIDADES DE LOS HOGARES INDIVIDUALES,S02
66,RISARALDA,2007,1135,1.135E+12,ADMINISTRACION PUBLICA EDUCACION Y SALUD ACTIVIDADES ARTISTICAS Y DE ENTRETENIMIENTO ACTIVIDADES DE LOS HOGARES INDIVIDUALES,S02
66,RISARALDA,2008,1252,1.252E+12,ADMINISTRACION PUBLICA EDUCACION Y SALUD ACTIVIDADES ARTISTICAS Y DE ENTRETENIMIENTO ACTIVIDADES DE LOS HOGARES INDIVIDUALES,S02
66,RISARALDA,2009,1374,1.374E+12,ADMINISTRACION PUBLICA EDUCACION Y SALUD ACTIVIDADES ARTISTICAS Y DE ENTRETENIMIENTO ACTIVIDADES DE LOS HOGARES INDIVIDUALES,S02
66,RISARALDA,2010,1523,1.523E+12,ADMINISTRACION PUBLICA EDUCACION Y SALUD ACTIVIDADES ARTISTICAS Y DE ENTRETENIMIENTO ACTIVIDADES DE LOS HOGARES INDIVIDUALES,S02
66,RISARALDA,2011,1614,1.614E+12,ADMINISTRACION PUBLICA EDUCACION Y SALUD ACTIVIDADES ARTISTICAS Y DE ENTRETENIMIENTO ACTIVIDADES DE LOS HOGARES INDIVIDUALES,S02
66,RISARALDA,2012,1799,1.799E+12,ADMINISTRACION PUBLICA EDUCACION Y SALUD ACTIVIDADES ARTISTICAS Y DE ENTRETENIMIENTO ACTIVIDADES DE LOS HOGARES INDIVIDUALES,S02
66,RISARALDA,2013,2000,2E+12,ADMINISTRACION PUBLICA EDUCACION Y SALUD ACTIVIDADES ARTISTICAS Y DE ENTRETENIMIENTO ACTIVIDADES DE LOS HOGARES INDIVIDUALES,S02
66,RISARALDA,2014,2163,2.163E+12,ADMINISTRACION PUBLICA EDUCACION Y SALUD ACTIVIDADES ARTISTICAS Y DE ENTRETENIMIENTO ACTIVIDADES DE LOS HOGARES INDIVIDUALES,S02
66,RISARALDA,2015,2368,2.368E+12,ADMINISTRACION PUBLICA EDUCACION Y SALUD ACTIVIDADES ARTISTICAS Y DE ENTRETENIMIENTO ACTIVIDADES DE LOS HOGARES INDIVIDUALES,S02
66,RISARALDA,2016,2602,2.602E+12,ADMINISTRACION PUBLICA EDUCACION Y SALUD ACTIVIDADES ARTISTICAS Y DE ENTRETENIMIENTO ACTIVIDADES DE LOS HOGARES INDIVIDUALES,S02
66,RISARALDA,2017,2833,2.833E+12,ADMINISTRACION PUBLICA EDUCACION Y SALUD ACTIVIDADES ARTISTICAS Y DE ENTRETENIMIENTO ACTIVIDADES DE LOS HOGARES INDIVIDUALES,S02
66,RISARALDA,2018,3060,3.06E+12,ADMINISTRACION PUBLICA EDUCACION Y SALUD ACTIVIDADES ARTISTICAS Y DE ENTRETENIMIENTO ACTIVIDADES DE LOS HOGARES INDIVIDUALES,S02
66,RISARALDA,2019,3366,3.366E+12,ADMINISTRACION PUBLICA EDUCACION Y SALUD ACTIVIDADES ARTISTICAS Y DE ENTRETENIMIENTO ACTIVIDADES DE LOS HOGARES INDIVIDUALES,S02
66,RISARALDA,2020,3395,3.395E+12,ADMINISTRACION PUBLICA EDUCACION Y SALUD ACTIVIDADES ARTISTICAS Y DE ENTRETENIMIENTO ACTIVIDADES DE LOS HOGARES INDIVIDUALES,S02
66,RISARALDA,2021,3976,3.976E+12,ADMINISTRACION PUBLICA EDUCACION Y SALUD ACTIVIDADES ARTISTICAS Y DE ENTRETENIMIENTO ACTIVIDADES DE LOS HOGARES INDIVIDUALES,S02
66,RISARALDA,2022,4578,4.578E+12,ADMINISTRACION PUBLICA EDUCACION Y SALUD ACTIVIDADES ARTISTICAS Y DE ENTRETENIMIENTO ACTIVIDADES DE LOS HOGARES INDIVIDUALES,S02
66,RISARALDA,2023p,5367,5.367E+12,ADMINISTRACION PUBLICA EDUCACION Y SALUD ACTIVIDADES ARTISTICAS Y DE ENTRETENIMIENTO ACTIVIDADES DE LOS HOGARES INDIVIDUALES,S02
66,RISARALDA,2024pr,6119,6.119E+12,ADMINISTRACION PUBLICA EDUCACION Y SALUD ACTIVIDADES ARTISTICAS Y DE ENTRETENIMIENTO ACTIVIDADES DE LOS HOGARES INDIVIDUALES,S02
68,SANTANDER,1980,6,6000000000,ADMINISTRACION PUBLICA EDUCACION Y SALUD ACTIVIDADES ARTISTICAS Y DE ENTRETENIMIENTO ACTIVIDADES DE LOS HOGARES INDIVIDUALES,S02
68,SANTANDER,1981,8,8000000000,ADMINISTRACION PUBLICA EDUCACION Y SALUD ACTIVIDADES ARTISTICAS Y DE ENTRETENIMIENTO ACTIVIDADES DE LOS HOGARES INDIVIDUALES,S02
68,SANTANDER,1982,14,14000000000,ADMINISTRACION PUBLICA EDUCACION Y SALUD ACTIVIDADES ARTISTICAS Y DE ENTRETENIMIENTO ACTIVIDADES DE LOS HOGARES INDIVIDUALES,S02
68,SANTANDER,1983,18,18000000000,ADMINISTRACION PUBLICA EDUCACION Y SALUD ACTIVIDADES ARTISTICAS Y DE ENTRETENIMIENTO ACTIVIDADES DE LOS HOGARES INDIVIDUALES,S02
68,SANTANDER,1984,23,23000000000,ADMINISTRACION PUBLICA EDUCACION Y SALUD ACTIVIDADES ARTISTICAS Y DE ENTRETENIMIENTO ACTIVIDADES DE LOS HOGARES INDIVIDUALES,S02
68,SANTANDER,1985,27,27000000000,ADMINISTRACION PUBLICA EDUCACION Y SALUD ACTIVIDADES ARTISTICAS Y DE ENTRETENIMIENTO ACTIVIDADES DE LOS HOGARES INDIVIDUALES,S02
68,SANTANDER,1986,38,38000000000,ADMINISTRACION PUBLICA EDUCACION Y SALUD ACTIVIDADES ARTISTICAS Y DE ENTRETENIMIENTO ACTIVIDADES DE LOS HOGARES INDIVIDUALES,S02
68,SANTANDER,1987,51,51000000000,ADMINISTRACION PUBLICA EDUCACION Y SALUD ACTIVIDADES ARTISTICAS Y DE ENTRETENIMIENTO ACTIVIDADES DE LOS HOGARES INDIVIDUALES,S02
68,SANTANDER,1988,66,66000000000,ADMINISTRACION PUBLICA EDUCACION Y SALUD ACTIVIDADES ARTISTICAS Y DE ENTRETENIMIENTO ACTIVIDADES DE LOS HOGARES INDIVIDUALES,S02
68,SANTANDER,1989,92,92000000000,ADMINISTRACION PUBLICA EDUCACION Y SALUD ACTIVIDADES ARTISTICAS Y DE ENTRETENIMIENTO ACTIVIDADES DE LOS HOGARES INDIVIDUALES,S02
68,SANTANDER,1990,123,1.23E+11,ADMINISTRACION PUBLICA EDUCACION Y SALUD ACTIVIDADES ARTISTICAS Y DE ENTRETENIMIENTO ACTIVIDADES DE LOS HOGARES INDIVIDUALES,S02
68,SANTANDER,1991,163,1.63E+11,ADMINISTRACION PUBLICA EDUCACION Y SALUD ACTIVIDADES ARTISTICAS Y DE ENTRETENIMIENTO ACTIVIDADES DE LOS HOGARES INDIVIDUALES,S02
68,SANTANDER,1992,258,2.58E+11,ADMINISTRACION PUBLICA EDUCACION Y SALUD ACTIVIDADES ARTISTICAS Y DE ENTRETENIMIENTO ACTIVIDADES DE LOS HOGARES INDIVIDUALES,S02
68,SANTANDER,1993,353,3.53E+11,ADMINISTRACION PUBLICA EDUCACION Y SALUD ACTIVIDADES ARTISTICAS Y DE ENTRETENIMIENTO ACTIVIDADES DE LOS HOGARES INDIVIDUALES,S02
68,SANTANDER,1994,497,4.97E+11,ADMINISTRACION PUBLICA EDUCACION Y SALUD ACTIVIDADES ARTISTICAS Y DE ENTRETENIMIENTO ACTIVIDADES DE LOS HOGARES INDIVIDUALES,S02
68,SANTANDER,1995,668,6.68E+11,ADMINISTRACION PUBLICA EDUCACION Y SALUD ACTIVIDADES ARTISTICAS Y DE ENTRETENIMIENTO ACTIVIDADES DE LOS HOGARES INDIVIDUALES,S02
68,SANTANDER,1996,873,8.73E+11,ADMINISTRACION PUBLICA EDUCACION Y SALUD ACTIVIDADES ARTISTICAS Y DE ENTRETENIMIENTO ACTIVIDADES DE LOS HOGARES INDIVIDUALES,S02
68,SANTANDER,1997,1092,1.092E+12,ADMINISTRACION PUBLICA EDUCACION Y SALUD ACTIVIDADES ARTISTICAS Y DE ENTRETENIMIENTO ACTIVIDADES DE LOS HOGARES INDIVIDUALES,S02
68,SANTANDER,1998,1360,1.36E+12,ADMINISTRACION PUBLICA EDUCACION Y SALUD ACTIVIDADES ARTISTICAS Y DE ENTRETENIMIENTO ACTIVIDADES DE LOS HOGARES INDIVIDUALES,S02
68,SANTANDER,1999,1562,1.562E+12,ADMINISTRACION PUBLICA EDUCACION Y SALUD ACTIVIDADES ARTISTICAS Y DE ENTRETENIMIENTO ACTIVIDADES DE LOS HOGARES INDIVIDUALES,S02
68,SANTANDER,2000,1620,1.62E+12,ADMINISTRACION PUBLICA EDUCACION Y SALUD ACTIVIDADES ARTISTICAS Y DE ENTRETENIMIENTO ACTIVIDADES DE LOS HOGARES INDIVIDUALES,S02
68,SANTANDER,2001,1674,1.674E+12,ADMINISTRACION PUBLICA EDUCACION Y SALUD ACTIVIDADES ARTISTICAS Y DE ENTRETENIMIENTO ACTIVIDADES DE LOS HOGARES INDIVIDUALES,S02
68,SANTANDER,2002,1739,1.739E+12,ADMINISTRACION PUBLICA EDUCACION Y SALUD ACTIVIDADES ARTISTICAS Y DE ENTRETENIMIENTO ACTIVIDADES DE LOS HOGARES INDIVIDUALES,S02
68,SANTANDER,2003,1755,1.755E+12,ADMINISTRACION PUBLICA EDUCACION Y SALUD ACTIVIDADES ARTISTICAS Y DE ENTRETENIMIENTO ACTIVIDADES DE LOS HOGARES INDIVIDUALES,S02
68,SANTANDER,2004,1877,1.877E+12,ADMINISTRACION PUBLICA EDUCACION Y SALUD ACTIVIDADES ARTISTICAS Y DE ENTRETENIMIENTO ACTIVIDADES DE LOS HOGARES INDIVIDUALES,S02
68,SANTANDER,2005,2115,2.115E+12,ADMINISTRACION PUBLICA EDUCACION Y SALUD ACTIVIDADES ARTISTICAS Y DE ENTRETENIMIENTO ACTIVIDADES DE LOS HOGARES INDIVIDUALES,S02
68,SANTANDER,2006,2325,2.325E+12,ADMINISTRACION PUBLICA EDUCACION Y SALUD ACTIVIDADES ARTISTICAS Y DE ENTRETENIMIENTO ACTIVIDADES DE LOS HOGARES INDIVIDUALES,S02
68,SANTANDER,2007,2527,2.527E+12,ADMINISTRACION PUBLICA EDUCACION Y SALUD ACTIVIDADES ARTISTICAS Y DE ENTRETENIMIENTO ACTIVIDADES DE LOS HOGARES INDIVIDUALES,S02
68,SANTANDER,2008,2904,2.904E+12,ADMINISTRACION PUBLICA EDUCACION Y SALUD ACTIVIDADES ARTISTICAS Y DE ENTRETENIMIENTO ACTIVIDADES DE LOS HOGARES INDIVIDUALES,S02
68,SANTANDER,2009,3162,3.162E+12,ADMINISTRACION PUBLICA EDUCACION Y SALUD ACTIVIDADES ARTISTICAS Y DE ENTRETENIMIENTO ACTIVIDADES DE LOS HOGARES INDIVIDUALES,S02
68,SANTANDER,2010,3554,3.554E+12,ADMINISTRACION PUBLICA EDUCACION Y SALUD ACTIVIDADES ARTISTICAS Y DE ENTRETENIMIENTO ACTIVIDADES DE LOS HOGARES INDIVIDUALES,S02
68,SANTANDER,2011,3920,3.92E+12,ADMINISTRACION PUBLICA EDUCACION Y SALUD ACTIVIDADES ARTISTICAS Y DE ENTRETENIMIENTO ACTIVIDADES DE LOS HOGARES INDIVIDUALES,S02
68,SANTANDER,2012,4189,4.189E+12,ADMINISTRACION PUBLICA EDUCACION Y SALUD ACTIVIDADES ARTISTICAS Y DE ENTRETENIMIENTO ACTIVIDADES DE LOS HOGARES INDIVIDUALES,S02
68,SANTANDER,2013,4834,4.834E+12,ADMINISTRACION PUBLICA EDUCACION Y SALUD ACTIVIDADES ARTISTICAS Y DE ENTRETENIMIENTO ACTIVIDADES DE LOS HOGARES INDIVIDUALES,S02
68,SANTANDER,2014,5006,5.006E+12,ADMINISTRACION PUBLICA EDUCACION Y SALUD ACTIVIDADES ARTISTICAS Y DE ENTRETENIMIENTO ACTIVIDADES DE LOS HOGARES INDIVIDUALES,S02
68,SANTANDER,2015,5461,5.461E+12,ADMINISTRACION PUBLICA EDUCACION Y SALUD ACTIVIDADES ARTISTICAS Y DE ENTRETENIMIENTO ACTIVIDADES DE LOS HOGARES INDIVIDUALES,S02
68,SANTANDER,2016,5979,5.979E+12,ADMINISTRACION PUBLICA EDUCACION Y SALUD ACTIVIDADES ARTISTICAS Y DE ENTRETENIMIENTO ACTIVIDADES DE LOS HOGARES INDIVIDUALES,S02
68,SANTANDER,2017,6510,6.51E+12,ADMINISTRACION PUBLICA EDUCACION Y SALUD ACTIVIDADES ARTISTICAS Y DE ENTRETENIMIENTO ACTIVIDADES DE LOS HOGARES INDIVIDUALES,S02
68,SANTANDER,2018,7061,7.061E+12,ADMINISTRACION PUBLICA EDUCACION Y SALUD ACTIVIDADES ARTISTICAS Y DE ENTRETENIMIENTO ACTIVIDADES DE LOS HOGARES INDIVIDUALES,S02
68,SANTANDER,2019,7776,7.776E+12,ADMINISTRACION PUBLICA EDUCACION Y SALUD ACTIVIDADES ARTISTICAS Y DE ENTRETENIMIENTO ACTIVIDADES DE LOS HOGARES INDIVIDUALES,S02
68,SANTANDER,2020,7835,7.835E+12,ADMINISTRACION PUBLICA EDUCACION Y SALUD ACTIVIDADES ARTISTICAS Y DE ENTRETENIMIENTO ACTIVIDADES DE LOS HOGARES INDIVIDUALES,S02
68,SANTANDER,2021,8951,8.951E+12,ADMINISTRACION PUBLICA EDUCACION Y SALUD ACTIVIDADES ARTISTICAS Y DE ENTRETENIMIENTO ACTIVIDADES DE LOS HOGARES INDIVIDUALES,S02
68,SANTANDER,2022,10118,1.0118E+13,ADMINISTRACION PUBLICA EDUCACION Y SALUD ACTIVIDADES ARTISTICAS Y DE ENTRETENIMIENTO ACTIVIDADES DE LOS HOGARES INDIVIDUALES,S02
68,SANTANDER,2023p,11775,1.1775E+13,ADMINISTRACION PUBLICA EDUCACION Y SALUD ACTIVIDADES ARTISTICAS Y DE ENTRETENIMIENTO ACTIVIDADES DE LOS HOGARES INDIVIDUALES,S02
68,SANTANDER,2024pr,13379,1.3379E+13,ADMINISTRACION PUBLICA EDUCACION Y SALUD ACTIVIDADES ARTISTICAS Y DE ENTRETENIMIENTO ACTIVIDADES DE LOS HOGARES INDIVIDUALES,S02
70,SUCRE,1980,1,1000000000,ADMINISTRACION PUBLICA EDUCACION Y SALUD ACTIVIDADES ARTISTICAS Y DE ENTRETENIMIENTO ACTIVIDADES DE LOS HOGARES INDIVIDUALES,S02
70,SUCRE,1981,2,2000000000,ADMINISTRACION PUBLICA EDUCACION Y SALUD ACTIVIDADES ARTISTICAS Y DE ENTRETENIMIENTO ACTIVIDADES DE LOS HOGARES INDIVIDUALES,S02
70,SUCRE,1982,4,4000000000,ADMINISTRACION PUBLICA EDUCACION Y SALUD ACTIVIDADES ARTISTICAS Y DE ENTRETENIMIENTO ACTIVIDADES DE LOS HOGARES INDIVIDUALES,S02
70,SUCRE,1983,5,5000000000,ADMINISTRACION PUBLICA EDUCACION Y SALUD ACTIVIDADES ARTISTICAS Y DE ENTRETENIMIENTO ACTIVIDADES DE LOS HOGARES INDIVIDUALES,S02
70,SUCRE,1984,6,6000000000,ADMINISTRACION PUBLICA EDUCACION Y SALUD ACTIVIDADES ARTISTICAS Y DE ENTRETENIMIENTO ACTIVIDADES DE LOS HOGARES INDIVIDUALES,S02
70,SUCRE,1985,7,7000000000,ADMINISTRACION PUBLICA EDUCACION Y SALUD ACTIVIDADES ARTISTICAS Y DE ENTRETENIMIENTO ACTIVIDADES DE LOS HOGARES INDIVIDUALES,S02
70,SUCRE,1986,10,10000000000,ADMINISTRACION PUBLICA EDUCACION Y SALUD ACTIVIDADES ARTISTICAS Y DE ENTRETENIMIENTO ACTIVIDADES DE LOS HOGARES INDIVIDUALES,S02
70,SUCRE,1987,15,15000000000,ADMINISTRACION PUBLICA EDUCACION Y SALUD ACTIVIDADES ARTISTICAS Y DE ENTRETENIMIENTO ACTIVIDADES DE LOS HOGARES INDIVIDUALES,S02
70,SUCRE,1988,19,19000000000,ADMINISTRACION PUBLICA EDUCACION Y SALUD ACTIVIDADES ARTISTICAS Y DE ENTRETENIMIENTO ACTIVIDADES DE LOS HOGARES INDIVIDUALES,S02
70,SUCRE,1989,25,25000000000,ADMINISTRACION PUBLICA EDUCACION Y SALUD ACTIVIDADES ARTISTICAS Y DE ENTRETENIMIENTO ACTIVIDADES DE LOS HOGARES INDIVIDUALES,S02
70,SUCRE,1990,34,34000000000,ADMINISTRACION PUBLICA EDUCACION Y SALUD ACTIVIDADES ARTISTICAS Y DE ENTRETENIMIENTO ACTIVIDADES DE LOS HOGARES INDIVIDUALES,S02
70,SUCRE,1991,44,44000000000,ADMINISTRACION PUBLICA EDUCACION Y SALUD ACTIVIDADES ARTISTICAS Y DE ENTRETENIMIENTO ACTIVIDADES DE LOS HOGARES INDIVIDUALES,S02
70,SUCRE,1992,72,72000000000,ADMINISTRACION PUBLICA EDUCACION Y SALUD ACTIVIDADES ARTISTICAS Y DE ENTRETENIMIENTO ACTIVIDADES DE LOS HOGARES INDIVIDUALES,S02
70,SUCRE,1993,100,1E+11,ADMINISTRACION PUBLICA EDUCACION Y SALUD ACTIVIDADES ARTISTICAS Y DE ENTRETENIMIENTO ACTIVIDADES DE LOS HOGARES INDIVIDUALES,S02
70,SUCRE,1994,144,1.44E+11,ADMINISTRACION PUBLICA EDUCACION Y SALUD ACTIVIDADES ARTISTICAS Y DE ENTRETENIMIENTO ACTIVIDADES DE LOS HOGARES INDIVIDUALES,S02
70,SUCRE,1995,201,2.01E+11,ADMINISTRACION PUBLICA EDUCACION Y SALUD ACTIVIDADES ARTISTICAS Y DE ENTRETENIMIENTO ACTIVIDADES DE LOS HOGARES INDIVIDUALES,S02
70,SUCRE,1996,261,2.61E+11,ADMINISTRACION PUBLICA EDUCACION Y SALUD ACTIVIDADES ARTISTICAS Y DE ENTRETENIMIENTO ACTIVIDADES DE LOS HOGARES INDIVIDUALES,S02
70,SUCRE,1997,324,3.24E+11,ADMINISTRACION PUBLICA EDUCACION Y SALUD ACTIVIDADES ARTISTICAS Y DE ENTRETENIMIENTO ACTIVIDADES DE LOS HOGARES INDIVIDUALES,S02
70,SUCRE,1998,379,3.79E+11,ADMINISTRACION PUBLICA EDUCACION Y SALUD ACTIVIDADES ARTISTICAS Y DE ENTRETENIMIENTO ACTIVIDADES DE LOS HOGARES INDIVIDUALES,S02
70,SUCRE,1999,438,4.38E+11,ADMINISTRACION PUBLICA EDUCACION Y SALUD ACTIVIDADES ARTISTICAS Y DE ENTRETENIMIENTO ACTIVIDADES DE LOS HOGARES INDIVIDUALES,S02
70,SUCRE,2000,522,5.22E+11,ADMINISTRACION PUBLICA EDUCACION Y SALUD ACTIVIDADES ARTISTICAS Y DE ENTRETENIMIENTO ACTIVIDADES DE LOS HOGARES INDIVIDUALES,S02
70,SUCRE,2001,545,5.45E+11,ADMINISTRACION PUBLICA EDUCACION Y SALUD ACTIVIDADES ARTISTICAS Y DE ENTRETENIMIENTO ACTIVIDADES DE LOS HOGARES INDIVIDUALES,S02
70,SUCRE,2002,499,4.99E+11,ADMINISTRACION PUBLICA EDUCACION Y SALUD ACTIVIDADES ARTISTICAS Y DE ENTRETENIMIENTO ACTIVIDADES DE LOS HOGARES INDIVIDUALES,S02
70,SUCRE,2003,552,5.52E+11,ADMINISTRACION PUBLICA EDUCACION Y SALUD ACTIVIDADES ARTISTICAS Y DE ENTRETENIMIENTO ACTIVIDADES DE LOS HOGARES INDIVIDUALES,S02
70,SUCRE,2004,668,6.68E+11,ADMINISTRACION PUBLICA EDUCACION Y SALUD ACTIVIDADES ARTISTICAS Y DE ENTRETENIMIENTO ACTIVIDADES DE LOS HOGARES INDIVIDUALES,S02
70,SUCRE,2005,750,7.5E+11,ADMINISTRACION PUBLICA EDUCACION Y SALUD ACTIVIDADES ARTISTICAS Y DE ENTRETENIMIENTO ACTIVIDADES DE LOS HOGARES INDIVIDUALES,S02
70,SUCRE,2006,804,8.04E+11,ADMINISTRACION PUBLICA EDUCACION Y SALUD ACTIVIDADES ARTISTICAS Y DE ENTRETENIMIENTO ACTIVIDADES DE LOS HOGARES INDIVIDUALES,S02
70,SUCRE,2007,926,9.26E+11,ADMINISTRACION PUBLICA EDUCACION Y SALUD ACTIVIDADES ARTISTICAS Y DE ENTRETENIMIENTO ACTIVIDADES DE LOS HOGARES INDIVIDUALES,S02
70,SUCRE,2008,1063,1.063E+12,ADMINISTRACION PUBLICA EDUCACION Y SALUD ACTIVIDADES ARTISTICAS Y DE ENTRETENIMIENTO ACTIVIDADES DE LOS HOGARES INDIVIDUALES,S02
70,SUCRE,2009,1237,1.237E+12,ADMINISTRACION PUBLICA EDUCACION Y SALUD ACTIVIDADES ARTISTICAS Y DE ENTRETENIMIENTO ACTIVIDADES DE LOS HOGARES INDIVIDUALES,S02
70,SUCRE,2010,1292,1.292E+12,ADMINISTRACION PUBLICA EDUCACION Y SALUD ACTIVIDADES ARTISTICAS Y DE ENTRETENIMIENTO ACTIVIDADES DE LOS HOGARES INDIVIDUALES,S02
70,SUCRE,2011,1471,1.471E+12,ADMINISTRACION PUBLICA EDUCACION Y SALUD ACTIVIDADES ARTISTICAS Y DE ENTRETENIMIENTO ACTIVIDADES DE LOS HOGARES INDIVIDUALES,S02
70,SUCRE,2012,1664,1.664E+12,ADMINISTRACION PUBLICA EDUCACION Y SALUD ACTIVIDADES ARTISTICAS Y DE ENTRETENIMIENTO ACTIVIDADES DE LOS HOGARES INDIVIDUALES,S02
70,SUCRE,2013,1803,1.803E+12,ADMINISTRACION PUBLICA EDUCACION Y SALUD ACTIVIDADES ARTISTICAS Y DE ENTRETENIMIENTO ACTIVIDADES DE LOS HOGARES INDIVIDUALES,S02
70,SUCRE,2014,1994,1.994E+12,ADMINISTRACION PUBLICA EDUCACION Y SALUD ACTIVIDADES ARTISTICAS Y DE ENTRETENIMIENTO ACTIVIDADES DE LOS HOGARES INDIVIDUALES,S02
70,SUCRE,2015,2165,2.165E+12,ADMINISTRACION PUBLICA EDUCACION Y SALUD ACTIVIDADES ARTISTICAS Y DE ENTRETENIMIENTO ACTIVIDADES DE LOS HOGARES INDIVIDUALES,S02
70,SUCRE,2016,2393,2.393E+12,ADMINISTRACION PUBLICA EDUCACION Y SALUD ACTIVIDADES ARTISTICAS Y DE ENTRETENIMIENTO ACTIVIDADES DE LOS HOGARES INDIVIDUALES,S02
70,SUCRE,2017,2602,2.602E+12,ADMINISTRACION PUBLICA EDUCACION Y SALUD ACTIVIDADES ARTISTICAS Y DE ENTRETENIMIENTO ACTIVIDADES DE LOS HOGARES INDIVIDUALES,S02
70,SUCRE,2018,2802,2.802E+12,ADMINISTRACION PUBLICA EDUCACION Y SALUD ACTIVIDADES ARTISTICAS Y DE ENTRETENIMIENTO ACTIVIDADES DE LOS HOGARES INDIVIDUALES,S02
70,SUCRE,2019,3061,3.061E+12,ADMINISTRACION PUBLICA EDUCACION Y SALUD ACTIVIDADES ARTISTICAS Y DE ENTRETENIMIENTO ACTIVIDADES DE LOS HOGARES INDIVIDUALES,S02
70,SUCRE,2020,3131,3.131E+12,ADMINISTRACION PUBLICA EDUCACION Y SALUD ACTIVIDADES ARTISTICAS Y DE ENTRETENIMIENTO ACTIVIDADES DE LOS HOGARES INDIVIDUALES,S02
70,SUCRE,2021,3503,3.503E+12,ADMINISTRACION PUBLICA EDUCACION Y SALUD ACTIVIDADES ARTISTICAS Y DE ENTRETENIMIENTO ACTIVIDADES DE LOS HOGARES INDIVIDUALES,S02
70,SUCRE,2022,3908,3.908E+12,ADMINISTRACION PUBLICA EDUCACION Y SALUD ACTIVIDADES ARTISTICAS Y DE ENTRETENIMIENTO ACTIVIDADES DE LOS HOGARES INDIVIDUALES,S02
70,SUCRE,2023p,4503,4.503E+12,ADMINISTRACION PUBLICA EDUCACION Y SALUD ACTIVIDADES ARTISTICAS Y DE ENTRETENIMIENTO ACTIVIDADES DE LOS HOGARES INDIVIDUALES,S02
70,SUCRE,2024pr,5093,5.093E+12,ADMINISTRACION PUBLICA EDUCACION Y SALUD ACTIVIDADES ARTISTICAS Y DE ENTRETENIMIENTO ACTIVIDADES DE LOS HOGARES INDIVIDUALES,S02
73,TOLIMA,1980,7,7000000000,ADMINISTRACION PUBLICA EDUCACION Y SALUD ACTIVIDADES ARTISTICAS Y DE ENTRETENIMIENTO ACTIVIDADES DE LOS HOGARES INDIVIDUALES,S02
73,TOLIMA,1981,9,9000000000,ADMINISTRACION PUBLICA EDUCACION Y SALUD ACTIVIDADES ARTISTICAS Y DE ENTRETENIMIENTO ACTIVIDADES DE LOS HOGARES INDIVIDUALES,S02
73,TOLIMA,1982,10,10000000000,ADMINISTRACION PUBLICA EDUCACION Y SALUD ACTIVIDADES ARTISTICAS Y DE ENTRETENIMIENTO ACTIVIDADES DE LOS HOGARES INDIVIDUALES,S02
73,TOLIMA,1983,13,13000000000,ADMINISTRACION PUBLICA EDUCACION Y SALUD ACTIVIDADES ARTISTICAS Y DE ENTRETENIMIENTO ACTIVIDADES DE LOS HOGARES INDIVIDUALES,S02
73,TOLIMA,1984,17,17000000000,ADMINISTRACION PUBLICA EDUCACION Y SALUD ACTIVIDADES ARTISTICAS Y DE ENTRETENIMIENTO ACTIVIDADES DE LOS HOGARES INDIVIDUALES,S02
73,TOLIMA,1985,22,22000000000,ADMINISTRACION PUBLICA EDUCACION Y SALUD ACTIVIDADES ARTISTICAS Y DE ENTRETENIMIENTO ACTIVIDADES DE LOS HOGARES INDIVIDUALES,S02
73,TOLIMA,1986,27,27000000000,ADMINISTRACION PUBLICA EDUCACION Y SALUD ACTIVIDADES ARTISTICAS Y DE ENTRETENIMIENTO ACTIVIDADES DE LOS HOGARES INDIVIDUALES,S02
73,TOLIMA,1987,37,37000000000,ADMINISTRACION PUBLICA EDUCACION Y SALUD ACTIVIDADES ARTISTICAS Y DE ENTRETENIMIENTO ACTIVIDADES DE LOS HOGARES INDIVIDUALES,S02
73,TOLIMA,1988,49,49000000000,ADMINISTRACION PUBLICA EDUCACION Y SALUD ACTIVIDADES ARTISTICAS Y DE ENTRETENIMIENTO ACTIVIDADES DE LOS HOGARES INDIVIDUALES,S02
73,TOLIMA,1989,64,64000000000,ADMINISTRACION PUBLICA EDUCACION Y SALUD ACTIVIDADES ARTISTICAS Y DE ENTRETENIMIENTO ACTIVIDADES DE LOS HOGARES INDIVIDUALES,S02
73,TOLIMA,1990,86,86000000000,ADMINISTRACION PUBLICA EDUCACION Y SALUD ACTIVIDADES ARTISTICAS Y DE ENTRETENIMIENTO ACTIVIDADES DE LOS HOGARES INDIVIDUALES,S02
73,TOLIMA,1991,111,1.11E+11,ADMINISTRACION PUBLICA EDUCACION Y SALUD ACTIVIDADES ARTISTICAS Y DE ENTRETENIMIENTO ACTIVIDADES DE LOS HOGARES INDIVIDUALES,S02
73,TOLIMA,1992,176,1.76E+11,ADMINISTRACION PUBLICA EDUCACION Y SALUD ACTIVIDADES ARTISTICAS Y DE ENTRETENIMIENTO ACTIVIDADES DE LOS HOGARES INDIVIDUALES,S02
73,TOLIMA,1993,239,2.39E+11,ADMINISTRACION PUBLICA EDUCACION Y SALUD ACTIVIDADES ARTISTICAS Y DE ENTRETENIMIENTO ACTIVIDADES DE LOS HOGARES INDIVIDUALES,S02
73,TOLIMA,1994,335,3.35E+11,ADMINISTRACION PUBLICA EDUCACION Y SALUD ACTIVIDADES ARTISTICAS Y DE ENTRETENIMIENTO ACTIVIDADES DE LOS HOGARES INDIVIDUALES,S02
73,TOLIMA,1995,415,4.15E+11,ADMINISTRACION PUBLICA EDUCACION Y SALUD ACTIVIDADES ARTISTICAS Y DE ENTRETENIMIENTO ACTIVIDADES DE LOS HOGARES INDIVIDUALES,S02
73,TOLIMA,1996,558,5.58E+11,ADMINISTRACION PUBLICA EDUCACION Y SALUD ACTIVIDADES ARTISTICAS Y DE ENTRETENIMIENTO ACTIVIDADES DE LOS HOGARES INDIVIDUALES,S02
73,TOLIMA,1997,673,6.73E+11,ADMINISTRACION PUBLICA EDUCACION Y SALUD ACTIVIDADES ARTISTICAS Y DE ENTRETENIMIENTO ACTIVIDADES DE LOS HOGARES INDIVIDUALES,S02
73,TOLIMA,1998,746,7.46E+11,ADMINISTRACION PUBLICA EDUCACION Y SALUD ACTIVIDADES ARTISTICAS Y DE ENTRETENIMIENTO ACTIVIDADES DE LOS HOGARES INDIVIDUALES,S02
73,TOLIMA,1999,856,8.56E+11,ADMINISTRACION PUBLICA EDUCACION Y SALUD ACTIVIDADES ARTISTICAS Y DE ENTRETENIMIENTO ACTIVIDADES DE LOS HOGARES INDIVIDUALES,S02
73,TOLIMA,2000,991,9.91E+11,ADMINISTRACION PUBLICA EDUCACION Y SALUD ACTIVIDADES ARTISTICAS Y DE ENTRETENIMIENTO ACTIVIDADES DE LOS HOGARES INDIVIDUALES,S02
73,TOLIMA,2001,1020,1.02E+12,ADMINISTRACION PUBLICA EDUCACION Y SALUD ACTIVIDADES ARTISTICAS Y DE ENTRETENIMIENTO ACTIVIDADES DE LOS HOGARES INDIVIDUALES,S02
73,TOLIMA,2002,1040,1.04E+12,ADMINISTRACION PUBLICA EDUCACION Y SALUD ACTIVIDADES ARTISTICAS Y DE ENTRETENIMIENTO ACTIVIDADES DE LOS HOGARES INDIVIDUALES,S02
73,TOLIMA,2003,1079,1.079E+12,ADMINISTRACION PUBLICA EDUCACION Y SALUD ACTIVIDADES ARTISTICAS Y DE ENTRETENIMIENTO ACTIVIDADES DE LOS HOGARES INDIVIDUALES,S02
73,TOLIMA,2004,1172,1.172E+12,ADMINISTRACION PUBLICA EDUCACION Y SALUD ACTIVIDADES ARTISTICAS Y DE ENTRETENIMIENTO ACTIVIDADES DE LOS HOGARES INDIVIDUALES,S02
73,TOLIMA,2005,1311,1.311E+12,ADMINISTRACION PUBLICA EDUCACION Y SALUD ACTIVIDADES ARTISTICAS Y DE ENTRETENIMIENTO ACTIVIDADES DE LOS HOGARES INDIVIDUALES,S02
73,TOLIMA,2006,1420,1.42E+12,ADMINISTRACION PUBLICA EDUCACION Y SALUD ACTIVIDADES ARTISTICAS Y DE ENTRETENIMIENTO ACTIVIDADES DE LOS HOGARES INDIVIDUALES,S02
73,TOLIMA,2007,1573,1.573E+12,ADMINISTRACION PUBLICA EDUCACION Y SALUD ACTIVIDADES ARTISTICAS Y DE ENTRETENIMIENTO ACTIVIDADES DE LOS HOGARES INDIVIDUALES,S02
73,TOLIMA,2008,1770,1.77E+12,ADMINISTRACION PUBLICA EDUCACION Y SALUD ACTIVIDADES ARTISTICAS Y DE ENTRETENIMIENTO ACTIVIDADES DE LOS HOGARES INDIVIDUALES,S02
73,TOLIMA,2009,1918,1.918E+12,ADMINISTRACION PUBLICA EDUCACION Y SALUD ACTIVIDADES ARTISTICAS Y DE ENTRETENIMIENTO ACTIVIDADES DE LOS HOGARES INDIVIDUALES,S02
73,TOLIMA,2010,2077,2.077E+12,ADMINISTRACION PUBLICA EDUCACION Y SALUD ACTIVIDADES ARTISTICAS Y DE ENTRETENIMIENTO ACTIVIDADES DE LOS HOGARES INDIVIDUALES,S02
73,TOLIMA,2011,2260,2.26E+12,ADMINISTRACION PUBLICA EDUCACION Y SALUD ACTIVIDADES ARTISTICAS Y DE ENTRETENIMIENTO ACTIVIDADES DE LOS HOGARES INDIVIDUALES,S02
73,TOLIMA,2012,2498,2.498E+12,ADMINISTRACION PUBLICA EDUCACION Y SALUD ACTIVIDADES ARTISTICAS Y DE ENTRETENIMIENTO ACTIVIDADES DE LOS HOGARES INDIVIDUALES,S02
73,TOLIMA,2013,2709,2.709E+12,ADMINISTRACION PUBLICA EDUCACION Y SALUD ACTIVIDADES ARTISTICAS Y DE ENTRETENIMIENTO ACTIVIDADES DE LOS HOGARES INDIVIDUALES,S02
73,TOLIMA,2014,2845,2.845E+12,ADMINISTRACION PUBLICA EDUCACION Y SALUD ACTIVIDADES ARTISTICAS Y DE ENTRETENIMIENTO ACTIVIDADES DE LOS HOGARES INDIVIDUALES,S02
73,TOLIMA,2015,3114,3.114E+12,ADMINISTRACION PUBLICA EDUCACION Y SALUD ACTIVIDADES ARTISTICAS Y DE ENTRETENIMIENTO ACTIVIDADES DE LOS HOGARES INDIVIDUALES,S02
73,TOLIMA,2016,3425,3.425E+12,ADMINISTRACION PUBLICA EDUCACION Y SALUD ACTIVIDADES ARTISTICAS Y DE ENTRETENIMIENTO ACTIVIDADES DE LOS HOGARES INDIVIDUALES,S02
73,TOLIMA,2017,3718,3.718E+12,ADMINISTRACION PUBLICA EDUCACION Y SALUD ACTIVIDADES ARTISTICAS Y DE ENTRETENIMIENTO ACTIVIDADES DE LOS HOGARES INDIVIDUALES,S02
73,TOLIMA,2018,4001,4.001E+12,ADMINISTRACION PUBLICA EDUCACION Y SALUD ACTIVIDADES ARTISTICAS Y DE ENTRETENIMIENTO ACTIVIDADES DE LOS HOGARES INDIVIDUALES,S02
73,TOLIMA,2019,4366,4.366E+12,ADMINISTRACION PUBLICA EDUCACION Y SALUD ACTIVIDADES ARTISTICAS Y DE ENTRETENIMIENTO ACTIVIDADES DE LOS HOGARES INDIVIDUALES,S02
73,TOLIMA,2020,4459,4.459E+12,ADMINISTRACION PUBLICA EDUCACION Y SALUD ACTIVIDADES ARTISTICAS Y DE ENTRETENIMIENTO ACTIVIDADES DE LOS HOGARES INDIVIDUALES,S02
73,TOLIMA,2021,4998,4.998E+12,ADMINISTRACION PUBLICA EDUCACION Y SALUD ACTIVIDADES ARTISTICAS Y DE ENTRETENIMIENTO ACTIVIDADES DE LOS HOGARES INDIVIDUALES,S02
73,TOLIMA,2022,5622,5.622E+12,ADMINISTRACION PUBLICA EDUCACION Y SALUD ACTIVIDADES ARTISTICAS Y DE ENTRETENIMIENTO ACTIVIDADES DE LOS HOGARES INDIVIDUALES,S02
73,TOLIMA,2023p,6525,6.525E+12,ADMINISTRACION PUBLICA EDUCACION Y SALUD ACTIVIDADES ARTISTICAS Y DE ENTRETENIMIENTO ACTIVIDADES DE LOS HOGARES INDIVIDUALES,S02
73,TOLIMA,2024pr,7380,7.38E+12,ADMINISTRACION PUBLICA EDUCACION Y SALUD ACTIVIDADES ARTISTICAS Y DE ENTRETENIMIENTO ACTIVIDADES DE LOS HOGARES INDIVIDUALES,S02
76,VALLE DEL CAUCA,1980,27,27000000000,ADMINISTRACION PUBLICA EDUCACION Y SALUD ACTIVIDADES ARTISTICAS Y DE ENTRETENIMIENTO ACTIVIDADES DE LOS HOGARES INDIVIDUALES,S02
76,VALLE DEL CAUCA,1981,37,37000000000,ADMINISTRACION PUBLICA EDUCACION Y SALUD ACTIVIDADES ARTISTICAS Y DE ENTRETENIMIENTO ACTIVIDADES DE LOS HOGARES INDIVIDUALES,S02
76,VALLE DEL CAUCA,1982,39,39000000000,ADMINISTRACION PUBLICA EDUCACION Y SALUD ACTIVIDADES ARTISTICAS Y DE ENTRETENIMIENTO ACTIVIDADES DE LOS HOGARES INDIVIDUALES,S02
76,VALLE DEL CAUCA,1983,49,49000000000,ADMINISTRACION PUBLICA EDUCACION Y SALUD ACTIVIDADES ARTISTICAS Y DE ENTRETENIMIENTO ACTIVIDADES DE LOS HOGARES INDIVIDUALES,S02
76,VALLE DEL CAUCA,1984,60,60000000000,ADMINISTRACION PUBLICA EDUCACION Y SALUD ACTIVIDADES ARTISTICAS Y DE ENTRETENIMIENTO ACTIVIDADES DE LOS HOGARES INDIVIDUALES,S02
76,VALLE DEL CAUCA,1985,74,74000000000,ADMINISTRACION PUBLICA EDUCACION Y SALUD ACTIVIDADES ARTISTICAS Y DE ENTRETENIMIENTO ACTIVIDADES DE LOS HOGARES INDIVIDUALES,S02
76,VALLE DEL CAUCA,1986,93,93000000000,ADMINISTRACION PUBLICA EDUCACION Y SALUD ACTIVIDADES ARTISTICAS Y DE ENTRETENIMIENTO ACTIVIDADES DE LOS HOGARES INDIVIDUALES,S02
76,VALLE DEL CAUCA,1987,120,1.2E+11,ADMINISTRACION PUBLICA EDUCACION Y SALUD ACTIVIDADES ARTISTICAS Y DE ENTRETENIMIENTO ACTIVIDADES DE LOS HOGARES INDIVIDUALES,S02
76,VALLE DEL CAUCA,1988,168,1.68E+11,ADMINISTRACION PUBLICA EDUCACION Y SALUD ACTIVIDADES ARTISTICAS Y DE ENTRETENIMIENTO ACTIVIDADES DE LOS HOGARES INDIVIDUALES,S02
76,VALLE DEL CAUCA,1989,228,2.28E+11,ADMINISTRACION PUBLICA EDUCACION Y SALUD ACTIVIDADES ARTISTICAS Y DE ENTRETENIMIENTO ACTIVIDADES DE LOS HOGARES INDIVIDUALES,S02
76,VALLE DEL CAUCA,1990,292,2.92E+11,ADMINISTRACION PUBLICA EDUCACION Y SALUD ACTIVIDADES ARTISTICAS Y DE ENTRETENIMIENTO ACTIVIDADES DE LOS HOGARES INDIVIDUALES,S02
76,VALLE DEL CAUCA,1991,402,4.02E+11,ADMINISTRACION PUBLICA EDUCACION Y SALUD ACTIVIDADES ARTISTICAS Y DE ENTRETENIMIENTO ACTIVIDADES DE LOS HOGARES INDIVIDUALES,S02
76,VALLE DEL CAUCA,1992,570,5.7E+11,ADMINISTRACION PUBLICA EDUCACION Y SALUD ACTIVIDADES ARTISTICAS Y DE ENTRETENIMIENTO ACTIVIDADES DE LOS HOGARES INDIVIDUALES,S02
76,VALLE DEL CAUCA,1993,771,7.71E+11,ADMINISTRACION PUBLICA EDUCACION Y SALUD ACTIVIDADES ARTISTICAS Y DE ENTRETENIMIENTO ACTIVIDADES DE LOS HOGARES INDIVIDUALES,S02
76,VALLE DEL CAUCA,1994,979,9.79E+11,ADMINISTRACION PUBLICA EDUCACION Y SALUD ACTIVIDADES ARTISTICAS Y DE ENTRETENIMIENTO ACTIVIDADES DE LOS HOGARES INDIVIDUALES,S02
76,VALLE DEL CAUCA,1995,1305,1.305E+12,ADMINISTRACION PUBLICA EDUCACION Y SALUD ACTIVIDADES ARTISTICAS Y DE ENTRETENIMIENTO ACTIVIDADES DE LOS HOGARES INDIVIDUALES,S02
76,VALLE DEL CAUCA,1996,1781,1.781E+12,ADMINISTRACION PUBLICA EDUCACION Y SALUD ACTIVIDADES ARTISTICAS Y DE ENTRETENIMIENTO ACTIVIDADES DE LOS HOGARES INDIVIDUALES,S02
76,VALLE DEL CAUCA,1997,2202,2.202E+12,ADMINISTRACION PUBLICA EDUCACION Y SALUD ACTIVIDADES ARTISTICAS Y DE ENTRETENIMIENTO ACTIVIDADES DE LOS HOGARES INDIVIDUALES,S02
76,VALLE DEL CAUCA,1998,2570,2.57E+12,ADMINISTRACION PUBLICA EDUCACION Y SALUD ACTIVIDADES ARTISTICAS Y DE ENTRETENIMIENTO ACTIVIDADES DE LOS HOGARES INDIVIDUALES,S02
76,VALLE DEL CAUCA,1999,2986,2.986E+12,ADMINISTRACION PUBLICA EDUCACION Y SALUD ACTIVIDADES ARTISTICAS Y DE ENTRETENIMIENTO ACTIVIDADES DE LOS HOGARES INDIVIDUALES,S02
76,VALLE DEL CAUCA,2000,2968,2.968E+12,ADMINISTRACION PUBLICA EDUCACION Y SALUD ACTIVIDADES ARTISTICAS Y DE ENTRETENIMIENTO ACTIVIDADES DE LOS HOGARES INDIVIDUALES,S02
76,VALLE DEL CAUCA,2001,3194,3.194E+12,ADMINISTRACION PUBLICA EDUCACION Y SALUD ACTIVIDADES ARTISTICAS Y DE ENTRETENIMIENTO ACTIVIDADES DE LOS HOGARES INDIVIDUALES,S02
76,VALLE DEL CAUCA,2002,3482,3.482E+12,ADMINISTRACION PUBLICA EDUCACION Y SALUD ACTIVIDADES ARTISTICAS Y DE ENTRETENIMIENTO ACTIVIDADES DE LOS HOGARES INDIVIDUALES,S02
76,VALLE DEL CAUCA,2003,3581,3.581E+12,ADMINISTRACION PUBLICA EDUCACION Y SALUD ACTIVIDADES ARTISTICAS Y DE ENTRETENIMIENTO ACTIVIDADES DE LOS HOGARES INDIVIDUALES,S02
76,VALLE DEL CAUCA,2004,4057,4.057E+12,ADMINISTRACION PUBLICA EDUCACION Y SALUD ACTIVIDADES ARTISTICAS Y DE ENTRETENIMIENTO ACTIVIDADES DE LOS HOGARES INDIVIDUALES,S02
76,VALLE DEL CAUCA,2005,4508,4.508E+12,ADMINISTRACION PUBLICA EDUCACION Y SALUD ACTIVIDADES ARTISTICAS Y DE ENTRETENIMIENTO ACTIVIDADES DE LOS HOGARES INDIVIDUALES,S02
76,VALLE DEL CAUCA,2006,4851,4.851E+12,ADMINISTRACION PUBLICA EDUCACION Y SALUD ACTIVIDADES ARTISTICAS Y DE ENTRETENIMIENTO ACTIVIDADES DE LOS HOGARES INDIVIDUALES,S02
76,VALLE DEL CAUCA,2007,5385,5.385E+12,ADMINISTRACION PUBLICA EDUCACION Y SALUD ACTIVIDADES ARTISTICAS Y DE ENTRETENIMIENTO ACTIVIDADES DE LOS HOGARES INDIVIDUALES,S02
76,VALLE DEL CAUCA,2008,6014,6.014E+12,ADMINISTRACION PUBLICA EDUCACION Y SALUD ACTIVIDADES ARTISTICAS Y DE ENTRETENIMIENTO ACTIVIDADES DE LOS HOGARES INDIVIDUALES,S02
76,VALLE DEL CAUCA,2009,6573,6.573E+12,ADMINISTRACION PUBLICA EDUCACION Y SALUD ACTIVIDADES ARTISTICAS Y DE ENTRETENIMIENTO ACTIVIDADES DE LOS HOGARES INDIVIDUALES,S02
76,VALLE DEL CAUCA,2010,7115,7.115E+12,ADMINISTRACION PUBLICA EDUCACION Y SALUD ACTIVIDADES ARTISTICAS Y DE ENTRETENIMIENTO ACTIVIDADES DE LOS HOGARES INDIVIDUALES,S02
76,VALLE DEL CAUCA,2011,7774,7.774E+12,ADMINISTRACION PUBLICA EDUCACION Y SALUD ACTIVIDADES ARTISTICAS Y DE ENTRETENIMIENTO ACTIVIDADES DE LOS HOGARES INDIVIDUALES,S02
76,VALLE DEL CAUCA,2012,8572,8.572E+12,ADMINISTRACION PUBLICA EDUCACION Y SALUD ACTIVIDADES ARTISTICAS Y DE ENTRETENIMIENTO ACTIVIDADES DE LOS HOGARES INDIVIDUALES,S02
76,VALLE DEL CAUCA,2013,9373,9.373E+12,ADMINISTRACION PUBLICA EDUCACION Y SALUD ACTIVIDADES ARTISTICAS Y DE ENTRETENIMIENTO ACTIVIDADES DE LOS HOGARES INDIVIDUALES,S02
76,VALLE DEL CAUCA,2014,10084,1.0084E+13,ADMINISTRACION PUBLICA EDUCACION Y SALUD ACTIVIDADES ARTISTICAS Y DE ENTRETENIMIENTO ACTIVIDADES DE LOS HOGARES INDIVIDUALES,S02
76,VALLE DEL CAUCA,2015,11086,1.1086E+13,ADMINISTRACION PUBLICA EDUCACION Y SALUD ACTIVIDADES ARTISTICAS Y DE ENTRETENIMIENTO ACTIVIDADES DE LOS HOGARES INDIVIDUALES,S02
76,VALLE DEL CAUCA,2016,12182,1.2182E+13,ADMINISTRACION PUBLICA EDUCACION Y SALUD ACTIVIDADES ARTISTICAS Y DE ENTRETENIMIENTO ACTIVIDADES DE LOS HOGARES INDIVIDUALES,S02
76,VALLE DEL CAUCA,2017,13340,1.334E+13,ADMINISTRACION PUBLICA EDUCACION Y SALUD ACTIVIDADES ARTISTICAS Y DE ENTRETENIMIENTO ACTIVIDADES DE LOS HOGARES INDIVIDUALES,S02
76,VALLE DEL CAUCA,2018,14461,1.4461E+13,ADMINISTRACION PUBLICA EDUCACION Y SALUD ACTIVIDADES ARTISTICAS Y DE ENTRETENIMIENTO ACTIVIDADES DE LOS HOGARES INDIVIDUALES,S02
76,VALLE DEL CAUCA,2019,15891,1.5891E+13,ADMINISTRACION PUBLICA EDUCACION Y SALUD ACTIVIDADES ARTISTICAS Y DE ENTRETENIMIENTO ACTIVIDADES DE LOS HOGARES INDIVIDUALES,S02
76,VALLE DEL CAUCA,2020,15759,1.5759E+13,ADMINISTRACION PUBLICA EDUCACION Y SALUD ACTIVIDADES ARTISTICAS Y DE ENTRETENIMIENTO ACTIVIDADES DE LOS HOGARES INDIVIDUALES,S02
76,VALLE DEL CAUCA,2021,18161,1.8161E+13,ADMINISTRACION PUBLICA EDUCACION Y SALUD ACTIVIDADES ARTISTICAS Y DE ENTRETENIMIENTO ACTIVIDADES DE LOS HOGARES INDIVIDUALES,S02
76,VALLE DEL CAUCA,2022,20802,2.0802E+13,ADMINISTRACION PUBLICA EDUCACION Y SALUD ACTIVIDADES ARTISTICAS Y DE ENTRETENIMIENTO ACTIVIDADES DE LOS HOGARES INDIVIDUALES,S02
76,VALLE DEL CAUCA,2023p,24201,2.4201E+13,ADMINISTRACION PUBLICA EDUCACION Y SALUD ACTIVIDADES ARTISTICAS Y DE ENTRETENIMIENTO ACTIVIDADES DE LOS HOGARES INDIVIDUALES,S02
76,VALLE DEL CAUCA,2024pr,27372,2.7372E+13,ADMINISTRACION PUBLICA EDUCACION Y SALUD ACTIVIDADES ARTISTICAS Y DE ENTRETENIMIENTO ACTIVIDADES DE LOS HOGARES INDIVIDUALES,S02
99999,NUEVOS DEPARTAMENTOS,1980,5,5000000000,ADMINISTRACION PUBLICA EDUCACION Y SALUD ACTIVIDADES ARTISTICAS Y DE ENTRETENIMIENTO ACTIVIDADES DE LOS HOGARES INDIVIDUALES,S02
99999,NUEVOS DEPARTAMENTOS,1981,6,6000000000,ADMINISTRACION PUBLICA EDUCACION Y SALUD ACTIVIDADES ARTISTICAS Y DE ENTRETENIMIENTO ACTIVIDADES DE LOS HOGARES INDIVIDUALES,S02
99999,NUEVOS DEPARTAMENTOS,1982,13,13000000000,ADMINISTRACION PUBLICA EDUCACION Y SALUD ACTIVIDADES ARTISTICAS Y DE ENTRETENIMIENTO ACTIVIDADES DE LOS HOGARES INDIVIDUALES,S02
99999,NUEVOS DEPARTAMENTOS,1983,20,20000000000,ADMINISTRACION PUBLICA EDUCACION Y SALUD ACTIVIDADES ARTISTICAS Y DE ENTRETENIMIENTO ACTIVIDADES DE LOS HOGARES INDIVIDUALES,S02
99999,NUEVOS DEPARTAMENTOS,1984,20,20000000000,ADMINISTRACION PUBLICA EDUCACION Y SALUD ACTIVIDADES ARTISTICAS Y DE ENTRETENIMIENTO ACTIVIDADES DE LOS HOGARES INDIVIDUALES,S02
99999,NUEVOS DEPARTAMENTOS,1985,24,24000000000,ADMINISTRACION PUBLICA EDUCACION Y SALUD ACTIVIDADES ARTISTICAS Y DE ENTRETENIMIENTO ACTIVIDADES DE LOS HOGARES INDIVIDUALES,S02
99999,NUEVOS DEPARTAMENTOS,1986,28,28000000000,ADMINISTRACION PUBLICA EDUCACION Y SALUD ACTIVIDADES ARTISTICAS Y DE ENTRETENIMIENTO ACTIVIDADES DE LOS HOGARES INDIVIDUALES,S02
99999,NUEVOS DEPARTAMENTOS,1987,38,38000000000,ADMINISTRACION PUBLICA EDUCACION Y SALUD ACTIVIDADES ARTISTICAS Y DE ENTRETENIMIENTO ACTIVIDADES DE LOS HOGARES INDIVIDUALES,S02
99999,NUEVOS DEPARTAMENTOS,1988,47,47000000000,ADMINISTRACION PUBLICA EDUCACION Y SALUD ACTIVIDADES ARTISTICAS Y DE ENTRETENIMIENTO ACTIVIDADES DE LOS HOGARES INDIVIDUALES,S02
99999,NUEVOS DEPARTAMENTOS,1989,58,58000000000,ADMINISTRACION PUBLICA EDUCACION Y SALUD ACTIVIDADES ARTISTICAS Y DE ENTRETENIMIENTO ACTIVIDADES DE LOS HOGARES INDIVIDUALES,S02
99999,NUEVOS DEPARTAMENTOS,1990,74,74000000000,ADMINISTRACION PUBLICA EDUCACION Y SALUD ACTIVIDADES ARTISTICAS Y DE ENTRETENIMIENTO ACTIVIDADES DE LOS HOGARES INDIVIDUALES,S02
99999,NUEVOS DEPARTAMENTOS,1991,98,98000000000,ADMINISTRACION PUBLICA EDUCACION Y SALUD ACTIVIDADES ARTISTICAS Y DE ENTRETENIMIENTO ACTIVIDADES DE LOS HOGARES INDIVIDUALES,S02
99999,NUEVOS DEPARTAMENTOS,1992,130,1.3E+11,ADMINISTRACION PUBLICA EDUCACION Y SALUD ACTIVIDADES ARTISTICAS Y DE ENTRETENIMIENTO ACTIVIDADES DE LOS HOGARES INDIVIDUALES,S02
99999,NUEVOS DEPARTAMENTOS,1993,183,1.83E+11,ADMINISTRACION PUBLICA EDUCACION Y SALUD ACTIVIDADES ARTISTICAS Y DE ENTRETENIMIENTO ACTIVIDADES DE LOS HOGARES INDIVIDUALES,S02
99999,NUEVOS DEPARTAMENTOS,1994,246,2.46E+11,ADMINISTRACION PUBLICA EDUCACION Y SALUD ACTIVIDADES ARTISTICAS Y DE ENTRETENIMIENTO ACTIVIDADES DE LOS HOGARES INDIVIDUALES,S02
99999,NUEVOS DEPARTAMENTOS,1995,321,3.21E+11,ADMINISTRACION PUBLICA EDUCACION Y SALUD ACTIVIDADES ARTISTICAS Y DE ENTRETENIMIENTO ACTIVIDADES DE LOS HOGARES INDIVIDUALES,S02
99999,NUEVOS DEPARTAMENTOS,1996,452,4.52E+11,ADMINISTRACION PUBLICA EDUCACION Y SALUD ACTIVIDADES ARTISTICAS Y DE ENTRETENIMIENTO ACTIVIDADES DE LOS HOGARES INDIVIDUALES,S02
99999,NUEVOS DEPARTAMENTOS,1997,584,5.84E+11,ADMINISTRACION PUBLICA EDUCACION Y SALUD ACTIVIDADES ARTISTICAS Y DE ENTRETENIMIENTO ACTIVIDADES DE LOS HOGARES INDIVIDUALES,S02
99999,NUEVOS DEPARTAMENTOS,1998,731,7.31E+11,ADMINISTRACION PUBLICA EDUCACION Y SALUD ACTIVIDADES ARTISTICAS Y DE ENTRETENIMIENTO ACTIVIDADES DE LOS HOGARES INDIVIDUALES,S02
99999,NUEVOS DEPARTAMENTOS,1999,909,9.09E+11,ADMINISTRACION PUBLICA EDUCACION Y SALUD ACTIVIDADES ARTISTICAS Y DE ENTRETENIMIENTO ACTIVIDADES DE LOS HOGARES INDIVIDUALES,S02
99999,NUEVOS DEPARTAMENTOS,2000,1094,1.094E+12,ADMINISTRACION PUBLICA EDUCACION Y SALUD ACTIVIDADES ARTISTICAS Y DE ENTRETENIMIENTO ACTIVIDADES DE LOS HOGARES INDIVIDUALES,S02
99999,NUEVOS DEPARTAMENTOS,2001,1199,1.199E+12,ADMINISTRACION PUBLICA EDUCACION Y SALUD ACTIVIDADES ARTISTICAS Y DE ENTRETENIMIENTO ACTIVIDADES DE LOS HOGARES INDIVIDUALES,S02
99999,NUEVOS DEPARTAMENTOS,2002,1207,1.207E+12,ADMINISTRACION PUBLICA EDUCACION Y SALUD ACTIVIDADES ARTISTICAS Y DE ENTRETENIMIENTO ACTIVIDADES DE LOS HOGARES INDIVIDUALES,S02
99999,NUEVOS DEPARTAMENTOS,2003,1174,1.174E+12,ADMINISTRACION PUBLICA EDUCACION Y SALUD ACTIVIDADES ARTISTICAS Y DE ENTRETENIMIENTO ACTIVIDADES DE LOS HOGARES INDIVIDUALES,S02
99999,NUEVOS DEPARTAMENTOS,2004,1356,1.356E+12,ADMINISTRACION PUBLICA EDUCACION Y SALUD ACTIVIDADES ARTISTICAS Y DE ENTRETENIMIENTO ACTIVIDADES DE LOS HOGARES INDIVIDUALES,S02
99999,NUEVOS DEPARTAMENTOS,2005,1501,1.501E+12,ADMINISTRACION PUBLICA EDUCACION Y SALUD ACTIVIDADES ARTISTICAS Y DE ENTRETENIMIENTO ACTIVIDADES DE LOS HOGARES INDIVIDUALES,S02
99999,NUEVOS DEPARTAMENTOS,2006,1616,1.616E+12,ADMINISTRACION PUBLICA EDUCACION Y SALUD ACTIVIDADES ARTISTICAS Y DE ENTRETENIMIENTO ACTIVIDADES DE LOS HOGARES INDIVIDUALES,S02
99999,NUEVOS DEPARTAMENTOS,2007,1778,1.778E+12,ADMINISTRACION PUBLICA EDUCACION Y SALUD ACTIVIDADES ARTISTICAS Y DE ENTRETENIMIENTO ACTIVIDADES DE LOS HOGARES INDIVIDUALES,S02
99999,NUEVOS DEPARTAMENTOS,2008,1927,1.927E+12,ADMINISTRACION PUBLICA EDUCACION Y SALUD ACTIVIDADES ARTISTICAS Y DE ENTRETENIMIENTO ACTIVIDADES DE LOS HOGARES INDIVIDUALES,S02
99999,NUEVOS DEPARTAMENTOS,2009,2075,2.075E+12,ADMINISTRACION PUBLICA EDUCACION Y SALUD ACTIVIDADES ARTISTICAS Y DE ENTRETENIMIENTO ACTIVIDADES DE LOS HOGARES INDIVIDUALES,S02
99999,NUEVOS DEPARTAMENTOS,2010,2227,2.227E+12,ADMINISTRACION PUBLICA EDUCACION Y SALUD ACTIVIDADES ARTISTICAS Y DE ENTRETENIMIENTO ACTIVIDADES DE LOS HOGARES INDIVIDUALES,S02
99999,NUEVOS DEPARTAMENTOS,2011,2403,2.403E+12,ADMINISTRACION PUBLICA EDUCACION Y SALUD ACTIVIDADES ARTISTICAS Y DE ENTRETENIMIENTO ACTIVIDADES DE LOS HOGARES INDIVIDUALES,S02
99999,NUEVOS DEPARTAMENTOS,2012,2653,2.653E+12,ADMINISTRACION PUBLICA EDUCACION Y SALUD ACTIVIDADES ARTISTICAS Y DE ENTRETENIMIENTO ACTIVIDADES DE LOS HOGARES INDIVIDUALES,S02
99999,NUEVOS DEPARTAMENTOS,2013,2952,2.952E+12,ADMINISTRACION PUBLICA EDUCACION Y SALUD ACTIVIDADES ARTISTICAS Y DE ENTRETENIMIENTO ACTIVIDADES DE LOS HOGARES INDIVIDUALES,S02
99999,NUEVOS DEPARTAMENTOS,2014,3135,3.135E+12,ADMINISTRACION PUBLICA EDUCACION Y SALUD ACTIVIDADES ARTISTICAS Y DE ENTRETENIMIENTO ACTIVIDADES DE LOS HOGARES INDIVIDUALES,S02
99999,NUEVOS DEPARTAMENTOS,2015,3428,3.428E+12,ADMINISTRACION PUBLICA EDUCACION Y SALUD ACTIVIDADES ARTISTICAS Y DE ENTRETENIMIENTO ACTIVIDADES DE LOS HOGARES INDIVIDUALES,S02
99999,NUEVOS DEPARTAMENTOS,2016,3765,3.765E+12,ADMINISTRACION PUBLICA EDUCACION Y SALUD ACTIVIDADES ARTISTICAS Y DE ENTRETENIMIENTO ACTIVIDADES DE LOS HOGARES INDIVIDUALES,S02
99999,NUEVOS DEPARTAMENTOS,2017,4080,4.08E+12,ADMINISTRACION PUBLICA EDUCACION Y SALUD ACTIVIDADES ARTISTICAS Y DE ENTRETENIMIENTO ACTIVIDADES DE LOS HOGARES INDIVIDUALES,S02
99999,NUEVOS DEPARTAMENTOS,2018,4413,4.413E+12,ADMINISTRACION PUBLICA EDUCACION Y SALUD ACTIVIDADES ARTISTICAS Y DE ENTRETENIMIENTO ACTIVIDADES DE LOS HOGARES INDIVIDUALES,S02
99999,NUEVOS DEPARTAMENTOS,2019,4814,4.814E+12,ADMINISTRACION PUBLICA EDUCACION Y SALUD ACTIVIDADES ARTISTICAS Y DE ENTRETENIMIENTO ACTIVIDADES DE LOS HOGARES INDIVIDUALES,S02
99999,NUEVOS DEPARTAMENTOS,2020,4994,4.994E+12,ADMINISTRACION PUBLICA EDUCACION Y SALUD ACTIVIDADES ARTISTICAS Y DE ENTRETENIMIENTO ACTIVIDADES DE LOS HOGARES INDIVIDUALES,S02
99999,NUEVOS DEPARTAMENTOS,2021,5540,5.54E+12,ADMINISTRACION PUBLICA EDUCACION Y SALUD ACTIVIDADES ARTISTICAS Y DE ENTRETENIMIENTO ACTIVIDADES DE LOS HOGARES INDIVIDUALES,S02
99999,NUEVOS DEPARTAMENTOS,2022,6061,6.061E+12,ADMINISTRACION PUBLICA EDUCACION Y SALUD ACTIVIDADES ARTISTICAS Y DE ENTRETENIMIENTO ACTIVIDADES DE LOS HOGARES INDIVIDUALES,S02
99999,NUEVOS DEPARTAMENTOS,2023p,7021,7.021E+12,ADMINISTRACION PUBLICA EDUCACION Y SALUD ACTIVIDADES ARTISTICAS Y DE ENTRETENIMIENTO ACTIVIDADES DE LOS HOGARES INDIVIDUALES,S02
99999,NUEVOS DEPARTAMENTOS,2024pr,7954,7.954E+12,ADMINISTRACION PUBLICA EDUCACION Y SALUD ACTIVIDADES ARTISTICAS Y DE ENTRETENIMIENTO ACTIVIDADES DE LOS HOGARES INDIVIDUALES,S02