DEPT_CODE,DEPT_NAME,YYYY,GDP(Bill)(COP),GDP(COP),SECTOR,SECTOR_ID
0,COLOMBIA,2000,17320,1.732E+13,AGRICULTURA GANADERIA SILVICULTURA Y PESCA,S03
0,COLOMBIA,2001,18793,1.8793E+13,AGRICULTURA GANADERIA SILVICULTURA Y PESCA,S03
0,COLOMBIA,2002,20877,2.0877E+13,AGRICULTURA GANADERIA SILVICULTURA Y PESCA,S03
0,COLOMBIA,2003,22683,2.2683E+13,AGRICULTURA GANADERIA SILVICULTURA Y PESCA,S03
0,COLOMBIA,2004,24347,2.4347E+13,AGRICULTURA GANADERIA SILVICULTURA Y PESCA,S03
0,COLOMBIA,2005,26279,2.6279E+13,AGRICULTURA GANADERIA SILVICULTURA Y PESCA,S03
0,COLOMBIA,2006,28269,2.8269E+13,AGRICULTURA GANADERIA SILVICULTURA Y PESCA,S03
0,COLOMBIA,2007,30686,3.0686E+13,AGRICULTURA GANADERIA SILVICULTURA Y PESCA,S03
0,COLOMBIA,2008,32964,3.2964E+13,AGRICULTURA GANADERIA SILVICULTURA Y PESCA,S03
0,COLOMBIA,2009,34632,3.4632E+13,AGRICULTURA GANADERIA SILVICULTURA Y PESCA,S03
0,COLOMBIA,2010,35431,3.5431E+13,AGRICULTURA GANADERIA SILVICULTURA Y PESCA,S03
0,COLOMBIA,2011,38722,3.8722E+13,AGRICULTURA GANADERIA SILVICULTURA Y PESCA,S03
0,COLOMBIA,2012,38451,3.8451E+13,AGRICULTURA GANADERIA SILVICULTURA Y PESCA,S03
0,COLOMBIA,2013,39750,3.975E+13,AGRICULTURA GANADERIA SILVICULTURA Y PESCA,S03
0,COLOMBIA,2014,42878,4.2878E+13,AGRICULTURA GANADERIA SILVICULTURA Y PESCA,S03
0,COLOMBIA,2015,48295,4.8295E+13,AGRICULTURA GANADERIA SILVICULTURA Y PESCA,S03
0,COLOMBIA,2016p,57070,5.707E+13,AGRICULTURA GANADERIA SILVICULTURA Y PESCA,S03
91,AMAZONAS,2000,33,33000000000,AGRICULTURA GANADERIA SILVICULTURA Y PESCA,S03
91,AMAZONAS,2001,25,25000000000,AGRICULTURA GANADERIA SILVICULTURA Y PESCA,S03
91,AMAZONAS,2002,28,28000000000,AGRICULTURA GANADERIA SILVICULTURA Y PESCA,S03
91,AMAZONAS,2003,31,31000000000,AGRICULTURA GANADERIA SILVICULTURA Y PESCA,S03
91,AMAZONAS,2004,40,40000000000,AGRICULTURA GANADERIA SILVICULTURA Y PESCA,S03
91,AMAZONAS,2005,42,42000000000,AGRICULTURA GANADERIA SILVICULTURA Y PESCA,S03
91,AMAZONAS,2006,37,37000000000,AGRICULTURA GANADERIA SILVICULTURA Y PESCA,S03
91,AMAZONAS,2007,33,33000000000,AGRICULTURA GANADERIA SILVICULTURA Y PESCA,S03
91,AMAZONAS,2008,36,36000000000,AGRICULTURA GANADERIA SILVICULTURA Y PESCA,S03
91,AMAZONAS,2009,47,47000000000,AGRICULTURA GANADERIA SILVICULTURA Y PESCA,S03
91,AMAZONAS,2010,53,53000000000,AGRICULTURA GANADERIA SILVICULTURA Y PESCA,S03
91,AMAZONAS,2011,50,50000000000,AGRICULTURA GANADERIA SILVICULTURA Y PESCA,S03
91,AMAZONAS,2012,51,51000000000,AGRICULTURA GANADERIA SILVICULTURA Y PESCA,S03
91,AMAZONAS,2013,52,52000000000,AGRICULTURA GANADERIA SILVICULTURA Y PESCA,S03
91,AMAZONAS,2014,61,61000000000,AGRICULTURA GANADERIA SILVICULTURA Y PESCA,S03
91,AMAZONAS,2015,71,71000000000,AGRICULTURA GANADERIA SILVICULTURA Y PESCA,S03
91,AMAZONAS,2016p,83,83000000000,AGRICULTURA GANADERIA SILVICULTURA Y PESCA,S03
5,ANTIOQUIA,2000,2277,2.277E+12,AGRICULTURA GANADERIA SILVICULTURA Y PESCA,S03
5,ANTIOQUIA,2001,2304,2.304E+12,AGRICULTURA GANADERIA SILVICULTURA Y PESCA,S03
5,ANTIOQUIA,2002,2776,2.776E+12,AGRICULTURA GANADERIA SILVICULTURA Y PESCA,S03
5,ANTIOQUIA,2003,2871,2.871E+12,AGRICULTURA GANADERIA SILVICULTURA Y PESCA,S03
5,ANTIOQUIA,2004,3026,3.026E+12,AGRICULTURA GANADERIA SILVICULTURA Y PESCA,S03
5,ANTIOQUIA,2005,3488,3.488E+12,AGRICULTURA GANADERIA SILVICULTURA Y PESCA,S03
5,ANTIOQUIA,2006,3640,3.64E+12,AGRICULTURA GANADERIA SILVICULTURA Y PESCA,S03
5,ANTIOQUIA,2007,4013,4.013E+12,AGRICULTURA GANADERIA SILVICULTURA Y PESCA,S03
5,ANTIOQUIA,2008,4111,4.111E+12,AGRICULTURA GANADERIA SILVICULTURA Y PESCA,S03
5,ANTIOQUIA,2009,4383,4.383E+12,AGRICULTURA GANADERIA SILVICULTURA Y PESCA,S03
5,ANTIOQUIA,2010,4495,4.495E+12,AGRICULTURA GANADERIA SILVICULTURA Y PESCA,S03
5,ANTIOQUIA,2011,4859,4.859E+12,AGRICULTURA GANADERIA SILVICULTURA Y PESCA,S03
5,ANTIOQUIA,2012,4874,4.874E+12,AGRICULTURA GANADERIA SILVICULTURA Y PESCA,S03
5,ANTIOQUIA,2013,5206,5.206E+12,AGRICULTURA GANADERIA SILVICULTURA Y PESCA,S03
5,ANTIOQUIA,2014,5420,5.42E+12,AGRICULTURA GANADERIA SILVICULTURA Y PESCA,S03
5,ANTIOQUIA,2015,6402,6.402E+12,AGRICULTURA GANADERIA SILVICULTURA Y PESCA,S03
5,ANTIOQUIA,2016p,7385,7.385E+12,AGRICULTURA GANADERIA SILVICULTURA Y PESCA,S03
81,ARAUCA,2000,188,1.88E+11,AGRICULTURA GANADERIA SILVICULTURA Y PESCA,S03
81,ARAUCA,2001,237,2.37E+11,AGRICULTURA GANADERIA SILVICULTURA Y PESCA,S03
81,ARAUCA,2002,223,2.23E+11,AGRICULTURA GANADERIA SILVICULTURA Y PESCA,S03
81,ARAUCA,2003,276,2.76E+11,AGRICULTURA GANADERIA SILVICULTURA Y PESCA,S03
81,ARAUCA,2004,304,3.04E+11,AGRICULTURA GANADERIA SILVICULTURA Y PESCA,S03
81,ARAUCA,2005,400,4E+11,AGRICULTURA GANADERIA SILVICULTURA Y PESCA,S03
81,ARAUCA,2006,416,4.16E+11,AGRICULTURA GANADERIA SILVICULTURA Y PESCA,S03
81,ARAUCA,2007,489,4.89E+11,AGRICULTURA GANADERIA SILVICULTURA Y PESCA,S03
81,ARAUCA,2008,583,5.83E+11,AGRICULTURA GANADERIA SILVICULTURA Y PESCA,S03
81,ARAUCA,2009,627,6.27E+11,AGRICULTURA GANADERIA SILVICULTURA Y PESCA,S03
81,ARAUCA,2010,625,6.25E+11,AGRICULTURA GANADERIA SILVICULTURA Y PESCA,S03
81,ARAUCA,2011,694,6.94E+11,AGRICULTURA GANADERIA SILVICULTURA Y PESCA,S03
81,ARAUCA,2012,825,8.25E+11,AGRICULTURA GANADERIA SILVICULTURA Y PESCA,S03
81,ARAUCA,2013,813,8.13E+11,AGRICULTURA GANADERIA SILVICULTURA Y PESCA,S03
81,ARAUCA,2014,837,8.37E+11,AGRICULTURA GANADERIA SILVICULTURA Y PESCA,S03
81,ARAUCA,2015,984,9.84E+11,AGRICULTURA GANADERIA SILVICULTURA Y PESCA,S03
81,ARAUCA,2016p,1212,1.212E+12,AGRICULTURA GANADERIA SILVICULTURA Y PESCA,S03
8,ATLANTICO,2000,228,2.28E+11,AGRICULTURA GANADERIA SILVICULTURA Y PESCA,S03
8,ATLANTICO,2001,266,2.66E+11,AGRICULTURA GANADERIA SILVICULTURA Y PESCA,S03
8,ATLANTICO,2002,306,3.06E+11,AGRICULTURA GANADERIA SILVICULTURA Y PESCA,S03
8,ATLANTICO,2003,304,3.04E+11,AGRICULTURA GANADERIA SILVICULTURA Y PESCA,S03
8,ATLANTICO,2004,342,3.42E+11,AGRICULTURA GANADERIA SILVICULTURA Y PESCA,S03
8,ATLANTICO,2005,373,3.73E+11,AGRICULTURA GANADERIA SILVICULTURA Y PESCA,S03
8,ATLANTICO,2006,394,3.94E+11,AGRICULTURA GANADERIA SILVICULTURA Y PESCA,S03
8,ATLANTICO,2007,396,3.96E+11,AGRICULTURA GANADERIA SILVICULTURA Y PESCA,S03
8,ATLANTICO,2008,442,4.42E+11,AGRICULTURA GANADERIA SILVICULTURA Y PESCA,S03
8,ATLANTICO,2009,476,4.76E+11,AGRICULTURA GANADERIA SILVICULTURA Y PESCA,S03
8,ATLANTICO,2010,465,4.65E+11,AGRICULTURA GANADERIA SILVICULTURA Y PESCA,S03
8,ATLANTICO,2011,472,4.72E+11,AGRICULTURA GANADERIA SILVICULTURA Y PESCA,S03
8,ATLANTICO,2012,492,4.92E+11,AGRICULTURA GANADERIA SILVICULTURA Y PESCA,S03
8,ATLANTICO,2013,487,4.87E+11,AGRICULTURA GANADERIA SILVICULTURA Y PESCA,S03
8,ATLANTICO,2014,538,5.38E+11,AGRICULTURA GANADERIA SILVICULTURA Y PESCA,S03
8,ATLANTICO,2015,558,5.58E+11,AGRICULTURA GANADERIA SILVICULTURA Y PESCA,S03
8,ATLANTICO,2016p,636,6.36E+11,AGRICULTURA GANADERIA SILVICULTURA Y PESCA,S03
11,SANTAFE DE BOGOTA D.C,2000,0,0,AGRICULTURA GANADERIA SILVICULTURA Y PESCA,S03
11,SANTAFE DE BOGOTA D.C,2001,0,0,AGRICULTURA GANADERIA SILVICULTURA Y PESCA,S03
11,SANTAFE DE BOGOTA D.C,2002,0,0,AGRICULTURA GANADERIA SILVICULTURA Y PESCA,S03
11,SANTAFE DE BOGOTA D.C,2003,0,0,AGRICULTURA GANADERIA SILVICULTURA Y PESCA,S03
11,SANTAFE DE BOGOTA D.C,2004,0,0,AGRICULTURA GANADERIA SILVICULTURA Y PESCA,S03
11,SANTAFE DE BOGOTA D.C,2005,0,0,AGRICULTURA GANADERIA SILVICULTURA Y PESCA,S03
11,SANTAFE DE BOGOTA D.C,2006,0,0,AGRICULTURA GANADERIA SILVICULTURA Y PESCA,S03
11,SANTAFE DE BOGOTA D.C,2007,0,0,AGRICULTURA GANADERIA SILVICULTURA Y PESCA,S03
11,SANTAFE DE BOGOTA D.C,2008,0,0,AGRICULTURA GANADERIA SILVICULTURA Y PESCA,S03
11,SANTAFE DE BOGOTA D.C,2009,0,0,AGRICULTURA GANADERIA SILVICULTURA Y PESCA,S03
11,SANTAFE DE BOGOTA D.C,2010,0,0,AGRICULTURA GANADERIA SILVICULTURA Y PESCA,S03
11,SANTAFE DE BOGOTA D.C,2011,0,0,AGRICULTURA GANADERIA SILVICULTURA Y PESCA,S03
11,SANTAFE DE BOGOTA D.C,2012,0,0,AGRICULTURA GANADERIA SILVICULTURA Y PESCA,S03
11,SANTAFE DE BOGOTA D.C,2013,0,0,AGRICULTURA GANADERIA SILVICULTURA Y PESCA,S03
11,SANTAFE DE BOGOTA D.C,2014,0,0,AGRICULTURA GANADERIA SILVICULTURA Y PESCA,S03
11,SANTAFE DE BOGOTA D.C,2015,0,0,AGRICULTURA GANADERIA SILVICULTURA Y PESCA,S03
11,SANTAFE DE BOGOTA D.C,2016p,0,0,AGRICULTURA GANADERIA SILVICULTURA Y PESCA,S03
13,BOLIVAR,2000,524,5.24E+11,AGRICULTURA GANADERIA SILVICULTURA Y PESCA,S03
13,BOLIVAR,2001,636,6.36E+11,AGRICULTURA GANADERIA SILVICULTURA Y PESCA,S03
13,BOLIVAR,2002,702,7.02E+11,AGRICULTURA GANADERIA SILVICULTURA Y PESCA,S03
13,BOLIVAR,2003,791,7.91E+11,AGRICULTURA GANADERIA SILVICULTURA Y PESCA,S03
13,BOLIVAR,2004,870,8.7E+11,AGRICULTURA GANADERIA SILVICULTURA Y PESCA,S03
13,BOLIVAR,2005,778,7.78E+11,AGRICULTURA GANADERIA SILVICULTURA Y PESCA,S03
13,BOLIVAR,2006,832,8.32E+11,AGRICULTURA GANADERIA SILVICULTURA Y PESCA,S03
13,BOLIVAR,2007,929,9.29E+11,AGRICULTURA GANADERIA SILVICULTURA Y PESCA,S03
13,BOLIVAR,2008,1109,1.109E+12,AGRICULTURA GANADERIA SILVICULTURA Y PESCA,S03
13,BOLIVAR,2009,1196,1.196E+12,AGRICULTURA GANADERIA SILVICULTURA Y PESCA,S03
13,BOLIVAR,2010,1102,1.102E+12,AGRICULTURA GANADERIA SILVICULTURA Y PESCA,S03
13,BOLIVAR,2011,1134,1.134E+12,AGRICULTURA GANADERIA SILVICULTURA Y PESCA,S03
13,BOLIVAR,2012,1241,1.241E+12,AGRICULTURA GANADERIA SILVICULTURA Y PESCA,S03
13,BOLIVAR,2013,1295,1.295E+12,AGRICULTURA GANADERIA SILVICULTURA Y PESCA,S03
13,BOLIVAR,2014,1419,1.419E+12,AGRICULTURA GANADERIA SILVICULTURA Y PESCA,S03
13,BOLIVAR,2015,1653,1.653E+12,AGRICULTURA GANADERIA SILVICULTURA Y PESCA,S03
13,BOLIVAR,2016p,1826,1.826E+12,AGRICULTURA GANADERIA SILVICULTURA Y PESCA,S03
15,BOYACA,2000,1228,1.228E+12,AGRICULTURA GANADERIA SILVICULTURA Y PESCA,S03
15,BOYACA,2001,1247,1.247E+12,AGRICULTURA GANADERIA SILVICULTURA Y PESCA,S03
15,BOYACA,2002,1362,1.362E+12,AGRICULTURA GANADERIA SILVICULTURA Y PESCA,S03
15,BOYACA,2003,1463,1.463E+12,AGRICULTURA GANADERIA SILVICULTURA Y PESCA,S03
15,BOYACA,2004,1538,1.538E+12,AGRICULTURA GANADERIA SILVICULTURA Y PESCA,S03
15,BOYACA,2005,1604,1.604E+12,AGRICULTURA GANADERIA SILVICULTURA Y PESCA,S03
15,BOYACA,2006,1708,1.708E+12,AGRICULTURA GANADERIA SILVICULTURA Y PESCA,S03
15,BOYACA,2007,1888,1.888E+12,AGRICULTURA GANADERIA SILVICULTURA Y PESCA,S03
15,BOYACA,2008,2170,2.17E+12,AGRICULTURA GANADERIA SILVICULTURA Y PESCA,S03
15,BOYACA,2009,2319,2.319E+12,AGRICULTURA GANADERIA SILVICULTURA Y PESCA,S03
15,BOYACA,2010,2364,2.364E+12,AGRICULTURA GANADERIA SILVICULTURA Y PESCA,S03
15,BOYACA,2011,2567,2.567E+12,AGRICULTURA GANADERIA SILVICULTURA Y PESCA,S03
15,BOYACA,2012,2602,2.602E+12,AGRICULTURA GANADERIA SILVICULTURA Y PESCA,S03
15,BOYACA,2013,2900,2.9E+12,AGRICULTURA GANADERIA SILVICULTURA Y PESCA,S03
15,BOYACA,2014,3213,3.213E+12,AGRICULTURA GANADERIA SILVICULTURA Y PESCA,S03
15,BOYACA,2015,3583,3.583E+12,AGRICULTURA GANADERIA SILVICULTURA Y PESCA,S03
15,BOYACA,2016p,4916,4.916E+12,AGRICULTURA GANADERIA SILVICULTURA Y PESCA,S03
17,CALDAS,2000,479,4.79E+11,AGRICULTURA GANADERIA SILVICULTURA Y PESCA,S03
17,CALDAS,2001,541,5.41E+11,AGRICULTURA GANADERIA SILVICULTURA Y PESCA,S03
17,CALDAS,2002,611,6.11E+11,AGRICULTURA GANADERIA SILVICULTURA Y PESCA,S03
17,CALDAS,2003,584,5.84E+11,AGRICULTURA GANADERIA SILVICULTURA Y PESCA,S03
17,CALDAS,2004,633,6.33E+11,AGRICULTURA GANADERIA SILVICULTURA Y PESCA,S03
17,CALDAS,2005,712,7.12E+11,AGRICULTURA GANADERIA SILVICULTURA Y PESCA,S03
17,CALDAS,2006,793,7.93E+11,AGRICULTURA GANADERIA SILVICULTURA Y PESCA,S03
17,CALDAS,2007,814,8.14E+11,AGRICULTURA GANADERIA SILVICULTURA Y PESCA,S03
17,CALDAS,2008,882,8.82E+11,AGRICULTURA GANADERIA SILVICULTURA Y PESCA,S03
17,CALDAS,2009,947,9.47E+11,AGRICULTURA GANADERIA SILVICULTURA Y PESCA,S03
17,CALDAS,2010,1055,1.055E+12,AGRICULTURA GANADERIA SILVICULTURA Y PESCA,S03
17,CALDAS,2011,1148,1.148E+12,AGRICULTURA GANADERIA SILVICULTURA Y PESCA,S03
17,CALDAS,2012,1002,1.002E+12,AGRICULTURA GANADERIA SILVICULTURA Y PESCA,S03
17,CALDAS,2013,1060,1.06E+12,AGRICULTURA GANADERIA SILVICULTURA Y PESCA,S03
17,CALDAS,2014,1210,1.21E+12,AGRICULTURA GANADERIA SILVICULTURA Y PESCA,S03
17,CALDAS,2015,1342,1.342E+12,AGRICULTURA GANADERIA SILVICULTURA Y PESCA,S03
17,CALDAS,2016p,1526,1.526E+12,AGRICULTURA GANADERIA SILVICULTURA Y PESCA,S03
18,CAQUETA,2000,185,1.85E+11,AGRICULTURA GANADERIA SILVICULTURA Y PESCA,S03
18,CAQUETA,2001,213,2.13E+11,AGRICULTURA GANADERIA SILVICULTURA Y PESCA,S03
18,CAQUETA,2002,199,1.99E+11,AGRICULTURA GANADERIA SILVICULTURA Y PESCA,S03
18,CAQUETA,2003,279,2.79E+11,AGRICULTURA GANADERIA SILVICULTURA Y PESCA,S03
18,CAQUETA,2004,255,2.55E+11,AGRICULTURA GANADERIA SILVICULTURA Y PESCA,S03
18,CAQUETA,2005,291,2.91E+11,AGRICULTURA GANADERIA SILVICULTURA Y PESCA,S03
18,CAQUETA,2006,293,2.93E+11,AGRICULTURA GANADERIA SILVICULTURA Y PESCA,S03
18,CAQUETA,2007,341,3.41E+11,AGRICULTURA GANADERIA SILVICULTURA Y PESCA,S03
18,CAQUETA,2008,357,3.57E+11,AGRICULTURA GANADERIA SILVICULTURA Y PESCA,S03
18,CAQUETA,2009,350,3.5E+11,AGRICULTURA GANADERIA SILVICULTURA Y PESCA,S03
18,CAQUETA,2010,326,3.26E+11,AGRICULTURA GANADERIA SILVICULTURA Y PESCA,S03
18,CAQUETA,2011,371,3.71E+11,AGRICULTURA GANADERIA SILVICULTURA Y PESCA,S03
18,CAQUETA,2012,406,4.06E+11,AGRICULTURA GANADERIA SILVICULTURA Y PESCA,S03
18,CAQUETA,2013,399,3.99E+11,AGRICULTURA GANADERIA SILVICULTURA Y PESCA,S03
18,CAQUETA,2014,444,4.44E+11,AGRICULTURA GANADERIA SILVICULTURA Y PESCA,S03
18,CAQUETA,2015,483,4.83E+11,AGRICULTURA GANADERIA SILVICULTURA Y PESCA,S03
18,CAQUETA,2016p,577,5.77E+11,AGRICULTURA GANADERIA SILVICULTURA Y PESCA,S03
85,CASANARE,2000,400,4E+11,AGRICULTURA GANADERIA SILVICULTURA Y PESCA,S03
85,CASANARE,2001,386,3.86E+11,AGRICULTURA GANADERIA SILVICULTURA Y PESCA,S03
85,CASANARE,2002,284,2.84E+11,AGRICULTURA GANADERIA SILVICULTURA Y PESCA,S03
85,CASANARE,2003,394,3.94E+11,AGRICULTURA GANADERIA SILVICULTURA Y PESCA,S03
85,CASANARE,2004,487,4.87E+11,AGRICULTURA GANADERIA SILVICULTURA Y PESCA,S03
85,CASANARE,2005,446,4.46E+11,AGRICULTURA GANADERIA SILVICULTURA Y PESCA,S03
85,CASANARE,2006,497,4.97E+11,AGRICULTURA GANADERIA SILVICULTURA Y PESCA,S03
85,CASANARE,2007,628,6.28E+11,AGRICULTURA GANADERIA SILVICULTURA Y PESCA,S03
85,CASANARE,2008,815,8.15E+11,AGRICULTURA GANADERIA SILVICULTURA Y PESCA,S03
85,CASANARE,2009,822,8.22E+11,AGRICULTURA GANADERIA SILVICULTURA Y PESCA,S03
85,CASANARE,2010,850,8.5E+11,AGRICULTURA GANADERIA SILVICULTURA Y PESCA,S03
85,CASANARE,2011,985,9.85E+11,AGRICULTURA GANADERIA SILVICULTURA Y PESCA,S03
85,CASANARE,2012,1160,1.16E+12,AGRICULTURA GANADERIA SILVICULTURA Y PESCA,S03
85,CASANARE,2013,1174,1.174E+12,AGRICULTURA GANADERIA SILVICULTURA Y PESCA,S03
85,CASANARE,2014,1063,1.063E+12,AGRICULTURA GANADERIA SILVICULTURA Y PESCA,S03
85,CASANARE,2015,1178,1.178E+12,AGRICULTURA GANADERIA SILVICULTURA Y PESCA,S03
85,CASANARE,2016p,1379,1.379E+12,AGRICULTURA GANADERIA SILVICULTURA Y PESCA,S03
19,CAUCA,2000,443,4.43E+11,AGRICULTURA GANADERIA SILVICULTURA Y PESCA,S03
19,CAUCA,2001,530,5.3E+11,AGRICULTURA GANADERIA SILVICULTURA Y PESCA,S03
19,CAUCA,2002,603,6.03E+11,AGRICULTURA GANADERIA SILVICULTURA Y PESCA,S03
19,CAUCA,2003,547,5.47E+11,AGRICULTURA GANADERIA SILVICULTURA Y PESCA,S03
19,CAUCA,2004,600,6E+11,AGRICULTURA GANADERIA SILVICULTURA Y PESCA,S03
19,CAUCA,2005,748,7.48E+11,AGRICULTURA GANADERIA SILVICULTURA Y PESCA,S03
19,CAUCA,2006,806,8.06E+11,AGRICULTURA GANADERIA SILVICULTURA Y PESCA,S03
19,CAUCA,2007,842,8.42E+11,AGRICULTURA GANADERIA SILVICULTURA Y PESCA,S03
19,CAUCA,2008,852,8.52E+11,AGRICULTURA GANADERIA SILVICULTURA Y PESCA,S03
19,CAUCA,2009,747,7.47E+11,AGRICULTURA GANADERIA SILVICULTURA Y PESCA,S03
19,CAUCA,2010,850,8.5E+11,AGRICULTURA GANADERIA SILVICULTURA Y PESCA,S03
19,CAUCA,2011,969,9.69E+11,AGRICULTURA GANADERIA SILVICULTURA Y PESCA,S03
19,CAUCA,2012,916,9.16E+11,AGRICULTURA GANADERIA SILVICULTURA Y PESCA,S03
19,CAUCA,2013,1035,1.035E+12,AGRICULTURA GANADERIA SILVICULTURA Y PESCA,S03
19,CAUCA,2014,1155,1.155E+12,AGRICULTURA GANADERIA SILVICULTURA Y PESCA,S03
19,CAUCA,2015,1323,1.323E+12,AGRICULTURA GANADERIA SILVICULTURA Y PESCA,S03
19,CAUCA,2016p,1507,1.507E+12,AGRICULTURA GANADERIA SILVICULTURA Y PESCA,S03
20,CESAR,2000,565,5.65E+11,AGRICULTURA GANADERIA SILVICULTURA Y PESCA,S03
20,CESAR,2001,561,5.61E+11,AGRICULTURA GANADERIA SILVICULTURA Y PESCA,S03
20,CESAR,2002,641,6.41E+11,AGRICULTURA GANADERIA SILVICULTURA Y PESCA,S03
20,CESAR,2003,665,6.65E+11,AGRICULTURA GANADERIA SILVICULTURA Y PESCA,S03
20,CESAR,2004,845,8.45E+11,AGRICULTURA GANADERIA SILVICULTURA Y PESCA,S03
20,CESAR,2005,886,8.86E+11,AGRICULTURA GANADERIA SILVICULTURA Y PESCA,S03
20,CESAR,2006,976,9.76E+11,AGRICULTURA GANADERIA SILVICULTURA Y PESCA,S03
20,CESAR,2007,1064,1.064E+12,AGRICULTURA GANADERIA SILVICULTURA Y PESCA,S03
20,CESAR,2008,1119,1.119E+12,AGRICULTURA GANADERIA SILVICULTURA Y PESCA,S03
20,CESAR,2009,1129,1.129E+12,AGRICULTURA GANADERIA SILVICULTURA Y PESCA,S03
20,CESAR,2010,1052,1.052E+12,AGRICULTURA GANADERIA SILVICULTURA Y PESCA,S03
20,CESAR,2011,1156,1.156E+12,AGRICULTURA GANADERIA SILVICULTURA Y PESCA,S03
20,CESAR,2012,1183,1.183E+12,AGRICULTURA GANADERIA SILVICULTURA Y PESCA,S03
20,CESAR,2013,1130,1.13E+12,AGRICULTURA GANADERIA SILVICULTURA Y PESCA,S03
20,CESAR,2014,1274,1.274E+12,AGRICULTURA GANADERIA SILVICULTURA Y PESCA,S03
20,CESAR,2015,1319,1.319E+12,AGRICULTURA GANADERIA SILVICULTURA Y PESCA,S03
20,CESAR,2016p,1463,1.463E+12,AGRICULTURA GANADERIA SILVICULTURA Y PESCA,S03
27,CHOCO,2000,178,1.78E+11,AGRICULTURA GANADERIA SILVICULTURA Y PESCA,S03
27,CHOCO,2001,182,1.82E+11,AGRICULTURA GANADERIA SILVICULTURA Y PESCA,S03
27,CHOCO,2002,200,2E+11,AGRICULTURA GANADERIA SILVICULTURA Y PESCA,S03
27,CHOCO,2003,241,2.41E+11,AGRICULTURA GANADERIA SILVICULTURA Y PESCA,S03
27,CHOCO,2004,287,2.87E+11,AGRICULTURA GANADERIA SILVICULTURA Y PESCA,S03
27,CHOCO,2005,316,3.16E+11,AGRICULTURA GANADERIA SILVICULTURA Y PESCA,S03
27,CHOCO,2006,301,3.01E+11,AGRICULTURA GANADERIA SILVICULTURA Y PESCA,S03
27,CHOCO,2007,327,3.27E+11,AGRICULTURA GANADERIA SILVICULTURA Y PESCA,S03
27,CHOCO,2008,363,3.63E+11,AGRICULTURA GANADERIA SILVICULTURA Y PESCA,S03
27,CHOCO,2009,351,3.51E+11,AGRICULTURA GANADERIA SILVICULTURA Y PESCA,S03
27,CHOCO,2010,323,3.23E+11,AGRICULTURA GANADERIA SILVICULTURA Y PESCA,S03
27,CHOCO,2011,353,3.53E+11,AGRICULTURA GANADERIA SILVICULTURA Y PESCA,S03
27,CHOCO,2012,374,3.74E+11,AGRICULTURA GANADERIA SILVICULTURA Y PESCA,S03
27,CHOCO,2013,401,4.01E+11,AGRICULTURA GANADERIA SILVICULTURA Y PESCA,S03
27,CHOCO,2014,440,4.4E+11,AGRICULTURA GANADERIA SILVICULTURA Y PESCA,S03
27,CHOCO,2015,507,5.07E+11,AGRICULTURA GANADERIA SILVICULTURA Y PESCA,S03
27,CHOCO,2016p,583,5.83E+11,AGRICULTURA GANADERIA SILVICULTURA Y PESCA,S03
23,CORDOBA,2000,1137,1.137E+12,AGRICULTURA GANADERIA SILVICULTURA Y PESCA,S03
23,CORDOBA,2001,1179,1.179E+12,AGRICULTURA GANADERIA SILVICULTURA Y PESCA,S03
23,CORDOBA,2002,1090,1.09E+12,AGRICULTURA GANADERIA SILVICULTURA Y PESCA,S03
23,CORDOBA,2003,1315,1.315E+12,AGRICULTURA GANADERIA SILVICULTURA Y PESCA,S03
23,CORDOBA,2004,1344,1.344E+12,AGRICULTURA GANADERIA SILVICULTURA Y PESCA,S03
23,CORDOBA,2005,1159,1.159E+12,AGRICULTURA GANADERIA SILVICULTURA Y PESCA,S03
23,CORDOBA,2006,1350,1.35E+12,AGRICULTURA GANADERIA SILVICULTURA Y PESCA,S03
23,CORDOBA,2007,1701,1.701E+12,AGRICULTURA GANADERIA SILVICULTURA Y PESCA,S03
23,CORDOBA,2008,1600,1.6E+12,AGRICULTURA GANADERIA SILVICULTURA Y PESCA,S03
23,CORDOBA,2009,1607,1.607E+12,AGRICULTURA GANADERIA SILVICULTURA Y PESCA,S03
23,CORDOBA,2010,1598,1.598E+12,AGRICULTURA GANADERIA SILVICULTURA Y PESCA,S03
23,CORDOBA,2011,1635,1.635E+12,AGRICULTURA GANADERIA SILVICULTURA Y PESCA,S03
23,CORDOBA,2012,1652,1.652E+12,AGRICULTURA GANADERIA SILVICULTURA Y PESCA,S03
23,CORDOBA,2013,1612,1.612E+12,AGRICULTURA GANADERIA SILVICULTURA Y PESCA,S03
23,CORDOBA,2014,1793,1.793E+12,AGRICULTURA GANADERIA SILVICULTURA Y PESCA,S03
23,CORDOBA,2015,2078,2.078E+12,AGRICULTURA GANADERIA SILVICULTURA Y PESCA,S03
23,CORDOBA,2016p,2485,2.485E+12,AGRICULTURA GANADERIA SILVICULTURA Y PESCA,S03
25,CUNDINAMARCA,2000,2012,2.012E+12,AGRICULTURA GANADERIA SILVICULTURA Y PESCA,S03
25,CUNDINAMARCA,2001,2200,2.2E+12,AGRICULTURA GANADERIA SILVICULTURA Y PESCA,S03
25,CUNDINAMARCA,2002,2557,2.557E+12,AGRICULTURA GANADERIA SILVICULTURA Y PESCA,S03
25,CUNDINAMARCA,2003,2839,2.839E+12,AGRICULTURA GANADERIA SILVICULTURA Y PESCA,S03
25,CUNDINAMARCA,2004,2805,2.805E+12,AGRICULTURA GANADERIA SILVICULTURA Y PESCA,S03
25,CUNDINAMARCA,2005,3179,3.179E+12,AGRICULTURA GANADERIA SILVICULTURA Y PESCA,S03
25,CUNDINAMARCA,2006,3254,3.254E+12,AGRICULTURA GANADERIA SILVICULTURA Y PESCA,S03
25,CUNDINAMARCA,2007,3388,3.388E+12,AGRICULTURA GANADERIA SILVICULTURA Y PESCA,S03
25,CUNDINAMARCA,2008,3688,3.688E+12,AGRICULTURA GANADERIA SILVICULTURA Y PESCA,S03
25,CUNDINAMARCA,2009,3890,3.89E+12,AGRICULTURA GANADERIA SILVICULTURA Y PESCA,S03
25,CUNDINAMARCA,2010,4027,4.027E+12,AGRICULTURA GANADERIA SILVICULTURA Y PESCA,S03
25,CUNDINAMARCA,2011,4167,4.167E+12,AGRICULTURA GANADERIA SILVICULTURA Y PESCA,S03
25,CUNDINAMARCA,2012,4094,4.094E+12,AGRICULTURA GANADERIA SILVICULTURA Y PESCA,S03
25,CUNDINAMARCA,2013,4180,4.18E+12,AGRICULTURA GANADERIA SILVICULTURA Y PESCA,S03
25,CUNDINAMARCA,2014,4568,4.568E+12,AGRICULTURA GANADERIA SILVICULTURA Y PESCA,S03
25,CUNDINAMARCA,2015,5085,5.085E+12,AGRICULTURA GANADERIA SILVICULTURA Y PESCA,S03
25,CUNDINAMARCA,2016p,6043,6.043E+12,AGRICULTURA GANADERIA SILVICULTURA Y PESCA,S03
94,GUAINIA,2000,7,7000000000,AGRICULTURA GANADERIA SILVICULTURA Y PESCA,S03
94,GUAINIA,2001,4,4000000000,AGRICULTURA GANADERIA SILVICULTURA Y PESCA,S03
94,GUAINIA,2002,6,6000000000,AGRICULTURA GANADERIA SILVICULTURA Y PESCA,S03
94,GUAINIA,2003,6,6000000000,AGRICULTURA GANADERIA SILVICULTURA Y PESCA,S03
94,GUAINIA,2004,7,7000000000,AGRICULTURA GANADERIA SILVICULTURA Y PESCA,S03
94,GUAINIA,2005,7,7000000000,AGRICULTURA GANADERIA SILVICULTURA Y PESCA,S03
94,GUAINIA,2006,6,6000000000,AGRICULTURA GANADERIA SILVICULTURA Y PESCA,S03
94,GUAINIA,2007,7,7000000000,AGRICULTURA GANADERIA SILVICULTURA Y PESCA,S03
94,GUAINIA,2008,8,8000000000,AGRICULTURA GANADERIA SILVICULTURA Y PESCA,S03
94,GUAINIA,2009,11,11000000000,AGRICULTURA GANADERIA SILVICULTURA Y PESCA,S03
94,GUAINIA,2010,12,12000000000,AGRICULTURA GANADERIA SILVICULTURA Y PESCA,S03
94,GUAINIA,2011,10,10000000000,AGRICULTURA GANADERIA SILVICULTURA Y PESCA,S03
94,GUAINIA,2012,10,10000000000,AGRICULTURA GANADERIA SILVICULTURA Y PESCA,S03
94,GUAINIA,2013,11,11000000000,AGRICULTURA GANADERIA SILVICULTURA Y PESCA,S03
94,GUAINIA,2014,12,12000000000,AGRICULTURA GANADERIA SILVICULTURA Y PESCA,S03
94,GUAINIA,2015,14,14000000000,AGRICULTURA GANADERIA SILVICULTURA Y PESCA,S03
94,GUAINIA,2016p,14,14000000000,AGRICULTURA GANADERIA SILVICULTURA Y PESCA,S03
95,GUAVIARE,2000,41,41000000000,AGRICULTURA GANADERIA SILVICULTURA Y PESCA,S03
95,GUAVIARE,2001,11,11000000000,AGRICULTURA GANADERIA SILVICULTURA Y PESCA,S03
95,GUAVIARE,2002,11,11000000000,AGRICULTURA GANADERIA SILVICULTURA Y PESCA,S03
95,GUAVIARE,2003,16,16000000000,AGRICULTURA GANADERIA SILVICULTURA Y PESCA,S03
95,GUAVIARE,2004,18,18000000000,AGRICULTURA GANADERIA SILVICULTURA Y PESCA,S03
95,GUAVIARE,2005,34,34000000000,AGRICULTURA GANADERIA SILVICULTURA Y PESCA,S03
95,GUAVIARE,2006,31,31000000000,AGRICULTURA GANADERIA SILVICULTURA Y PESCA,S03
95,GUAVIARE,2007,28,28000000000,AGRICULTURA GANADERIA SILVICULTURA Y PESCA,S03
95,GUAVIARE,2008,32,32000000000,AGRICULTURA GANADERIA SILVICULTURA Y PESCA,S03
95,GUAVIARE,2009,31,31000000000,AGRICULTURA GANADERIA SILVICULTURA Y PESCA,S03
95,GUAVIARE,2010,33,33000000000,AGRICULTURA GANADERIA SILVICULTURA Y PESCA,S03
95,GUAVIARE,2011,28,28000000000,AGRICULTURA GANADERIA SILVICULTURA Y PESCA,S03
95,GUAVIARE,2012,33,33000000000,AGRICULTURA GANADERIA SILVICULTURA Y PESCA,S03
95,GUAVIARE,2013,36,36000000000,AGRICULTURA GANADERIA SILVICULTURA Y PESCA,S03
95,GUAVIARE,2014,37,37000000000,AGRICULTURA GANADERIA SILVICULTURA Y PESCA,S03
95,GUAVIARE,2015,54,54000000000,AGRICULTURA GANADERIA SILVICULTURA Y PESCA,S03
95,GUAVIARE,2016p,70,70000000000,AGRICULTURA GANADERIA SILVICULTURA Y PESCA,S03
41,HUILA,2000,594,5.94E+11,AGRICULTURA GANADERIA SILVICULTURA Y PESCA,S03
41,HUILA,2001,596,5.96E+11,AGRICULTURA GANADERIA SILVICULTURA Y PESCA,S03
41,HUILA,2002,693,6.93E+11,AGRICULTURA GANADERIA SILVICULTURA Y PESCA,S03
41,HUILA,2003,774,7.74E+11,AGRICULTURA GANADERIA SILVICULTURA Y PESCA,S03
41,HUILA,2004,871,8.71E+11,AGRICULTURA GANADERIA SILVICULTURA Y PESCA,S03
41,HUILA,2005,1014,1.014E+12,AGRICULTURA GANADERIA SILVICULTURA Y PESCA,S03
41,HUILA,2006,1126,1.126E+12,AGRICULTURA GANADERIA SILVICULTURA Y PESCA,S03
41,HUILA,2007,1220,1.22E+12,AGRICULTURA GANADERIA SILVICULTURA Y PESCA,S03
41,HUILA,2008,1260,1.26E+12,AGRICULTURA GANADERIA SILVICULTURA Y PESCA,S03
41,HUILA,2009,1275,1.275E+12,AGRICULTURA GANADERIA SILVICULTURA Y PESCA,S03
41,HUILA,2010,1477,1.477E+12,AGRICULTURA GANADERIA SILVICULTURA Y PESCA,S03
41,HUILA,2011,1707,1.707E+12,AGRICULTURA GANADERIA SILVICULTURA Y PESCA,S03
41,HUILA,2012,1462,1.462E+12,AGRICULTURA GANADERIA SILVICULTURA Y PESCA,S03
41,HUILA,2013,1569,1.569E+12,AGRICULTURA GANADERIA SILVICULTURA Y PESCA,S03
41,HUILA,2014,1868,1.868E+12,AGRICULTURA GANADERIA SILVICULTURA Y PESCA,S03
41,HUILA,2015,2112,2.112E+12,AGRICULTURA GANADERIA SILVICULTURA Y PESCA,S03
41,HUILA,2016p,2363,2.363E+12,AGRICULTURA GANADERIA SILVICULTURA Y PESCA,S03
44,LA GUAJIRA,2000,162,1.62E+11,AGRICULTURA GANADERIA SILVICULTURA Y PESCA,S03
44,LA GUAJIRA,2001,192,1.92E+11,AGRICULTURA GANADERIA SILVICULTURA Y PESCA,S03
44,LA GUAJIRA,2002,222,2.22E+11,AGRICULTURA GANADERIA SILVICULTURA Y PESCA,S03
44,LA GUAJIRA,2003,189,1.89E+11,AGRICULTURA GANADERIA SILVICULTURA Y PESCA,S03
44,LA GUAJIRA,2004,244,2.44E+11,AGRICULTURA GANADERIA SILVICULTURA Y PESCA,S03
44,LA GUAJIRA,2005,283,2.83E+11,AGRICULTURA GANADERIA SILVICULTURA Y PESCA,S03
44,LA GUAJIRA,2006,311,3.11E+11,AGRICULTURA GANADERIA SILVICULTURA Y PESCA,S03
44,LA GUAJIRA,2007,340,3.4E+11,AGRICULTURA GANADERIA SILVICULTURA Y PESCA,S03
44,LA GUAJIRA,2008,301,3.01E+11,AGRICULTURA GANADERIA SILVICULTURA Y PESCA,S03
44,LA GUAJIRA,2009,290,2.9E+11,AGRICULTURA GANADERIA SILVICULTURA Y PESCA,S03
44,LA GUAJIRA,2010,280,2.8E+11,AGRICULTURA GANADERIA SILVICULTURA Y PESCA,S03
44,LA GUAJIRA,2011,292,2.92E+11,AGRICULTURA GANADERIA SILVICULTURA Y PESCA,S03
44,LA GUAJIRA,2012,311,3.11E+11,AGRICULTURA GANADERIA SILVICULTURA Y PESCA,S03
44,LA GUAJIRA,2013,279,2.79E+11,AGRICULTURA GANADERIA SILVICULTURA Y PESCA,S03
44,LA GUAJIRA,2014,254,2.54E+11,AGRICULTURA GANADERIA SILVICULTURA Y PESCA,S03
44,LA GUAJIRA,2015,264,2.64E+11,AGRICULTURA GANADERIA SILVICULTURA Y PESCA,S03
44,LA GUAJIRA,2016p,288,2.88E+11,AGRICULTURA GANADERIA SILVICULTURA Y PESCA,S03
47,MAGDALENA,2000,572,5.72E+11,AGRICULTURA GANADERIA SILVICULTURA Y PESCA,S03
47,MAGDALENA,2001,745,7.45E+11,AGRICULTURA GANADERIA SILVICULTURA Y PESCA,S03
47,MAGDALENA,2002,778,7.78E+11,AGRICULTURA GANADERIA SILVICULTURA Y PESCA,S03
47,MAGDALENA,2003,772,7.72E+11,AGRICULTURA GANADERIA SILVICULTURA Y PESCA,S03
47,MAGDALENA,2004,866,8.66E+11,AGRICULTURA GANADERIA SILVICULTURA Y PESCA,S03
47,MAGDALENA,2005,924,9.24E+11,AGRICULTURA GANADERIA SILVICULTURA Y PESCA,S03
47,MAGDALENA,2006,960,9.6E+11,AGRICULTURA GANADERIA SILVICULTURA Y PESCA,S03
47,MAGDALENA,2007,1008,1.008E+12,AGRICULTURA GANADERIA SILVICULTURA Y PESCA,S03
47,MAGDALENA,2008,1142,1.142E+12,AGRICULTURA GANADERIA SILVICULTURA Y PESCA,S03
47,MAGDALENA,2009,1222,1.222E+12,AGRICULTURA GANADERIA SILVICULTURA Y PESCA,S03
47,MAGDALENA,2010,1154,1.154E+12,AGRICULTURA GANADERIA SILVICULTURA Y PESCA,S03
47,MAGDALENA,2011,1239,1.239E+12,AGRICULTURA GANADERIA SILVICULTURA Y PESCA,S03
47,MAGDALENA,2012,1299,1.299E+12,AGRICULTURA GANADERIA SILVICULTURA Y PESCA,S03
47,MAGDALENA,2013,1232,1.232E+12,AGRICULTURA GANADERIA SILVICULTURA Y PESCA,S03
47,MAGDALENA,2014,1351,1.351E+12,AGRICULTURA GANADERIA SILVICULTURA Y PESCA,S03
47,MAGDALENA,2015,1481,1.481E+12,AGRICULTURA GANADERIA SILVICULTURA Y PESCA,S03
47,MAGDALENA,2016p,1637,1.637E+12,AGRICULTURA GANADERIA SILVICULTURA Y PESCA,S03
50,META,2000,635,6.35E+11,AGRICULTURA GANADERIA SILVICULTURA Y PESCA,S03
50,META,2001,803,8.03E+11,AGRICULTURA GANADERIA SILVICULTURA Y PESCA,S03
50,META,2002,808,8.08E+11,AGRICULTURA GANADERIA SILVICULTURA Y PESCA,S03
50,META,2003,958,9.58E+11,AGRICULTURA GANADERIA SILVICULTURA Y PESCA,S03
50,META,2004,966,9.66E+11,AGRICULTURA GANADERIA SILVICULTURA Y PESCA,S03
50,META,2005,980,9.8E+11,AGRICULTURA GANADERIA SILVICULTURA Y PESCA,S03
50,META,2006,1049,1.049E+12,AGRICULTURA GANADERIA SILVICULTURA Y PESCA,S03
50,META,2007,1166,1.166E+12,AGRICULTURA GANADERIA SILVICULTURA Y PESCA,S03
50,META,2008,1594,1.594E+12,AGRICULTURA GANADERIA SILVICULTURA Y PESCA,S03
50,META,2009,1756,1.756E+12,AGRICULTURA GANADERIA SILVICULTURA Y PESCA,S03
50,META,2010,1808,1.808E+12,AGRICULTURA GANADERIA SILVICULTURA Y PESCA,S03
50,META,2011,2122,2.122E+12,AGRICULTURA GANADERIA SILVICULTURA Y PESCA,S03
50,META,2012,2190,2.19E+12,AGRICULTURA GANADERIA SILVICULTURA Y PESCA,S03
50,META,2013,2268,2.268E+12,AGRICULTURA GANADERIA SILVICULTURA Y PESCA,S03
50,META,2014,2089,2.089E+12,AGRICULTURA GANADERIA SILVICULTURA Y PESCA,S03
50,META,2015,2392,2.392E+12,AGRICULTURA GANADERIA SILVICULTURA Y PESCA,S03
50,META,2016p,2925,2.925E+12,AGRICULTURA GANADERIA SILVICULTURA Y PESCA,S03
52,NARINO,2000,542,5.42E+11,AGRICULTURA GANADERIA SILVICULTURA Y PESCA,S03
52,NARINO,2001,534,5.34E+11,AGRICULTURA GANADERIA SILVICULTURA Y PESCA,S03
52,NARINO,2002,618,6.18E+11,AGRICULTURA GANADERIA SILVICULTURA Y PESCA,S03
52,NARINO,2003,746,7.46E+11,AGRICULTURA GANADERIA SILVICULTURA Y PESCA,S03
52,NARINO,2004,922,9.22E+11,AGRICULTURA GANADERIA SILVICULTURA Y PESCA,S03
52,NARINO,2005,941,9.41E+11,AGRICULTURA GANADERIA SILVICULTURA Y PESCA,S03
52,NARINO,2006,1110,1.11E+12,AGRICULTURA GANADERIA SILVICULTURA Y PESCA,S03
52,NARINO,2007,1092,1.092E+12,AGRICULTURA GANADERIA SILVICULTURA Y PESCA,S03
52,NARINO,2008,1112,1.112E+12,AGRICULTURA GANADERIA SILVICULTURA Y PESCA,S03
52,NARINO,2009,1108,1.108E+12,AGRICULTURA GANADERIA SILVICULTURA Y PESCA,S03
52,NARINO,2010,1171,1.171E+12,AGRICULTURA GANADERIA SILVICULTURA Y PESCA,S03
52,NARINO,2011,1322,1.322E+12,AGRICULTURA GANADERIA SILVICULTURA Y PESCA,S03
52,NARINO,2012,1398,1.398E+12,AGRICULTURA GANADERIA SILVICULTURA Y PESCA,S03
52,NARINO,2013,1480,1.48E+12,AGRICULTURA GANADERIA SILVICULTURA Y PESCA,S03
52,NARINO,2014,1556,1.556E+12,AGRICULTURA GANADERIA SILVICULTURA Y PESCA,S03
52,NARINO,2015,1781,1.781E+12,AGRICULTURA GANADERIA SILVICULTURA Y PESCA,S03
52,NARINO,2016p,2098,2.098E+12,AGRICULTURA GANADERIA SILVICULTURA Y PESCA,S03
54,NORTE DE SANTANDER,2000,445,4.45E+11,AGRICULTURA GANADERIA SILVICULTURA Y PESCA,S03
54,NORTE DE SANTANDER,2001,447,4.47E+11,AGRICULTURA GANADERIA SILVICULTURA Y PESCA,S03
54,NORTE DE SANTANDER,2002,577,5.77E+11,AGRICULTURA GANADERIA SILVICULTURA Y PESCA,S03
54,NORTE DE SANTANDER,2003,577,5.77E+11,AGRICULTURA GANADERIA SILVICULTURA Y PESCA,S03
54,NORTE DE SANTANDER,2004,639,6.39E+11,AGRICULTURA GANADERIA SILVICULTURA Y PESCA,S03
54,NORTE DE SANTANDER,2005,746,7.46E+11,AGRICULTURA GANADERIA SILVICULTURA Y PESCA,S03
54,NORTE DE SANTANDER,2006,816,8.16E+11,AGRICULTURA GANADERIA SILVICULTURA Y PESCA,S03
54,NORTE DE SANTANDER,2007,802,8.02E+11,AGRICULTURA GANADERIA SILVICULTURA Y PESCA,S03
54,NORTE DE SANTANDER,2008,963,9.63E+11,AGRICULTURA GANADERIA SILVICULTURA Y PESCA,S03
54,NORTE DE SANTANDER,2009,1108,1.108E+12,AGRICULTURA GANADERIA SILVICULTURA Y PESCA,S03
54,NORTE DE SANTANDER,2010,1091,1.091E+12,AGRICULTURA GANADERIA SILVICULTURA Y PESCA,S03
54,NORTE DE SANTANDER,2011,1163,1.163E+12,AGRICULTURA GANADERIA SILVICULTURA Y PESCA,S03
54,NORTE DE SANTANDER,2012,1064,1.064E+12,AGRICULTURA GANADERIA SILVICULTURA Y PESCA,S03
54,NORTE DE SANTANDER,2013,1150,1.15E+12,AGRICULTURA GANADERIA SILVICULTURA Y PESCA,S03
54,NORTE DE SANTANDER,2014,1251,1.251E+12,AGRICULTURA GANADERIA SILVICULTURA Y PESCA,S03
54,NORTE DE SANTANDER,2015,1374,1.374E+12,AGRICULTURA GANADERIA SILVICULTURA Y PESCA,S03
54,NORTE DE SANTANDER,2016p,1676,1.676E+12,AGRICULTURA GANADERIA SILVICULTURA Y PESCA,S03
86,PUTUMAYO,2000,79,79000000000,AGRICULTURA GANADERIA SILVICULTURA Y PESCA,S03
86,PUTUMAYO,2001,73,73000000000,AGRICULTURA GANADERIA SILVICULTURA Y PESCA,S03
86,PUTUMAYO,2002,81,81000000000,AGRICULTURA GANADERIA SILVICULTURA Y PESCA,S03
86,PUTUMAYO,2003,75,75000000000,AGRICULTURA GANADERIA SILVICULTURA Y PESCA,S03
86,PUTUMAYO,2004,77,77000000000,AGRICULTURA GANADERIA SILVICULTURA Y PESCA,S03
86,PUTUMAYO,2005,99,99000000000,AGRICULTURA GANADERIA SILVICULTURA Y PESCA,S03
86,PUTUMAYO,2006,103,1.03E+11,AGRICULTURA GANADERIA SILVICULTURA Y PESCA,S03
86,PUTUMAYO,2007,110,1.1E+11,AGRICULTURA GANADERIA SILVICULTURA Y PESCA,S03
86,PUTUMAYO,2008,100,1E+11,AGRICULTURA GANADERIA SILVICULTURA Y PESCA,S03
86,PUTUMAYO,2009,100,1E+11,AGRICULTURA GANADERIA SILVICULTURA Y PESCA,S03
86,PUTUMAYO,2010,107,1.07E+11,AGRICULTURA GANADERIA SILVICULTURA Y PESCA,S03
86,PUTUMAYO,2011,121,1.21E+11,AGRICULTURA GANADERIA SILVICULTURA Y PESCA,S03
86,PUTUMAYO,2012,129,1.29E+11,AGRICULTURA GANADERIA SILVICULTURA Y PESCA,S03
86,PUTUMAYO,2013,125,1.25E+11,AGRICULTURA GANADERIA SILVICULTURA Y PESCA,S03
86,PUTUMAYO,2014,133,1.33E+11,AGRICULTURA GANADERIA SILVICULTURA Y PESCA,S03
86,PUTUMAYO,2015,149,1.49E+11,AGRICULTURA GANADERIA SILVICULTURA Y PESCA,S03
86,PUTUMAYO,2016p,172,1.72E+11,AGRICULTURA GANADERIA SILVICULTURA Y PESCA,S03
63,QUINDIO,2000,354,3.54E+11,AGRICULTURA GANADERIA SILVICULTURA Y PESCA,S03
63,QUINDIO,2001,368,3.68E+11,AGRICULTURA GANADERIA SILVICULTURA Y PESCA,S03
63,QUINDIO,2002,421,4.21E+11,AGRICULTURA GANADERIA SILVICULTURA Y PESCA,S03
63,QUINDIO,2003,434,4.34E+11,AGRICULTURA GANADERIA SILVICULTURA Y PESCA,S03
63,QUINDIO,2004,454,4.54E+11,AGRICULTURA GANADERIA SILVICULTURA Y PESCA,S03
63,QUINDIO,2005,453,4.53E+11,AGRICULTURA GANADERIA SILVICULTURA Y PESCA,S03
63,QUINDIO,2006,575,5.75E+11,AGRICULTURA GANADERIA SILVICULTURA Y PESCA,S03
63,QUINDIO,2007,565,5.65E+11,AGRICULTURA GANADERIA SILVICULTURA Y PESCA,S03
63,QUINDIO,2008,664,6.64E+11,AGRICULTURA GANADERIA SILVICULTURA Y PESCA,S03
63,QUINDIO,2009,716,7.16E+11,AGRICULTURA GANADERIA SILVICULTURA Y PESCA,S03
63,QUINDIO,2010,749,7.49E+11,AGRICULTURA GANADERIA SILVICULTURA Y PESCA,S03
63,QUINDIO,2011,777,7.77E+11,AGRICULTURA GANADERIA SILVICULTURA Y PESCA,S03
63,QUINDIO,2012,726,7.26E+11,AGRICULTURA GANADERIA SILVICULTURA Y PESCA,S03
63,QUINDIO,2013,736,7.36E+11,AGRICULTURA GANADERIA SILVICULTURA Y PESCA,S03
63,QUINDIO,2014,777,7.77E+11,AGRICULTURA GANADERIA SILVICULTURA Y PESCA,S03
63,QUINDIO,2015,826,8.26E+11,AGRICULTURA GANADERIA SILVICULTURA Y PESCA,S03
63,QUINDIO,2016p,967,9.67E+11,AGRICULTURA GANADERIA SILVICULTURA Y PESCA,S03
66,RISARALDA,2000,358,3.58E+11,AGRICULTURA GANADERIA SILVICULTURA Y PESCA,S03
66,RISARALDA,2001,358,3.58E+11,AGRICULTURA GANADERIA SILVICULTURA Y PESCA,S03
66,RISARALDA,2002,427,4.27E+11,AGRICULTURA GANADERIA SILVICULTURA Y PESCA,S03
66,RISARALDA,2003,448,4.48E+11,AGRICULTURA GANADERIA SILVICULTURA Y PESCA,S03
66,RISARALDA,2004,493,4.93E+11,AGRICULTURA GANADERIA SILVICULTURA Y PESCA,S03
66,RISARALDA,2005,587,5.87E+11,AGRICULTURA GANADERIA SILVICULTURA Y PESCA,S03
66,RISARALDA,2006,714,7.14E+11,AGRICULTURA GANADERIA SILVICULTURA Y PESCA,S03
66,RISARALDA,2007,798,7.98E+11,AGRICULTURA GANADERIA SILVICULTURA Y PESCA,S03
66,RISARALDA,2008,736,7.36E+11,AGRICULTURA GANADERIA SILVICULTURA Y PESCA,S03
66,RISARALDA,2009,744,7.44E+11,AGRICULTURA GANADERIA SILVICULTURA Y PESCA,S03
66,RISARALDA,2010,785,7.85E+11,AGRICULTURA GANADERIA SILVICULTURA Y PESCA,S03
66,RISARALDA,2011,861,8.61E+11,AGRICULTURA GANADERIA SILVICULTURA Y PESCA,S03
66,RISARALDA,2012,805,8.05E+11,AGRICULTURA GANADERIA SILVICULTURA Y PESCA,S03
66,RISARALDA,2013,841,8.41E+11,AGRICULTURA GANADERIA SILVICULTURA Y PESCA,S03
66,RISARALDA,2014,917,9.17E+11,AGRICULTURA GANADERIA SILVICULTURA Y PESCA,S03
66,RISARALDA,2015,977,9.77E+11,AGRICULTURA GANADERIA SILVICULTURA Y PESCA,S03
66,RISARALDA,2016p,1139,1.139E+12,AGRICULTURA GANADERIA SILVICULTURA Y PESCA,S03
88,ARCHIPIELAGO DE SAN ANDRES PROVIDENCIA Y SANTA CATALINA,2000,5,5000000000,AGRICULTURA GANADERIA SILVICULTURA Y PESCA,S03
88,ARCHIPIELAGO DE SAN ANDRES PROVIDENCIA Y SANTA CATALINA,2001,6,6000000000,AGRICULTURA GANADERIA SILVICULTURA Y PESCA,S03
88,ARCHIPIELAGO DE SAN ANDRES PROVIDENCIA Y SANTA CATALINA,2002,6,6000000000,AGRICULTURA GANADERIA SILVICULTURA Y PESCA,S03
88,ARCHIPIELAGO DE SAN ANDRES PROVIDENCIA Y SANTA CATALINA,2003,7,7000000000,AGRICULTURA GANADERIA SILVICULTURA Y PESCA,S03
88,ARCHIPIELAGO DE SAN ANDRES PROVIDENCIA Y SANTA CATALINA,2004,9,9000000000,AGRICULTURA GANADERIA SILVICULTURA Y PESCA,S03
88,ARCHIPIELAGO DE SAN ANDRES PROVIDENCIA Y SANTA CATALINA,2005,9,9000000000,AGRICULTURA GANADERIA SILVICULTURA Y PESCA,S03
88,ARCHIPIELAGO DE SAN ANDRES PROVIDENCIA Y SANTA CATALINA,2006,9,9000000000,AGRICULTURA GANADERIA SILVICULTURA Y PESCA,S03
88,ARCHIPIELAGO DE SAN ANDRES PROVIDENCIA Y SANTA CATALINA,2007,10,10000000000,AGRICULTURA GANADERIA SILVICULTURA Y PESCA,S03
88,ARCHIPIELAGO DE SAN ANDRES PROVIDENCIA Y SANTA CATALINA,2008,12,12000000000,AGRICULTURA GANADERIA SILVICULTURA Y PESCA,S03
88,ARCHIPIELAGO DE SAN ANDRES PROVIDENCIA Y SANTA CATALINA,2009,12,12000000000,AGRICULTURA GANADERIA SILVICULTURA Y PESCA,S03
88,ARCHIPIELAGO DE SAN ANDRES PROVIDENCIA Y SANTA CATALINA,2010,12,12000000000,AGRICULTURA GANADERIA SILVICULTURA Y PESCA,S03
88,ARCHIPIELAGO DE SAN ANDRES PROVIDENCIA Y SANTA CATALINA,2011,12,12000000000,AGRICULTURA GANADERIA SILVICULTURA Y PESCA,S03
88,ARCHIPIELAGO DE SAN ANDRES PROVIDENCIA Y SANTA CATALINA,2012,12,12000000000,AGRICULTURA GANADERIA SILVICULTURA Y PESCA,S03
88,ARCHIPIELAGO DE SAN ANDRES PROVIDENCIA Y SANTA CATALINA,2013,13,13000000000,AGRICULTURA GANADERIA SILVICULTURA Y PESCA,S03
88,ARCHIPIELAGO DE SAN ANDRES PROVIDENCIA Y SANTA CATALINA,2014,14,14000000000,AGRICULTURA GANADERIA SILVICULTURA Y PESCA,S03
88,ARCHIPIELAGO DE SAN ANDRES PROVIDENCIA Y SANTA CATALINA,2015,17,17000000000,AGRICULTURA GANADERIA SILVICULTURA Y PESCA,S03
88,ARCHIPIELAGO DE SAN ANDRES PROVIDENCIA Y SANTA CATALINA,2016p,18,18000000000,AGRICULTURA GANADERIA SILVICULTURA Y PESCA,S03
68,SANTANDER,2000,1018,1.018E+12,AGRICULTURA GANADERIA SILVICULTURA Y PESCA,S03
68,SANTANDER,2001,1146,1.146E+12,AGRICULTURA GANADERIA SILVICULTURA Y PESCA,S03
68,SANTANDER,2002,1391,1.391E+12,AGRICULTURA GANADERIA SILVICULTURA Y PESCA,S03
68,SANTANDER,2003,1557,1.557E+12,AGRICULTURA GANADERIA SILVICULTURA Y PESCA,S03
68,SANTANDER,2004,1667,1.667E+12,AGRICULTURA GANADERIA SILVICULTURA Y PESCA,S03
68,SANTANDER,2005,1749,1.749E+12,AGRICULTURA GANADERIA SILVICULTURA Y PESCA,S03
68,SANTANDER,2006,1818,1.818E+12,AGRICULTURA GANADERIA SILVICULTURA Y PESCA,S03
68,SANTANDER,2007,1875,1.875E+12,AGRICULTURA GANADERIA SILVICULTURA Y PESCA,S03
68,SANTANDER,2008,2235,2.235E+12,AGRICULTURA GANADERIA SILVICULTURA Y PESCA,S03
68,SANTANDER,2009,2219,2.219E+12,AGRICULTURA GANADERIA SILVICULTURA Y PESCA,S03
68,SANTANDER,2010,2401,2.401E+12,AGRICULTURA GANADERIA SILVICULTURA Y PESCA,S03
68,SANTANDER,2011,2688,2.688E+12,AGRICULTURA GANADERIA SILVICULTURA Y PESCA,S03
68,SANTANDER,2012,2568,2.568E+12,AGRICULTURA GANADERIA SILVICULTURA Y PESCA,S03
68,SANTANDER,2013,2524,2.524E+12,AGRICULTURA GANADERIA SILVICULTURA Y PESCA,S03
68,SANTANDER,2014,2848,2.848E+12,AGRICULTURA GANADERIA SILVICULTURA Y PESCA,S03
68,SANTANDER,2015,3190,3.19E+12,AGRICULTURA GANADERIA SILVICULTURA Y PESCA,S03
68,SANTANDER,2016p,3858,3.858E+12,AGRICULTURA GANADERIA SILVICULTURA Y PESCA,S03
70,SUCRE,2000,302,3.02E+11,AGRICULTURA GANADERIA SILVICULTURA Y PESCA,S03
70,SUCRE,2001,337,3.37E+11,AGRICULTURA GANADERIA SILVICULTURA Y PESCA,S03
70,SUCRE,2002,355,3.55E+11,AGRICULTURA GANADERIA SILVICULTURA Y PESCA,S03
70,SUCRE,2003,391,3.91E+11,AGRICULTURA GANADERIA SILVICULTURA Y PESCA,S03
70,SUCRE,2004,405,4.05E+11,AGRICULTURA GANADERIA SILVICULTURA Y PESCA,S03
70,SUCRE,2005,423,4.23E+11,AGRICULTURA GANADERIA SILVICULTURA Y PESCA,S03
70,SUCRE,2006,490,4.9E+11,AGRICULTURA GANADERIA SILVICULTURA Y PESCA,S03
70,SUCRE,2007,548,5.48E+11,AGRICULTURA GANADERIA SILVICULTURA Y PESCA,S03
70,SUCRE,2008,563,5.63E+11,AGRICULTURA GANADERIA SILVICULTURA Y PESCA,S03
70,SUCRE,2009,647,6.47E+11,AGRICULTURA GANADERIA SILVICULTURA Y PESCA,S03
70,SUCRE,2010,555,5.55E+11,AGRICULTURA GANADERIA SILVICULTURA Y PESCA,S03
70,SUCRE,2011,584,5.84E+11,AGRICULTURA GANADERIA SILVICULTURA Y PESCA,S03
70,SUCRE,2012,657,6.57E+11,AGRICULTURA GANADERIA SILVICULTURA Y PESCA,S03
70,SUCRE,2013,655,6.55E+11,AGRICULTURA GANADERIA SILVICULTURA Y PESCA,S03
70,SUCRE,2014,659,6.59E+11,AGRICULTURA GANADERIA SILVICULTURA Y PESCA,S03
70,SUCRE,2015,745,7.45E+11,AGRICULTURA GANADERIA SILVICULTURA Y PESCA,S03
70,SUCRE,2016p,872,8.72E+11,AGRICULTURA GANADERIA SILVICULTURA Y PESCA,S03
73,TOLIMA,2000,951,9.51E+11,AGRICULTURA GANADERIA SILVICULTURA Y PESCA,S03
73,TOLIMA,2001,1203,1.203E+12,AGRICULTURA GANADERIA SILVICULTURA Y PESCA,S03
73,TOLIMA,2002,1162,1.162E+12,AGRICULTURA GANADERIA SILVICULTURA Y PESCA,S03
73,TOLIMA,2003,1295,1.295E+12,AGRICULTURA GANADERIA SILVICULTURA Y PESCA,S03
73,TOLIMA,2004,1359,1.359E+12,AGRICULTURA GANADERIA SILVICULTURA Y PESCA,S03
73,TOLIMA,2005,1437,1.437E+12,AGRICULTURA GANADERIA SILVICULTURA Y PESCA,S03
73,TOLIMA,2006,1594,1.594E+12,AGRICULTURA GANADERIA SILVICULTURA Y PESCA,S03
73,TOLIMA,2007,1625,1.625E+12,AGRICULTURA GANADERIA SILVICULTURA Y PESCA,S03
73,TOLIMA,2008,1662,1.662E+12,AGRICULTURA GANADERIA SILVICULTURA Y PESCA,S03
73,TOLIMA,2009,1679,1.679E+12,AGRICULTURA GANADERIA SILVICULTURA Y PESCA,S03
73,TOLIMA,2010,1755,1.755E+12,AGRICULTURA GANADERIA SILVICULTURA Y PESCA,S03
73,TOLIMA,2011,2062,2.062E+12,AGRICULTURA GANADERIA SILVICULTURA Y PESCA,S03
73,TOLIMA,2012,1878,1.878E+12,AGRICULTURA GANADERIA SILVICULTURA Y PESCA,S03
73,TOLIMA,2013,2005,2.005E+12,AGRICULTURA GANADERIA SILVICULTURA Y PESCA,S03
73,TOLIMA,2014,2220,2.22E+12,AGRICULTURA GANADERIA SILVICULTURA Y PESCA,S03
73,TOLIMA,2015,2610,2.61E+12,AGRICULTURA GANADERIA SILVICULTURA Y PESCA,S03
73,TOLIMA,2016p,2895,2.895E+12,AGRICULTURA GANADERIA SILVICULTURA Y PESCA,S03
76,VALLE DEL CAUCA,2000,1355,1.355E+12,AGRICULTURA GANADERIA SILVICULTURA Y PESCA,S03
76,VALLE DEL CAUCA,2001,1443,1.443E+12,AGRICULTURA GANADERIA SILVICULTURA Y PESCA,S03
76,VALLE DEL CAUCA,2002,1717,1.717E+12,AGRICULTURA GANADERIA SILVICULTURA Y PESCA,S03
76,VALLE DEL CAUCA,2003,1811,1.811E+12,AGRICULTURA GANADERIA SILVICULTURA Y PESCA,S03
76,VALLE DEL CAUCA,2004,1945,1.945E+12,AGRICULTURA GANADERIA SILVICULTURA Y PESCA,S03
76,VALLE DEL CAUCA,2005,2141,2.141E+12,AGRICULTURA GANADERIA SILVICULTURA Y PESCA,S03
76,VALLE DEL CAUCA,2006,2226,2.226E+12,AGRICULTURA GANADERIA SILVICULTURA Y PESCA,S03
76,VALLE DEL CAUCA,2007,2609,2.609E+12,AGRICULTURA GANADERIA SILVICULTURA Y PESCA,S03
76,VALLE DEL CAUCA,2008,2420,2.42E+12,AGRICULTURA GANADERIA SILVICULTURA Y PESCA,S03
76,VALLE DEL CAUCA,2009,2791,2.791E+12,AGRICULTURA GANADERIA SILVICULTURA Y PESCA,S03
76,VALLE DEL CAUCA,2010,2826,2.826E+12,AGRICULTURA GANADERIA SILVICULTURA Y PESCA,S03
76,VALLE DEL CAUCA,2011,3144,3.144E+12,AGRICULTURA GANADERIA SILVICULTURA Y PESCA,S03
76,VALLE DEL CAUCA,2012,3002,3.002E+12,AGRICULTURA GANADERIA SILVICULTURA Y PESCA,S03
76,VALLE DEL CAUCA,2013,3047,3.047E+12,AGRICULTURA GANADERIA SILVICULTURA Y PESCA,S03
76,VALLE DEL CAUCA,2014,3422,3.422E+12,AGRICULTURA GANADERIA SILVICULTURA Y PESCA,S03
76,VALLE DEL CAUCA,2015,3698,3.698E+12,AGRICULTURA GANADERIA SILVICULTURA Y PESCA,S03
76,VALLE DEL CAUCA,2016p,4409,4.409E+12,AGRICULTURA GANADERIA SILVICULTURA Y PESCA,S03
97,VAUPES,2000,4,4000000000,AGRICULTURA GANADERIA SILVICULTURA Y PESCA,S03
97,VAUPES,2001,6,6000000000,AGRICULTURA GANADERIA SILVICULTURA Y PESCA,S03
97,VAUPES,2002,6,6000000000,AGRICULTURA GANADERIA SILVICULTURA Y PESCA,S03
97,VAUPES,2003,4,4000000000,AGRICULTURA GANADERIA SILVICULTURA Y PESCA,S03
97,VAUPES,2004,4,4000000000,AGRICULTURA GANADERIA SILVICULTURA Y PESCA,S03
97,VAUPES,2005,3,3000000000,AGRICULTURA GANADERIA SILVICULTURA Y PESCA,S03
97,VAUPES,2006,4,4000000000,AGRICULTURA GANADERIA SILVICULTURA Y PESCA,S03
97,VAUPES,2007,4,4000000000,AGRICULTURA GANADERIA SILVICULTURA Y PESCA,S03
97,VAUPES,2008,5,5000000000,AGRICULTURA GANADERIA SILVICULTURA Y PESCA,S03
97,VAUPES,2009,4,4000000000,AGRICULTURA GANADERIA SILVICULTURA Y PESCA,S03
97,VAUPES,2010,3,3000000000,AGRICULTURA GANADERIA SILVICULTURA Y PESCA,S03
97,VAUPES,2011,3,3000000000,AGRICULTURA GANADERIA SILVICULTURA Y PESCA,S03
97,VAUPES,2012,6,6000000000,AGRICULTURA GANADERIA SILVICULTURA Y PESCA,S03
97,VAUPES,2013,6,6000000000,AGRICULTURA GANADERIA SILVICULTURA Y PESCA,S03
97,VAUPES,2014,8,8000000000,AGRICULTURA GANADERIA SILVICULTURA Y PESCA,S03
97,VAUPES,2015,10,10000000000,AGRICULTURA GANADERIA SILVICULTURA Y PESCA,S03
97,VAUPES,2016p,10,10000000000,AGRICULTURA GANADERIA SILVICULTURA Y PESCA,S03
99,VICHADA,2000,19,19000000000,AGRICULTURA GANADERIA SILVICULTURA Y PESCA,S03
99,VICHADA,2001,14,14000000000,AGRICULTURA GANADERIA SILVICULTURA Y PESCA,S03
99,VICHADA,2002,16,16000000000,AGRICULTURA GANADERIA SILVICULTURA Y PESCA,S03
99,VICHADA,2003,23,23000000000,AGRICULTURA GANADERIA SILVICULTURA Y PESCA,S03
99,VICHADA,2004,25,25000000000,AGRICULTURA GANADERIA SILVICULTURA Y PESCA,S03
99,VICHADA,2005,27,27000000000,AGRICULTURA GANADERIA SILVICULTURA Y PESCA,S03
99,VICHADA,2006,30,30000000000,AGRICULTURA GANADERIA SILVICULTURA Y PESCA,S03
99,VICHADA,2007,26,26000000000,AGRICULTURA GANADERIA SILVICULTURA Y PESCA,S03
99,VICHADA,2008,28,28000000000,AGRICULTURA GANADERIA SILVICULTURA Y PESCA,S03
99,VICHADA,2009,28,28000000000,AGRICULTURA GANADERIA SILVICULTURA Y PESCA,S03
99,VICHADA,2010,27,27000000000,AGRICULTURA GANADERIA SILVICULTURA Y PESCA,S03
99,VICHADA,2011,27,27000000000,AGRICULTURA GANADERIA SILVICULTURA Y PESCA,S03
99,VICHADA,2012,29,29000000000,AGRICULTURA GANADERIA SILVICULTURA Y PESCA,S03
99,VICHADA,2013,29,29000000000,AGRICULTURA GANADERIA SILVICULTURA Y PESCA,S03
99,VICHADA,2014,27,27000000000,AGRICULTURA GANADERIA SILVICULTURA Y PESCA,S03
99,VICHADA,2015,35,35000000000,AGRICULTURA GANADERIA SILVICULTURA Y PESCA,S03
99,VICHADA,2016p,38,38000000000,AGRICULTURA GANADERIA SILVICULTURA Y PESCA,S03
0,COLOMBIA,2000,12361,1.2361E+13,EXPLOTACION DE MINAS Y CANTERAS,S07
0,COLOMBIA,2001,11072,1.1072E+13,EXPLOTACION DE MINAS Y CANTERAS,S07
0,COLOMBIA,2002,11869,1.1869E+13,EXPLOTACION DE MINAS Y CANTERAS,S07
0,COLOMBIA,2003,15141,1.5141E+13,EXPLOTACION DE MINAS Y CANTERAS,S07
0,COLOMBIA,2004,17695,1.7695E+13,EXPLOTACION DE MINAS Y CANTERAS,S07
0,COLOMBIA,2005,21371,2.1371E+13,EXPLOTACION DE MINAS Y CANTERAS,S07
0,COLOMBIA,2006,25349,2.5349E+13,EXPLOTACION DE MINAS Y CANTERAS,S07
0,COLOMBIA,2007,25722,2.5722E+13,EXPLOTACION DE MINAS Y CANTERAS,S07
0,COLOMBIA,2008,37689,3.7689E+13,EXPLOTACION DE MINAS Y CANTERAS,S07
0,COLOMBIA,2009,36391,3.6391E+13,EXPLOTACION DE MINAS Y CANTERAS,S07
0,COLOMBIA,2010,45960,4.596E+13,EXPLOTACION DE MINAS Y CANTERAS,S07
0,COLOMBIA,2011,68943,6.8943E+13,EXPLOTACION DE MINAS Y CANTERAS,S07
0,COLOMBIA,2012,73052,7.3052E+13,EXPLOTACION DE MINAS Y CANTERAS,S07
0,COLOMBIA,2013,72273,7.2273E+13,EXPLOTACION DE MINAS Y CANTERAS,S07
0,COLOMBIA,2014,63665,6.3665E+13,EXPLOTACION DE MINAS Y CANTERAS,S07
0,COLOMBIA,2015,51221,5.1221E+13,EXPLOTACION DE MINAS Y CANTERAS,S07
0,COLOMBIA,2016p,42142,4.2142E+13,EXPLOTACION DE MINAS Y CANTERAS,S07
91,AMAZONAS,2000,0,0,EXPLOTACION DE MINAS Y CANTERAS,S07
91,AMAZONAS,2001,0,0,EXPLOTACION DE MINAS Y CANTERAS,S07
91,AMAZONAS,2002,0,0,EXPLOTACION DE MINAS Y CANTERAS,S07
91,AMAZONAS,2003,0,0,EXPLOTACION DE MINAS Y CANTERAS,S07
91,AMAZONAS,2004,0,0,EXPLOTACION DE MINAS Y CANTERAS,S07
91,AMAZONAS,2005,0,0,EXPLOTACION DE MINAS Y CANTERAS,S07
91,AMAZONAS,2006,0,0,EXPLOTACION DE MINAS Y CANTERAS,S07
91,AMAZONAS,2007,0,0,EXPLOTACION DE MINAS Y CANTERAS,S07
91,AMAZONAS,2008,0,0,EXPLOTACION DE MINAS Y CANTERAS,S07
91,AMAZONAS,2009,0,0,EXPLOTACION DE MINAS Y CANTERAS,S07
91,AMAZONAS,2010,0,0,EXPLOTACION DE MINAS Y CANTERAS,S07
91,AMAZONAS,2011,0,0,EXPLOTACION DE MINAS Y CANTERAS,S07
91,AMAZONAS,2012,0,0,EXPLOTACION DE MINAS Y CANTERAS,S07
91,AMAZONAS,2013,0,0,EXPLOTACION DE MINAS Y CANTERAS,S07
91,AMAZONAS,2014,0,0,EXPLOTACION DE MINAS Y CANTERAS,S07
91,AMAZONAS,2015,0,0,EXPLOTACION DE MINAS Y CANTERAS,S07
91,AMAZONAS,2016p,0,0,EXPLOTACION DE MINAS Y CANTERAS,S07
5,ANTIOQUIA,2000,433,4.33E+11,EXPLOTACION DE MINAS Y CANTERAS,S07
5,ANTIOQUIA,2001,434,4.34E+11,EXPLOTACION DE MINAS Y CANTERAS,S07
5,ANTIOQUIA,2002,533,5.33E+11,EXPLOTACION DE MINAS Y CANTERAS,S07
5,ANTIOQUIA,2003,860,8.6E+11,EXPLOTACION DE MINAS Y CANTERAS,S07
5,ANTIOQUIA,2004,988,9.88E+11,EXPLOTACION DE MINAS Y CANTERAS,S07
5,ANTIOQUIA,2005,1249,1.249E+12,EXPLOTACION DE MINAS Y CANTERAS,S07
5,ANTIOQUIA,2006,1609,1.609E+12,EXPLOTACION DE MINAS Y CANTERAS,S07
5,ANTIOQUIA,2007,1289,1.289E+12,EXPLOTACION DE MINAS Y CANTERAS,S07
5,ANTIOQUIA,2008,1759,1.759E+12,EXPLOTACION DE MINAS Y CANTERAS,S07
5,ANTIOQUIA,2009,1803,1.803E+12,EXPLOTACION DE MINAS Y CANTERAS,S07
5,ANTIOQUIA,2010,1718,1.718E+12,EXPLOTACION DE MINAS Y CANTERAS,S07
5,ANTIOQUIA,2011,2434,2.434E+12,EXPLOTACION DE MINAS Y CANTERAS,S07
5,ANTIOQUIA,2012,2985,2.985E+12,EXPLOTACION DE MINAS Y CANTERAS,S07
5,ANTIOQUIA,2013,2853,2.853E+12,EXPLOTACION DE MINAS Y CANTERAS,S07
5,ANTIOQUIA,2014,2645,2.645E+12,EXPLOTACION DE MINAS Y CANTERAS,S07
5,ANTIOQUIA,2015,2463,2.463E+12,EXPLOTACION DE MINAS Y CANTERAS,S07
5,ANTIOQUIA,2016p,2396,2.396E+12,EXPLOTACION DE MINAS Y CANTERAS,S07
81,ARAUCA,2000,1237,1.237E+12,EXPLOTACION DE MINAS Y CANTERAS,S07
81,ARAUCA,2001,584,5.84E+11,EXPLOTACION DE MINAS Y CANTERAS,S07
81,ARAUCA,2002,1237,1.237E+12,EXPLOTACION DE MINAS Y CANTERAS,S07
81,ARAUCA,2003,1563,1.563E+12,EXPLOTACION DE MINAS Y CANTERAS,S07
81,ARAUCA,2004,1294,1.294E+12,EXPLOTACION DE MINAS Y CANTERAS,S07
81,ARAUCA,2005,2202,2.202E+12,EXPLOTACION DE MINAS Y CANTERAS,S07
81,ARAUCA,2006,2533,2.533E+12,EXPLOTACION DE MINAS Y CANTERAS,S07
81,ARAUCA,2007,2647,2.647E+12,EXPLOTACION DE MINAS Y CANTERAS,S07
81,ARAUCA,2008,3971,3.971E+12,EXPLOTACION DE MINAS Y CANTERAS,S07
81,ARAUCA,2009,3126,3.126E+12,EXPLOTACION DE MINAS Y CANTERAS,S07
81,ARAUCA,2010,3235,3.235E+12,EXPLOTACION DE MINAS Y CANTERAS,S07
81,ARAUCA,2011,4018,4.018E+12,EXPLOTACION DE MINAS Y CANTERAS,S07
81,ARAUCA,2012,3726,3.726E+12,EXPLOTACION DE MINAS Y CANTERAS,S07
81,ARAUCA,2013,3336,3.336E+12,EXPLOTACION DE MINAS Y CANTERAS,S07
81,ARAUCA,2014,2464,2.464E+12,EXPLOTACION DE MINAS Y CANTERAS,S07
81,ARAUCA,2015,1829,1.829E+12,EXPLOTACION DE MINAS Y CANTERAS,S07
81,ARAUCA,2016p,1219,1.219E+12,EXPLOTACION DE MINAS Y CANTERAS,S07
8,ATLANTICO,2000,17,17000000000,EXPLOTACION DE MINAS Y CANTERAS,S07
8,ATLANTICO,2001,21,21000000000,EXPLOTACION DE MINAS Y CANTERAS,S07
8,ATLANTICO,2002,31,31000000000,EXPLOTACION DE MINAS Y CANTERAS,S07
8,ATLANTICO,2003,35,35000000000,EXPLOTACION DE MINAS Y CANTERAS,S07
8,ATLANTICO,2004,45,45000000000,EXPLOTACION DE MINAS Y CANTERAS,S07
8,ATLANTICO,2005,36,36000000000,EXPLOTACION DE MINAS Y CANTERAS,S07
8,ATLANTICO,2006,48,48000000000,EXPLOTACION DE MINAS Y CANTERAS,S07
8,ATLANTICO,2007,54,54000000000,EXPLOTACION DE MINAS Y CANTERAS,S07
8,ATLANTICO,2008,57,57000000000,EXPLOTACION DE MINAS Y CANTERAS,S07
8,ATLANTICO,2009,61,61000000000,EXPLOTACION DE MINAS Y CANTERAS,S07
8,ATLANTICO,2010,55,55000000000,EXPLOTACION DE MINAS Y CANTERAS,S07
8,ATLANTICO,2011,60,60000000000,EXPLOTACION DE MINAS Y CANTERAS,S07
8,ATLANTICO,2012,81,81000000000,EXPLOTACION DE MINAS Y CANTERAS,S07
8,ATLANTICO,2013,90,90000000000,EXPLOTACION DE MINAS Y CANTERAS,S07
8,ATLANTICO,2014,116,1.16E+11,EXPLOTACION DE MINAS Y CANTERAS,S07
8,ATLANTICO,2015,132,1.32E+11,EXPLOTACION DE MINAS Y CANTERAS,S07
8,ATLANTICO,2016p,144,1.44E+11,EXPLOTACION DE MINAS Y CANTERAS,S07
11,SANTAFE DE BOGOTA D.C,2000,104,1.04E+11,EXPLOTACION DE MINAS Y CANTERAS,S07
11,SANTAFE DE BOGOTA D.C,2001,96,96000000000,EXPLOTACION DE MINAS Y CANTERAS,S07
11,SANTAFE DE BOGOTA D.C,2002,147,1.47E+11,EXPLOTACION DE MINAS Y CANTERAS,S07
11,SANTAFE DE BOGOTA D.C,2003,174,1.74E+11,EXPLOTACION DE MINAS Y CANTERAS,S07
11,SANTAFE DE BOGOTA D.C,2004,242,2.42E+11,EXPLOTACION DE MINAS Y CANTERAS,S07
11,SANTAFE DE BOGOTA D.C,2005,246,2.46E+11,EXPLOTACION DE MINAS Y CANTERAS,S07
11,SANTAFE DE BOGOTA D.C,2006,302,3.02E+11,EXPLOTACION DE MINAS Y CANTERAS,S07
11,SANTAFE DE BOGOTA D.C,2007,317,3.17E+11,EXPLOTACION DE MINAS Y CANTERAS,S07
11,SANTAFE DE BOGOTA D.C,2008,351,3.51E+11,EXPLOTACION DE MINAS Y CANTERAS,S07
11,SANTAFE DE BOGOTA D.C,2009,394,3.94E+11,EXPLOTACION DE MINAS Y CANTERAS,S07
11,SANTAFE DE BOGOTA D.C,2010,352,3.52E+11,EXPLOTACION DE MINAS Y CANTERAS,S07
11,SANTAFE DE BOGOTA D.C,2011,414,4.14E+11,EXPLOTACION DE MINAS Y CANTERAS,S07
11,SANTAFE DE BOGOTA D.C,2012,400,4E+11,EXPLOTACION DE MINAS Y CANTERAS,S07
11,SANTAFE DE BOGOTA D.C,2013,413,4.13E+11,EXPLOTACION DE MINAS Y CANTERAS,S07
11,SANTAFE DE BOGOTA D.C,2014,462,4.62E+11,EXPLOTACION DE MINAS Y CANTERAS,S07
11,SANTAFE DE BOGOTA D.C,2015,532,5.32E+11,EXPLOTACION DE MINAS Y CANTERAS,S07
11,SANTAFE DE BOGOTA D.C,2016p,576,5.76E+11,EXPLOTACION DE MINAS Y CANTERAS,S07
13,BOLIVAR,2000,118,1.18E+11,EXPLOTACION DE MINAS Y CANTERAS,S07
13,BOLIVAR,2001,96,96000000000,EXPLOTACION DE MINAS Y CANTERAS,S07
13,BOLIVAR,2002,136,1.36E+11,EXPLOTACION DE MINAS Y CANTERAS,S07
13,BOLIVAR,2003,217,2.17E+11,EXPLOTACION DE MINAS Y CANTERAS,S07
13,BOLIVAR,2004,268,2.68E+11,EXPLOTACION DE MINAS Y CANTERAS,S07
13,BOLIVAR,2005,335,3.35E+11,EXPLOTACION DE MINAS Y CANTERAS,S07
13,BOLIVAR,2006,429,4.29E+11,EXPLOTACION DE MINAS Y CANTERAS,S07
13,BOLIVAR,2007,418,4.18E+11,EXPLOTACION DE MINAS Y CANTERAS,S07
13,BOLIVAR,2008,664,6.64E+11,EXPLOTACION DE MINAS Y CANTERAS,S07
13,BOLIVAR,2009,567,5.67E+11,EXPLOTACION DE MINAS Y CANTERAS,S07
13,BOLIVAR,2010,750,7.5E+11,EXPLOTACION DE MINAS Y CANTERAS,S07
13,BOLIVAR,2011,1165,1.165E+12,EXPLOTACION DE MINAS Y CANTERAS,S07
13,BOLIVAR,2012,1132,1.132E+12,EXPLOTACION DE MINAS Y CANTERAS,S07
13,BOLIVAR,2013,1075,1.075E+12,EXPLOTACION DE MINAS Y CANTERAS,S07
13,BOLIVAR,2014,704,7.04E+11,EXPLOTACION DE MINAS Y CANTERAS,S07
13,BOLIVAR,2015,695,6.95E+11,EXPLOTACION DE MINAS Y CANTERAS,S07
13,BOLIVAR,2016p,656,6.56E+11,EXPLOTACION DE MINAS Y CANTERAS,S07
15,BOYACA,2000,230,2.3E+11,EXPLOTACION DE MINAS Y CANTERAS,S07
15,BOYACA,2001,262,2.62E+11,EXPLOTACION DE MINAS Y CANTERAS,S07
15,BOYACA,2002,288,2.88E+11,EXPLOTACION DE MINAS Y CANTERAS,S07
15,BOYACA,2003,330,3.3E+11,EXPLOTACION DE MINAS Y CANTERAS,S07
15,BOYACA,2004,294,2.94E+11,EXPLOTACION DE MINAS Y CANTERAS,S07
15,BOYACA,2005,344,3.44E+11,EXPLOTACION DE MINAS Y CANTERAS,S07
15,BOYACA,2006,465,4.65E+11,EXPLOTACION DE MINAS Y CANTERAS,S07
15,BOYACA,2007,902,9.02E+11,EXPLOTACION DE MINAS Y CANTERAS,S07
15,BOYACA,2008,1537,1.537E+12,EXPLOTACION DE MINAS Y CANTERAS,S07
15,BOYACA,2009,1339,1.339E+12,EXPLOTACION DE MINAS Y CANTERAS,S07
15,BOYACA,2010,1827,1.827E+12,EXPLOTACION DE MINAS Y CANTERAS,S07
15,BOYACA,2011,2810,2.81E+12,EXPLOTACION DE MINAS Y CANTERAS,S07
15,BOYACA,2012,2920,2.92E+12,EXPLOTACION DE MINAS Y CANTERAS,S07
15,BOYACA,2013,2831,2.831E+12,EXPLOTACION DE MINAS Y CANTERAS,S07
15,BOYACA,2014,2685,2.685E+12,EXPLOTACION DE MINAS Y CANTERAS,S07
15,BOYACA,2015,2086,2.086E+12,EXPLOTACION DE MINAS Y CANTERAS,S07
15,BOYACA,2016p,1722,1.722E+12,EXPLOTACION DE MINAS Y CANTERAS,S07
17,CALDAS,2000,16,16000000000,EXPLOTACION DE MINAS Y CANTERAS,S07
17,CALDAS,2001,20,20000000000,EXPLOTACION DE MINAS Y CANTERAS,S07
17,CALDAS,2002,32,32000000000,EXPLOTACION DE MINAS Y CANTERAS,S07
17,CALDAS,2003,39,39000000000,EXPLOTACION DE MINAS Y CANTERAS,S07
17,CALDAS,2004,46,46000000000,EXPLOTACION DE MINAS Y CANTERAS,S07
17,CALDAS,2005,62,62000000000,EXPLOTACION DE MINAS Y CANTERAS,S07
17,CALDAS,2006,116,1.16E+11,EXPLOTACION DE MINAS Y CANTERAS,S07
17,CALDAS,2007,97,97000000000,EXPLOTACION DE MINAS Y CANTERAS,S07
17,CALDAS,2008,65,65000000000,EXPLOTACION DE MINAS Y CANTERAS,S07
17,CALDAS,2009,65,65000000000,EXPLOTACION DE MINAS Y CANTERAS,S07
17,CALDAS,2010,70,70000000000,EXPLOTACION DE MINAS Y CANTERAS,S07
17,CALDAS,2011,91,91000000000,EXPLOTACION DE MINAS Y CANTERAS,S07
17,CALDAS,2012,107,1.07E+11,EXPLOTACION DE MINAS Y CANTERAS,S07
17,CALDAS,2013,98,98000000000,EXPLOTACION DE MINAS Y CANTERAS,S07
17,CALDAS,2014,106,1.06E+11,EXPLOTACION DE MINAS Y CANTERAS,S07
17,CALDAS,2015,117,1.17E+11,EXPLOTACION DE MINAS Y CANTERAS,S07
17,CALDAS,2016p,146,1.46E+11,EXPLOTACION DE MINAS Y CANTERAS,S07
18,CAQUETA,2000,1,1000000000,EXPLOTACION DE MINAS Y CANTERAS,S07
18,CAQUETA,2001,1,1000000000,EXPLOTACION DE MINAS Y CANTERAS,S07
18,CAQUETA,2002,1,1000000000,EXPLOTACION DE MINAS Y CANTERAS,S07
18,CAQUETA,2003,1,1000000000,EXPLOTACION DE MINAS Y CANTERAS,S07
18,CAQUETA,2004,3,3000000000,EXPLOTACION DE MINAS Y CANTERAS,S07
18,CAQUETA,2005,2,2000000000,EXPLOTACION DE MINAS Y CANTERAS,S07
18,CAQUETA,2006,4,4000000000,EXPLOTACION DE MINAS Y CANTERAS,S07
18,CAQUETA,2007,4,4000000000,EXPLOTACION DE MINAS Y CANTERAS,S07
18,CAQUETA,2008,6,6000000000,EXPLOTACION DE MINAS Y CANTERAS,S07
18,CAQUETA,2009,6,6000000000,EXPLOTACION DE MINAS Y CANTERAS,S07
18,CAQUETA,2010,8,8000000000,EXPLOTACION DE MINAS Y CANTERAS,S07
18,CAQUETA,2011,9,9000000000,EXPLOTACION DE MINAS Y CANTERAS,S07
18,CAQUETA,2012,15,15000000000,EXPLOTACION DE MINAS Y CANTERAS,S07
18,CAQUETA,2013,17,17000000000,EXPLOTACION DE MINAS Y CANTERAS,S07
18,CAQUETA,2014,18,18000000000,EXPLOTACION DE MINAS Y CANTERAS,S07
18,CAQUETA,2015,17,17000000000,EXPLOTACION DE MINAS Y CANTERAS,S07
18,CAQUETA,2016p,20,20000000000,EXPLOTACION DE MINAS Y CANTERAS,S07
85,CASANARE,2000,5371,5.371E+12,EXPLOTACION DE MINAS Y CANTERAS,S07
85,CASANARE,2001,4343,4.343E+12,EXPLOTACION DE MINAS Y CANTERAS,S07
85,CASANARE,2002,3992,3.992E+12,EXPLOTACION DE MINAS Y CANTERAS,S07
85,CASANARE,2003,4687,4.687E+12,EXPLOTACION DE MINAS Y CANTERAS,S07
85,CASANARE,2004,4262,4.262E+12,EXPLOTACION DE MINAS Y CANTERAS,S07
85,CASANARE,2005,4865,4.865E+12,EXPLOTACION DE MINAS Y CANTERAS,S07
85,CASANARE,2006,4919,4.919E+12,EXPLOTACION DE MINAS Y CANTERAS,S07
85,CASANARE,2007,4179,4.179E+12,EXPLOTACION DE MINAS Y CANTERAS,S07
85,CASANARE,2008,5878,5.878E+12,EXPLOTACION DE MINAS Y CANTERAS,S07
85,CASANARE,2009,5009,5.009E+12,EXPLOTACION DE MINAS Y CANTERAS,S07
85,CASANARE,2010,6008,6.008E+12,EXPLOTACION DE MINAS Y CANTERAS,S07
85,CASANARE,2011,9832,9.832E+12,EXPLOTACION DE MINAS Y CANTERAS,S07
85,CASANARE,2012,10778,1.0778E+13,EXPLOTACION DE MINAS Y CANTERAS,S07
85,CASANARE,2013,11120,1.112E+13,EXPLOTACION DE MINAS Y CANTERAS,S07
85,CASANARE,2014,10362,1.0362E+13,EXPLOTACION DE MINAS Y CANTERAS,S07
85,CASANARE,2015,7539,7.539E+12,EXPLOTACION DE MINAS Y CANTERAS,S07
85,CASANARE,2016p,5500,5.5E+12,EXPLOTACION DE MINAS Y CANTERAS,S07
19,CAUCA,2000,22,22000000000,EXPLOTACION DE MINAS Y CANTERAS,S07
19,CAUCA,2001,22,22000000000,EXPLOTACION DE MINAS Y CANTERAS,S07
19,CAUCA,2002,25,25000000000,EXPLOTACION DE MINAS Y CANTERAS,S07
19,CAUCA,2003,35,35000000000,EXPLOTACION DE MINAS Y CANTERAS,S07
19,CAUCA,2004,53,53000000000,EXPLOTACION DE MINAS Y CANTERAS,S07
19,CAUCA,2005,42,42000000000,EXPLOTACION DE MINAS Y CANTERAS,S07
19,CAUCA,2006,58,58000000000,EXPLOTACION DE MINAS Y CANTERAS,S07
19,CAUCA,2007,68,68000000000,EXPLOTACION DE MINAS Y CANTERAS,S07
19,CAUCA,2008,84,84000000000,EXPLOTACION DE MINAS Y CANTERAS,S07
19,CAUCA,2009,129,1.29E+11,EXPLOTACION DE MINAS Y CANTERAS,S07
19,CAUCA,2010,102,1.02E+11,EXPLOTACION DE MINAS Y CANTERAS,S07
19,CAUCA,2011,136,1.36E+11,EXPLOTACION DE MINAS Y CANTERAS,S07
19,CAUCA,2012,236,2.36E+11,EXPLOTACION DE MINAS Y CANTERAS,S07
19,CAUCA,2013,270,2.7E+11,EXPLOTACION DE MINAS Y CANTERAS,S07
19,CAUCA,2014,257,2.57E+11,EXPLOTACION DE MINAS Y CANTERAS,S07
19,CAUCA,2015,333,3.33E+11,EXPLOTACION DE MINAS Y CANTERAS,S07
19,CAUCA,2016p,292,2.92E+11,EXPLOTACION DE MINAS Y CANTERAS,S07
20,CESAR,2000,521,5.21E+11,EXPLOTACION DE MINAS Y CANTERAS,S07
20,CESAR,2001,856,8.56E+11,EXPLOTACION DE MINAS Y CANTERAS,S07
20,CESAR,2002,997,9.97E+11,EXPLOTACION DE MINAS Y CANTERAS,S07
20,CESAR,2003,1283,1.283E+12,EXPLOTACION DE MINAS Y CANTERAS,S07
20,CESAR,2004,1726,1.726E+12,EXPLOTACION DE MINAS Y CANTERAS,S07
20,CESAR,2005,2266,2.266E+12,EXPLOTACION DE MINAS Y CANTERAS,S07
20,CESAR,2006,2668,2.668E+12,EXPLOTACION DE MINAS Y CANTERAS,S07
20,CESAR,2007,2643,2.643E+12,EXPLOTACION DE MINAS Y CANTERAS,S07
20,CESAR,2008,3949,3.949E+12,EXPLOTACION DE MINAS Y CANTERAS,S07
20,CESAR,2009,4092,4.092E+12,EXPLOTACION DE MINAS Y CANTERAS,S07
20,CESAR,2010,4269,4.269E+12,EXPLOTACION DE MINAS Y CANTERAS,S07
20,CESAR,2011,5934,5.934E+12,EXPLOTACION DE MINAS Y CANTERAS,S07
20,CESAR,2012,5981,5.981E+12,EXPLOTACION DE MINAS Y CANTERAS,S07
20,CESAR,2013,5150,5.15E+12,EXPLOTACION DE MINAS Y CANTERAS,S07
20,CESAR,2014,4868,4.868E+12,EXPLOTACION DE MINAS Y CANTERAS,S07
20,CESAR,2015,5026,5.026E+12,EXPLOTACION DE MINAS Y CANTERAS,S07
20,CESAR,2016p,6105,6.105E+12,EXPLOTACION DE MINAS Y CANTERAS,S07
27,CHOCO,2000,36,36000000000,EXPLOTACION DE MINAS Y CANTERAS,S07
27,CHOCO,2001,43,43000000000,EXPLOTACION DE MINAS Y CANTERAS,S07
27,CHOCO,2002,49,49000000000,EXPLOTACION DE MINAS Y CANTERAS,S07
27,CHOCO,2003,85,85000000000,EXPLOTACION DE MINAS Y CANTERAS,S07
27,CHOCO,2004,106,1.06E+11,EXPLOTACION DE MINAS Y CANTERAS,S07
27,CHOCO,2005,118,1.18E+11,EXPLOTACION DE MINAS Y CANTERAS,S07
27,CHOCO,2006,199,1.99E+11,EXPLOTACION DE MINAS Y CANTERAS,S07
27,CHOCO,2007,198,1.98E+11,EXPLOTACION DE MINAS Y CANTERAS,S07
27,CHOCO,2008,208,2.08E+11,EXPLOTACION DE MINAS Y CANTERAS,S07
27,CHOCO,2009,467,4.67E+11,EXPLOTACION DE MINAS Y CANTERAS,S07
27,CHOCO,2010,994,9.94E+11,EXPLOTACION DE MINAS Y CANTERAS,S07
27,CHOCO,2011,1470,1.47E+12,EXPLOTACION DE MINAS Y CANTERAS,S07
27,CHOCO,2012,1209,1.209E+12,EXPLOTACION DE MINAS Y CANTERAS,S07
27,CHOCO,2013,634,6.34E+11,EXPLOTACION DE MINAS Y CANTERAS,S07
27,CHOCO,2014,461,4.61E+11,EXPLOTACION DE MINAS Y CANTERAS,S07
27,CHOCO,2015,689,6.89E+11,EXPLOTACION DE MINAS Y CANTERAS,S07
27,CHOCO,2016p,837,8.37E+11,EXPLOTACION DE MINAS Y CANTERAS,S07
23,CORDOBA,2000,598,5.98E+11,EXPLOTACION DE MINAS Y CANTERAS,S07
23,CORDOBA,2001,548,5.48E+11,EXPLOTACION DE MINAS Y CANTERAS,S07
23,CORDOBA,2002,639,6.39E+11,EXPLOTACION DE MINAS Y CANTERAS,S07
23,CORDOBA,2003,1013,1.013E+12,EXPLOTACION DE MINAS Y CANTERAS,S07
23,CORDOBA,2004,1450,1.45E+12,EXPLOTACION DE MINAS Y CANTERAS,S07
23,CORDOBA,2005,1368,1.368E+12,EXPLOTACION DE MINAS Y CANTERAS,S07
23,CORDOBA,2006,2063,2.063E+12,EXPLOTACION DE MINAS Y CANTERAS,S07
23,CORDOBA,2007,2757,2.757E+12,EXPLOTACION DE MINAS Y CANTERAS,S07
23,CORDOBA,2008,1356,1.356E+12,EXPLOTACION DE MINAS Y CANTERAS,S07
23,CORDOBA,2009,1195,1.195E+12,EXPLOTACION DE MINAS Y CANTERAS,S07
23,CORDOBA,2010,1573,1.573E+12,EXPLOTACION DE MINAS Y CANTERAS,S07
23,CORDOBA,2011,1265,1.265E+12,EXPLOTACION DE MINAS Y CANTERAS,S07
23,CORDOBA,2012,1307,1.307E+12,EXPLOTACION DE MINAS Y CANTERAS,S07
23,CORDOBA,2013,947,9.47E+11,EXPLOTACION DE MINAS Y CANTERAS,S07
23,CORDOBA,2014,921,9.21E+11,EXPLOTACION DE MINAS Y CANTERAS,S07
23,CORDOBA,2015,855,8.55E+11,EXPLOTACION DE MINAS Y CANTERAS,S07
23,CORDOBA,2016p,1029,1.029E+12,EXPLOTACION DE MINAS Y CANTERAS,S07
25,CUNDINAMARCA,2000,100,1E+11,EXPLOTACION DE MINAS Y CANTERAS,S07
25,CUNDINAMARCA,2001,115,1.15E+11,EXPLOTACION DE MINAS Y CANTERAS,S07
25,CUNDINAMARCA,2002,158,1.58E+11,EXPLOTACION DE MINAS Y CANTERAS,S07
25,CUNDINAMARCA,2003,170,1.7E+11,EXPLOTACION DE MINAS Y CANTERAS,S07
25,CUNDINAMARCA,2004,146,1.46E+11,EXPLOTACION DE MINAS Y CANTERAS,S07
25,CUNDINAMARCA,2005,215,2.15E+11,EXPLOTACION DE MINAS Y CANTERAS,S07
25,CUNDINAMARCA,2006,226,2.26E+11,EXPLOTACION DE MINAS Y CANTERAS,S07
25,CUNDINAMARCA,2007,270,2.7E+11,EXPLOTACION DE MINAS Y CANTERAS,S07
25,CUNDINAMARCA,2008,439,4.39E+11,EXPLOTACION DE MINAS Y CANTERAS,S07
25,CUNDINAMARCA,2009,365,3.65E+11,EXPLOTACION DE MINAS Y CANTERAS,S07
25,CUNDINAMARCA,2010,377,3.77E+11,EXPLOTACION DE MINAS Y CANTERAS,S07
25,CUNDINAMARCA,2011,586,5.86E+11,EXPLOTACION DE MINAS Y CANTERAS,S07
25,CUNDINAMARCA,2012,410,4.1E+11,EXPLOTACION DE MINAS Y CANTERAS,S07
25,CUNDINAMARCA,2013,491,4.91E+11,EXPLOTACION DE MINAS Y CANTERAS,S07
25,CUNDINAMARCA,2014,421,4.21E+11,EXPLOTACION DE MINAS Y CANTERAS,S07
25,CUNDINAMARCA,2015,450,4.5E+11,EXPLOTACION DE MINAS Y CANTERAS,S07
25,CUNDINAMARCA,2016p,532,5.32E+11,EXPLOTACION DE MINAS Y CANTERAS,S07
94,GUAINIA,2000,0,0,EXPLOTACION DE MINAS Y CANTERAS,S07
94,GUAINIA,2001,0,0,EXPLOTACION DE MINAS Y CANTERAS,S07
94,GUAINIA,2002,1,1000000000,EXPLOTACION DE MINAS Y CANTERAS,S07
94,GUAINIA,2003,0,0,EXPLOTACION DE MINAS Y CANTERAS,S07
94,GUAINIA,2004,4,4000000000,EXPLOTACION DE MINAS Y CANTERAS,S07
94,GUAINIA,2005,1,1000000000,EXPLOTACION DE MINAS Y CANTERAS,S07
94,GUAINIA,2006,1,1000000000,EXPLOTACION DE MINAS Y CANTERAS,S07
94,GUAINIA,2007,0,0,EXPLOTACION DE MINAS Y CANTERAS,S07
94,GUAINIA,2008,1,1000000000,EXPLOTACION DE MINAS Y CANTERAS,S07
94,GUAINIA,2009,0,0,EXPLOTACION DE MINAS Y CANTERAS,S07
94,GUAINIA,2010,1,1000000000,EXPLOTACION DE MINAS Y CANTERAS,S07
94,GUAINIA,2011,1,1000000000,EXPLOTACION DE MINAS Y CANTERAS,S07
94,GUAINIA,2012,6,6000000000,EXPLOTACION DE MINAS Y CANTERAS,S07
94,GUAINIA,2013,6,6000000000,EXPLOTACION DE MINAS Y CANTERAS,S07
94,GUAINIA,2014,5,5000000000,EXPLOTACION DE MINAS Y CANTERAS,S07
94,GUAINIA,2015,11,11000000000,EXPLOTACION DE MINAS Y CANTERAS,S07
94,GUAINIA,2016p,3,3000000000,EXPLOTACION DE MINAS Y CANTERAS,S07
95,GUAVIARE,2000,0,0,EXPLOTACION DE MINAS Y CANTERAS,S07
95,GUAVIARE,2001,0,0,EXPLOTACION DE MINAS Y CANTERAS,S07
95,GUAVIARE,2002,0,0,EXPLOTACION DE MINAS Y CANTERAS,S07
95,GUAVIARE,2003,0,0,EXPLOTACION DE MINAS Y CANTERAS,S07
95,GUAVIARE,2004,0,0,EXPLOTACION DE MINAS Y CANTERAS,S07
95,GUAVIARE,2005,2,2000000000,EXPLOTACION DE MINAS Y CANTERAS,S07
95,GUAVIARE,2006,2,2000000000,EXPLOTACION DE MINAS Y CANTERAS,S07
95,GUAVIARE,2007,3,3000000000,EXPLOTACION DE MINAS Y CANTERAS,S07
95,GUAVIARE,2008,2,2000000000,EXPLOTACION DE MINAS Y CANTERAS,S07
95,GUAVIARE,2009,2,2000000000,EXPLOTACION DE MINAS Y CANTERAS,S07
95,GUAVIARE,2010,2,2000000000,EXPLOTACION DE MINAS Y CANTERAS,S07
95,GUAVIARE,2011,2,2000000000,EXPLOTACION DE MINAS Y CANTERAS,S07
95,GUAVIARE,2012,2,2000000000,EXPLOTACION DE MINAS Y CANTERAS,S07
95,GUAVIARE,2013,2,2000000000,EXPLOTACION DE MINAS Y CANTERAS,S07
95,GUAVIARE,2014,2,2000000000,EXPLOTACION DE MINAS Y CANTERAS,S07
95,GUAVIARE,2015,2,2000000000,EXPLOTACION DE MINAS Y CANTERAS,S07
95,GUAVIARE,2016p,2,2000000000,EXPLOTACION DE MINAS Y CANTERAS,S07
41,HUILA,2000,886,8.86E+11,EXPLOTACION DE MINAS Y CANTERAS,S07
41,HUILA,2001,684,6.84E+11,EXPLOTACION DE MINAS Y CANTERAS,S07
41,HUILA,2002,750,7.5E+11,EXPLOTACION DE MINAS Y CANTERAS,S07
41,HUILA,2003,858,8.58E+11,EXPLOTACION DE MINAS Y CANTERAS,S07
41,HUILA,2004,1371,1.371E+12,EXPLOTACION DE MINAS Y CANTERAS,S07
41,HUILA,2005,1224,1.224E+12,EXPLOTACION DE MINAS Y CANTERAS,S07
41,HUILA,2006,1336,1.336E+12,EXPLOTACION DE MINAS Y CANTERAS,S07
41,HUILA,2007,1182,1.182E+12,EXPLOTACION DE MINAS Y CANTERAS,S07
41,HUILA,2008,1834,1.834E+12,EXPLOTACION DE MINAS Y CANTERAS,S07
41,HUILA,2009,1538,1.538E+12,EXPLOTACION DE MINAS Y CANTERAS,S07
41,HUILA,2010,1794,1.794E+12,EXPLOTACION DE MINAS Y CANTERAS,S07
41,HUILA,2011,2379,2.379E+12,EXPLOTACION DE MINAS Y CANTERAS,S07
41,HUILA,2012,2160,2.16E+12,EXPLOTACION DE MINAS Y CANTERAS,S07
41,HUILA,2013,1987,1.987E+12,EXPLOTACION DE MINAS Y CANTERAS,S07
41,HUILA,2014,1675,1.675E+12,EXPLOTACION DE MINAS Y CANTERAS,S07
41,HUILA,2015,1117,1.117E+12,EXPLOTACION DE MINAS Y CANTERAS,S07
41,HUILA,2016p,785,7.85E+11,EXPLOTACION DE MINAS Y CANTERAS,S07
44,LA GUAJIRA,2000,961,9.61E+11,EXPLOTACION DE MINAS Y CANTERAS,S07
44,LA GUAJIRA,2001,1354,1.354E+12,EXPLOTACION DE MINAS Y CANTERAS,S07
44,LA GUAJIRA,2002,1146,1.146E+12,EXPLOTACION DE MINAS Y CANTERAS,S07
44,LA GUAJIRA,2003,1420,1.42E+12,EXPLOTACION DE MINAS Y CANTERAS,S07
44,LA GUAJIRA,2004,1749,1.749E+12,EXPLOTACION DE MINAS Y CANTERAS,S07
44,LA GUAJIRA,2005,2313,2.313E+12,EXPLOTACION DE MINAS Y CANTERAS,S07
44,LA GUAJIRA,2006,2587,2.587E+12,EXPLOTACION DE MINAS Y CANTERAS,S07
44,LA GUAJIRA,2007,2494,2.494E+12,EXPLOTACION DE MINAS Y CANTERAS,S07
44,LA GUAJIRA,2008,3873,3.873E+12,EXPLOTACION DE MINAS Y CANTERAS,S07
44,LA GUAJIRA,2009,3944,3.944E+12,EXPLOTACION DE MINAS Y CANTERAS,S07
44,LA GUAJIRA,2010,3849,3.849E+12,EXPLOTACION DE MINAS Y CANTERAS,S07
44,LA GUAJIRA,2011,4670,4.67E+12,EXPLOTACION DE MINAS Y CANTERAS,S07
44,LA GUAJIRA,2012,4664,4.664E+12,EXPLOTACION DE MINAS Y CANTERAS,S07
44,LA GUAJIRA,2013,4024,4.024E+12,EXPLOTACION DE MINAS Y CANTERAS,S07
44,LA GUAJIRA,2014,3621,3.621E+12,EXPLOTACION DE MINAS Y CANTERAS,S07
44,LA GUAJIRA,2015,3814,3.814E+12,EXPLOTACION DE MINAS Y CANTERAS,S07
44,LA GUAJIRA,2016p,4040,4.04E+12,EXPLOTACION DE MINAS Y CANTERAS,S07
47,MAGDALENA,2000,7,7000000000,EXPLOTACION DE MINAS Y CANTERAS,S07
47,MAGDALENA,2001,8,8000000000,EXPLOTACION DE MINAS Y CANTERAS,S07
47,MAGDALENA,2002,11,11000000000,EXPLOTACION DE MINAS Y CANTERAS,S07
47,MAGDALENA,2003,17,17000000000,EXPLOTACION DE MINAS Y CANTERAS,S07
47,MAGDALENA,2004,14,14000000000,EXPLOTACION DE MINAS Y CANTERAS,S07
47,MAGDALENA,2005,14,14000000000,EXPLOTACION DE MINAS Y CANTERAS,S07
47,MAGDALENA,2006,12,12000000000,EXPLOTACION DE MINAS Y CANTERAS,S07
47,MAGDALENA,2007,16,16000000000,EXPLOTACION DE MINAS Y CANTERAS,S07
47,MAGDALENA,2008,17,17000000000,EXPLOTACION DE MINAS Y CANTERAS,S07
47,MAGDALENA,2009,27,27000000000,EXPLOTACION DE MINAS Y CANTERAS,S07
47,MAGDALENA,2010,24,24000000000,EXPLOTACION DE MINAS Y CANTERAS,S07
47,MAGDALENA,2011,28,28000000000,EXPLOTACION DE MINAS Y CANTERAS,S07
47,MAGDALENA,2012,35,35000000000,EXPLOTACION DE MINAS Y CANTERAS,S07
47,MAGDALENA,2013,39,39000000000,EXPLOTACION DE MINAS Y CANTERAS,S07
47,MAGDALENA,2014,33,33000000000,EXPLOTACION DE MINAS Y CANTERAS,S07
47,MAGDALENA,2015,48,48000000000,EXPLOTACION DE MINAS Y CANTERAS,S07
47,MAGDALENA,2016p,50,50000000000,EXPLOTACION DE MINAS Y CANTERAS,S07
50,META,2000,854,8.54E+11,EXPLOTACION DE MINAS Y CANTERAS,S07
50,META,2001,658,6.58E+11,EXPLOTACION DE MINAS Y CANTERAS,S07
50,META,2002,754,7.54E+11,EXPLOTACION DE MINAS Y CANTERAS,S07
50,META,2003,949,9.49E+11,EXPLOTACION DE MINAS Y CANTERAS,S07
50,META,2004,1691,1.691E+12,EXPLOTACION DE MINAS Y CANTERAS,S07
50,META,2005,2317,2.317E+12,EXPLOTACION DE MINAS Y CANTERAS,S07
50,META,2006,3053,3.053E+12,EXPLOTACION DE MINAS Y CANTERAS,S07
50,META,2007,3229,3.229E+12,EXPLOTACION DE MINAS Y CANTERAS,S07
50,META,2008,6754,6.754E+12,EXPLOTACION DE MINAS Y CANTERAS,S07
50,META,2009,7564,7.564E+12,EXPLOTACION DE MINAS Y CANTERAS,S07
50,META,2010,13228,1.3228E+13,EXPLOTACION DE MINAS Y CANTERAS,S07
50,META,2011,23837,2.3837E+13,EXPLOTACION DE MINAS Y CANTERAS,S07
50,META,2012,26494,2.6494E+13,EXPLOTACION DE MINAS Y CANTERAS,S07
50,META,2013,28428,2.8428E+13,EXPLOTACION DE MINAS Y CANTERAS,S07
50,META,2014,23751,2.3751E+13,EXPLOTACION DE MINAS Y CANTERAS,S07
50,META,2015,17380,1.738E+13,EXPLOTACION DE MINAS Y CANTERAS,S07
50,META,2016p,11349,1.1349E+13,EXPLOTACION DE MINAS Y CANTERAS,S07
52,NARINO,2000,11,11000000000,EXPLOTACION DE MINAS Y CANTERAS,S07
52,NARINO,2001,16,16000000000,EXPLOTACION DE MINAS Y CANTERAS,S07
52,NARINO,2002,19,19000000000,EXPLOTACION DE MINAS Y CANTERAS,S07
52,NARINO,2003,34,34000000000,EXPLOTACION DE MINAS Y CANTERAS,S07
52,NARINO,2004,34,34000000000,EXPLOTACION DE MINAS Y CANTERAS,S07
52,NARINO,2005,28,28000000000,EXPLOTACION DE MINAS Y CANTERAS,S07
52,NARINO,2006,35,35000000000,EXPLOTACION DE MINAS Y CANTERAS,S07
52,NARINO,2007,42,42000000000,EXPLOTACION DE MINAS Y CANTERAS,S07
52,NARINO,2008,39,39000000000,EXPLOTACION DE MINAS Y CANTERAS,S07
52,NARINO,2009,52,52000000000,EXPLOTACION DE MINAS Y CANTERAS,S07
52,NARINO,2010,84,84000000000,EXPLOTACION DE MINAS Y CANTERAS,S07
52,NARINO,2011,104,1.04E+11,EXPLOTACION DE MINAS Y CANTERAS,S07
52,NARINO,2012,221,2.21E+11,EXPLOTACION DE MINAS Y CANTERAS,S07
52,NARINO,2013,174,1.74E+11,EXPLOTACION DE MINAS Y CANTERAS,S07
52,NARINO,2014,237,2.37E+11,EXPLOTACION DE MINAS Y CANTERAS,S07
52,NARINO,2015,395,3.95E+11,EXPLOTACION DE MINAS Y CANTERAS,S07
52,NARINO,2016p,529,5.29E+11,EXPLOTACION DE MINAS Y CANTERAS,S07
54,NORTE DE SANTANDER,2000,94,94000000000,EXPLOTACION DE MINAS Y CANTERAS,S07
54,NORTE DE SANTANDER,2001,93,93000000000,EXPLOTACION DE MINAS Y CANTERAS,S07
54,NORTE DE SANTANDER,2002,119,1.19E+11,EXPLOTACION DE MINAS Y CANTERAS,S07
54,NORTE DE SANTANDER,2003,175,1.75E+11,EXPLOTACION DE MINAS Y CANTERAS,S07
54,NORTE DE SANTANDER,2004,199,1.99E+11,EXPLOTACION DE MINAS Y CANTERAS,S07
54,NORTE DE SANTANDER,2005,197,1.97E+11,EXPLOTACION DE MINAS Y CANTERAS,S07
54,NORTE DE SANTANDER,2006,263,2.63E+11,EXPLOTACION DE MINAS Y CANTERAS,S07
54,NORTE DE SANTANDER,2007,233,2.33E+11,EXPLOTACION DE MINAS Y CANTERAS,S07
54,NORTE DE SANTANDER,2008,383,3.83E+11,EXPLOTACION DE MINAS Y CANTERAS,S07
54,NORTE DE SANTANDER,2009,354,3.54E+11,EXPLOTACION DE MINAS Y CANTERAS,S07
54,NORTE DE SANTANDER,2010,386,3.86E+11,EXPLOTACION DE MINAS Y CANTERAS,S07
54,NORTE DE SANTANDER,2011,439,4.39E+11,EXPLOTACION DE MINAS Y CANTERAS,S07
54,NORTE DE SANTANDER,2012,548,5.48E+11,EXPLOTACION DE MINAS Y CANTERAS,S07
54,NORTE DE SANTANDER,2013,330,3.3E+11,EXPLOTACION DE MINAS Y CANTERAS,S07
54,NORTE DE SANTANDER,2014,374,3.74E+11,EXPLOTACION DE MINAS Y CANTERAS,S07
54,NORTE DE SANTANDER,2015,364,3.64E+11,EXPLOTACION DE MINAS Y CANTERAS,S07
54,NORTE DE SANTANDER,2016p,385,3.85E+11,EXPLOTACION DE MINAS Y CANTERAS,S07
86,PUTUMAYO,2000,135,1.35E+11,EXPLOTACION DE MINAS Y CANTERAS,S07
86,PUTUMAYO,2001,92,92000000000,EXPLOTACION DE MINAS Y CANTERAS,S07
86,PUTUMAYO,2002,115,1.15E+11,EXPLOTACION DE MINAS Y CANTERAS,S07
86,PUTUMAYO,2003,151,1.51E+11,EXPLOTACION DE MINAS Y CANTERAS,S07
86,PUTUMAYO,2004,252,2.52E+11,EXPLOTACION DE MINAS Y CANTERAS,S07
86,PUTUMAYO,2005,266,2.66E+11,EXPLOTACION DE MINAS Y CANTERAS,S07
86,PUTUMAYO,2006,357,3.57E+11,EXPLOTACION DE MINAS Y CANTERAS,S07
86,PUTUMAYO,2007,376,3.76E+11,EXPLOTACION DE MINAS Y CANTERAS,S07
86,PUTUMAYO,2008,774,7.74E+11,EXPLOTACION DE MINAS Y CANTERAS,S07
86,PUTUMAYO,2009,925,9.25E+11,EXPLOTACION DE MINAS Y CANTERAS,S07
86,PUTUMAYO,2010,1422,1.422E+12,EXPLOTACION DE MINAS Y CANTERAS,S07
86,PUTUMAYO,2011,2041,2.041E+12,EXPLOTACION DE MINAS Y CANTERAS,S07
86,PUTUMAYO,2012,2015,2.015E+12,EXPLOTACION DE MINAS Y CANTERAS,S07
86,PUTUMAYO,2013,2674,2.674E+12,EXPLOTACION DE MINAS Y CANTERAS,S07
86,PUTUMAYO,2014,2466,2.466E+12,EXPLOTACION DE MINAS Y CANTERAS,S07
86,PUTUMAYO,2015,1481,1.481E+12,EXPLOTACION DE MINAS Y CANTERAS,S07
86,PUTUMAYO,2016p,945,9.45E+11,EXPLOTACION DE MINAS Y CANTERAS,S07
63,QUINDIO,2000,3,3000000000,EXPLOTACION DE MINAS Y CANTERAS,S07
63,QUINDIO,2001,26,26000000000,EXPLOTACION DE MINAS Y CANTERAS,S07
63,QUINDIO,2002,17,17000000000,EXPLOTACION DE MINAS Y CANTERAS,S07
63,QUINDIO,2003,11,11000000000,EXPLOTACION DE MINAS Y CANTERAS,S07
63,QUINDIO,2004,7,7000000000,EXPLOTACION DE MINAS Y CANTERAS,S07
63,QUINDIO,2005,11,11000000000,EXPLOTACION DE MINAS Y CANTERAS,S07
63,QUINDIO,2006,12,12000000000,EXPLOTACION DE MINAS Y CANTERAS,S07
63,QUINDIO,2007,16,16000000000,EXPLOTACION DE MINAS Y CANTERAS,S07
63,QUINDIO,2008,15,15000000000,EXPLOTACION DE MINAS Y CANTERAS,S07
63,QUINDIO,2009,17,17000000000,EXPLOTACION DE MINAS Y CANTERAS,S07
63,QUINDIO,2010,15,15000000000,EXPLOTACION DE MINAS Y CANTERAS,S07
63,QUINDIO,2011,24,24000000000,EXPLOTACION DE MINAS Y CANTERAS,S07
63,QUINDIO,2012,37,37000000000,EXPLOTACION DE MINAS Y CANTERAS,S07
63,QUINDIO,2013,34,34000000000,EXPLOTACION DE MINAS Y CANTERAS,S07
63,QUINDIO,2014,33,33000000000,EXPLOTACION DE MINAS Y CANTERAS,S07
63,QUINDIO,2015,40,40000000000,EXPLOTACION DE MINAS Y CANTERAS,S07
63,QUINDIO,2016p,40,40000000000,EXPLOTACION DE MINAS Y CANTERAS,S07
66,RISARALDA,2000,9,9000000000,EXPLOTACION DE MINAS Y CANTERAS,S07
66,RISARALDA,2001,8,8000000000,EXPLOTACION DE MINAS Y CANTERAS,S07
66,RISARALDA,2002,10,10000000000,EXPLOTACION DE MINAS Y CANTERAS,S07
66,RISARALDA,2003,21,21000000000,EXPLOTACION DE MINAS Y CANTERAS,S07
66,RISARALDA,2004,26,26000000000,EXPLOTACION DE MINAS Y CANTERAS,S07
66,RISARALDA,2005,39,39000000000,EXPLOTACION DE MINAS Y CANTERAS,S07
66,RISARALDA,2006,48,48000000000,EXPLOTACION DE MINAS Y CANTERAS,S07
66,RISARALDA,2007,42,42000000000,EXPLOTACION DE MINAS Y CANTERAS,S07
66,RISARALDA,2008,44,44000000000,EXPLOTACION DE MINAS Y CANTERAS,S07
66,RISARALDA,2009,45,45000000000,EXPLOTACION DE MINAS Y CANTERAS,S07
66,RISARALDA,2010,38,38000000000,EXPLOTACION DE MINAS Y CANTERAS,S07
66,RISARALDA,2011,37,37000000000,EXPLOTACION DE MINAS Y CANTERAS,S07
66,RISARALDA,2012,43,43000000000,EXPLOTACION DE MINAS Y CANTERAS,S07
66,RISARALDA,2013,54,54000000000,EXPLOTACION DE MINAS Y CANTERAS,S07
66,RISARALDA,2014,58,58000000000,EXPLOTACION DE MINAS Y CANTERAS,S07
66,RISARALDA,2015,64,64000000000,EXPLOTACION DE MINAS Y CANTERAS,S07
66,RISARALDA,2016p,81,81000000000,EXPLOTACION DE MINAS Y CANTERAS,S07
88,ARCHIPIELAGO DE SAN ANDRES PROVIDENCIA Y SANTA CATALINA,2000,0,0,EXPLOTACION DE MINAS Y CANTERAS,S07
88,ARCHIPIELAGO DE SAN ANDRES PROVIDENCIA Y SANTA CATALINA,2001,0,0,EXPLOTACION DE MINAS Y CANTERAS,S07
88,ARCHIPIELAGO DE SAN ANDRES PROVIDENCIA Y SANTA CATALINA,2002,0,0,EXPLOTACION DE MINAS Y CANTERAS,S07
88,ARCHIPIELAGO DE SAN ANDRES PROVIDENCIA Y SANTA CATALINA,2003,0,0,EXPLOTACION DE MINAS Y CANTERAS,S07
88,ARCHIPIELAGO DE SAN ANDRES PROVIDENCIA Y SANTA CATALINA,2004,0,0,EXPLOTACION DE MINAS Y CANTERAS,S07
88,ARCHIPIELAGO DE SAN ANDRES PROVIDENCIA Y SANTA CATALINA,2005,0,0,EXPLOTACION DE MINAS Y CANTERAS,S07
88,ARCHIPIELAGO DE SAN ANDRES PROVIDENCIA Y SANTA CATALINA,2006,0,0,EXPLOTACION DE MINAS Y CANTERAS,S07
88,ARCHIPIELAGO DE SAN ANDRES PROVIDENCIA Y SANTA CATALINA,2007,0,0,EXPLOTACION DE MINAS Y CANTERAS,S07
88,ARCHIPIELAGO DE SAN ANDRES PROVIDENCIA Y SANTA CATALINA,2008,0,0,EXPLOTACION DE MINAS Y CANTERAS,S07
88,ARCHIPIELAGO DE SAN ANDRES PROVIDENCIA Y SANTA CATALINA,2009,0,0,EXPLOTACION DE MINAS Y CANTERAS,S07
88,ARCHIPIELAGO DE SAN ANDRES PROVIDENCIA Y SANTA CATALINA,2010,0,0,EXPLOTACION DE MINAS Y CANTERAS,S07
88,ARCHIPIELAGO DE SAN ANDRES PROVIDENCIA Y SANTA CATALINA,2011,0,0,EXPLOTACION DE MINAS Y CANTERAS,S07
88,ARCHIPIELAGO DE SAN ANDRES PROVIDENCIA Y SANTA CATALINA,2012,0,0,EXPLOTACION DE MINAS Y CANTERAS,S07
88,ARCHIPIELAGO DE SAN ANDRES PROVIDENCIA Y SANTA CATALINA,2013,0,0,EXPLOTACION DE MINAS Y CANTERAS,S07
88,ARCHIPIELAGO DE SAN ANDRES PROVIDENCIA Y SANTA CATALINA,2014,0,0,EXPLOTACION DE MINAS Y CANTERAS,S07
88,ARCHIPIELAGO DE SAN ANDRES PROVIDENCIA Y SANTA CATALINA,2015,0,0,EXPLOTACION DE MINAS Y CANTERAS,S07
88,ARCHIPIELAGO DE SAN ANDRES PROVIDENCIA Y SANTA CATALINA,2016p,0,0,EXPLOTACION DE MINAS Y CANTERAS,S07
68,SANTANDER,2000,312,3.12E+11,EXPLOTACION DE MINAS Y CANTERAS,S07
68,SANTANDER,2001,382,3.82E+11,EXPLOTACION DE MINAS Y CANTERAS,S07
68,SANTANDER,2002,317,3.17E+11,EXPLOTACION DE MINAS Y CANTERAS,S07
68,SANTANDER,2003,489,4.89E+11,EXPLOTACION DE MINAS Y CANTERAS,S07
68,SANTANDER,2004,763,7.63E+11,EXPLOTACION DE MINAS Y CANTERAS,S07
68,SANTANDER,2005,550,5.5E+11,EXPLOTACION DE MINAS Y CANTERAS,S07
68,SANTANDER,2006,671,6.71E+11,EXPLOTACION DE MINAS Y CANTERAS,S07
68,SANTANDER,2007,820,8.2E+11,EXPLOTACION DE MINAS Y CANTERAS,S07
68,SANTANDER,2008,1619,1.619E+12,EXPLOTACION DE MINAS Y CANTERAS,S07
68,SANTANDER,2009,1698,1.698E+12,EXPLOTACION DE MINAS Y CANTERAS,S07
68,SANTANDER,2010,2068,2.068E+12,EXPLOTACION DE MINAS Y CANTERAS,S07
68,SANTANDER,2011,3129,3.129E+12,EXPLOTACION DE MINAS Y CANTERAS,S07
68,SANTANDER,2012,3339,3.339E+12,EXPLOTACION DE MINAS Y CANTERAS,S07
68,SANTANDER,2013,3410,3.41E+12,EXPLOTACION DE MINAS Y CANTERAS,S07
68,SANTANDER,2014,3490,3.49E+12,EXPLOTACION DE MINAS Y CANTERAS,S07
68,SANTANDER,2015,2640,2.64E+12,EXPLOTACION DE MINAS Y CANTERAS,S07
68,SANTANDER,2016p,1911,1.911E+12,EXPLOTACION DE MINAS Y CANTERAS,S07
70,SUCRE,2000,9,9000000000,EXPLOTACION DE MINAS Y CANTERAS,S07
70,SUCRE,2001,26,26000000000,EXPLOTACION DE MINAS Y CANTERAS,S07
70,SUCRE,2002,12,12000000000,EXPLOTACION DE MINAS Y CANTERAS,S07
70,SUCRE,2003,27,27000000000,EXPLOTACION DE MINAS Y CANTERAS,S07
70,SUCRE,2004,25,25000000000,EXPLOTACION DE MINAS Y CANTERAS,S07
70,SUCRE,2005,10,10000000000,EXPLOTACION DE MINAS Y CANTERAS,S07
70,SUCRE,2006,13,13000000000,EXPLOTACION DE MINAS Y CANTERAS,S07
70,SUCRE,2007,14,14000000000,EXPLOTACION DE MINAS Y CANTERAS,S07
70,SUCRE,2008,23,23000000000,EXPLOTACION DE MINAS Y CANTERAS,S07
70,SUCRE,2009,29,29000000000,EXPLOTACION DE MINAS Y CANTERAS,S07
70,SUCRE,2010,36,36000000000,EXPLOTACION DE MINAS Y CANTERAS,S07
70,SUCRE,2011,43,43000000000,EXPLOTACION DE MINAS Y CANTERAS,S07
70,SUCRE,2012,50,50000000000,EXPLOTACION DE MINAS Y CANTERAS,S07
70,SUCRE,2013,59,59000000000,EXPLOTACION DE MINAS Y CANTERAS,S07
70,SUCRE,2014,61,61000000000,EXPLOTACION DE MINAS Y CANTERAS,S07
70,SUCRE,2015,64,64000000000,EXPLOTACION DE MINAS Y CANTERAS,S07
70,SUCRE,2016p,65,65000000000,EXPLOTACION DE MINAS Y CANTERAS,S07
73,TOLIMA,2000,222,2.22E+11,EXPLOTACION DE MINAS Y CANTERAS,S07
73,TOLIMA,2001,233,2.33E+11,EXPLOTACION DE MINAS Y CANTERAS,S07
73,TOLIMA,2002,263,2.63E+11,EXPLOTACION DE MINAS Y CANTERAS,S07
73,TOLIMA,2003,403,4.03E+11,EXPLOTACION DE MINAS Y CANTERAS,S07
73,TOLIMA,2004,535,5.35E+11,EXPLOTACION DE MINAS Y CANTERAS,S07
73,TOLIMA,2005,949,9.49E+11,EXPLOTACION DE MINAS Y CANTERAS,S07
73,TOLIMA,2006,1202,1.202E+12,EXPLOTACION DE MINAS Y CANTERAS,S07
73,TOLIMA,2007,1285,1.285E+12,EXPLOTACION DE MINAS Y CANTERAS,S07
73,TOLIMA,2008,1843,1.843E+12,EXPLOTACION DE MINAS Y CANTERAS,S07
73,TOLIMA,2009,1416,1.416E+12,EXPLOTACION DE MINAS Y CANTERAS,S07
73,TOLIMA,2010,1492,1.492E+12,EXPLOTACION DE MINAS Y CANTERAS,S07
73,TOLIMA,2011,1835,1.835E+12,EXPLOTACION DE MINAS Y CANTERAS,S07
73,TOLIMA,2012,1981,1.981E+12,EXPLOTACION DE MINAS Y CANTERAS,S07
73,TOLIMA,2013,1545,1.545E+12,EXPLOTACION DE MINAS Y CANTERAS,S07
73,TOLIMA,2014,1174,1.174E+12,EXPLOTACION DE MINAS Y CANTERAS,S07
73,TOLIMA,2015,801,8.01E+11,EXPLOTACION DE MINAS Y CANTERAS,S07
73,TOLIMA,2016p,530,5.3E+11,EXPLOTACION DE MINAS Y CANTERAS,S07
76,VALLE DEL CAUCA,2000,54,54000000000,EXPLOTACION DE MINAS Y CANTERAS,S07
76,VALLE DEL CAUCA,2001,51,51000000000,EXPLOTACION DE MINAS Y CANTERAS,S07
76,VALLE DEL CAUCA,2002,69,69000000000,EXPLOTACION DE MINAS Y CANTERAS,S07
76,VALLE DEL CAUCA,2003,93,93000000000,EXPLOTACION DE MINAS Y CANTERAS,S07
76,VALLE DEL CAUCA,2004,102,1.02E+11,EXPLOTACION DE MINAS Y CANTERAS,S07
76,VALLE DEL CAUCA,2005,99,99000000000,EXPLOTACION DE MINAS Y CANTERAS,S07
76,VALLE DEL CAUCA,2006,117,1.17E+11,EXPLOTACION DE MINAS Y CANTERAS,S07
76,VALLE DEL CAUCA,2007,126,1.26E+11,EXPLOTACION DE MINAS Y CANTERAS,S07
76,VALLE DEL CAUCA,2008,143,1.43E+11,EXPLOTACION DE MINAS Y CANTERAS,S07
76,VALLE DEL CAUCA,2009,161,1.61E+11,EXPLOTACION DE MINAS Y CANTERAS,S07
76,VALLE DEL CAUCA,2010,143,1.43E+11,EXPLOTACION DE MINAS Y CANTERAS,S07
76,VALLE DEL CAUCA,2011,149,1.49E+11,EXPLOTACION DE MINAS Y CANTERAS,S07
76,VALLE DEL CAUCA,2012,169,1.69E+11,EXPLOTACION DE MINAS Y CANTERAS,S07
76,VALLE DEL CAUCA,2013,180,1.8E+11,EXPLOTACION DE MINAS Y CANTERAS,S07
76,VALLE DEL CAUCA,2014,187,1.87E+11,EXPLOTACION DE MINAS Y CANTERAS,S07
76,VALLE DEL CAUCA,2015,236,2.36E+11,EXPLOTACION DE MINAS Y CANTERAS,S07
76,VALLE DEL CAUCA,2016p,252,2.52E+11,EXPLOTACION DE MINAS Y CANTERAS,S07
97,VAUPES,2000,0,0,EXPLOTACION DE MINAS Y CANTERAS,S07
97,VAUPES,2001,0,0,EXPLOTACION DE MINAS Y CANTERAS,S07
97,VAUPES,2002,0,0,EXPLOTACION DE MINAS Y CANTERAS,S07
97,VAUPES,2003,0,0,EXPLOTACION DE MINAS Y CANTERAS,S07
97,VAUPES,2004,0,0,EXPLOTACION DE MINAS Y CANTERAS,S07
97,VAUPES,2005,0,0,EXPLOTACION DE MINAS Y CANTERAS,S07
97,VAUPES,2006,0,0,EXPLOTACION DE MINAS Y CANTERAS,S07
97,VAUPES,2007,0,0,EXPLOTACION DE MINAS Y CANTERAS,S07
97,VAUPES,2008,0,0,EXPLOTACION DE MINAS Y CANTERAS,S07
97,VAUPES,2009,0,0,EXPLOTACION DE MINAS Y CANTERAS,S07
97,VAUPES,2010,0,0,EXPLOTACION DE MINAS Y CANTERAS,S07
97,VAUPES,2011,0,0,EXPLOTACION DE MINAS Y CANTERAS,S07
97,VAUPES,2012,0,0,EXPLOTACION DE MINAS Y CANTERAS,S07
97,VAUPES,2013,0,0,EXPLOTACION DE MINAS Y CANTERAS,S07
97,VAUPES,2014,0,0,EXPLOTACION DE MINAS Y CANTERAS,S07
97,VAUPES,2015,0,0,EXPLOTACION DE MINAS Y CANTERAS,S07
97,VAUPES,2016p,0,0,EXPLOTACION DE MINAS Y CANTERAS,S07
99,VICHADA,2000,0,0,EXPLOTACION DE MINAS Y CANTERAS,S07
99,VICHADA,2001,0,0,EXPLOTACION DE MINAS Y CANTERAS,S07
99,VICHADA,2002,1,1000000000,EXPLOTACION DE MINAS Y CANTERAS,S07
99,VICHADA,2003,1,1000000000,EXPLOTACION DE MINAS Y CANTERAS,S07
99,VICHADA,2004,0,0,EXPLOTACION DE MINAS Y CANTERAS,S07
99,VICHADA,2005,1,1000000000,EXPLOTACION DE MINAS Y CANTERAS,S07
99,VICHADA,2006,1,1000000000,EXPLOTACION DE MINAS Y CANTERAS,S07
99,VICHADA,2007,1,1000000000,EXPLOTACION DE MINAS Y CANTERAS,S07
99,VICHADA,2008,1,1000000000,EXPLOTACION DE MINAS Y CANTERAS,S07
99,VICHADA,2009,1,1000000000,EXPLOTACION DE MINAS Y CANTERAS,S07
99,VICHADA,2010,40,40000000000,EXPLOTACION DE MINAS Y CANTERAS,S07
99,VICHADA,2011,1,1000000000,EXPLOTACION DE MINAS Y CANTERAS,S07
99,VICHADA,2012,1,1000000000,EXPLOTACION DE MINAS Y CANTERAS,S07
99,VICHADA,2013,2,2000000000,EXPLOTACION DE MINAS Y CANTERAS,S07
99,VICHADA,2014,8,8000000000,EXPLOTACION DE MINAS Y CANTERAS,S07
99,VICHADA,2015,1,1000000000,EXPLOTACION DE MINAS Y CANTERAS,S07
99,VICHADA,2016p,1,1000000000,EXPLOTACION DE MINAS Y CANTERAS,S07
0,COLOMBIA,2000,29054,2.9054E+13,INDUSTRIAS MANUFACTURERAS,S08
0,COLOMBIA,2001,31929,3.1929E+13,INDUSTRIAS MANUFACTURERAS,S08
0,COLOMBIA,2002,34426,3.4426E+13,INDUSTRIAS MANUFACTURERAS,S08
0,COLOMBIA,2003,38775,3.8775E+13,INDUSTRIAS MANUFACTURERAS,S08
0,COLOMBIA,2004,44359,4.4359E+13,INDUSTRIAS MANUFACTURERAS,S08
0,COLOMBIA,2005,48082,4.8082E+13,INDUSTRIAS MANUFACTURERAS,S08
0,COLOMBIA,2006,54706,5.4706E+13,INDUSTRIAS MANUFACTURERAS,S08
0,COLOMBIA,2007,62316,6.2316E+13,INDUSTRIAS MANUFACTURERAS,S08
0,COLOMBIA,2008,66870,6.687E+13,INDUSTRIAS MANUFACTURERAS,S08
0,COLOMBIA,2009,66428,6.6428E+13,INDUSTRIAS MANUFACTURERAS,S08
0,COLOMBIA,2010,69527,6.9527E+13,INDUSTRIAS MANUFACTURERAS,S08
0,COLOMBIA,2011,76497,7.6497E+13,INDUSTRIAS MANUFACTURERAS,S08
0,COLOMBIA,2012,81186,8.1186E+13,INDUSTRIAS MANUFACTURERAS,S08
0,COLOMBIA,2013,84015,8.4015E+13,INDUSTRIAS MANUFACTURERAS,S08
0,COLOMBIA,2014,86878,8.6878E+13,INDUSTRIAS MANUFACTURERAS,S08
0,COLOMBIA,2015,91114,9.1114E+13,INDUSTRIAS MANUFACTURERAS,S08
0,COLOMBIA,2016p,99246,9.9246E+13,INDUSTRIAS MANUFACTURERAS,S08
91,AMAZONAS,2000,4,4000000000,INDUSTRIAS MANUFACTURERAS,S08
91,AMAZONAS,2001,4,4000000000,INDUSTRIAS MANUFACTURERAS,S08
91,AMAZONAS,2002,4,4000000000,INDUSTRIAS MANUFACTURERAS,S08
91,AMAZONAS,2003,6,6000000000,INDUSTRIAS MANUFACTURERAS,S08
91,AMAZONAS,2004,5,5000000000,INDUSTRIAS MANUFACTURERAS,S08
91,AMAZONAS,2005,5,5000000000,INDUSTRIAS MANUFACTURERAS,S08
91,AMAZONAS,2006,6,6000000000,INDUSTRIAS MANUFACTURERAS,S08
91,AMAZONAS,2007,8,8000000000,INDUSTRIAS MANUFACTURERAS,S08
91,AMAZONAS,2008,7,7000000000,INDUSTRIAS MANUFACTURERAS,S08
91,AMAZONAS,2009,7,7000000000,INDUSTRIAS MANUFACTURERAS,S08
91,AMAZONAS,2010,8,8000000000,INDUSTRIAS MANUFACTURERAS,S08
91,AMAZONAS,2011,9,9000000000,INDUSTRIAS MANUFACTURERAS,S08
91,AMAZONAS,2012,9,9000000000,INDUSTRIAS MANUFACTURERAS,S08
91,AMAZONAS,2013,10,10000000000,INDUSTRIAS MANUFACTURERAS,S08
91,AMAZONAS,2014,10,10000000000,INDUSTRIAS MANUFACTURERAS,S08
91,AMAZONAS,2015,7,7000000000,INDUSTRIAS MANUFACTURERAS,S08
91,AMAZONAS,2016p,7,7000000000,INDUSTRIAS MANUFACTURERAS,S08
5,ANTIOQUIA,2000,5126,5.126E+12,INDUSTRIAS MANUFACTURERAS,S08
5,ANTIOQUIA,2001,5490,5.49E+12,INDUSTRIAS MANUFACTURERAS,S08
5,ANTIOQUIA,2002,5845,5.845E+12,INDUSTRIAS MANUFACTURERAS,S08
5,ANTIOQUIA,2003,6161,6.161E+12,INDUSTRIAS MANUFACTURERAS,S08
5,ANTIOQUIA,2004,7308,7.308E+12,INDUSTRIAS MANUFACTURERAS,S08
5,ANTIOQUIA,2005,7575,7.575E+12,INDUSTRIAS MANUFACTURERAS,S08
5,ANTIOQUIA,2006,8249,8.249E+12,INDUSTRIAS MANUFACTURERAS,S08
5,ANTIOQUIA,2007,9463,9.463E+12,INDUSTRIAS MANUFACTURERAS,S08
5,ANTIOQUIA,2008,9491,9.491E+12,INDUSTRIAS MANUFACTURERAS,S08
5,ANTIOQUIA,2009,9405,9.405E+12,INDUSTRIAS MANUFACTURERAS,S08
5,ANTIOQUIA,2010,9916,9.916E+12,INDUSTRIAS MANUFACTURERAS,S08
5,ANTIOQUIA,2011,10950,1.095E+13,INDUSTRIAS MANUFACTURERAS,S08
5,ANTIOQUIA,2012,11827,1.1827E+13,INDUSTRIAS MANUFACTURERAS,S08
5,ANTIOQUIA,2013,12100,1.21E+13,INDUSTRIAS MANUFACTURERAS,S08
5,ANTIOQUIA,2014,12330,1.233E+13,INDUSTRIAS MANUFACTURERAS,S08
5,ANTIOQUIA,2015,13493,1.3493E+13,INDUSTRIAS MANUFACTURERAS,S08
5,ANTIOQUIA,2016p,14643,1.4643E+13,INDUSTRIAS MANUFACTURERAS,S08
81,ARAUCA,2000,36,36000000000,INDUSTRIAS MANUFACTURERAS,S08
81,ARAUCA,2001,40,40000000000,INDUSTRIAS MANUFACTURERAS,S08
81,ARAUCA,2002,42,42000000000,INDUSTRIAS MANUFACTURERAS,S08
81,ARAUCA,2003,46,46000000000,INDUSTRIAS MANUFACTURERAS,S08
81,ARAUCA,2004,52,52000000000,INDUSTRIAS MANUFACTURERAS,S08
81,ARAUCA,2005,54,54000000000,INDUSTRIAS MANUFACTURERAS,S08
81,ARAUCA,2006,59,59000000000,INDUSTRIAS MANUFACTURERAS,S08
81,ARAUCA,2007,70,70000000000,INDUSTRIAS MANUFACTURERAS,S08
81,ARAUCA,2008,79,79000000000,INDUSTRIAS MANUFACTURERAS,S08
81,ARAUCA,2009,96,96000000000,INDUSTRIAS MANUFACTURERAS,S08
81,ARAUCA,2010,64,64000000000,INDUSTRIAS MANUFACTURERAS,S08
81,ARAUCA,2011,75,75000000000,INDUSTRIAS MANUFACTURERAS,S08
81,ARAUCA,2012,79,79000000000,INDUSTRIAS MANUFACTURERAS,S08
81,ARAUCA,2013,84,84000000000,INDUSTRIAS MANUFACTURERAS,S08
81,ARAUCA,2014,89,89000000000,INDUSTRIAS MANUFACTURERAS,S08
81,ARAUCA,2015,87,87000000000,INDUSTRIAS MANUFACTURERAS,S08
81,ARAUCA,2016p,96,96000000000,INDUSTRIAS MANUFACTURERAS,S08
8,ATLANTICO,2000,1658,1.658E+12,INDUSTRIAS MANUFACTURERAS,S08
8,ATLANTICO,2001,1633,1.633E+12,INDUSTRIAS MANUFACTURERAS,S08
8,ATLANTICO,2002,1611,1.611E+12,INDUSTRIAS MANUFACTURERAS,S08
8,ATLANTICO,2003,1825,1.825E+12,INDUSTRIAS MANUFACTURERAS,S08
8,ATLANTICO,2004,2054,2.054E+12,INDUSTRIAS MANUFACTURERAS,S08
8,ATLANTICO,2005,2406,2.406E+12,INDUSTRIAS MANUFACTURERAS,S08
8,ATLANTICO,2006,2770,2.77E+12,INDUSTRIAS MANUFACTURERAS,S08
8,ATLANTICO,2007,3508,3.508E+12,INDUSTRIAS MANUFACTURERAS,S08
8,ATLANTICO,2008,3591,3.591E+12,INDUSTRIAS MANUFACTURERAS,S08
8,ATLANTICO,2009,3584,3.584E+12,INDUSTRIAS MANUFACTURERAS,S08
8,ATLANTICO,2010,3091,3.091E+12,INDUSTRIAS MANUFACTURERAS,S08
8,ATLANTICO,2011,3273,3.273E+12,INDUSTRIAS MANUFACTURERAS,S08
8,ATLANTICO,2012,3672,3.672E+12,INDUSTRIAS MANUFACTURERAS,S08
8,ATLANTICO,2013,3957,3.957E+12,INDUSTRIAS MANUFACTURERAS,S08
8,ATLANTICO,2014,4085,4.085E+12,INDUSTRIAS MANUFACTURERAS,S08
8,ATLANTICO,2015,4684,4.684E+12,INDUSTRIAS MANUFACTURERAS,S08
8,ATLANTICO,2016p,5245,5.245E+12,INDUSTRIAS MANUFACTURERAS,S08
11,SANTAFE DE BOGOTA D.C,2000,7333,7.333E+12,INDUSTRIAS MANUFACTURERAS,S08
11,SANTAFE DE BOGOTA D.C,2001,8134,8.134E+12,INDUSTRIAS MANUFACTURERAS,S08
11,SANTAFE DE BOGOTA D.C,2002,8871,8.871E+12,INDUSTRIAS MANUFACTURERAS,S08
11,SANTAFE DE BOGOTA D.C,2003,9622,9.622E+12,INDUSTRIAS MANUFACTURERAS,S08
11,SANTAFE DE BOGOTA D.C,2004,10441,1.0441E+13,INDUSTRIAS MANUFACTURERAS,S08
11,SANTAFE DE BOGOTA D.C,2005,11335,1.1335E+13,INDUSTRIAS MANUFACTURERAS,S08
11,SANTAFE DE BOGOTA D.C,2006,13059,1.3059E+13,INDUSTRIAS MANUFACTURERAS,S08
11,SANTAFE DE BOGOTA D.C,2007,14291,1.4291E+13,INDUSTRIAS MANUFACTURERAS,S08
11,SANTAFE DE BOGOTA D.C,2008,14455,1.4455E+13,INDUSTRIAS MANUFACTURERAS,S08
11,SANTAFE DE BOGOTA D.C,2009,14760,1.476E+13,INDUSTRIAS MANUFACTURERAS,S08
11,SANTAFE DE BOGOTA D.C,2010,14785,1.4785E+13,INDUSTRIAS MANUFACTURERAS,S08
11,SANTAFE DE BOGOTA D.C,2011,15054,1.5054E+13,INDUSTRIAS MANUFACTURERAS,S08
11,SANTAFE DE BOGOTA D.C,2012,15744,1.5744E+13,INDUSTRIAS MANUFACTURERAS,S08
11,SANTAFE DE BOGOTA D.C,2013,16000,1.6E+13,INDUSTRIAS MANUFACTURERAS,S08
11,SANTAFE DE BOGOTA D.C,2014,15682,1.5682E+13,INDUSTRIAS MANUFACTURERAS,S08
11,SANTAFE DE BOGOTA D.C,2015,16542,1.6542E+13,INDUSTRIAS MANUFACTURERAS,S08
11,SANTAFE DE BOGOTA D.C,2016p,17545,1.7545E+13,INDUSTRIAS MANUFACTURERAS,S08
13,BOLIVAR,2000,1510,1.51E+12,INDUSTRIAS MANUFACTURERAS,S08
13,BOLIVAR,2001,1708,1.708E+12,INDUSTRIAS MANUFACTURERAS,S08
13,BOLIVAR,2002,1880,1.88E+12,INDUSTRIAS MANUFACTURERAS,S08
13,BOLIVAR,2003,2901,2.901E+12,INDUSTRIAS MANUFACTURERAS,S08
13,BOLIVAR,2004,3455,3.455E+12,INDUSTRIAS MANUFACTURERAS,S08
13,BOLIVAR,2005,3418,3.418E+12,INDUSTRIAS MANUFACTURERAS,S08
13,BOLIVAR,2006,4008,4.008E+12,INDUSTRIAS MANUFACTURERAS,S08
13,BOLIVAR,2007,4646,4.646E+12,INDUSTRIAS MANUFACTURERAS,S08
13,BOLIVAR,2008,4775,4.775E+12,INDUSTRIAS MANUFACTURERAS,S08
13,BOLIVAR,2009,4320,4.32E+12,INDUSTRIAS MANUFACTURERAS,S08
13,BOLIVAR,2010,5090,5.09E+12,INDUSTRIAS MANUFACTURERAS,S08
13,BOLIVAR,2011,6863,6.863E+12,INDUSTRIAS MANUFACTURERAS,S08
13,BOLIVAR,2012,6896,6.896E+12,INDUSTRIAS MANUFACTURERAS,S08
13,BOLIVAR,2013,8048,8.048E+12,INDUSTRIAS MANUFACTURERAS,S08
13,BOLIVAR,2014,7139,7.139E+12,INDUSTRIAS MANUFACTURERAS,S08
13,BOLIVAR,2015,5470,5.47E+12,INDUSTRIAS MANUFACTURERAS,S08
13,BOLIVAR,2016p,8968,8.968E+12,INDUSTRIAS MANUFACTURERAS,S08
15,BOYACA,2000,606,6.06E+11,INDUSTRIAS MANUFACTURERAS,S08
15,BOYACA,2001,635,6.35E+11,INDUSTRIAS MANUFACTURERAS,S08
15,BOYACA,2002,756,7.56E+11,INDUSTRIAS MANUFACTURERAS,S08
15,BOYACA,2003,964,9.64E+11,INDUSTRIAS MANUFACTURERAS,S08
15,BOYACA,2004,1086,1.086E+12,INDUSTRIAS MANUFACTURERAS,S08
15,BOYACA,2005,1282,1.282E+12,INDUSTRIAS MANUFACTURERAS,S08
15,BOYACA,2006,1309,1.309E+12,INDUSTRIAS MANUFACTURERAS,S08
15,BOYACA,2007,1524,1.524E+12,INDUSTRIAS MANUFACTURERAS,S08
15,BOYACA,2008,1866,1.866E+12,INDUSTRIAS MANUFACTURERAS,S08
15,BOYACA,2009,1976,1.976E+12,INDUSTRIAS MANUFACTURERAS,S08
15,BOYACA,2010,1916,1.916E+12,INDUSTRIAS MANUFACTURERAS,S08
15,BOYACA,2011,2378,2.378E+12,INDUSTRIAS MANUFACTURERAS,S08
15,BOYACA,2012,2526,2.526E+12,INDUSTRIAS MANUFACTURERAS,S08
15,BOYACA,2013,2584,2.584E+12,INDUSTRIAS MANUFACTURERAS,S08
15,BOYACA,2014,2713,2.713E+12,INDUSTRIAS MANUFACTURERAS,S08
15,BOYACA,2015,3273,3.273E+12,INDUSTRIAS MANUFACTURERAS,S08
15,BOYACA,2016p,3461,3.461E+12,INDUSTRIAS MANUFACTURERAS,S08
17,CALDAS,2000,630,6.3E+11,INDUSTRIAS MANUFACTURERAS,S08
17,CALDAS,2001,668,6.68E+11,INDUSTRIAS MANUFACTURERAS,S08
17,CALDAS,2002,771,7.71E+11,INDUSTRIAS MANUFACTURERAS,S08
17,CALDAS,2003,908,9.08E+11,INDUSTRIAS MANUFACTURERAS,S08
17,CALDAS,2004,931,9.31E+11,INDUSTRIAS MANUFACTURERAS,S08
17,CALDAS,2005,999,9.99E+11,INDUSTRIAS MANUFACTURERAS,S08
17,CALDAS,2006,1246,1.246E+12,INDUSTRIAS MANUFACTURERAS,S08
17,CALDAS,2007,1278,1.278E+12,INDUSTRIAS MANUFACTURERAS,S08
17,CALDAS,2008,1378,1.378E+12,INDUSTRIAS MANUFACTURERAS,S08
17,CALDAS,2009,1243,1.243E+12,INDUSTRIAS MANUFACTURERAS,S08
17,CALDAS,2010,1190,1.19E+12,INDUSTRIAS MANUFACTURERAS,S08
17,CALDAS,2011,1130,1.13E+12,INDUSTRIAS MANUFACTURERAS,S08
17,CALDAS,2012,1195,1.195E+12,INDUSTRIAS MANUFACTURERAS,S08
17,CALDAS,2013,1271,1.271E+12,INDUSTRIAS MANUFACTURERAS,S08
17,CALDAS,2014,1324,1.324E+12,INDUSTRIAS MANUFACTURERAS,S08
17,CALDAS,2015,1596,1.596E+12,INDUSTRIAS MANUFACTURERAS,S08
17,CALDAS,2016p,1746,1.746E+12,INDUSTRIAS MANUFACTURERAS,S08
18,CAQUETA,2000,44,44000000000,INDUSTRIAS MANUFACTURERAS,S08
18,CAQUETA,2001,48,48000000000,INDUSTRIAS MANUFACTURERAS,S08
18,CAQUETA,2002,50,50000000000,INDUSTRIAS MANUFACTURERAS,S08
18,CAQUETA,2003,56,56000000000,INDUSTRIAS MANUFACTURERAS,S08
18,CAQUETA,2004,61,61000000000,INDUSTRIAS MANUFACTURERAS,S08
18,CAQUETA,2005,65,65000000000,INDUSTRIAS MANUFACTURERAS,S08
18,CAQUETA,2006,71,71000000000,INDUSTRIAS MANUFACTURERAS,S08
18,CAQUETA,2007,80,80000000000,INDUSTRIAS MANUFACTURERAS,S08
18,CAQUETA,2008,91,91000000000,INDUSTRIAS MANUFACTURERAS,S08
18,CAQUETA,2009,98,98000000000,INDUSTRIAS MANUFACTURERAS,S08
18,CAQUETA,2010,84,84000000000,INDUSTRIAS MANUFACTURERAS,S08
18,CAQUETA,2011,93,93000000000,INDUSTRIAS MANUFACTURERAS,S08
18,CAQUETA,2012,100,1E+11,INDUSTRIAS MANUFACTURERAS,S08
18,CAQUETA,2013,101,1.01E+11,INDUSTRIAS MANUFACTURERAS,S08
18,CAQUETA,2014,104,1.04E+11,INDUSTRIAS MANUFACTURERAS,S08
18,CAQUETA,2015,103,1.03E+11,INDUSTRIAS MANUFACTURERAS,S08
18,CAQUETA,2016p,114,1.14E+11,INDUSTRIAS MANUFACTURERAS,S08
85,CASANARE,2000,83,83000000000,INDUSTRIAS MANUFACTURERAS,S08
85,CASANARE,2001,97,97000000000,INDUSTRIAS MANUFACTURERAS,S08
85,CASANARE,2002,108,1.08E+11,INDUSTRIAS MANUFACTURERAS,S08
85,CASANARE,2003,136,1.36E+11,INDUSTRIAS MANUFACTURERAS,S08
85,CASANARE,2004,143,1.43E+11,INDUSTRIAS MANUFACTURERAS,S08
85,CASANARE,2005,148,1.48E+11,INDUSTRIAS MANUFACTURERAS,S08
85,CASANARE,2006,157,1.57E+11,INDUSTRIAS MANUFACTURERAS,S08
85,CASANARE,2007,184,1.84E+11,INDUSTRIAS MANUFACTURERAS,S08
85,CASANARE,2008,235,2.35E+11,INDUSTRIAS MANUFACTURERAS,S08
85,CASANARE,2009,220,2.2E+11,INDUSTRIAS MANUFACTURERAS,S08
85,CASANARE,2010,214,2.14E+11,INDUSTRIAS MANUFACTURERAS,S08
85,CASANARE,2011,262,2.62E+11,INDUSTRIAS MANUFACTURERAS,S08
85,CASANARE,2012,258,2.58E+11,INDUSTRIAS MANUFACTURERAS,S08
85,CASANARE,2013,252,2.52E+11,INDUSTRIAS MANUFACTURERAS,S08
85,CASANARE,2014,263,2.63E+11,INDUSTRIAS MANUFACTURERAS,S08
85,CASANARE,2015,305,3.05E+11,INDUSTRIAS MANUFACTURERAS,S08
85,CASANARE,2016p,350,3.5E+11,INDUSTRIAS MANUFACTURERAS,S08
19,CAUCA,2000,467,4.67E+11,INDUSTRIAS MANUFACTURERAS,S08
19,CAUCA,2001,554,5.54E+11,INDUSTRIAS MANUFACTURERAS,S08
19,CAUCA,2002,615,6.15E+11,INDUSTRIAS MANUFACTURERAS,S08
19,CAUCA,2003,634,6.34E+11,INDUSTRIAS MANUFACTURERAS,S08
19,CAUCA,2004,867,8.67E+11,INDUSTRIAS MANUFACTURERAS,S08
19,CAUCA,2005,834,8.34E+11,INDUSTRIAS MANUFACTURERAS,S08
19,CAUCA,2006,1008,1.008E+12,INDUSTRIAS MANUFACTURERAS,S08
19,CAUCA,2007,940,9.4E+11,INDUSTRIAS MANUFACTURERAS,S08
19,CAUCA,2008,1071,1.071E+12,INDUSTRIAS MANUFACTURERAS,S08
19,CAUCA,2009,1330,1.33E+12,INDUSTRIAS MANUFACTURERAS,S08
19,CAUCA,2010,1388,1.388E+12,INDUSTRIAS MANUFACTURERAS,S08
19,CAUCA,2011,1444,1.444E+12,INDUSTRIAS MANUFACTURERAS,S08
19,CAUCA,2012,1608,1.608E+12,INDUSTRIAS MANUFACTURERAS,S08
19,CAUCA,2013,1740,1.74E+12,INDUSTRIAS MANUFACTURERAS,S08
19,CAUCA,2014,1733,1.733E+12,INDUSTRIAS MANUFACTURERAS,S08
19,CAUCA,2015,2257,2.257E+12,INDUSTRIAS MANUFACTURERAS,S08
19,CAUCA,2016p,2411,2.411E+12,INDUSTRIAS MANUFACTURERAS,S08
20,CESAR,2000,153,1.53E+11,INDUSTRIAS MANUFACTURERAS,S08
20,CESAR,2001,154,1.54E+11,INDUSTRIAS MANUFACTURERAS,S08
20,CESAR,2002,187,1.87E+11,INDUSTRIAS MANUFACTURERAS,S08
20,CESAR,2003,308,3.08E+11,INDUSTRIAS MANUFACTURERAS,S08
20,CESAR,2004,274,2.74E+11,INDUSTRIAS MANUFACTURERAS,S08
20,CESAR,2005,261,2.61E+11,INDUSTRIAS MANUFACTURERAS,S08
20,CESAR,2006,279,2.79E+11,INDUSTRIAS MANUFACTURERAS,S08
20,CESAR,2007,280,2.8E+11,INDUSTRIAS MANUFACTURERAS,S08
20,CESAR,2008,363,3.63E+11,INDUSTRIAS MANUFACTURERAS,S08
20,CESAR,2009,392,3.92E+11,INDUSTRIAS MANUFACTURERAS,S08
20,CESAR,2010,398,3.98E+11,INDUSTRIAS MANUFACTURERAS,S08
20,CESAR,2011,429,4.29E+11,INDUSTRIAS MANUFACTURERAS,S08
20,CESAR,2012,430,4.3E+11,INDUSTRIAS MANUFACTURERAS,S08
20,CESAR,2013,442,4.42E+11,INDUSTRIAS MANUFACTURERAS,S08
20,CESAR,2014,489,4.89E+11,INDUSTRIAS MANUFACTURERAS,S08
20,CESAR,2015,559,5.59E+11,INDUSTRIAS MANUFACTURERAS,S08
20,CESAR,2016p,564,5.64E+11,INDUSTRIAS MANUFACTURERAS,S08
27,CHOCO,2000,13,13000000000,INDUSTRIAS MANUFACTURERAS,S08
27,CHOCO,2001,14,14000000000,INDUSTRIAS MANUFACTURERAS,S08
27,CHOCO,2002,16,16000000000,INDUSTRIAS MANUFACTURERAS,S08
27,CHOCO,2003,18,18000000000,INDUSTRIAS MANUFACTURERAS,S08
27,CHOCO,2004,21,21000000000,INDUSTRIAS MANUFACTURERAS,S08
27,CHOCO,2005,21,21000000000,INDUSTRIAS MANUFACTURERAS,S08
27,CHOCO,2006,24,24000000000,INDUSTRIAS MANUFACTURERAS,S08
27,CHOCO,2007,27,27000000000,INDUSTRIAS MANUFACTURERAS,S08
27,CHOCO,2008,29,29000000000,INDUSTRIAS MANUFACTURERAS,S08
27,CHOCO,2009,34,34000000000,INDUSTRIAS MANUFACTURERAS,S08
27,CHOCO,2010,36,36000000000,INDUSTRIAS MANUFACTURERAS,S08
27,CHOCO,2011,39,39000000000,INDUSTRIAS MANUFACTURERAS,S08
27,CHOCO,2012,40,40000000000,INDUSTRIAS MANUFACTURERAS,S08
27,CHOCO,2013,40,40000000000,INDUSTRIAS MANUFACTURERAS,S08
27,CHOCO,2014,41,41000000000,INDUSTRIAS MANUFACTURERAS,S08
27,CHOCO,2015,39,39000000000,INDUSTRIAS MANUFACTURERAS,S08
27,CHOCO,2016p,42,42000000000,INDUSTRIAS MANUFACTURERAS,S08
23,CORDOBA,2000,187,1.87E+11,INDUSTRIAS MANUFACTURERAS,S08
23,CORDOBA,2001,203,2.03E+11,INDUSTRIAS MANUFACTURERAS,S08
23,CORDOBA,2002,215,2.15E+11,INDUSTRIAS MANUFACTURERAS,S08
23,CORDOBA,2003,232,2.32E+11,INDUSTRIAS MANUFACTURERAS,S08
23,CORDOBA,2004,259,2.59E+11,INDUSTRIAS MANUFACTURERAS,S08
23,CORDOBA,2005,272,2.72E+11,INDUSTRIAS MANUFACTURERAS,S08
23,CORDOBA,2006,287,2.87E+11,INDUSTRIAS MANUFACTURERAS,S08
23,CORDOBA,2007,346,3.46E+11,INDUSTRIAS MANUFACTURERAS,S08
23,CORDOBA,2008,376,3.76E+11,INDUSTRIAS MANUFACTURERAS,S08
23,CORDOBA,2009,366,3.66E+11,INDUSTRIAS MANUFACTURERAS,S08
23,CORDOBA,2010,346,3.46E+11,INDUSTRIAS MANUFACTURERAS,S08
23,CORDOBA,2011,374,3.74E+11,INDUSTRIAS MANUFACTURERAS,S08
23,CORDOBA,2012,377,3.77E+11,INDUSTRIAS MANUFACTURERAS,S08
23,CORDOBA,2013,399,3.99E+11,INDUSTRIAS MANUFACTURERAS,S08
23,CORDOBA,2014,412,4.12E+11,INDUSTRIAS MANUFACTURERAS,S08
23,CORDOBA,2015,395,3.95E+11,INDUSTRIAS MANUFACTURERAS,S08
23,CORDOBA,2016p,402,4.02E+11,INDUSTRIAS MANUFACTURERAS,S08
25,CUNDINAMARCA,2000,2081,2.081E+12,INDUSTRIAS MANUFACTURERAS,S08
25,CUNDINAMARCA,2001,2434,2.434E+12,INDUSTRIAS MANUFACTURERAS,S08
25,CUNDINAMARCA,2002,2556,2.556E+12,INDUSTRIAS MANUFACTURERAS,S08
25,CUNDINAMARCA,2003,2875,2.875E+12,INDUSTRIAS MANUFACTURERAS,S08
25,CUNDINAMARCA,2004,3295,3.295E+12,INDUSTRIAS MANUFACTURERAS,S08
25,CUNDINAMARCA,2005,3653,3.653E+12,INDUSTRIAS MANUFACTURERAS,S08
25,CUNDINAMARCA,2006,3810,3.81E+12,INDUSTRIAS MANUFACTURERAS,S08
25,CUNDINAMARCA,2007,4338,4.338E+12,INDUSTRIAS MANUFACTURERAS,S08
25,CUNDINAMARCA,2008,5087,5.087E+12,INDUSTRIAS MANUFACTURERAS,S08
25,CUNDINAMARCA,2009,5607,5.607E+12,INDUSTRIAS MANUFACTURERAS,S08
25,CUNDINAMARCA,2010,5985,5.985E+12,INDUSTRIAS MANUFACTURERAS,S08
25,CUNDINAMARCA,2011,6491,6.491E+12,INDUSTRIAS MANUFACTURERAS,S08
25,CUNDINAMARCA,2012,7006,7.006E+12,INDUSTRIAS MANUFACTURERAS,S08
25,CUNDINAMARCA,2013,7173,7.173E+12,INDUSTRIAS MANUFACTURERAS,S08
25,CUNDINAMARCA,2014,7452,7.452E+12,INDUSTRIAS MANUFACTURERAS,S08
25,CUNDINAMARCA,2015,7999,7.999E+12,INDUSTRIAS MANUFACTURERAS,S08
25,CUNDINAMARCA,2016p,8644,8.644E+12,INDUSTRIAS MANUFACTURERAS,S08
94,GUAINIA,2000,2,2000000000,INDUSTRIAS MANUFACTURERAS,S08
94,GUAINIA,2001,2,2000000000,INDUSTRIAS MANUFACTURERAS,S08
94,GUAINIA,2002,2,2000000000,INDUSTRIAS MANUFACTURERAS,S08
94,GUAINIA,2003,3,3000000000,INDUSTRIAS MANUFACTURERAS,S08
94,GUAINIA,2004,3,3000000000,INDUSTRIAS MANUFACTURERAS,S08
94,GUAINIA,2005,3,3000000000,INDUSTRIAS MANUFACTURERAS,S08
94,GUAINIA,2006,3,3000000000,INDUSTRIAS MANUFACTURERAS,S08
94,GUAINIA,2007,3,3000000000,INDUSTRIAS MANUFACTURERAS,S08
94,GUAINIA,2008,3,3000000000,INDUSTRIAS MANUFACTURERAS,S08
94,GUAINIA,2009,4,4000000000,INDUSTRIAS MANUFACTURERAS,S08
94,GUAINIA,2010,4,4000000000,INDUSTRIAS MANUFACTURERAS,S08
94,GUAINIA,2011,4,4000000000,INDUSTRIAS MANUFACTURERAS,S08
94,GUAINIA,2012,4,4000000000,INDUSTRIAS MANUFACTURERAS,S08
94,GUAINIA,2013,4,4000000000,INDUSTRIAS MANUFACTURERAS,S08
94,GUAINIA,2014,4,4000000000,INDUSTRIAS MANUFACTURERAS,S08
94,GUAINIA,2015,5,5000000000,INDUSTRIAS MANUFACTURERAS,S08
94,GUAINIA,2016p,5,5000000000,INDUSTRIAS MANUFACTURERAS,S08
95,GUAVIARE,2000,5,5000000000,INDUSTRIAS MANUFACTURERAS,S08
95,GUAVIARE,2001,5,5000000000,INDUSTRIAS MANUFACTURERAS,S08
95,GUAVIARE,2002,5,5000000000,INDUSTRIAS MANUFACTURERAS,S08
95,GUAVIARE,2003,6,6000000000,INDUSTRIAS MANUFACTURERAS,S08
95,GUAVIARE,2004,6,6000000000,INDUSTRIAS MANUFACTURERAS,S08
95,GUAVIARE,2005,8,8000000000,INDUSTRIAS MANUFACTURERAS,S08
95,GUAVIARE,2006,9,9000000000,INDUSTRIAS MANUFACTURERAS,S08
95,GUAVIARE,2007,9,9000000000,INDUSTRIAS MANUFACTURERAS,S08
95,GUAVIARE,2008,10,10000000000,INDUSTRIAS MANUFACTURERAS,S08
95,GUAVIARE,2009,10,10000000000,INDUSTRIAS MANUFACTURERAS,S08
95,GUAVIARE,2010,11,11000000000,INDUSTRIAS MANUFACTURERAS,S08
95,GUAVIARE,2011,12,12000000000,INDUSTRIAS MANUFACTURERAS,S08
95,GUAVIARE,2012,12,12000000000,INDUSTRIAS MANUFACTURERAS,S08
95,GUAVIARE,2013,12,12000000000,INDUSTRIAS MANUFACTURERAS,S08
95,GUAVIARE,2014,12,12000000000,INDUSTRIAS MANUFACTURERAS,S08
95,GUAVIARE,2015,12,12000000000,INDUSTRIAS MANUFACTURERAS,S08
95,GUAVIARE,2016p,13,13000000000,INDUSTRIAS MANUFACTURERAS,S08
41,HUILA,2000,223,2.23E+11,INDUSTRIAS MANUFACTURERAS,S08
41,HUILA,2001,226,2.26E+11,INDUSTRIAS MANUFACTURERAS,S08
41,HUILA,2002,228,2.28E+11,INDUSTRIAS MANUFACTURERAS,S08
41,HUILA,2003,263,2.63E+11,INDUSTRIAS MANUFACTURERAS,S08
41,HUILA,2004,340,3.4E+11,INDUSTRIAS MANUFACTURERAS,S08
41,HUILA,2005,304,3.04E+11,INDUSTRIAS MANUFACTURERAS,S08
41,HUILA,2006,311,3.11E+11,INDUSTRIAS MANUFACTURERAS,S08
41,HUILA,2007,350,3.5E+11,INDUSTRIAS MANUFACTURERAS,S08
41,HUILA,2008,417,4.17E+11,INDUSTRIAS MANUFACTURERAS,S08
41,HUILA,2009,399,3.99E+11,INDUSTRIAS MANUFACTURERAS,S08
41,HUILA,2010,376,3.76E+11,INDUSTRIAS MANUFACTURERAS,S08
41,HUILA,2011,413,4.13E+11,INDUSTRIAS MANUFACTURERAS,S08
41,HUILA,2012,458,4.58E+11,INDUSTRIAS MANUFACTURERAS,S08
41,HUILA,2013,490,4.9E+11,INDUSTRIAS MANUFACTURERAS,S08
41,HUILA,2014,517,5.17E+11,INDUSTRIAS MANUFACTURERAS,S08
41,HUILA,2015,553,5.53E+11,INDUSTRIAS MANUFACTURERAS,S08
41,HUILA,2016p,569,5.69E+11,INDUSTRIAS MANUFACTURERAS,S08
44,LA GUAJIRA,2000,26,26000000000,INDUSTRIAS MANUFACTURERAS,S08
44,LA GUAJIRA,2001,29,29000000000,INDUSTRIAS MANUFACTURERAS,S08
44,LA GUAJIRA,2002,31,31000000000,INDUSTRIAS MANUFACTURERAS,S08
44,LA GUAJIRA,2003,34,34000000000,INDUSTRIAS MANUFACTURERAS,S08
44,LA GUAJIRA,2004,37,37000000000,INDUSTRIAS MANUFACTURERAS,S08
44,LA GUAJIRA,2005,39,39000000000,INDUSTRIAS MANUFACTURERAS,S08
44,LA GUAJIRA,2006,42,42000000000,INDUSTRIAS MANUFACTURERAS,S08
44,LA GUAJIRA,2007,48,48000000000,INDUSTRIAS MANUFACTURERAS,S08
44,LA GUAJIRA,2008,56,56000000000,INDUSTRIAS MANUFACTURERAS,S08
44,LA GUAJIRA,2009,70,70000000000,INDUSTRIAS MANUFACTURERAS,S08
44,LA GUAJIRA,2010,68,68000000000,INDUSTRIAS MANUFACTURERAS,S08
44,LA GUAJIRA,2011,69,69000000000,INDUSTRIAS MANUFACTURERAS,S08
44,LA GUAJIRA,2012,76,76000000000,INDUSTRIAS MANUFACTURERAS,S08
44,LA GUAJIRA,2013,82,82000000000,INDUSTRIAS MANUFACTURERAS,S08
44,LA GUAJIRA,2014,87,87000000000,INDUSTRIAS MANUFACTURERAS,S08
44,LA GUAJIRA,2015,84,84000000000,INDUSTRIAS MANUFACTURERAS,S08
44,LA GUAJIRA,2016p,86,86000000000,INDUSTRIAS MANUFACTURERAS,S08
47,MAGDALENA,2000,168,1.68E+11,INDUSTRIAS MANUFACTURERAS,S08
47,MAGDALENA,2001,193,1.93E+11,INDUSTRIAS MANUFACTURERAS,S08
47,MAGDALENA,2002,219,2.19E+11,INDUSTRIAS MANUFACTURERAS,S08
47,MAGDALENA,2003,252,2.52E+11,INDUSTRIAS MANUFACTURERAS,S08
47,MAGDALENA,2004,261,2.61E+11,INDUSTRIAS MANUFACTURERAS,S08
47,MAGDALENA,2005,291,2.91E+11,INDUSTRIAS MANUFACTURERAS,S08
47,MAGDALENA,2006,322,3.22E+11,INDUSTRIAS MANUFACTURERAS,S08
47,MAGDALENA,2007,349,3.49E+11,INDUSTRIAS MANUFACTURERAS,S08
47,MAGDALENA,2008,407,4.07E+11,INDUSTRIAS MANUFACTURERAS,S08
47,MAGDALENA,2009,450,4.5E+11,INDUSTRIAS MANUFACTURERAS,S08
47,MAGDALENA,2010,445,4.45E+11,INDUSTRIAS MANUFACTURERAS,S08
47,MAGDALENA,2011,458,4.58E+11,INDUSTRIAS MANUFACTURERAS,S08
47,MAGDALENA,2012,464,4.64E+11,INDUSTRIAS MANUFACTURERAS,S08
47,MAGDALENA,2013,481,4.81E+11,INDUSTRIAS MANUFACTURERAS,S08
47,MAGDALENA,2014,515,5.15E+11,INDUSTRIAS MANUFACTURERAS,S08
47,MAGDALENA,2015,517,5.17E+11,INDUSTRIAS MANUFACTURERAS,S08
47,MAGDALENA,2016p,572,5.72E+11,INDUSTRIAS MANUFACTURERAS,S08
50,META,2000,319,3.19E+11,INDUSTRIAS MANUFACTURERAS,S08
50,META,2001,348,3.48E+11,INDUSTRIAS MANUFACTURERAS,S08
50,META,2002,369,3.69E+11,INDUSTRIAS MANUFACTURERAS,S08
50,META,2003,373,3.73E+11,INDUSTRIAS MANUFACTURERAS,S08
50,META,2004,420,4.2E+11,INDUSTRIAS MANUFACTURERAS,S08
50,META,2005,444,4.44E+11,INDUSTRIAS MANUFACTURERAS,S08
50,META,2006,491,4.91E+11,INDUSTRIAS MANUFACTURERAS,S08
50,META,2007,531,5.31E+11,INDUSTRIAS MANUFACTURERAS,S08
50,META,2008,606,6.06E+11,INDUSTRIAS MANUFACTURERAS,S08
50,META,2009,582,5.82E+11,INDUSTRIAS MANUFACTURERAS,S08
50,META,2010,634,6.34E+11,INDUSTRIAS MANUFACTURERAS,S08
50,META,2011,639,6.39E+11,INDUSTRIAS MANUFACTURERAS,S08
50,META,2012,778,7.78E+11,INDUSTRIAS MANUFACTURERAS,S08
50,META,2013,707,7.07E+11,INDUSTRIAS MANUFACTURERAS,S08
50,META,2014,729,7.29E+11,INDUSTRIAS MANUFACTURERAS,S08
50,META,2015,621,6.21E+11,INDUSTRIAS MANUFACTURERAS,S08
50,META,2016p,651,6.51E+11,INDUSTRIAS MANUFACTURERAS,S08
52,NARINO,2000,245,2.45E+11,INDUSTRIAS MANUFACTURERAS,S08
52,NARINO,2001,237,2.37E+11,INDUSTRIAS MANUFACTURERAS,S08
52,NARINO,2002,262,2.62E+11,INDUSTRIAS MANUFACTURERAS,S08
52,NARINO,2003,291,2.91E+11,INDUSTRIAS MANUFACTURERAS,S08
52,NARINO,2004,324,3.24E+11,INDUSTRIAS MANUFACTURERAS,S08
52,NARINO,2005,335,3.35E+11,INDUSTRIAS MANUFACTURERAS,S08
52,NARINO,2006,389,3.89E+11,INDUSTRIAS MANUFACTURERAS,S08
52,NARINO,2007,444,4.44E+11,INDUSTRIAS MANUFACTURERAS,S08
52,NARINO,2008,424,4.24E+11,INDUSTRIAS MANUFACTURERAS,S08
52,NARINO,2009,418,4.18E+11,INDUSTRIAS MANUFACTURERAS,S08
52,NARINO,2010,415,4.15E+11,INDUSTRIAS MANUFACTURERAS,S08
52,NARINO,2011,451,4.51E+11,INDUSTRIAS MANUFACTURERAS,S08
52,NARINO,2012,483,4.83E+11,INDUSTRIAS MANUFACTURERAS,S08
52,NARINO,2013,508,5.08E+11,INDUSTRIAS MANUFACTURERAS,S08
52,NARINO,2014,517,5.17E+11,INDUSTRIAS MANUFACTURERAS,S08
52,NARINO,2015,486,4.86E+11,INDUSTRIAS MANUFACTURERAS,S08
52,NARINO,2016p,513,5.13E+11,INDUSTRIAS MANUFACTURERAS,S08
54,NORTE DE SANTANDER,2000,342,3.42E+11,INDUSTRIAS MANUFACTURERAS,S08
54,NORTE DE SANTANDER,2001,331,3.31E+11,INDUSTRIAS MANUFACTURERAS,S08
54,NORTE DE SANTANDER,2002,359,3.59E+11,INDUSTRIAS MANUFACTURERAS,S08
54,NORTE DE SANTANDER,2003,372,3.72E+11,INDUSTRIAS MANUFACTURERAS,S08
54,NORTE DE SANTANDER,2004,418,4.18E+11,INDUSTRIAS MANUFACTURERAS,S08
54,NORTE DE SANTANDER,2005,423,4.23E+11,INDUSTRIAS MANUFACTURERAS,S08
54,NORTE DE SANTANDER,2006,473,4.73E+11,INDUSTRIAS MANUFACTURERAS,S08
54,NORTE DE SANTANDER,2007,607,6.07E+11,INDUSTRIAS MANUFACTURERAS,S08
54,NORTE DE SANTANDER,2008,712,7.12E+11,INDUSTRIAS MANUFACTURERAS,S08
54,NORTE DE SANTANDER,2009,670,6.7E+11,INDUSTRIAS MANUFACTURERAS,S08
54,NORTE DE SANTANDER,2010,666,6.66E+11,INDUSTRIAS MANUFACTURERAS,S08
54,NORTE DE SANTANDER,2011,728,7.28E+11,INDUSTRIAS MANUFACTURERAS,S08
54,NORTE DE SANTANDER,2012,792,7.92E+11,INDUSTRIAS MANUFACTURERAS,S08
54,NORTE DE SANTANDER,2013,818,8.18E+11,INDUSTRIAS MANUFACTURERAS,S08
54,NORTE DE SANTANDER,2014,804,8.04E+11,INDUSTRIAS MANUFACTURERAS,S08
54,NORTE DE SANTANDER,2015,865,8.65E+11,INDUSTRIAS MANUFACTURERAS,S08
54,NORTE DE SANTANDER,2016p,893,8.93E+11,INDUSTRIAS MANUFACTURERAS,S08
86,PUTUMAYO,2000,26,26000000000,INDUSTRIAS MANUFACTURERAS,S08
86,PUTUMAYO,2001,21,21000000000,INDUSTRIAS MANUFACTURERAS,S08
86,PUTUMAYO,2002,20,20000000000,INDUSTRIAS MANUFACTURERAS,S08
86,PUTUMAYO,2003,31,31000000000,INDUSTRIAS MANUFACTURERAS,S08
86,PUTUMAYO,2004,24,24000000000,INDUSTRIAS MANUFACTURERAS,S08
86,PUTUMAYO,2005,24,24000000000,INDUSTRIAS MANUFACTURERAS,S08
86,PUTUMAYO,2006,26,26000000000,INDUSTRIAS MANUFACTURERAS,S08
86,PUTUMAYO,2007,32,32000000000,INDUSTRIAS MANUFACTURERAS,S08
86,PUTUMAYO,2008,32,32000000000,INDUSTRIAS MANUFACTURERAS,S08
86,PUTUMAYO,2009,35,35000000000,INDUSTRIAS MANUFACTURERAS,S08
86,PUTUMAYO,2010,41,41000000000,INDUSTRIAS MANUFACTURERAS,S08
86,PUTUMAYO,2011,40,40000000000,INDUSTRIAS MANUFACTURERAS,S08
86,PUTUMAYO,2012,43,43000000000,INDUSTRIAS MANUFACTURERAS,S08
86,PUTUMAYO,2013,38,38000000000,INDUSTRIAS MANUFACTURERAS,S08
86,PUTUMAYO,2014,38,38000000000,INDUSTRIAS MANUFACTURERAS,S08
86,PUTUMAYO,2015,21,21000000000,INDUSTRIAS MANUFACTURERAS,S08
86,PUTUMAYO,2016p,24,24000000000,INDUSTRIAS MANUFACTURERAS,S08
63,QUINDIO,2000,151,1.51E+11,INDUSTRIAS MANUFACTURERAS,S08
63,QUINDIO,2001,125,1.25E+11,INDUSTRIAS MANUFACTURERAS,S08
63,QUINDIO,2002,127,1.27E+11,INDUSTRIAS MANUFACTURERAS,S08
63,QUINDIO,2003,160,1.6E+11,INDUSTRIAS MANUFACTURERAS,S08
63,QUINDIO,2004,175,1.75E+11,INDUSTRIAS MANUFACTURERAS,S08
63,QUINDIO,2005,204,2.04E+11,INDUSTRIAS MANUFACTURERAS,S08
63,QUINDIO,2006,278,2.78E+11,INDUSTRIAS MANUFACTURERAS,S08
63,QUINDIO,2007,284,2.84E+11,INDUSTRIAS MANUFACTURERAS,S08
63,QUINDIO,2008,265,2.65E+11,INDUSTRIAS MANUFACTURERAS,S08
63,QUINDIO,2009,256,2.56E+11,INDUSTRIAS MANUFACTURERAS,S08
63,QUINDIO,2010,281,2.81E+11,INDUSTRIAS MANUFACTURERAS,S08
63,QUINDIO,2011,312,3.12E+11,INDUSTRIAS MANUFACTURERAS,S08
63,QUINDIO,2012,333,3.33E+11,INDUSTRIAS MANUFACTURERAS,S08
63,QUINDIO,2013,344,3.44E+11,INDUSTRIAS MANUFACTURERAS,S08
63,QUINDIO,2014,335,3.35E+11,INDUSTRIAS MANUFACTURERAS,S08
63,QUINDIO,2015,379,3.79E+11,INDUSTRIAS MANUFACTURERAS,S08
63,QUINDIO,2016p,404,4.04E+11,INDUSTRIAS MANUFACTURERAS,S08
66,RISARALDA,2000,563,5.63E+11,INDUSTRIAS MANUFACTURERAS,S08
66,RISARALDA,2001,607,6.07E+11,INDUSTRIAS MANUFACTURERAS,S08
66,RISARALDA,2002,550,5.5E+11,INDUSTRIAS MANUFACTURERAS,S08
66,RISARALDA,2003,574,5.74E+11,INDUSTRIAS MANUFACTURERAS,S08
66,RISARALDA,2004,722,7.22E+11,INDUSTRIAS MANUFACTURERAS,S08
66,RISARALDA,2005,793,7.93E+11,INDUSTRIAS MANUFACTURERAS,S08
66,RISARALDA,2006,866,8.66E+11,INDUSTRIAS MANUFACTURERAS,S08
66,RISARALDA,2007,862,8.62E+11,INDUSTRIAS MANUFACTURERAS,S08
66,RISARALDA,2008,967,9.67E+11,INDUSTRIAS MANUFACTURERAS,S08
66,RISARALDA,2009,1082,1.082E+12,INDUSTRIAS MANUFACTURERAS,S08
66,RISARALDA,2010,1113,1.113E+12,INDUSTRIAS MANUFACTURERAS,S08
66,RISARALDA,2011,1114,1.114E+12,INDUSTRIAS MANUFACTURERAS,S08
66,RISARALDA,2012,1194,1.194E+12,INDUSTRIAS MANUFACTURERAS,S08
66,RISARALDA,2013,1271,1.271E+12,INDUSTRIAS MANUFACTURERAS,S08
66,RISARALDA,2014,1311,1.311E+12,INDUSTRIAS MANUFACTURERAS,S08
66,RISARALDA,2015,1498,1.498E+12,INDUSTRIAS MANUFACTURERAS,S08
66,RISARALDA,2016p,1581,1.581E+12,INDUSTRIAS MANUFACTURERAS,S08
88,ARCHIPIELAGO DE SAN ANDRES PROVIDENCIA Y SANTA CATALINA,2000,5,5000000000,INDUSTRIAS MANUFACTURERAS,S08
88,ARCHIPIELAGO DE SAN ANDRES PROVIDENCIA Y SANTA CATALINA,2001,6,6000000000,INDUSTRIAS MANUFACTURERAS,S08
88,ARCHIPIELAGO DE SAN ANDRES PROVIDENCIA Y SANTA CATALINA,2002,7,7000000000,INDUSTRIAS MANUFACTURERAS,S08
88,ARCHIPIELAGO DE SAN ANDRES PROVIDENCIA Y SANTA CATALINA,2003,7,7000000000,INDUSTRIAS MANUFACTURERAS,S08
88,ARCHIPIELAGO DE SAN ANDRES PROVIDENCIA Y SANTA CATALINA,2004,8,8000000000,INDUSTRIAS MANUFACTURERAS,S08
88,ARCHIPIELAGO DE SAN ANDRES PROVIDENCIA Y SANTA CATALINA,2005,9,9000000000,INDUSTRIAS MANUFACTURERAS,S08
88,ARCHIPIELAGO DE SAN ANDRES PROVIDENCIA Y SANTA CATALINA,2006,10,10000000000,INDUSTRIAS MANUFACTURERAS,S08
88,ARCHIPIELAGO DE SAN ANDRES PROVIDENCIA Y SANTA CATALINA,2007,13,13000000000,INDUSTRIAS MANUFACTURERAS,S08
88,ARCHIPIELAGO DE SAN ANDRES PROVIDENCIA Y SANTA CATALINA,2008,10,10000000000,INDUSTRIAS MANUFACTURERAS,S08
88,ARCHIPIELAGO DE SAN ANDRES PROVIDENCIA Y SANTA CATALINA,2009,13,13000000000,INDUSTRIAS MANUFACTURERAS,S08
88,ARCHIPIELAGO DE SAN ANDRES PROVIDENCIA Y SANTA CATALINA,2010,13,13000000000,INDUSTRIAS MANUFACTURERAS,S08
88,ARCHIPIELAGO DE SAN ANDRES PROVIDENCIA Y SANTA CATALINA,2011,14,14000000000,INDUSTRIAS MANUFACTURERAS,S08
88,ARCHIPIELAGO DE SAN ANDRES PROVIDENCIA Y SANTA CATALINA,2012,12,12000000000,INDUSTRIAS MANUFACTURERAS,S08
88,ARCHIPIELAGO DE SAN ANDRES PROVIDENCIA Y SANTA CATALINA,2013,15,15000000000,INDUSTRIAS MANUFACTURERAS,S08
88,ARCHIPIELAGO DE SAN ANDRES PROVIDENCIA Y SANTA CATALINA,2014,15,15000000000,INDUSTRIAS MANUFACTURERAS,S08
88,ARCHIPIELAGO DE SAN ANDRES PROVIDENCIA Y SANTA CATALINA,2015,8,8000000000,INDUSTRIAS MANUFACTURERAS,S08
88,ARCHIPIELAGO DE SAN ANDRES PROVIDENCIA Y SANTA CATALINA,2016p,9,9000000000,INDUSTRIAS MANUFACTURERAS,S08
68,SANTANDER,2000,2318,2.318E+12,INDUSTRIAS MANUFACTURERAS,S08
68,SANTANDER,2001,2712,2.712E+12,INDUSTRIAS MANUFACTURERAS,S08
68,SANTANDER,2002,3036,3.036E+12,INDUSTRIAS MANUFACTURERAS,S08
68,SANTANDER,2003,3629,3.629E+12,INDUSTRIAS MANUFACTURERAS,S08
68,SANTANDER,2004,4692,4.692E+12,INDUSTRIAS MANUFACTURERAS,S08
68,SANTANDER,2005,6256,6.256E+12,INDUSTRIAS MANUFACTURERAS,S08
68,SANTANDER,2006,7540,7.54E+12,INDUSTRIAS MANUFACTURERAS,S08
68,SANTANDER,2007,8930,8.93E+12,INDUSTRIAS MANUFACTURERAS,S08
68,SANTANDER,2008,10174,1.0174E+13,INDUSTRIAS MANUFACTURERAS,S08
68,SANTANDER,2009,8692,8.692E+12,INDUSTRIAS MANUFACTURERAS,S08
68,SANTANDER,2010,10563,1.0563E+13,INDUSTRIAS MANUFACTURERAS,S08
68,SANTANDER,2011,12540,1.254E+13,INDUSTRIAS MANUFACTURERAS,S08
68,SANTANDER,2012,13061,1.3061E+13,INDUSTRIAS MANUFACTURERAS,S08
68,SANTANDER,2013,12998,1.2998E+13,INDUSTRIAS MANUFACTURERAS,S08
68,SANTANDER,2014,15829,1.5829E+13,INDUSTRIAS MANUFACTURERAS,S08
68,SANTANDER,2015,15102,1.5102E+13,INDUSTRIAS MANUFACTURERAS,S08
68,SANTANDER,2016p,14519,1.4519E+13,INDUSTRIAS MANUFACTURERAS,S08
70,SUCRE,2000,154,1.54E+11,INDUSTRIAS MANUFACTURERAS,S08
70,SUCRE,2001,169,1.69E+11,INDUSTRIAS MANUFACTURERAS,S08
70,SUCRE,2002,195,1.95E+11,INDUSTRIAS MANUFACTURERAS,S08
70,SUCRE,2003,203,2.03E+11,INDUSTRIAS MANUFACTURERAS,S08
70,SUCRE,2004,210,2.1E+11,INDUSTRIAS MANUFACTURERAS,S08
70,SUCRE,2005,235,2.35E+11,INDUSTRIAS MANUFACTURERAS,S08
70,SUCRE,2006,292,2.92E+11,INDUSTRIAS MANUFACTURERAS,S08
70,SUCRE,2007,308,3.08E+11,INDUSTRIAS MANUFACTURERAS,S08
70,SUCRE,2008,362,3.62E+11,INDUSTRIAS MANUFACTURERAS,S08
70,SUCRE,2009,363,3.63E+11,INDUSTRIAS MANUFACTURERAS,S08
70,SUCRE,2010,351,3.51E+11,INDUSTRIAS MANUFACTURERAS,S08
70,SUCRE,2011,376,3.76E+11,INDUSTRIAS MANUFACTURERAS,S08
70,SUCRE,2012,396,3.96E+11,INDUSTRIAS MANUFACTURERAS,S08
70,SUCRE,2013,423,4.23E+11,INDUSTRIAS MANUFACTURERAS,S08
70,SUCRE,2014,403,4.03E+11,INDUSTRIAS MANUFACTURERAS,S08
70,SUCRE,2015,523,5.23E+11,INDUSTRIAS MANUFACTURERAS,S08
70,SUCRE,2016p,519,5.19E+11,INDUSTRIAS MANUFACTURERAS,S08
73,TOLIMA,2000,640,6.4E+11,INDUSTRIAS MANUFACTURERAS,S08
73,TOLIMA,2001,761,7.61E+11,INDUSTRIAS MANUFACTURERAS,S08
73,TOLIMA,2002,796,7.96E+11,INDUSTRIAS MANUFACTURERAS,S08
73,TOLIMA,2003,730,7.3E+11,INDUSTRIAS MANUFACTURERAS,S08
73,TOLIMA,2004,766,7.66E+11,INDUSTRIAS MANUFACTURERAS,S08
73,TOLIMA,2005,746,7.46E+11,INDUSTRIAS MANUFACTURERAS,S08
73,TOLIMA,2006,778,7.78E+11,INDUSTRIAS MANUFACTURERAS,S08
73,TOLIMA,2007,1016,1.016E+12,INDUSTRIAS MANUFACTURERAS,S08
73,TOLIMA,2008,1168,1.168E+12,INDUSTRIAS MANUFACTURERAS,S08
73,TOLIMA,2009,1162,1.162E+12,INDUSTRIAS MANUFACTURERAS,S08
73,TOLIMA,2010,1010,1.01E+12,INDUSTRIAS MANUFACTURERAS,S08
73,TOLIMA,2011,1155,1.155E+12,INDUSTRIAS MANUFACTURERAS,S08
73,TOLIMA,2012,1286,1.286E+12,INDUSTRIAS MANUFACTURERAS,S08
73,TOLIMA,2013,1383,1.383E+12,INDUSTRIAS MANUFACTURERAS,S08
73,TOLIMA,2014,1455,1.455E+12,INDUSTRIAS MANUFACTURERAS,S08
73,TOLIMA,2015,1805,1.805E+12,INDUSTRIAS MANUFACTURERAS,S08
73,TOLIMA,2016p,1932,1.932E+12,INDUSTRIAS MANUFACTURERAS,S08
76,VALLE DEL CAUCA,2000,3925,3.925E+12,INDUSTRIAS MANUFACTURERAS,S08
76,VALLE DEL CAUCA,2001,4329,4.329E+12,INDUSTRIAS MANUFACTURERAS,S08
76,VALLE DEL CAUCA,2002,4681,4.681E+12,INDUSTRIAS MANUFACTURERAS,S08
76,VALLE DEL CAUCA,2003,5141,5.141E+12,INDUSTRIAS MANUFACTURERAS,S08
76,VALLE DEL CAUCA,2004,5686,5.686E+12,INDUSTRIAS MANUFACTURERAS,S08
76,VALLE DEL CAUCA,2005,5625,5.625E+12,INDUSTRIAS MANUFACTURERAS,S08
76,VALLE DEL CAUCA,2006,6518,6.518E+12,INDUSTRIAS MANUFACTURERAS,S08
76,VALLE DEL CAUCA,2007,7527,7.527E+12,INDUSTRIAS MANUFACTURERAS,S08
76,VALLE DEL CAUCA,2008,8340,8.34E+12,INDUSTRIAS MANUFACTURERAS,S08
76,VALLE DEL CAUCA,2009,8753,8.753E+12,INDUSTRIAS MANUFACTURERAS,S08
76,VALLE DEL CAUCA,2010,9019,9.019E+12,INDUSTRIAS MANUFACTURERAS,S08
76,VALLE DEL CAUCA,2011,9303,9.303E+12,INDUSTRIAS MANUFACTURERAS,S08
76,VALLE DEL CAUCA,2012,10022,1.0022E+13,INDUSTRIAS MANUFACTURERAS,S08
76,VALLE DEL CAUCA,2013,10236,1.0236E+13,INDUSTRIAS MANUFACTURERAS,S08
76,VALLE DEL CAUCA,2014,10437,1.0437E+13,INDUSTRIAS MANUFACTURERAS,S08
76,VALLE DEL CAUCA,2015,11821,1.1821E+13,INDUSTRIAS MANUFACTURERAS,S08
76,VALLE DEL CAUCA,2016p,12712,1.2712E+13,INDUSTRIAS MANUFACTURERAS,S08
97,VAUPES,2000,1,1000000000,INDUSTRIAS MANUFACTURERAS,S08
97,VAUPES,2001,1,1000000000,INDUSTRIAS MANUFACTURERAS,S08
97,VAUPES,2002,1,1000000000,INDUSTRIAS MANUFACTURERAS,S08
97,VAUPES,2003,1,1000000000,INDUSTRIAS MANUFACTURERAS,S08
97,VAUPES,2004,1,1000000000,INDUSTRIAS MANUFACTURERAS,S08
97,VAUPES,2005,1,1000000000,INDUSTRIAS MANUFACTURERAS,S08
97,VAUPES,2006,1,1000000000,INDUSTRIAS MANUFACTURERAS,S08
97,VAUPES,2007,1,1000000000,INDUSTRIAS MANUFACTURERAS,S08
97,VAUPES,2008,1,1000000000,INDUSTRIAS MANUFACTURERAS,S08
97,VAUPES,2009,1,1000000000,INDUSTRIAS MANUFACTURERAS,S08
97,VAUPES,2010,1,1000000000,INDUSTRIAS MANUFACTURERAS,S08
97,VAUPES,2011,1,1000000000,INDUSTRIAS MANUFACTURERAS,S08
97,VAUPES,2012,1,1000000000,INDUSTRIAS MANUFACTURERAS,S08
97,VAUPES,2013,1,1000000000,INDUSTRIAS MANUFACTURERAS,S08
97,VAUPES,2014,1,1000000000,INDUSTRIAS MANUFACTURERAS,S08
97,VAUPES,2015,1,1000000000,INDUSTRIAS MANUFACTURERAS,S08
97,VAUPES,2016p,2,2000000000,INDUSTRIAS MANUFACTURERAS,S08
99,VICHADA,2000,10,10000000000,INDUSTRIAS MANUFACTURERAS,S08
99,VICHADA,2001,11,11000000000,INDUSTRIAS MANUFACTURERAS,S08
99,VICHADA,2002,11,11000000000,INDUSTRIAS MANUFACTURERAS,S08
99,VICHADA,2003,13,13000000000,INDUSTRIAS MANUFACTURERAS,S08
99,VICHADA,2004,14,14000000000,INDUSTRIAS MANUFACTURERAS,S08
99,VICHADA,2005,14,14000000000,INDUSTRIAS MANUFACTURERAS,S08
99,VICHADA,2006,15,15000000000,INDUSTRIAS MANUFACTURERAS,S08
99,VICHADA,2007,19,19000000000,INDUSTRIAS MANUFACTURERAS,S08
99,VICHADA,2008,22,22000000000,INDUSTRIAS MANUFACTURERAS,S08
99,VICHADA,2009,30,30000000000,INDUSTRIAS MANUFACTURERAS,S08
99,VICHADA,2010,5,5000000000,INDUSTRIAS MANUFACTURERAS,S08
99,VICHADA,2011,4,4000000000,INDUSTRIAS MANUFACTURERAS,S08
99,VICHADA,2012,4,4000000000,INDUSTRIAS MANUFACTURERAS,S08
99,VICHADA,2013,3,3000000000,INDUSTRIAS MANUFACTURERAS,S08
99,VICHADA,2014,3,3000000000,INDUSTRIAS MANUFACTURERAS,S08
99,VICHADA,2015,4,4000000000,INDUSTRIAS MANUFACTURERAS,S08
99,VICHADA,2016p,4,4000000000,INDUSTRIAS MANUFACTURERAS,S08
0,COLOMBIA,2000,6816,6.816E+12,ELECTRICIDAD GAS Y AGUA,S06
0,COLOMBIA,2001,8459,8.459E+12,ELECTRICIDAD GAS Y AGUA,S06
0,COLOMBIA,2002,9157,9.157E+12,ELECTRICIDAD GAS Y AGUA,S06
0,COLOMBIA,2003,11112,1.1112E+13,ELECTRICIDAD GAS Y AGUA,S06
0,COLOMBIA,2004,12561,1.2561E+13,ELECTRICIDAD GAS Y AGUA,S06
0,COLOMBIA,2005,13708,1.3708E+13,ELECTRICIDAD GAS Y AGUA,S06
0,COLOMBIA,2006,14877,1.4877E+13,ELECTRICIDAD GAS Y AGUA,S06
0,COLOMBIA,2007,16341,1.6341E+13,ELECTRICIDAD GAS Y AGUA,S06
0,COLOMBIA,2008,17714,1.7714E+13,ELECTRICIDAD GAS Y AGUA,S06
0,COLOMBIA,2009,18283,1.8283E+13,ELECTRICIDAD GAS Y AGUA,S06
0,COLOMBIA,2010,19658,1.9658E+13,ELECTRICIDAD GAS Y AGUA,S06
0,COLOMBIA,2011,21146,2.1146E+13,ELECTRICIDAD GAS Y AGUA,S06
0,COLOMBIA,2012,22416,2.2416E+13,ELECTRICIDAD GAS Y AGUA,S06
0,COLOMBIA,2013,23719,2.3719E+13,ELECTRICIDAD GAS Y AGUA,S06
0,COLOMBIA,2014,24975,2.4975E+13,ELECTRICIDAD GAS Y AGUA,S06
0,COLOMBIA,2015,27572,2.7572E+13,ELECTRICIDAD GAS Y AGUA,S06
0,COLOMBIA,2016p,31111,3.1111E+13,ELECTRICIDAD GAS Y AGUA,S06
91,AMAZONAS,2000,3,3000000000,ELECTRICIDAD GAS Y AGUA,S06
91,AMAZONAS,2001,4,4000000000,ELECTRICIDAD GAS Y AGUA,S06
91,AMAZONAS,2002,4,4000000000,ELECTRICIDAD GAS Y AGUA,S06
91,AMAZONAS,2003,4,4000000000,ELECTRICIDAD GAS Y AGUA,S06
91,AMAZONAS,2004,4,4000000000,ELECTRICIDAD GAS Y AGUA,S06
91,AMAZONAS,2005,5,5000000000,ELECTRICIDAD GAS Y AGUA,S06
91,AMAZONAS,2006,5,5000000000,ELECTRICIDAD GAS Y AGUA,S06
91,AMAZONAS,2007,5,5000000000,ELECTRICIDAD GAS Y AGUA,S06
91,AMAZONAS,2008,5,5000000000,ELECTRICIDAD GAS Y AGUA,S06
91,AMAZONAS,2009,6,6000000000,ELECTRICIDAD GAS Y AGUA,S06
91,AMAZONAS,2010,7,7000000000,ELECTRICIDAD GAS Y AGUA,S06
91,AMAZONAS,2011,7,7000000000,ELECTRICIDAD GAS Y AGUA,S06
91,AMAZONAS,2012,7,7000000000,ELECTRICIDAD GAS Y AGUA,S06
91,AMAZONAS,2013,7,7000000000,ELECTRICIDAD GAS Y AGUA,S06
91,AMAZONAS,2014,7,7000000000,ELECTRICIDAD GAS Y AGUA,S06
91,AMAZONAS,2015,7,7000000000,ELECTRICIDAD GAS Y AGUA,S06
91,AMAZONAS,2016p,9,9000000000,ELECTRICIDAD GAS Y AGUA,S06
5,ANTIOQUIA,2000,1265,1.265E+12,ELECTRICIDAD GAS Y AGUA,S06
5,ANTIOQUIA,2001,1560,1.56E+12,ELECTRICIDAD GAS Y AGUA,S06
5,ANTIOQUIA,2002,1656,1.656E+12,ELECTRICIDAD GAS Y AGUA,S06
5,ANTIOQUIA,2003,2104,2.104E+12,ELECTRICIDAD GAS Y AGUA,S06
5,ANTIOQUIA,2004,2512,2.512E+12,ELECTRICIDAD GAS Y AGUA,S06
5,ANTIOQUIA,2005,2681,2.681E+12,ELECTRICIDAD GAS Y AGUA,S06
5,ANTIOQUIA,2006,2880,2.88E+12,ELECTRICIDAD GAS Y AGUA,S06
5,ANTIOQUIA,2007,3297,3.297E+12,ELECTRICIDAD GAS Y AGUA,S06
5,ANTIOQUIA,2008,3521,3.521E+12,ELECTRICIDAD GAS Y AGUA,S06
5,ANTIOQUIA,2009,3676,3.676E+12,ELECTRICIDAD GAS Y AGUA,S06
5,ANTIOQUIA,2010,3981,3.981E+12,ELECTRICIDAD GAS Y AGUA,S06
5,ANTIOQUIA,2011,4427,4.427E+12,ELECTRICIDAD GAS Y AGUA,S06
5,ANTIOQUIA,2012,4748,4.748E+12,ELECTRICIDAD GAS Y AGUA,S06
5,ANTIOQUIA,2013,4849,4.849E+12,ELECTRICIDAD GAS Y AGUA,S06
5,ANTIOQUIA,2014,4845,4.845E+12,ELECTRICIDAD GAS Y AGUA,S06
5,ANTIOQUIA,2015,5337,5.337E+12,ELECTRICIDAD GAS Y AGUA,S06
5,ANTIOQUIA,2016p,6000,6E+12,ELECTRICIDAD GAS Y AGUA,S06
81,ARAUCA,2000,13,13000000000,ELECTRICIDAD GAS Y AGUA,S06
81,ARAUCA,2001,17,17000000000,ELECTRICIDAD GAS Y AGUA,S06
81,ARAUCA,2002,18,18000000000,ELECTRICIDAD GAS Y AGUA,S06
81,ARAUCA,2003,24,24000000000,ELECTRICIDAD GAS Y AGUA,S06
81,ARAUCA,2004,29,29000000000,ELECTRICIDAD GAS Y AGUA,S06
81,ARAUCA,2005,30,30000000000,ELECTRICIDAD GAS Y AGUA,S06
81,ARAUCA,2006,33,33000000000,ELECTRICIDAD GAS Y AGUA,S06
81,ARAUCA,2007,36,36000000000,ELECTRICIDAD GAS Y AGUA,S06
81,ARAUCA,2008,40,40000000000,ELECTRICIDAD GAS Y AGUA,S06
81,ARAUCA,2009,43,43000000000,ELECTRICIDAD GAS Y AGUA,S06
81,ARAUCA,2010,47,47000000000,ELECTRICIDAD GAS Y AGUA,S06
81,ARAUCA,2011,50,50000000000,ELECTRICIDAD GAS Y AGUA,S06
81,ARAUCA,2012,52,52000000000,ELECTRICIDAD GAS Y AGUA,S06
81,ARAUCA,2013,53,53000000000,ELECTRICIDAD GAS Y AGUA,S06
81,ARAUCA,2014,55,55000000000,ELECTRICIDAD GAS Y AGUA,S06
81,ARAUCA,2015,56,56000000000,ELECTRICIDAD GAS Y AGUA,S06
81,ARAUCA,2016p,74,74000000000,ELECTRICIDAD GAS Y AGUA,S06
8,ATLANTICO,2000,580,5.8E+11,ELECTRICIDAD GAS Y AGUA,S06
8,ATLANTICO,2001,718,7.18E+11,ELECTRICIDAD GAS Y AGUA,S06
8,ATLANTICO,2002,779,7.79E+11,ELECTRICIDAD GAS Y AGUA,S06
8,ATLANTICO,2003,851,8.51E+11,ELECTRICIDAD GAS Y AGUA,S06
8,ATLANTICO,2004,905,9.05E+11,ELECTRICIDAD GAS Y AGUA,S06
8,ATLANTICO,2005,1001,1.001E+12,ELECTRICIDAD GAS Y AGUA,S06
8,ATLANTICO,2006,1051,1.051E+12,ELECTRICIDAD GAS Y AGUA,S06
8,ATLANTICO,2007,1098,1.098E+12,ELECTRICIDAD GAS Y AGUA,S06
8,ATLANTICO,2008,1174,1.174E+12,ELECTRICIDAD GAS Y AGUA,S06
8,ATLANTICO,2009,1302,1.302E+12,ELECTRICIDAD GAS Y AGUA,S06
8,ATLANTICO,2010,1444,1.444E+12,ELECTRICIDAD GAS Y AGUA,S06
8,ATLANTICO,2011,1440,1.44E+12,ELECTRICIDAD GAS Y AGUA,S06
8,ATLANTICO,2012,1537,1.537E+12,ELECTRICIDAD GAS Y AGUA,S06
8,ATLANTICO,2013,1780,1.78E+12,ELECTRICIDAD GAS Y AGUA,S06
8,ATLANTICO,2014,1985,1.985E+12,ELECTRICIDAD GAS Y AGUA,S06
8,ATLANTICO,2015,2183,2.183E+12,ELECTRICIDAD GAS Y AGUA,S06
8,ATLANTICO,2016p,2352,2.352E+12,ELECTRICIDAD GAS Y AGUA,S06
11,SANTAFE DE BOGOTA D.C,2000,1343,1.343E+12,ELECTRICIDAD GAS Y AGUA,S06
11,SANTAFE DE BOGOTA D.C,2001,1749,1.749E+12,ELECTRICIDAD GAS Y AGUA,S06
11,SANTAFE DE BOGOTA D.C,2002,1966,1.966E+12,ELECTRICIDAD GAS Y AGUA,S06
11,SANTAFE DE BOGOTA D.C,2003,2368,2.368E+12,ELECTRICIDAD GAS Y AGUA,S06
11,SANTAFE DE BOGOTA D.C,2004,2650,2.65E+12,ELECTRICIDAD GAS Y AGUA,S06
11,SANTAFE DE BOGOTA D.C,2005,2899,2.899E+12,ELECTRICIDAD GAS Y AGUA,S06
11,SANTAFE DE BOGOTA D.C,2006,3206,3.206E+12,ELECTRICIDAD GAS Y AGUA,S06
11,SANTAFE DE BOGOTA D.C,2007,3567,3.567E+12,ELECTRICIDAD GAS Y AGUA,S06
11,SANTAFE DE BOGOTA D.C,2008,3848,3.848E+12,ELECTRICIDAD GAS Y AGUA,S06
11,SANTAFE DE BOGOTA D.C,2009,3765,3.765E+12,ELECTRICIDAD GAS Y AGUA,S06
11,SANTAFE DE BOGOTA D.C,2010,4000,4E+12,ELECTRICIDAD GAS Y AGUA,S06
11,SANTAFE DE BOGOTA D.C,2011,4247,4.247E+12,ELECTRICIDAD GAS Y AGUA,S06
11,SANTAFE DE BOGOTA D.C,2012,4442,4.442E+12,ELECTRICIDAD GAS Y AGUA,S06
11,SANTAFE DE BOGOTA D.C,2013,4576,4.576E+12,ELECTRICIDAD GAS Y AGUA,S06
11,SANTAFE DE BOGOTA D.C,2014,4702,4.702E+12,ELECTRICIDAD GAS Y AGUA,S06
11,SANTAFE DE BOGOTA D.C,2015,5044,5.044E+12,ELECTRICIDAD GAS Y AGUA,S06
11,SANTAFE DE BOGOTA D.C,2016p,5607,5.607E+12,ELECTRICIDAD GAS Y AGUA,S06
13,BOLIVAR,2000,258,2.58E+11,ELECTRICIDAD GAS Y AGUA,S06
13,BOLIVAR,2001,310,3.1E+11,ELECTRICIDAD GAS Y AGUA,S06
13,BOLIVAR,2002,336,3.36E+11,ELECTRICIDAD GAS Y AGUA,S06
13,BOLIVAR,2003,415,4.15E+11,ELECTRICIDAD GAS Y AGUA,S06
13,BOLIVAR,2004,460,4.6E+11,ELECTRICIDAD GAS Y AGUA,S06
13,BOLIVAR,2005,500,5E+11,ELECTRICIDAD GAS Y AGUA,S06
13,BOLIVAR,2006,529,5.29E+11,ELECTRICIDAD GAS Y AGUA,S06
13,BOLIVAR,2007,570,5.7E+11,ELECTRICIDAD GAS Y AGUA,S06
13,BOLIVAR,2008,590,5.9E+11,ELECTRICIDAD GAS Y AGUA,S06
13,BOLIVAR,2009,640,6.4E+11,ELECTRICIDAD GAS Y AGUA,S06
13,BOLIVAR,2010,722,7.22E+11,ELECTRICIDAD GAS Y AGUA,S06
13,BOLIVAR,2011,751,7.51E+11,ELECTRICIDAD GAS Y AGUA,S06
13,BOLIVAR,2012,803,8.03E+11,ELECTRICIDAD GAS Y AGUA,S06
13,BOLIVAR,2013,856,8.56E+11,ELECTRICIDAD GAS Y AGUA,S06
13,BOLIVAR,2014,872,8.72E+11,ELECTRICIDAD GAS Y AGUA,S06
13,BOLIVAR,2015,958,9.58E+11,ELECTRICIDAD GAS Y AGUA,S06
13,BOLIVAR,2016p,1187,1.187E+12,ELECTRICIDAD GAS Y AGUA,S06
15,BOYACA,2000,249,2.49E+11,ELECTRICIDAD GAS Y AGUA,S06
15,BOYACA,2001,312,3.12E+11,ELECTRICIDAD GAS Y AGUA,S06
15,BOYACA,2002,366,3.66E+11,ELECTRICIDAD GAS Y AGUA,S06
15,BOYACA,2003,442,4.42E+11,ELECTRICIDAD GAS Y AGUA,S06
15,BOYACA,2004,483,4.83E+11,ELECTRICIDAD GAS Y AGUA,S06
15,BOYACA,2005,534,5.34E+11,ELECTRICIDAD GAS Y AGUA,S06
15,BOYACA,2006,602,6.02E+11,ELECTRICIDAD GAS Y AGUA,S06
15,BOYACA,2007,613,6.13E+11,ELECTRICIDAD GAS Y AGUA,S06
15,BOYACA,2008,632,6.32E+11,ELECTRICIDAD GAS Y AGUA,S06
15,BOYACA,2009,700,7E+11,ELECTRICIDAD GAS Y AGUA,S06
15,BOYACA,2010,735,7.35E+11,ELECTRICIDAD GAS Y AGUA,S06
15,BOYACA,2011,873,8.73E+11,ELECTRICIDAD GAS Y AGUA,S06
15,BOYACA,2012,886,8.86E+11,ELECTRICIDAD GAS Y AGUA,S06
15,BOYACA,2013,912,9.12E+11,ELECTRICIDAD GAS Y AGUA,S06
15,BOYACA,2014,999,9.99E+11,ELECTRICIDAD GAS Y AGUA,S06
15,BOYACA,2015,1148,1.148E+12,ELECTRICIDAD GAS Y AGUA,S06
15,BOYACA,2016p,1246,1.246E+12,ELECTRICIDAD GAS Y AGUA,S06
17,CALDAS,2000,198,1.98E+11,ELECTRICIDAD GAS Y AGUA,S06
17,CALDAS,2001,249,2.49E+11,ELECTRICIDAD GAS Y AGUA,S06
17,CALDAS,2002,255,2.55E+11,ELECTRICIDAD GAS Y AGUA,S06
17,CALDAS,2003,315,3.15E+11,ELECTRICIDAD GAS Y AGUA,S06
17,CALDAS,2004,340,3.4E+11,ELECTRICIDAD GAS Y AGUA,S06
17,CALDAS,2005,361,3.61E+11,ELECTRICIDAD GAS Y AGUA,S06
17,CALDAS,2006,399,3.99E+11,ELECTRICIDAD GAS Y AGUA,S06
17,CALDAS,2007,428,4.28E+11,ELECTRICIDAD GAS Y AGUA,S06
17,CALDAS,2008,476,4.76E+11,ELECTRICIDAD GAS Y AGUA,S06
17,CALDAS,2009,465,4.65E+11,ELECTRICIDAD GAS Y AGUA,S06
17,CALDAS,2010,538,5.38E+11,ELECTRICIDAD GAS Y AGUA,S06
17,CALDAS,2011,567,5.67E+11,ELECTRICIDAD GAS Y AGUA,S06
17,CALDAS,2012,552,5.52E+11,ELECTRICIDAD GAS Y AGUA,S06
17,CALDAS,2013,575,5.75E+11,ELECTRICIDAD GAS Y AGUA,S06
17,CALDAS,2014,621,6.21E+11,ELECTRICIDAD GAS Y AGUA,S06
17,CALDAS,2015,623,6.23E+11,ELECTRICIDAD GAS Y AGUA,S06
17,CALDAS,2016p,714,7.14E+11,ELECTRICIDAD GAS Y AGUA,S06
18,CAQUETA,2000,13,13000000000,ELECTRICIDAD GAS Y AGUA,S06
18,CAQUETA,2001,18,18000000000,ELECTRICIDAD GAS Y AGUA,S06
18,CAQUETA,2002,18,18000000000,ELECTRICIDAD GAS Y AGUA,S06
18,CAQUETA,2003,24,24000000000,ELECTRICIDAD GAS Y AGUA,S06
18,CAQUETA,2004,28,28000000000,ELECTRICIDAD GAS Y AGUA,S06
18,CAQUETA,2005,30,30000000000,ELECTRICIDAD GAS Y AGUA,S06
18,CAQUETA,2006,32,32000000000,ELECTRICIDAD GAS Y AGUA,S06
18,CAQUETA,2007,34,34000000000,ELECTRICIDAD GAS Y AGUA,S06
18,CAQUETA,2008,38,38000000000,ELECTRICIDAD GAS Y AGUA,S06
18,CAQUETA,2009,41,41000000000,ELECTRICIDAD GAS Y AGUA,S06
18,CAQUETA,2010,45,45000000000,ELECTRICIDAD GAS Y AGUA,S06
18,CAQUETA,2011,49,49000000000,ELECTRICIDAD GAS Y AGUA,S06
18,CAQUETA,2012,51,51000000000,ELECTRICIDAD GAS Y AGUA,S06
18,CAQUETA,2013,54,54000000000,ELECTRICIDAD GAS Y AGUA,S06
18,CAQUETA,2014,58,58000000000,ELECTRICIDAD GAS Y AGUA,S06
18,CAQUETA,2015,61,61000000000,ELECTRICIDAD GAS Y AGUA,S06
18,CAQUETA,2016p,69,69000000000,ELECTRICIDAD GAS Y AGUA,S06
85,CASANARE,2000,26,26000000000,ELECTRICIDAD GAS Y AGUA,S06
85,CASANARE,2001,32,32000000000,ELECTRICIDAD GAS Y AGUA,S06
85,CASANARE,2002,34,34000000000,ELECTRICIDAD GAS Y AGUA,S06
85,CASANARE,2003,46,46000000000,ELECTRICIDAD GAS Y AGUA,S06
85,CASANARE,2004,55,55000000000,ELECTRICIDAD GAS Y AGUA,S06
85,CASANARE,2005,59,59000000000,ELECTRICIDAD GAS Y AGUA,S06
85,CASANARE,2006,64,64000000000,ELECTRICIDAD GAS Y AGUA,S06
85,CASANARE,2007,73,73000000000,ELECTRICIDAD GAS Y AGUA,S06
85,CASANARE,2008,83,83000000000,ELECTRICIDAD GAS Y AGUA,S06
85,CASANARE,2009,93,93000000000,ELECTRICIDAD GAS Y AGUA,S06
85,CASANARE,2010,105,1.05E+11,ELECTRICIDAD GAS Y AGUA,S06
85,CASANARE,2011,128,1.28E+11,ELECTRICIDAD GAS Y AGUA,S06
85,CASANARE,2012,155,1.55E+11,ELECTRICIDAD GAS Y AGUA,S06
85,CASANARE,2013,174,1.74E+11,ELECTRICIDAD GAS Y AGUA,S06
85,CASANARE,2014,187,1.87E+11,ELECTRICIDAD GAS Y AGUA,S06
85,CASANARE,2015,211,2.11E+11,ELECTRICIDAD GAS Y AGUA,S06
85,CASANARE,2016p,254,2.54E+11,ELECTRICIDAD GAS Y AGUA,S06
19,CAUCA,2000,110,1.1E+11,ELECTRICIDAD GAS Y AGUA,S06
19,CAUCA,2001,103,1.03E+11,ELECTRICIDAD GAS Y AGUA,S06
19,CAUCA,2002,121,1.21E+11,ELECTRICIDAD GAS Y AGUA,S06
19,CAUCA,2003,143,1.43E+11,ELECTRICIDAD GAS Y AGUA,S06
19,CAUCA,2004,162,1.62E+11,ELECTRICIDAD GAS Y AGUA,S06
19,CAUCA,2005,182,1.82E+11,ELECTRICIDAD GAS Y AGUA,S06
19,CAUCA,2006,202,2.02E+11,ELECTRICIDAD GAS Y AGUA,S06
19,CAUCA,2007,223,2.23E+11,ELECTRICIDAD GAS Y AGUA,S06
19,CAUCA,2008,266,2.66E+11,ELECTRICIDAD GAS Y AGUA,S06
19,CAUCA,2009,252,2.52E+11,ELECTRICIDAD GAS Y AGUA,S06
19,CAUCA,2010,283,2.83E+11,ELECTRICIDAD GAS Y AGUA,S06
19,CAUCA,2011,308,3.08E+11,ELECTRICIDAD GAS Y AGUA,S06
19,CAUCA,2012,307,3.07E+11,ELECTRICIDAD GAS Y AGUA,S06
19,CAUCA,2013,319,3.19E+11,ELECTRICIDAD GAS Y AGUA,S06
19,CAUCA,2014,371,3.71E+11,ELECTRICIDAD GAS Y AGUA,S06
19,CAUCA,2015,381,3.81E+11,ELECTRICIDAD GAS Y AGUA,S06
19,CAUCA,2016p,432,4.32E+11,ELECTRICIDAD GAS Y AGUA,S06
20,CESAR,2000,96,96000000000,ELECTRICIDAD GAS Y AGUA,S06
20,CESAR,2001,130,1.3E+11,ELECTRICIDAD GAS Y AGUA,S06
20,CESAR,2002,143,1.43E+11,ELECTRICIDAD GAS Y AGUA,S06
20,CESAR,2003,168,1.68E+11,ELECTRICIDAD GAS Y AGUA,S06
20,CESAR,2004,190,1.9E+11,ELECTRICIDAD GAS Y AGUA,S06
20,CESAR,2005,217,2.17E+11,ELECTRICIDAD GAS Y AGUA,S06
20,CESAR,2006,239,2.39E+11,ELECTRICIDAD GAS Y AGUA,S06
20,CESAR,2007,248,2.48E+11,ELECTRICIDAD GAS Y AGUA,S06
20,CESAR,2008,307,3.07E+11,ELECTRICIDAD GAS Y AGUA,S06
20,CESAR,2009,319,3.19E+11,ELECTRICIDAD GAS Y AGUA,S06
20,CESAR,2010,340,3.4E+11,ELECTRICIDAD GAS Y AGUA,S06
20,CESAR,2011,394,3.94E+11,ELECTRICIDAD GAS Y AGUA,S06
20,CESAR,2012,411,4.11E+11,ELECTRICIDAD GAS Y AGUA,S06
20,CESAR,2013,411,4.11E+11,ELECTRICIDAD GAS Y AGUA,S06
20,CESAR,2014,467,4.67E+11,ELECTRICIDAD GAS Y AGUA,S06
20,CESAR,2015,490,4.9E+11,ELECTRICIDAD GAS Y AGUA,S06
20,CESAR,2016p,571,5.71E+11,ELECTRICIDAD GAS Y AGUA,S06
27,CHOCO,2000,13,13000000000,ELECTRICIDAD GAS Y AGUA,S06
27,CHOCO,2001,17,17000000000,ELECTRICIDAD GAS Y AGUA,S06
27,CHOCO,2002,16,16000000000,ELECTRICIDAD GAS Y AGUA,S06
27,CHOCO,2003,21,21000000000,ELECTRICIDAD GAS Y AGUA,S06
27,CHOCO,2004,22,22000000000,ELECTRICIDAD GAS Y AGUA,S06
27,CHOCO,2005,21,21000000000,ELECTRICIDAD GAS Y AGUA,S06
27,CHOCO,2006,22,22000000000,ELECTRICIDAD GAS Y AGUA,S06
27,CHOCO,2007,24,24000000000,ELECTRICIDAD GAS Y AGUA,S06
27,CHOCO,2008,25,25000000000,ELECTRICIDAD GAS Y AGUA,S06
27,CHOCO,2009,28,28000000000,ELECTRICIDAD GAS Y AGUA,S06
27,CHOCO,2010,30,30000000000,ELECTRICIDAD GAS Y AGUA,S06
27,CHOCO,2011,33,33000000000,ELECTRICIDAD GAS Y AGUA,S06
27,CHOCO,2012,35,35000000000,ELECTRICIDAD GAS Y AGUA,S06
27,CHOCO,2013,36,36000000000,ELECTRICIDAD GAS Y AGUA,S06
27,CHOCO,2014,39,39000000000,ELECTRICIDAD GAS Y AGUA,S06
27,CHOCO,2015,46,46000000000,ELECTRICIDAD GAS Y AGUA,S06
27,CHOCO,2016p,57,57000000000,ELECTRICIDAD GAS Y AGUA,S06
23,CORDOBA,2000,161,1.61E+11,ELECTRICIDAD GAS Y AGUA,S06
23,CORDOBA,2001,192,1.92E+11,ELECTRICIDAD GAS Y AGUA,S06
23,CORDOBA,2002,210,2.1E+11,ELECTRICIDAD GAS Y AGUA,S06
23,CORDOBA,2003,259,2.59E+11,ELECTRICIDAD GAS Y AGUA,S06
23,CORDOBA,2004,278,2.78E+11,ELECTRICIDAD GAS Y AGUA,S06
23,CORDOBA,2005,309,3.09E+11,ELECTRICIDAD GAS Y AGUA,S06
23,CORDOBA,2006,336,3.36E+11,ELECTRICIDAD GAS Y AGUA,S06
23,CORDOBA,2007,386,3.86E+11,ELECTRICIDAD GAS Y AGUA,S06
23,CORDOBA,2008,363,3.63E+11,ELECTRICIDAD GAS Y AGUA,S06
23,CORDOBA,2009,366,3.66E+11,ELECTRICIDAD GAS Y AGUA,S06
23,CORDOBA,2010,432,4.32E+11,ELECTRICIDAD GAS Y AGUA,S06
23,CORDOBA,2011,445,4.45E+11,ELECTRICIDAD GAS Y AGUA,S06
23,CORDOBA,2012,468,4.68E+11,ELECTRICIDAD GAS Y AGUA,S06
23,CORDOBA,2013,491,4.91E+11,ELECTRICIDAD GAS Y AGUA,S06
23,CORDOBA,2014,524,5.24E+11,ELECTRICIDAD GAS Y AGUA,S06
23,CORDOBA,2015,590,5.9E+11,ELECTRICIDAD GAS Y AGUA,S06
23,CORDOBA,2016p,693,6.93E+11,ELECTRICIDAD GAS Y AGUA,S06
25,CUNDINAMARCA,2000,476,4.76E+11,ELECTRICIDAD GAS Y AGUA,S06
25,CUNDINAMARCA,2001,606,6.06E+11,ELECTRICIDAD GAS Y AGUA,S06
25,CUNDINAMARCA,2002,660,6.6E+11,ELECTRICIDAD GAS Y AGUA,S06
25,CUNDINAMARCA,2003,807,8.07E+11,ELECTRICIDAD GAS Y AGUA,S06
25,CUNDINAMARCA,2004,944,9.44E+11,ELECTRICIDAD GAS Y AGUA,S06
25,CUNDINAMARCA,2005,1003,1.003E+12,ELECTRICIDAD GAS Y AGUA,S06
25,CUNDINAMARCA,2006,1098,1.098E+12,ELECTRICIDAD GAS Y AGUA,S06
25,CUNDINAMARCA,2007,1172,1.172E+12,ELECTRICIDAD GAS Y AGUA,S06
25,CUNDINAMARCA,2008,1337,1.337E+12,ELECTRICIDAD GAS Y AGUA,S06
25,CUNDINAMARCA,2009,1453,1.453E+12,ELECTRICIDAD GAS Y AGUA,S06
25,CUNDINAMARCA,2010,1503,1.503E+12,ELECTRICIDAD GAS Y AGUA,S06
25,CUNDINAMARCA,2011,1598,1.598E+12,ELECTRICIDAD GAS Y AGUA,S06
25,CUNDINAMARCA,2012,1800,1.8E+12,ELECTRICIDAD GAS Y AGUA,S06
25,CUNDINAMARCA,2013,1890,1.89E+12,ELECTRICIDAD GAS Y AGUA,S06
25,CUNDINAMARCA,2014,2016,2.016E+12,ELECTRICIDAD GAS Y AGUA,S06
25,CUNDINAMARCA,2015,2282,2.282E+12,ELECTRICIDAD GAS Y AGUA,S06
25,CUNDINAMARCA,2016p,2462,2.462E+12,ELECTRICIDAD GAS Y AGUA,S06
94,GUAINIA,2000,0,0,ELECTRICIDAD GAS Y AGUA,S06
94,GUAINIA,2001,1,1000000000,ELECTRICIDAD GAS Y AGUA,S06
94,GUAINIA,2002,1,1000000000,ELECTRICIDAD GAS Y AGUA,S06
94,GUAINIA,2003,1,1000000000,ELECTRICIDAD GAS Y AGUA,S06
94,GUAINIA,2004,1,1000000000,ELECTRICIDAD GAS Y AGUA,S06
94,GUAINIA,2005,1,1000000000,ELECTRICIDAD GAS Y AGUA,S06
94,GUAINIA,2006,1,1000000000,ELECTRICIDAD GAS Y AGUA,S06
94,GUAINIA,2007,1,1000000000,ELECTRICIDAD GAS Y AGUA,S06
94,GUAINIA,2008,1,1000000000,ELECTRICIDAD GAS Y AGUA,S06
94,GUAINIA,2009,2,2000000000,ELECTRICIDAD GAS Y AGUA,S06
94,GUAINIA,2010,2,2000000000,ELECTRICIDAD GAS Y AGUA,S06
94,GUAINIA,2011,2,2000000000,ELECTRICIDAD GAS Y AGUA,S06
94,GUAINIA,2012,2,2000000000,ELECTRICIDAD GAS Y AGUA,S06
94,GUAINIA,2013,2,2000000000,ELECTRICIDAD GAS Y AGUA,S06
94,GUAINIA,2014,2,2000000000,ELECTRICIDAD GAS Y AGUA,S06
94,GUAINIA,2015,2,2000000000,ELECTRICIDAD GAS Y AGUA,S06
94,GUAINIA,2016p,2,2000000000,ELECTRICIDAD GAS Y AGUA,S06
95,GUAVIARE,2000,2,2000000000,ELECTRICIDAD GAS Y AGUA,S06
95,GUAVIARE,2001,2,2000000000,ELECTRICIDAD GAS Y AGUA,S06
95,GUAVIARE,2002,2,2000000000,ELECTRICIDAD GAS Y AGUA,S06
95,GUAVIARE,2003,3,3000000000,ELECTRICIDAD GAS Y AGUA,S06
95,GUAVIARE,2004,3,3000000000,ELECTRICIDAD GAS Y AGUA,S06
95,GUAVIARE,2005,4,4000000000,ELECTRICIDAD GAS Y AGUA,S06
95,GUAVIARE,2006,4,4000000000,ELECTRICIDAD GAS Y AGUA,S06
95,GUAVIARE,2007,5,5000000000,ELECTRICIDAD GAS Y AGUA,S06
95,GUAVIARE,2008,6,6000000000,ELECTRICIDAD GAS Y AGUA,S06
95,GUAVIARE,2009,7,7000000000,ELECTRICIDAD GAS Y AGUA,S06
95,GUAVIARE,2010,7,7000000000,ELECTRICIDAD GAS Y AGUA,S06
95,GUAVIARE,2011,9,9000000000,ELECTRICIDAD GAS Y AGUA,S06
95,GUAVIARE,2012,8,8000000000,ELECTRICIDAD GAS Y AGUA,S06
95,GUAVIARE,2013,9,9000000000,ELECTRICIDAD GAS Y AGUA,S06
95,GUAVIARE,2014,10,10000000000,ELECTRICIDAD GAS Y AGUA,S06
95,GUAVIARE,2015,12,12000000000,ELECTRICIDAD GAS Y AGUA,S06
95,GUAVIARE,2016p,13,13000000000,ELECTRICIDAD GAS Y AGUA,S06
41,HUILA,2000,152,1.52E+11,ELECTRICIDAD GAS Y AGUA,S06
41,HUILA,2001,157,1.57E+11,ELECTRICIDAD GAS Y AGUA,S06
41,HUILA,2002,172,1.72E+11,ELECTRICIDAD GAS Y AGUA,S06
41,HUILA,2003,201,2.01E+11,ELECTRICIDAD GAS Y AGUA,S06
41,HUILA,2004,238,2.38E+11,ELECTRICIDAD GAS Y AGUA,S06
41,HUILA,2005,276,2.76E+11,ELECTRICIDAD GAS Y AGUA,S06
41,HUILA,2006,303,3.03E+11,ELECTRICIDAD GAS Y AGUA,S06
41,HUILA,2007,309,3.09E+11,ELECTRICIDAD GAS Y AGUA,S06
41,HUILA,2008,349,3.49E+11,ELECTRICIDAD GAS Y AGUA,S06
41,HUILA,2009,354,3.54E+11,ELECTRICIDAD GAS Y AGUA,S06
41,HUILA,2010,359,3.59E+11,ELECTRICIDAD GAS Y AGUA,S06
41,HUILA,2011,447,4.47E+11,ELECTRICIDAD GAS Y AGUA,S06
41,HUILA,2012,435,4.35E+11,ELECTRICIDAD GAS Y AGUA,S06
41,HUILA,2013,438,4.38E+11,ELECTRICIDAD GAS Y AGUA,S06
41,HUILA,2014,489,4.89E+11,ELECTRICIDAD GAS Y AGUA,S06
41,HUILA,2015,516,5.16E+11,ELECTRICIDAD GAS Y AGUA,S06
41,HUILA,2016p,660,6.6E+11,ELECTRICIDAD GAS Y AGUA,S06
44,LA GUAJIRA,2000,105,1.05E+11,ELECTRICIDAD GAS Y AGUA,S06
44,LA GUAJIRA,2001,113,1.13E+11,ELECTRICIDAD GAS Y AGUA,S06
44,LA GUAJIRA,2002,111,1.11E+11,ELECTRICIDAD GAS Y AGUA,S06
44,LA GUAJIRA,2003,130,1.3E+11,ELECTRICIDAD GAS Y AGUA,S06
44,LA GUAJIRA,2004,141,1.41E+11,ELECTRICIDAD GAS Y AGUA,S06
44,LA GUAJIRA,2005,167,1.67E+11,ELECTRICIDAD GAS Y AGUA,S06
44,LA GUAJIRA,2006,173,1.73E+11,ELECTRICIDAD GAS Y AGUA,S06
44,LA GUAJIRA,2007,170,1.7E+11,ELECTRICIDAD GAS Y AGUA,S06
44,LA GUAJIRA,2008,217,2.17E+11,ELECTRICIDAD GAS Y AGUA,S06
44,LA GUAJIRA,2009,249,2.49E+11,ELECTRICIDAD GAS Y AGUA,S06
44,LA GUAJIRA,2010,264,2.64E+11,ELECTRICIDAD GAS Y AGUA,S06
44,LA GUAJIRA,2011,299,2.99E+11,ELECTRICIDAD GAS Y AGUA,S06
44,LA GUAJIRA,2012,319,3.19E+11,ELECTRICIDAD GAS Y AGUA,S06
44,LA GUAJIRA,2013,380,3.8E+11,ELECTRICIDAD GAS Y AGUA,S06
44,LA GUAJIRA,2014,419,4.19E+11,ELECTRICIDAD GAS Y AGUA,S06
44,LA GUAJIRA,2015,434,4.34E+11,ELECTRICIDAD GAS Y AGUA,S06
44,LA GUAJIRA,2016p,473,4.73E+11,ELECTRICIDAD GAS Y AGUA,S06
47,MAGDALENA,2000,99,99000000000,ELECTRICIDAD GAS Y AGUA,S06
47,MAGDALENA,2001,121,1.21E+11,ELECTRICIDAD GAS Y AGUA,S06
47,MAGDALENA,2002,131,1.31E+11,ELECTRICIDAD GAS Y AGUA,S06
47,MAGDALENA,2003,159,1.59E+11,ELECTRICIDAD GAS Y AGUA,S06
47,MAGDALENA,2004,175,1.75E+11,ELECTRICIDAD GAS Y AGUA,S06
47,MAGDALENA,2005,197,1.97E+11,ELECTRICIDAD GAS Y AGUA,S06
47,MAGDALENA,2006,209,2.09E+11,ELECTRICIDAD GAS Y AGUA,S06
47,MAGDALENA,2007,221,2.21E+11,ELECTRICIDAD GAS Y AGUA,S06
47,MAGDALENA,2008,234,2.34E+11,ELECTRICIDAD GAS Y AGUA,S06
47,MAGDALENA,2009,241,2.41E+11,ELECTRICIDAD GAS Y AGUA,S06
47,MAGDALENA,2010,257,2.57E+11,ELECTRICIDAD GAS Y AGUA,S06
47,MAGDALENA,2011,281,2.81E+11,ELECTRICIDAD GAS Y AGUA,S06
47,MAGDALENA,2012,301,3.01E+11,ELECTRICIDAD GAS Y AGUA,S06
47,MAGDALENA,2013,318,3.18E+11,ELECTRICIDAD GAS Y AGUA,S06
47,MAGDALENA,2014,328,3.28E+11,ELECTRICIDAD GAS Y AGUA,S06
47,MAGDALENA,2015,351,3.51E+11,ELECTRICIDAD GAS Y AGUA,S06
47,MAGDALENA,2016p,402,4.02E+11,ELECTRICIDAD GAS Y AGUA,S06
50,META,2000,70,70000000000,ELECTRICIDAD GAS Y AGUA,S06
50,META,2001,87,87000000000,ELECTRICIDAD GAS Y AGUA,S06
50,META,2002,96,96000000000,ELECTRICIDAD GAS Y AGUA,S06
50,META,2003,123,1.23E+11,ELECTRICIDAD GAS Y AGUA,S06
50,META,2004,146,1.46E+11,ELECTRICIDAD GAS Y AGUA,S06
50,META,2005,152,1.52E+11,ELECTRICIDAD GAS Y AGUA,S06
50,META,2006,175,1.75E+11,ELECTRICIDAD GAS Y AGUA,S06
50,META,2007,205,2.05E+11,ELECTRICIDAD GAS Y AGUA,S06
50,META,2008,230,2.3E+11,ELECTRICIDAD GAS Y AGUA,S06
50,META,2009,225,2.25E+11,ELECTRICIDAD GAS Y AGUA,S06
50,META,2010,247,2.47E+11,ELECTRICIDAD GAS Y AGUA,S06
50,META,2011,279,2.79E+11,ELECTRICIDAD GAS Y AGUA,S06
50,META,2012,324,3.24E+11,ELECTRICIDAD GAS Y AGUA,S06
50,META,2013,341,3.41E+11,ELECTRICIDAD GAS Y AGUA,S06
50,META,2014,360,3.6E+11,ELECTRICIDAD GAS Y AGUA,S06
50,META,2015,412,4.12E+11,ELECTRICIDAD GAS Y AGUA,S06
50,META,2016p,500,5E+11,ELECTRICIDAD GAS Y AGUA,S06
52,NARINO,2000,60,60000000000,ELECTRICIDAD GAS Y AGUA,S06
52,NARINO,2001,75,75000000000,ELECTRICIDAD GAS Y AGUA,S06
52,NARINO,2002,78,78000000000,ELECTRICIDAD GAS Y AGUA,S06
52,NARINO,2003,101,1.01E+11,ELECTRICIDAD GAS Y AGUA,S06
52,NARINO,2004,119,1.19E+11,ELECTRICIDAD GAS Y AGUA,S06
52,NARINO,2005,130,1.3E+11,ELECTRICIDAD GAS Y AGUA,S06
52,NARINO,2006,134,1.34E+11,ELECTRICIDAD GAS Y AGUA,S06
52,NARINO,2007,140,1.4E+11,ELECTRICIDAD GAS Y AGUA,S06
52,NARINO,2008,147,1.47E+11,ELECTRICIDAD GAS Y AGUA,S06
52,NARINO,2009,157,1.57E+11,ELECTRICIDAD GAS Y AGUA,S06
52,NARINO,2010,169,1.69E+11,ELECTRICIDAD GAS Y AGUA,S06
52,NARINO,2011,181,1.81E+11,ELECTRICIDAD GAS Y AGUA,S06
52,NARINO,2012,179,1.79E+11,ELECTRICIDAD GAS Y AGUA,S06
52,NARINO,2013,177,1.77E+11,ELECTRICIDAD GAS Y AGUA,S06
52,NARINO,2014,182,1.82E+11,ELECTRICIDAD GAS Y AGUA,S06
52,NARINO,2015,193,1.93E+11,ELECTRICIDAD GAS Y AGUA,S06
52,NARINO,2016p,219,2.19E+11,ELECTRICIDAD GAS Y AGUA,S06
54,NORTE DE SANTANDER,2000,137,1.37E+11,ELECTRICIDAD GAS Y AGUA,S06
54,NORTE DE SANTANDER,2001,165,1.65E+11,ELECTRICIDAD GAS Y AGUA,S06
54,NORTE DE SANTANDER,2002,175,1.75E+11,ELECTRICIDAD GAS Y AGUA,S06
54,NORTE DE SANTANDER,2003,217,2.17E+11,ELECTRICIDAD GAS Y AGUA,S06
54,NORTE DE SANTANDER,2004,220,2.2E+11,ELECTRICIDAD GAS Y AGUA,S06
54,NORTE DE SANTANDER,2005,244,2.44E+11,ELECTRICIDAD GAS Y AGUA,S06
54,NORTE DE SANTANDER,2006,269,2.69E+11,ELECTRICIDAD GAS Y AGUA,S06
54,NORTE DE SANTANDER,2007,296,2.96E+11,ELECTRICIDAD GAS Y AGUA,S06
54,NORTE DE SANTANDER,2008,324,3.24E+11,ELECTRICIDAD GAS Y AGUA,S06
54,NORTE DE SANTANDER,2009,362,3.62E+11,ELECTRICIDAD GAS Y AGUA,S06
54,NORTE DE SANTANDER,2010,387,3.87E+11,ELECTRICIDAD GAS Y AGUA,S06
54,NORTE DE SANTANDER,2011,383,3.83E+11,ELECTRICIDAD GAS Y AGUA,S06
54,NORTE DE SANTANDER,2012,434,4.34E+11,ELECTRICIDAD GAS Y AGUA,S06
54,NORTE DE SANTANDER,2013,475,4.75E+11,ELECTRICIDAD GAS Y AGUA,S06
54,NORTE DE SANTANDER,2014,486,4.86E+11,ELECTRICIDAD GAS Y AGUA,S06
54,NORTE DE SANTANDER,2015,535,5.35E+11,ELECTRICIDAD GAS Y AGUA,S06
54,NORTE DE SANTANDER,2016p,699,6.99E+11,ELECTRICIDAD GAS Y AGUA,S06
86,PUTUMAYO,2000,7,7000000000,ELECTRICIDAD GAS Y AGUA,S06
86,PUTUMAYO,2001,8,8000000000,ELECTRICIDAD GAS Y AGUA,S06
86,PUTUMAYO,2002,8,8000000000,ELECTRICIDAD GAS Y AGUA,S06
86,PUTUMAYO,2003,9,9000000000,ELECTRICIDAD GAS Y AGUA,S06
86,PUTUMAYO,2004,12,12000000000,ELECTRICIDAD GAS Y AGUA,S06
86,PUTUMAYO,2005,12,12000000000,ELECTRICIDAD GAS Y AGUA,S06
86,PUTUMAYO,2006,13,13000000000,ELECTRICIDAD GAS Y AGUA,S06
86,PUTUMAYO,2007,15,15000000000,ELECTRICIDAD GAS Y AGUA,S06
86,PUTUMAYO,2008,16,16000000000,ELECTRICIDAD GAS Y AGUA,S06
86,PUTUMAYO,2009,18,18000000000,ELECTRICIDAD GAS Y AGUA,S06
86,PUTUMAYO,2010,21,21000000000,ELECTRICIDAD GAS Y AGUA,S06
86,PUTUMAYO,2011,25,25000000000,ELECTRICIDAD GAS Y AGUA,S06
86,PUTUMAYO,2012,28,28000000000,ELECTRICIDAD GAS Y AGUA,S06
86,PUTUMAYO,2013,30,30000000000,ELECTRICIDAD GAS Y AGUA,S06
86,PUTUMAYO,2014,35,35000000000,ELECTRICIDAD GAS Y AGUA,S06
86,PUTUMAYO,2015,38,38000000000,ELECTRICIDAD GAS Y AGUA,S06
86,PUTUMAYO,2016p,46,46000000000,ELECTRICIDAD GAS Y AGUA,S06
63,QUINDIO,2000,52,52000000000,ELECTRICIDAD GAS Y AGUA,S06
63,QUINDIO,2001,66,66000000000,ELECTRICIDAD GAS Y AGUA,S06
63,QUINDIO,2002,70,70000000000,ELECTRICIDAD GAS Y AGUA,S06
63,QUINDIO,2003,82,82000000000,ELECTRICIDAD GAS Y AGUA,S06
63,QUINDIO,2004,94,94000000000,ELECTRICIDAD GAS Y AGUA,S06
63,QUINDIO,2005,103,1.03E+11,ELECTRICIDAD GAS Y AGUA,S06
63,QUINDIO,2006,112,1.12E+11,ELECTRICIDAD GAS Y AGUA,S06
63,QUINDIO,2007,120,1.2E+11,ELECTRICIDAD GAS Y AGUA,S06
63,QUINDIO,2008,135,1.35E+11,ELECTRICIDAD GAS Y AGUA,S06
63,QUINDIO,2009,131,1.31E+11,ELECTRICIDAD GAS Y AGUA,S06
63,QUINDIO,2010,138,1.38E+11,ELECTRICIDAD GAS Y AGUA,S06
63,QUINDIO,2011,146,1.46E+11,ELECTRICIDAD GAS Y AGUA,S06
63,QUINDIO,2012,151,1.51E+11,ELECTRICIDAD GAS Y AGUA,S06
63,QUINDIO,2013,156,1.56E+11,ELECTRICIDAD GAS Y AGUA,S06
63,QUINDIO,2014,166,1.66E+11,ELECTRICIDAD GAS Y AGUA,S06
63,QUINDIO,2015,183,1.83E+11,ELECTRICIDAD GAS Y AGUA,S06
63,QUINDIO,2016p,198,1.98E+11,ELECTRICIDAD GAS Y AGUA,S06
66,RISARALDA,2000,85,85000000000,ELECTRICIDAD GAS Y AGUA,S06
66,RISARALDA,2001,107,1.07E+11,ELECTRICIDAD GAS Y AGUA,S06
66,RISARALDA,2002,112,1.12E+11,ELECTRICIDAD GAS Y AGUA,S06
66,RISARALDA,2003,137,1.37E+11,ELECTRICIDAD GAS Y AGUA,S06
66,RISARALDA,2004,160,1.6E+11,ELECTRICIDAD GAS Y AGUA,S06
66,RISARALDA,2005,181,1.81E+11,ELECTRICIDAD GAS Y AGUA,S06
66,RISARALDA,2006,204,2.04E+11,ELECTRICIDAD GAS Y AGUA,S06
66,RISARALDA,2007,227,2.27E+11,ELECTRICIDAD GAS Y AGUA,S06
66,RISARALDA,2008,248,2.48E+11,ELECTRICIDAD GAS Y AGUA,S06
66,RISARALDA,2009,240,2.4E+11,ELECTRICIDAD GAS Y AGUA,S06
66,RISARALDA,2010,247,2.47E+11,ELECTRICIDAD GAS Y AGUA,S06
66,RISARALDA,2011,271,2.71E+11,ELECTRICIDAD GAS Y AGUA,S06
66,RISARALDA,2012,277,2.77E+11,ELECTRICIDAD GAS Y AGUA,S06
66,RISARALDA,2013,284,2.84E+11,ELECTRICIDAD GAS Y AGUA,S06
66,RISARALDA,2014,299,2.99E+11,ELECTRICIDAD GAS Y AGUA,S06
66,RISARALDA,2015,330,3.3E+11,ELECTRICIDAD GAS Y AGUA,S06
66,RISARALDA,2016p,393,3.93E+11,ELECTRICIDAD GAS Y AGUA,S06
88,ARCHIPIELAGO DE SAN ANDRES PROVIDENCIA Y SANTA CATALINA,2000,13,13000000000,ELECTRICIDAD GAS Y AGUA,S06
88,ARCHIPIELAGO DE SAN ANDRES PROVIDENCIA Y SANTA CATALINA,2001,15,15000000000,ELECTRICIDAD GAS Y AGUA,S06
88,ARCHIPIELAGO DE SAN ANDRES PROVIDENCIA Y SANTA CATALINA,2002,17,17000000000,ELECTRICIDAD GAS Y AGUA,S06
88,ARCHIPIELAGO DE SAN ANDRES PROVIDENCIA Y SANTA CATALINA,2003,21,21000000000,ELECTRICIDAD GAS Y AGUA,S06
88,ARCHIPIELAGO DE SAN ANDRES PROVIDENCIA Y SANTA CATALINA,2004,24,24000000000,ELECTRICIDAD GAS Y AGUA,S06
88,ARCHIPIELAGO DE SAN ANDRES PROVIDENCIA Y SANTA CATALINA,2005,26,26000000000,ELECTRICIDAD GAS Y AGUA,S06
88,ARCHIPIELAGO DE SAN ANDRES PROVIDENCIA Y SANTA CATALINA,2006,28,28000000000,ELECTRICIDAD GAS Y AGUA,S06
88,ARCHIPIELAGO DE SAN ANDRES PROVIDENCIA Y SANTA CATALINA,2007,30,30000000000,ELECTRICIDAD GAS Y AGUA,S06
88,ARCHIPIELAGO DE SAN ANDRES PROVIDENCIA Y SANTA CATALINA,2008,32,32000000000,ELECTRICIDAD GAS Y AGUA,S06
88,ARCHIPIELAGO DE SAN ANDRES PROVIDENCIA Y SANTA CATALINA,2009,35,35000000000,ELECTRICIDAD GAS Y AGUA,S06
88,ARCHIPIELAGO DE SAN ANDRES PROVIDENCIA Y SANTA CATALINA,2010,38,38000000000,ELECTRICIDAD GAS Y AGUA,S06
88,ARCHIPIELAGO DE SAN ANDRES PROVIDENCIA Y SANTA CATALINA,2011,40,40000000000,ELECTRICIDAD GAS Y AGUA,S06
88,ARCHIPIELAGO DE SAN ANDRES PROVIDENCIA Y SANTA CATALINA,2012,42,42000000000,ELECTRICIDAD GAS Y AGUA,S06
88,ARCHIPIELAGO DE SAN ANDRES PROVIDENCIA Y SANTA CATALINA,2013,44,44000000000,ELECTRICIDAD GAS Y AGUA,S06
88,ARCHIPIELAGO DE SAN ANDRES PROVIDENCIA Y SANTA CATALINA,2014,46,46000000000,ELECTRICIDAD GAS Y AGUA,S06
88,ARCHIPIELAGO DE SAN ANDRES PROVIDENCIA Y SANTA CATALINA,2015,50,50000000000,ELECTRICIDAD GAS Y AGUA,S06
88,ARCHIPIELAGO DE SAN ANDRES PROVIDENCIA Y SANTA CATALINA,2016p,54,54000000000,ELECTRICIDAD GAS Y AGUA,S06
68,SANTANDER,2000,272,2.72E+11,ELECTRICIDAD GAS Y AGUA,S06
68,SANTANDER,2001,340,3.4E+11,ELECTRICIDAD GAS Y AGUA,S06
68,SANTANDER,2002,349,3.49E+11,ELECTRICIDAD GAS Y AGUA,S06
68,SANTANDER,2003,429,4.29E+11,ELECTRICIDAD GAS Y AGUA,S06
68,SANTANDER,2004,480,4.8E+11,ELECTRICIDAD GAS Y AGUA,S06
68,SANTANDER,2005,534,5.34E+11,ELECTRICIDAD GAS Y AGUA,S06
68,SANTANDER,2006,568,5.68E+11,ELECTRICIDAD GAS Y AGUA,S06
68,SANTANDER,2007,616,6.16E+11,ELECTRICIDAD GAS Y AGUA,S06
68,SANTANDER,2008,681,6.81E+11,ELECTRICIDAD GAS Y AGUA,S06
68,SANTANDER,2009,691,6.91E+11,ELECTRICIDAD GAS Y AGUA,S06
68,SANTANDER,2010,733,7.33E+11,ELECTRICIDAD GAS Y AGUA,S06
68,SANTANDER,2011,772,7.72E+11,ELECTRICIDAD GAS Y AGUA,S06
68,SANTANDER,2012,835,8.35E+11,ELECTRICIDAD GAS Y AGUA,S06
68,SANTANDER,2013,992,9.92E+11,ELECTRICIDAD GAS Y AGUA,S06
68,SANTANDER,2014,1119,1.119E+12,ELECTRICIDAD GAS Y AGUA,S06
68,SANTANDER,2015,1490,1.49E+12,ELECTRICIDAD GAS Y AGUA,S06
68,SANTANDER,2016p,1608,1.608E+12,ELECTRICIDAD GAS Y AGUA,S06
70,SUCRE,2000,65,65000000000,ELECTRICIDAD GAS Y AGUA,S06
70,SUCRE,2001,83,83000000000,ELECTRICIDAD GAS Y AGUA,S06
70,SUCRE,2002,85,85000000000,ELECTRICIDAD GAS Y AGUA,S06
70,SUCRE,2003,102,1.02E+11,ELECTRICIDAD GAS Y AGUA,S06
70,SUCRE,2004,114,1.14E+11,ELECTRICIDAD GAS Y AGUA,S06
70,SUCRE,2005,129,1.29E+11,ELECTRICIDAD GAS Y AGUA,S06
70,SUCRE,2006,138,1.38E+11,ELECTRICIDAD GAS Y AGUA,S06
70,SUCRE,2007,150,1.5E+11,ELECTRICIDAD GAS Y AGUA,S06
70,SUCRE,2008,160,1.6E+11,ELECTRICIDAD GAS Y AGUA,S06
70,SUCRE,2009,164,1.64E+11,ELECTRICIDAD GAS Y AGUA,S06
70,SUCRE,2010,181,1.81E+11,ELECTRICIDAD GAS Y AGUA,S06
70,SUCRE,2011,196,1.96E+11,ELECTRICIDAD GAS Y AGUA,S06
70,SUCRE,2012,209,2.09E+11,ELECTRICIDAD GAS Y AGUA,S06
70,SUCRE,2013,224,2.24E+11,ELECTRICIDAD GAS Y AGUA,S06
70,SUCRE,2014,240,2.4E+11,ELECTRICIDAD GAS Y AGUA,S06
70,SUCRE,2015,256,2.56E+11,ELECTRICIDAD GAS Y AGUA,S06
70,SUCRE,2016p,269,2.69E+11,ELECTRICIDAD GAS Y AGUA,S06
73,TOLIMA,2000,119,1.19E+11,ELECTRICIDAD GAS Y AGUA,S06
73,TOLIMA,2001,143,1.43E+11,ELECTRICIDAD GAS Y AGUA,S06
73,TOLIMA,2002,153,1.53E+11,ELECTRICIDAD GAS Y AGUA,S06
73,TOLIMA,2003,185,1.85E+11,ELECTRICIDAD GAS Y AGUA,S06
73,TOLIMA,2004,212,2.12E+11,ELECTRICIDAD GAS Y AGUA,S06
73,TOLIMA,2005,239,2.39E+11,ELECTRICIDAD GAS Y AGUA,S06
73,TOLIMA,2006,256,2.56E+11,ELECTRICIDAD GAS Y AGUA,S06
73,TOLIMA,2007,294,2.94E+11,ELECTRICIDAD GAS Y AGUA,S06
73,TOLIMA,2008,319,3.19E+11,ELECTRICIDAD GAS Y AGUA,S06
73,TOLIMA,2009,319,3.19E+11,ELECTRICIDAD GAS Y AGUA,S06
73,TOLIMA,2010,345,3.45E+11,ELECTRICIDAD GAS Y AGUA,S06
73,TOLIMA,2011,373,3.73E+11,ELECTRICIDAD GAS Y AGUA,S06
73,TOLIMA,2012,379,3.79E+11,ELECTRICIDAD GAS Y AGUA,S06
73,TOLIMA,2013,418,4.18E+11,ELECTRICIDAD GAS Y AGUA,S06
73,TOLIMA,2014,443,4.43E+11,ELECTRICIDAD GAS Y AGUA,S06
73,TOLIMA,2015,485,4.85E+11,ELECTRICIDAD GAS Y AGUA,S06
73,TOLIMA,2016p,547,5.47E+11,ELECTRICIDAD GAS Y AGUA,S06
76,VALLE DEL CAUCA,2000,772,7.72E+11,ELECTRICIDAD GAS Y AGUA,S06
76,VALLE DEL CAUCA,2001,957,9.57E+11,ELECTRICIDAD GAS Y AGUA,S06
76,VALLE DEL CAUCA,2002,1013,1.013E+12,ELECTRICIDAD GAS Y AGUA,S06
76,VALLE DEL CAUCA,2003,1218,1.218E+12,ELECTRICIDAD GAS Y AGUA,S06
76,VALLE DEL CAUCA,2004,1357,1.357E+12,ELECTRICIDAD GAS Y AGUA,S06
76,VALLE DEL CAUCA,2005,1478,1.478E+12,ELECTRICIDAD GAS Y AGUA,S06
76,VALLE DEL CAUCA,2006,1588,1.588E+12,ELECTRICIDAD GAS Y AGUA,S06
76,VALLE DEL CAUCA,2007,1764,1.764E+12,ELECTRICIDAD GAS Y AGUA,S06
76,VALLE DEL CAUCA,2008,1905,1.905E+12,ELECTRICIDAD GAS Y AGUA,S06
76,VALLE DEL CAUCA,2009,1933,1.933E+12,ELECTRICIDAD GAS Y AGUA,S06
76,VALLE DEL CAUCA,2010,2045,2.045E+12,ELECTRICIDAD GAS Y AGUA,S06
76,VALLE DEL CAUCA,2011,2119,2.119E+12,ELECTRICIDAD GAS Y AGUA,S06
76,VALLE DEL CAUCA,2012,2233,2.233E+12,ELECTRICIDAD GAS Y AGUA,S06
76,VALLE DEL CAUCA,2013,2441,2.441E+12,ELECTRICIDAD GAS Y AGUA,S06
76,VALLE DEL CAUCA,2014,2596,2.596E+12,ELECTRICIDAD GAS Y AGUA,S06
76,VALLE DEL CAUCA,2015,2861,2.861E+12,ELECTRICIDAD GAS Y AGUA,S06
76,VALLE DEL CAUCA,2016p,3291,3.291E+12,ELECTRICIDAD GAS Y AGUA,S06
97,VAUPES,2000,1,1000000000,ELECTRICIDAD GAS Y AGUA,S06
97,VAUPES,2001,1,1000000000,ELECTRICIDAD GAS Y AGUA,S06
97,VAUPES,2002,1,1000000000,ELECTRICIDAD GAS Y AGUA,S06
97,VAUPES,2003,1,1000000000,ELECTRICIDAD GAS Y AGUA,S06
97,VAUPES,2004,1,1000000000,ELECTRICIDAD GAS Y AGUA,S06
97,VAUPES,2005,1,1000000000,ELECTRICIDAD GAS Y AGUA,S06
97,VAUPES,2006,2,2000000000,ELECTRICIDAD GAS Y AGUA,S06
97,VAUPES,2007,2,2000000000,ELECTRICIDAD GAS Y AGUA,S06
97,VAUPES,2008,2,2000000000,ELECTRICIDAD GAS Y AGUA,S06
97,VAUPES,2009,2,2000000000,ELECTRICIDAD GAS Y AGUA,S06
97,VAUPES,2010,2,2000000000,ELECTRICIDAD GAS Y AGUA,S06
97,VAUPES,2011,2,2000000000,ELECTRICIDAD GAS Y AGUA,S06
97,VAUPES,2012,2,2000000000,ELECTRICIDAD GAS Y AGUA,S06
97,VAUPES,2013,3,3000000000,ELECTRICIDAD GAS Y AGUA,S06
97,VAUPES,2014,3,3000000000,ELECTRICIDAD GAS Y AGUA,S06
97,VAUPES,2015,3,3000000000,ELECTRICIDAD GAS Y AGUA,S06
97,VAUPES,2016p,3,3000000000,ELECTRICIDAD GAS Y AGUA,S06
99,VICHADA,2000,1,1000000000,ELECTRICIDAD GAS Y AGUA,S06
99,VICHADA,2001,1,1000000000,ELECTRICIDAD GAS Y AGUA,S06
99,VICHADA,2002,1,1000000000,ELECTRICIDAD GAS Y AGUA,S06
99,VICHADA,2003,2,2000000000,ELECTRICIDAD GAS Y AGUA,S06
99,VICHADA,2004,2,2000000000,ELECTRICIDAD GAS Y AGUA,S06
99,VICHADA,2005,2,2000000000,ELECTRICIDAD GAS Y AGUA,S06
99,VICHADA,2006,2,2000000000,ELECTRICIDAD GAS Y AGUA,S06
99,VICHADA,2007,2,2000000000,ELECTRICIDAD GAS Y AGUA,S06
99,VICHADA,2008,3,3000000000,ELECTRICIDAD GAS Y AGUA,S06
99,VICHADA,2009,4,4000000000,ELECTRICIDAD GAS Y AGUA,S06
99,VICHADA,2010,4,4000000000,ELECTRICIDAD GAS Y AGUA,S06
99,VICHADA,2011,4,4000000000,ELECTRICIDAD GAS Y AGUA,S06
99,VICHADA,2012,4,4000000000,ELECTRICIDAD GAS Y AGUA,S06
99,VICHADA,2013,4,4000000000,ELECTRICIDAD GAS Y AGUA,S06
99,VICHADA,2014,4,4000000000,ELECTRICIDAD GAS Y AGUA,S06
99,VICHADA,2015,4,4000000000,ELECTRICIDAD GAS Y AGUA,S06
99,VICHADA,2016p,7,7000000000,ELECTRICIDAD GAS Y AGUA,S06
0,COLOMBIA,2000,8710,8.71E+12,CONSTRUCCION,S05
0,COLOMBIA,2001,10023,1.0023E+13,CONSTRUCCION,S05
0,COLOMBIA,2002,12083,1.2083E+13,CONSTRUCCION,S05
0,COLOMBIA,2003,13690,1.369E+13,CONSTRUCCION,S05
0,COLOMBIA,2004,16870,1.687E+13,CONSTRUCCION,S05
0,COLOMBIA,2005,18915,1.8915E+13,CONSTRUCCION,S05
0,COLOMBIA,2006,23222,2.3222E+13,CONSTRUCCION,S05
0,COLOMBIA,2007,27666,2.7666E+13,CONSTRUCCION,S05
0,COLOMBIA,2008,33379,3.3379E+13,CONSTRUCCION,S05
0,COLOMBIA,2009,38913,3.8913E+13,CONSTRUCCION,S05
0,COLOMBIA,2010,39340,3.934E+13,CONSTRUCCION,S05
0,COLOMBIA,2011,45866,4.5866E+13,CONSTRUCCION,S05
0,COLOMBIA,2012,52988,5.2988E+13,CONSTRUCCION,S05
0,COLOMBIA,2013,62704,6.2704E+13,CONSTRUCCION,S05
0,COLOMBIA,2014,72152,7.2152E+13,CONSTRUCCION,S05
0,COLOMBIA,2015,74191,7.4191E+13,CONSTRUCCION,S05
0,COLOMBIA,2016p,81722,8.1722E+13,CONSTRUCCION,S05
91,AMAZONAS,2000,1,1000000000,CONSTRUCCION,S05
91,AMAZONAS,2001,1,1000000000,CONSTRUCCION,S05
91,AMAZONAS,2002,3,3000000000,CONSTRUCCION,S05
91,AMAZONAS,2003,1,1000000000,CONSTRUCCION,S05
91,AMAZONAS,2004,1,1000000000,CONSTRUCCION,S05
91,AMAZONAS,2005,1,1000000000,CONSTRUCCION,S05
91,AMAZONAS,2006,1,1000000000,CONSTRUCCION,S05
91,AMAZONAS,2007,1,1000000000,CONSTRUCCION,S05
91,AMAZONAS,2008,1,1000000000,CONSTRUCCION,S05
91,AMAZONAS,2009,0,0,CONSTRUCCION,S05
91,AMAZONAS,2010,0,0,CONSTRUCCION,S05
91,AMAZONAS,2011,0,0,CONSTRUCCION,S05
91,AMAZONAS,2012,0,0,CONSTRUCCION,S05
91,AMAZONAS,2013,0,0,CONSTRUCCION,S05
91,AMAZONAS,2014,0,0,CONSTRUCCION,S05
91,AMAZONAS,2015,0,0,CONSTRUCCION,S05
91,AMAZONAS,2016p,0,0,CONSTRUCCION,S05
5,ANTIOQUIA,2000,1110,1.11E+12,CONSTRUCCION,S05
5,ANTIOQUIA,2001,1174,1.174E+12,CONSTRUCCION,S05
5,ANTIOQUIA,2002,1649,1.649E+12,CONSTRUCCION,S05
5,ANTIOQUIA,2003,1845,1.845E+12,CONSTRUCCION,S05
5,ANTIOQUIA,2004,3005,3.005E+12,CONSTRUCCION,S05
5,ANTIOQUIA,2005,3321,3.321E+12,CONSTRUCCION,S05
5,ANTIOQUIA,2006,4235,4.235E+12,CONSTRUCCION,S05
5,ANTIOQUIA,2007,4591,4.591E+12,CONSTRUCCION,S05
5,ANTIOQUIA,2008,5498,5.498E+12,CONSTRUCCION,S05
5,ANTIOQUIA,2009,6237,6.237E+12,CONSTRUCCION,S05
5,ANTIOQUIA,2010,5699,5.699E+12,CONSTRUCCION,S05
5,ANTIOQUIA,2011,7081,7.081E+12,CONSTRUCCION,S05
5,ANTIOQUIA,2012,7577,7.577E+12,CONSTRUCCION,S05
5,ANTIOQUIA,2013,9388,9.388E+12,CONSTRUCCION,S05
5,ANTIOQUIA,2014,12511,1.2511E+13,CONSTRUCCION,S05
5,ANTIOQUIA,2015,12493,1.2493E+13,CONSTRUCCION,S05
5,ANTIOQUIA,2016p,13948,1.3948E+13,CONSTRUCCION,S05
81,ARAUCA,2000,56,56000000000,CONSTRUCCION,S05
81,ARAUCA,2001,60,60000000000,CONSTRUCCION,S05
81,ARAUCA,2002,70,70000000000,CONSTRUCCION,S05
81,ARAUCA,2003,106,1.06E+11,CONSTRUCCION,S05
81,ARAUCA,2004,63,63000000000,CONSTRUCCION,S05
81,ARAUCA,2005,53,53000000000,CONSTRUCCION,S05
81,ARAUCA,2006,69,69000000000,CONSTRUCCION,S05
81,ARAUCA,2007,120,1.2E+11,CONSTRUCCION,S05
81,ARAUCA,2008,124,1.24E+11,CONSTRUCCION,S05
81,ARAUCA,2009,151,1.51E+11,CONSTRUCCION,S05
81,ARAUCA,2010,187,1.87E+11,CONSTRUCCION,S05
81,ARAUCA,2011,207,2.07E+11,CONSTRUCCION,S05
81,ARAUCA,2012,153,1.53E+11,CONSTRUCCION,S05
81,ARAUCA,2013,177,1.77E+11,CONSTRUCCION,S05
81,ARAUCA,2014,244,2.44E+11,CONSTRUCCION,S05
81,ARAUCA,2015,254,2.54E+11,CONSTRUCCION,S05
81,ARAUCA,2016p,218,2.18E+11,CONSTRUCCION,S05
8,ATLANTICO,2000,244,2.44E+11,CONSTRUCCION,S05
8,ATLANTICO,2001,285,2.85E+11,CONSTRUCCION,S05
8,ATLANTICO,2002,367,3.67E+11,CONSTRUCCION,S05
8,ATLANTICO,2003,368,3.68E+11,CONSTRUCCION,S05
8,ATLANTICO,2004,539,5.39E+11,CONSTRUCCION,S05
8,ATLANTICO,2005,486,4.86E+11,CONSTRUCCION,S05
8,ATLANTICO,2006,849,8.49E+11,CONSTRUCCION,S05
8,ATLANTICO,2007,1009,1.009E+12,CONSTRUCCION,S05
8,ATLANTICO,2008,1209,1.209E+12,CONSTRUCCION,S05
8,ATLANTICO,2009,1421,1.421E+12,CONSTRUCCION,S05
8,ATLANTICO,2010,1328,1.328E+12,CONSTRUCCION,S05
8,ATLANTICO,2011,1519,1.519E+12,CONSTRUCCION,S05
8,ATLANTICO,2012,2175,2.175E+12,CONSTRUCCION,S05
8,ATLANTICO,2013,2525,2.525E+12,CONSTRUCCION,S05
8,ATLANTICO,2014,3235,3.235E+12,CONSTRUCCION,S05
8,ATLANTICO,2015,3584,3.584E+12,CONSTRUCCION,S05
8,ATLANTICO,2016p,4163,4.163E+12,CONSTRUCCION,S05
11,SANTAFE DE BOGOTA D.C,2000,2471,2.471E+12,CONSTRUCCION,S05
11,SANTAFE DE BOGOTA D.C,2001,2773,2.773E+12,CONSTRUCCION,S05
11,SANTAFE DE BOGOTA D.C,2002,3218,3.218E+12,CONSTRUCCION,S05
11,SANTAFE DE BOGOTA D.C,2003,3867,3.867E+12,CONSTRUCCION,S05
11,SANTAFE DE BOGOTA D.C,2004,5159,5.159E+12,CONSTRUCCION,S05
11,SANTAFE DE BOGOTA D.C,2005,6218,6.218E+12,CONSTRUCCION,S05
11,SANTAFE DE BOGOTA D.C,2006,6712,6.712E+12,CONSTRUCCION,S05
11,SANTAFE DE BOGOTA D.C,2007,7164,7.164E+12,CONSTRUCCION,S05
11,SANTAFE DE BOGOTA D.C,2008,9219,9.219E+12,CONSTRUCCION,S05
11,SANTAFE DE BOGOTA D.C,2009,10367,1.0367E+13,CONSTRUCCION,S05
11,SANTAFE DE BOGOTA D.C,2010,10079,1.0079E+13,CONSTRUCCION,S05
11,SANTAFE DE BOGOTA D.C,2011,11035,1.1035E+13,CONSTRUCCION,S05
11,SANTAFE DE BOGOTA D.C,2012,11146,1.1146E+13,CONSTRUCCION,S05
11,SANTAFE DE BOGOTA D.C,2013,11341,1.1341E+13,CONSTRUCCION,S05
11,SANTAFE DE BOGOTA D.C,2014,12581,1.2581E+13,CONSTRUCCION,S05
11,SANTAFE DE BOGOTA D.C,2015,14195,1.4195E+13,CONSTRUCCION,S05
11,SANTAFE DE BOGOTA D.C,2016p,15616,1.5616E+13,CONSTRUCCION,S05
13,BOLIVAR,2000,240,2.4E+11,CONSTRUCCION,S05
13,BOLIVAR,2001,300,3E+11,CONSTRUCCION,S05
13,BOLIVAR,2002,370,3.7E+11,CONSTRUCCION,S05
13,BOLIVAR,2003,394,3.94E+11,CONSTRUCCION,S05
13,BOLIVAR,2004,333,3.33E+11,CONSTRUCCION,S05
13,BOLIVAR,2005,477,4.77E+11,CONSTRUCCION,S05
13,BOLIVAR,2006,571,5.71E+11,CONSTRUCCION,S05
13,BOLIVAR,2007,953,9.53E+11,CONSTRUCCION,S05
13,BOLIVAR,2008,1219,1.219E+12,CONSTRUCCION,S05
13,BOLIVAR,2009,1486,1.486E+12,CONSTRUCCION,S05
13,BOLIVAR,2010,1768,1.768E+12,CONSTRUCCION,S05
13,BOLIVAR,2011,1966,1.966E+12,CONSTRUCCION,S05
13,BOLIVAR,2012,2627,2.627E+12,CONSTRUCCION,S05
13,BOLIVAR,2013,3337,3.337E+12,CONSTRUCCION,S05
13,BOLIVAR,2014,4072,4.072E+12,CONSTRUCCION,S05
13,BOLIVAR,2015,4245,4.245E+12,CONSTRUCCION,S05
13,BOLIVAR,2016p,4647,4.647E+12,CONSTRUCCION,S05
15,BOYACA,2000,206,2.06E+11,CONSTRUCCION,S05
15,BOYACA,2001,232,2.32E+11,CONSTRUCCION,S05
15,BOYACA,2002,278,2.78E+11,CONSTRUCCION,S05
15,BOYACA,2003,353,3.53E+11,CONSTRUCCION,S05
15,BOYACA,2004,363,3.63E+11,CONSTRUCCION,S05
15,BOYACA,2005,330,3.3E+11,CONSTRUCCION,S05
15,BOYACA,2006,397,3.97E+11,CONSTRUCCION,S05
15,BOYACA,2007,618,6.18E+11,CONSTRUCCION,S05
15,BOYACA,2008,795,7.95E+11,CONSTRUCCION,S05
15,BOYACA,2009,905,9.05E+11,CONSTRUCCION,S05
15,BOYACA,2010,1053,1.053E+12,CONSTRUCCION,S05
15,BOYACA,2011,1217,1.217E+12,CONSTRUCCION,S05
15,BOYACA,2012,1445,1.445E+12,CONSTRUCCION,S05
15,BOYACA,2013,1536,1.536E+12,CONSTRUCCION,S05
15,BOYACA,2014,1814,1.814E+12,CONSTRUCCION,S05
15,BOYACA,2015,1953,1.953E+12,CONSTRUCCION,S05
15,BOYACA,2016p,2158,2.158E+12,CONSTRUCCION,S05
17,CALDAS,2000,148,1.48E+11,CONSTRUCCION,S05
17,CALDAS,2001,153,1.53E+11,CONSTRUCCION,S05
17,CALDAS,2002,237,2.37E+11,CONSTRUCCION,S05
17,CALDAS,2003,288,2.88E+11,CONSTRUCCION,S05
17,CALDAS,2004,243,2.43E+11,CONSTRUCCION,S05
17,CALDAS,2005,294,2.94E+11,CONSTRUCCION,S05
17,CALDAS,2006,349,3.49E+11,CONSTRUCCION,S05
17,CALDAS,2007,553,5.53E+11,CONSTRUCCION,S05
17,CALDAS,2008,675,6.75E+11,CONSTRUCCION,S05
17,CALDAS,2009,653,6.53E+11,CONSTRUCCION,S05
17,CALDAS,2010,765,7.65E+11,CONSTRUCCION,S05
17,CALDAS,2011,844,8.44E+11,CONSTRUCCION,S05
17,CALDAS,2012,914,9.14E+11,CONSTRUCCION,S05
17,CALDAS,2013,1096,1.096E+12,CONSTRUCCION,S05
17,CALDAS,2014,1276,1.276E+12,CONSTRUCCION,S05
17,CALDAS,2015,1225,1.225E+12,CONSTRUCCION,S05
17,CALDAS,2016p,1298,1.298E+12,CONSTRUCCION,S05
18,CAQUETA,2000,41,41000000000,CONSTRUCCION,S05
18,CAQUETA,2001,41,41000000000,CONSTRUCCION,S05
18,CAQUETA,2002,58,58000000000,CONSTRUCCION,S05
18,CAQUETA,2003,63,63000000000,CONSTRUCCION,S05
18,CAQUETA,2004,68,68000000000,CONSTRUCCION,S05
18,CAQUETA,2005,53,53000000000,CONSTRUCCION,S05
18,CAQUETA,2006,99,99000000000,CONSTRUCCION,S05
18,CAQUETA,2007,109,1.09E+11,CONSTRUCCION,S05
18,CAQUETA,2008,165,1.65E+11,CONSTRUCCION,S05
18,CAQUETA,2009,174,1.74E+11,CONSTRUCCION,S05
18,CAQUETA,2010,223,2.23E+11,CONSTRUCCION,S05
18,CAQUETA,2011,234,2.34E+11,CONSTRUCCION,S05
18,CAQUETA,2012,429,4.29E+11,CONSTRUCCION,S05
18,CAQUETA,2013,518,5.18E+11,CONSTRUCCION,S05
18,CAQUETA,2014,543,5.43E+11,CONSTRUCCION,S05
18,CAQUETA,2015,498,4.98E+11,CONSTRUCCION,S05
18,CAQUETA,2016p,606,6.06E+11,CONSTRUCCION,S05
85,CASANARE,2000,171,1.71E+11,CONSTRUCCION,S05
85,CASANARE,2001,291,2.91E+11,CONSTRUCCION,S05
85,CASANARE,2002,296,2.96E+11,CONSTRUCCION,S05
85,CASANARE,2003,378,3.78E+11,CONSTRUCCION,S05
85,CASANARE,2004,270,2.7E+11,CONSTRUCCION,S05
85,CASANARE,2005,226,2.26E+11,CONSTRUCCION,S05
85,CASANARE,2006,297,2.97E+11,CONSTRUCCION,S05
85,CASANARE,2007,365,3.65E+11,CONSTRUCCION,S05
85,CASANARE,2008,375,3.75E+11,CONSTRUCCION,S05
85,CASANARE,2009,520,5.2E+11,CONSTRUCCION,S05
85,CASANARE,2010,578,5.78E+11,CONSTRUCCION,S05
85,CASANARE,2011,526,5.26E+11,CONSTRUCCION,S05
85,CASANARE,2012,612,6.12E+11,CONSTRUCCION,S05
85,CASANARE,2013,470,4.7E+11,CONSTRUCCION,S05
85,CASANARE,2014,819,8.19E+11,CONSTRUCCION,S05
85,CASANARE,2015,900,9E+11,CONSTRUCCION,S05
85,CASANARE,2016p,590,5.9E+11,CONSTRUCCION,S05
19,CAUCA,2000,115,1.15E+11,CONSTRUCCION,S05
19,CAUCA,2001,159,1.59E+11,CONSTRUCCION,S05
19,CAUCA,2002,198,1.98E+11,CONSTRUCCION,S05
19,CAUCA,2003,168,1.68E+11,CONSTRUCCION,S05
19,CAUCA,2004,172,1.72E+11,CONSTRUCCION,S05
19,CAUCA,2005,171,1.71E+11,CONSTRUCCION,S05
19,CAUCA,2006,234,2.34E+11,CONSTRUCCION,S05
19,CAUCA,2007,372,3.72E+11,CONSTRUCCION,S05
19,CAUCA,2008,493,4.93E+11,CONSTRUCCION,S05
19,CAUCA,2009,468,4.68E+11,CONSTRUCCION,S05
19,CAUCA,2010,624,6.24E+11,CONSTRUCCION,S05
19,CAUCA,2011,646,6.46E+11,CONSTRUCCION,S05
19,CAUCA,2012,1006,1.006E+12,CONSTRUCCION,S05
19,CAUCA,2013,1583,1.583E+12,CONSTRUCCION,S05
19,CAUCA,2014,1684,1.684E+12,CONSTRUCCION,S05
19,CAUCA,2015,1957,1.957E+12,CONSTRUCCION,S05
19,CAUCA,2016p,2382,2.382E+12,CONSTRUCCION,S05
20,CESAR,2000,93,93000000000,CONSTRUCCION,S05
20,CESAR,2001,144,1.44E+11,CONSTRUCCION,S05
20,CESAR,2002,273,2.73E+11,CONSTRUCCION,S05
20,CESAR,2003,175,1.75E+11,CONSTRUCCION,S05
20,CESAR,2004,176,1.76E+11,CONSTRUCCION,S05
20,CESAR,2005,182,1.82E+11,CONSTRUCCION,S05
20,CESAR,2006,206,2.06E+11,CONSTRUCCION,S05
20,CESAR,2007,303,3.03E+11,CONSTRUCCION,S05
20,CESAR,2008,331,3.31E+11,CONSTRUCCION,S05
20,CESAR,2009,431,4.31E+11,CONSTRUCCION,S05
20,CESAR,2010,497,4.97E+11,CONSTRUCCION,S05
20,CESAR,2011,537,5.37E+11,CONSTRUCCION,S05
20,CESAR,2012,776,7.76E+11,CONSTRUCCION,S05
20,CESAR,2013,681,6.81E+11,CONSTRUCCION,S05
20,CESAR,2014,687,6.87E+11,CONSTRUCCION,S05
20,CESAR,2015,839,8.39E+11,CONSTRUCCION,S05
20,CESAR,2016p,686,6.86E+11,CONSTRUCCION,S05
27,CHOCO,2000,24,24000000000,CONSTRUCCION,S05
27,CHOCO,2001,25,25000000000,CONSTRUCCION,S05
27,CHOCO,2002,51,51000000000,CONSTRUCCION,S05
27,CHOCO,2003,53,53000000000,CONSTRUCCION,S05
27,CHOCO,2004,65,65000000000,CONSTRUCCION,S05
27,CHOCO,2005,54,54000000000,CONSTRUCCION,S05
27,CHOCO,2006,60,60000000000,CONSTRUCCION,S05
27,CHOCO,2007,75,75000000000,CONSTRUCCION,S05
27,CHOCO,2008,74,74000000000,CONSTRUCCION,S05
27,CHOCO,2009,110,1.1E+11,CONSTRUCCION,S05
27,CHOCO,2010,100,1E+11,CONSTRUCCION,S05
27,CHOCO,2011,115,1.15E+11,CONSTRUCCION,S05
27,CHOCO,2012,131,1.31E+11,CONSTRUCCION,S05
27,CHOCO,2013,175,1.75E+11,CONSTRUCCION,S05
27,CHOCO,2014,202,2.02E+11,CONSTRUCCION,S05
27,CHOCO,2015,203,2.03E+11,CONSTRUCCION,S05
27,CHOCO,2016p,216,2.16E+11,CONSTRUCCION,S05
23,CORDOBA,2000,126,1.26E+11,CONSTRUCCION,S05
23,CORDOBA,2001,175,1.75E+11,CONSTRUCCION,S05
23,CORDOBA,2002,197,1.97E+11,CONSTRUCCION,S05
23,CORDOBA,2003,186,1.86E+11,CONSTRUCCION,S05
23,CORDOBA,2004,213,2.13E+11,CONSTRUCCION,S05
23,CORDOBA,2005,361,3.61E+11,CONSTRUCCION,S05
23,CORDOBA,2006,407,4.07E+11,CONSTRUCCION,S05
23,CORDOBA,2007,463,4.63E+11,CONSTRUCCION,S05
23,CORDOBA,2008,470,4.7E+11,CONSTRUCCION,S05
23,CORDOBA,2009,529,5.29E+11,CONSTRUCCION,S05
23,CORDOBA,2010,530,5.3E+11,CONSTRUCCION,S05
23,CORDOBA,2011,681,6.81E+11,CONSTRUCCION,S05
23,CORDOBA,2012,1088,1.088E+12,CONSTRUCCION,S05
23,CORDOBA,2013,1191,1.191E+12,CONSTRUCCION,S05
23,CORDOBA,2014,1163,1.163E+12,CONSTRUCCION,S05
23,CORDOBA,2015,1095,1.095E+12,CONSTRUCCION,S05
23,CORDOBA,2016p,1200,1.2E+12,CONSTRUCCION,S05
25,CUNDINAMARCA,2000,515,5.15E+11,CONSTRUCCION,S05
25,CUNDINAMARCA,2001,677,6.77E+11,CONSTRUCCION,S05
25,CUNDINAMARCA,2002,566,5.66E+11,CONSTRUCCION,S05
25,CUNDINAMARCA,2003,529,5.29E+11,CONSTRUCCION,S05
25,CUNDINAMARCA,2004,422,4.22E+11,CONSTRUCCION,S05
25,CUNDINAMARCA,2005,371,3.71E+11,CONSTRUCCION,S05
25,CUNDINAMARCA,2006,479,4.79E+11,CONSTRUCCION,S05
25,CUNDINAMARCA,2007,825,8.25E+11,CONSTRUCCION,S05
25,CUNDINAMARCA,2008,1270,1.27E+12,CONSTRUCCION,S05
25,CUNDINAMARCA,2009,1362,1.362E+12,CONSTRUCCION,S05
25,CUNDINAMARCA,2010,1215,1.215E+12,CONSTRUCCION,S05
25,CUNDINAMARCA,2011,2024,2.024E+12,CONSTRUCCION,S05
25,CUNDINAMARCA,2012,2569,2.569E+12,CONSTRUCCION,S05
25,CUNDINAMARCA,2013,3326,3.326E+12,CONSTRUCCION,S05
25,CUNDINAMARCA,2014,3330,3.33E+12,CONSTRUCCION,S05
25,CUNDINAMARCA,2015,3442,3.442E+12,CONSTRUCCION,S05
25,CUNDINAMARCA,2016p,4085,4.085E+12,CONSTRUCCION,S05
94,GUAINIA,2000,1,1000000000,CONSTRUCCION,S05
94,GUAINIA,2001,1,1000000000,CONSTRUCCION,S05
94,GUAINIA,2002,17,17000000000,CONSTRUCCION,S05
94,GUAINIA,2003,1,1000000000,CONSTRUCCION,S05
94,GUAINIA,2004,9,9000000000,CONSTRUCCION,S05
94,GUAINIA,2005,11,11000000000,CONSTRUCCION,S05
94,GUAINIA,2006,13,13000000000,CONSTRUCCION,S05
94,GUAINIA,2007,13,13000000000,CONSTRUCCION,S05
94,GUAINIA,2008,18,18000000000,CONSTRUCCION,S05
94,GUAINIA,2009,19,19000000000,CONSTRUCCION,S05
94,GUAINIA,2010,21,21000000000,CONSTRUCCION,S05
94,GUAINIA,2011,21,21000000000,CONSTRUCCION,S05
94,GUAINIA,2012,25,25000000000,CONSTRUCCION,S05
94,GUAINIA,2013,28,28000000000,CONSTRUCCION,S05
94,GUAINIA,2014,30,30000000000,CONSTRUCCION,S05
94,GUAINIA,2015,26,26000000000,CONSTRUCCION,S05
94,GUAINIA,2016p,30,30000000000,CONSTRUCCION,S05
95,GUAVIARE,2000,16,16000000000,CONSTRUCCION,S05
95,GUAVIARE,2001,14,14000000000,CONSTRUCCION,S05
95,GUAVIARE,2002,34,34000000000,CONSTRUCCION,S05
95,GUAVIARE,2003,22,22000000000,CONSTRUCCION,S05
95,GUAVIARE,2004,24,24000000000,CONSTRUCCION,S05
95,GUAVIARE,2005,28,28000000000,CONSTRUCCION,S05
95,GUAVIARE,2006,39,39000000000,CONSTRUCCION,S05
95,GUAVIARE,2007,57,57000000000,CONSTRUCCION,S05
95,GUAVIARE,2008,52,52000000000,CONSTRUCCION,S05
95,GUAVIARE,2009,61,61000000000,CONSTRUCCION,S05
95,GUAVIARE,2010,53,53000000000,CONSTRUCCION,S05
95,GUAVIARE,2011,60,60000000000,CONSTRUCCION,S05
95,GUAVIARE,2012,68,68000000000,CONSTRUCCION,S05
95,GUAVIARE,2013,71,71000000000,CONSTRUCCION,S05
95,GUAVIARE,2014,86,86000000000,CONSTRUCCION,S05
95,GUAVIARE,2015,97,97000000000,CONSTRUCCION,S05
95,GUAVIARE,2016p,91,91000000000,CONSTRUCCION,S05
41,HUILA,2000,221,2.21E+11,CONSTRUCCION,S05
41,HUILA,2001,380,3.8E+11,CONSTRUCCION,S05
41,HUILA,2002,461,4.61E+11,CONSTRUCCION,S05
41,HUILA,2003,445,4.45E+11,CONSTRUCCION,S05
41,HUILA,2004,495,4.95E+11,CONSTRUCCION,S05
41,HUILA,2005,551,5.51E+11,CONSTRUCCION,S05
41,HUILA,2006,627,6.27E+11,CONSTRUCCION,S05
41,HUILA,2007,837,8.37E+11,CONSTRUCCION,S05
41,HUILA,2008,1014,1.014E+12,CONSTRUCCION,S05
41,HUILA,2009,1177,1.177E+12,CONSTRUCCION,S05
41,HUILA,2010,1368,1.368E+12,CONSTRUCCION,S05
41,HUILA,2011,1691,1.691E+12,CONSTRUCCION,S05
41,HUILA,2012,2152,2.152E+12,CONSTRUCCION,S05
41,HUILA,2013,2390,2.39E+12,CONSTRUCCION,S05
41,HUILA,2014,2685,2.685E+12,CONSTRUCCION,S05
41,HUILA,2015,2518,2.518E+12,CONSTRUCCION,S05
41,HUILA,2016p,2686,2.686E+12,CONSTRUCCION,S05
44,LA GUAJIRA,2000,107,1.07E+11,CONSTRUCCION,S05
44,LA GUAJIRA,2001,107,1.07E+11,CONSTRUCCION,S05
44,LA GUAJIRA,2002,105,1.05E+11,CONSTRUCCION,S05
44,LA GUAJIRA,2003,102,1.02E+11,CONSTRUCCION,S05
44,LA GUAJIRA,2004,118,1.18E+11,CONSTRUCCION,S05
44,LA GUAJIRA,2005,99,99000000000,CONSTRUCCION,S05
44,LA GUAJIRA,2006,134,1.34E+11,CONSTRUCCION,S05
44,LA GUAJIRA,2007,209,2.09E+11,CONSTRUCCION,S05
44,LA GUAJIRA,2008,221,2.21E+11,CONSTRUCCION,S05
44,LA GUAJIRA,2009,229,2.29E+11,CONSTRUCCION,S05
44,LA GUAJIRA,2010,208,2.08E+11,CONSTRUCCION,S05
44,LA GUAJIRA,2011,228,2.28E+11,CONSTRUCCION,S05
44,LA GUAJIRA,2012,255,2.55E+11,CONSTRUCCION,S05
44,LA GUAJIRA,2013,308,3.08E+11,CONSTRUCCION,S05
44,LA GUAJIRA,2014,363,3.63E+11,CONSTRUCCION,S05
44,LA GUAJIRA,2015,343,3.43E+11,CONSTRUCCION,S05
44,LA GUAJIRA,2016p,266,2.66E+11,CONSTRUCCION,S05
47,MAGDALENA,2000,111,1.11E+11,CONSTRUCCION,S05
47,MAGDALENA,2001,91,91000000000,CONSTRUCCION,S05
47,MAGDALENA,2002,112,1.12E+11,CONSTRUCCION,S05
47,MAGDALENA,2003,138,1.38E+11,CONSTRUCCION,S05
47,MAGDALENA,2004,155,1.55E+11,CONSTRUCCION,S05
47,MAGDALENA,2005,263,2.63E+11,CONSTRUCCION,S05
47,MAGDALENA,2006,209,2.09E+11,CONSTRUCCION,S05
47,MAGDALENA,2007,304,3.04E+11,CONSTRUCCION,S05
47,MAGDALENA,2008,351,3.51E+11,CONSTRUCCION,S05
47,MAGDALENA,2009,603,6.03E+11,CONSTRUCCION,S05
47,MAGDALENA,2010,613,6.13E+11,CONSTRUCCION,S05
47,MAGDALENA,2011,692,6.92E+11,CONSTRUCCION,S05
47,MAGDALENA,2012,947,9.47E+11,CONSTRUCCION,S05
47,MAGDALENA,2013,1133,1.133E+12,CONSTRUCCION,S05
47,MAGDALENA,2014,794,7.94E+11,CONSTRUCCION,S05
47,MAGDALENA,2015,814,8.14E+11,CONSTRUCCION,S05
47,MAGDALENA,2016p,832,8.32E+11,CONSTRUCCION,S05
50,META,2000,170,1.7E+11,CONSTRUCCION,S05
50,META,2001,163,1.63E+11,CONSTRUCCION,S05
50,META,2002,185,1.85E+11,CONSTRUCCION,S05
50,META,2003,264,2.64E+11,CONSTRUCCION,S05
50,META,2004,307,3.07E+11,CONSTRUCCION,S05
50,META,2005,455,4.55E+11,CONSTRUCCION,S05
50,META,2006,816,8.16E+11,CONSTRUCCION,S05
50,META,2007,883,8.83E+11,CONSTRUCCION,S05
50,META,2008,1069,1.069E+12,CONSTRUCCION,S05
50,META,2009,1380,1.38E+12,CONSTRUCCION,S05
50,META,2010,1512,1.512E+12,CONSTRUCCION,S05
50,META,2011,1935,1.935E+12,CONSTRUCCION,S05
50,META,2012,2104,2.104E+12,CONSTRUCCION,S05
50,META,2013,2628,2.628E+12,CONSTRUCCION,S05
50,META,2014,2609,2.609E+12,CONSTRUCCION,S05
50,META,2015,2045,2.045E+12,CONSTRUCCION,S05
50,META,2016p,2019,2.019E+12,CONSTRUCCION,S05
52,NARINO,2000,151,1.51E+11,CONSTRUCCION,S05
52,NARINO,2001,203,2.03E+11,CONSTRUCCION,S05
52,NARINO,2002,224,2.24E+11,CONSTRUCCION,S05
52,NARINO,2003,257,2.57E+11,CONSTRUCCION,S05
52,NARINO,2004,361,3.61E+11,CONSTRUCCION,S05
52,NARINO,2005,383,3.83E+11,CONSTRUCCION,S05
52,NARINO,2006,436,4.36E+11,CONSTRUCCION,S05
52,NARINO,2007,498,4.98E+11,CONSTRUCCION,S05
52,NARINO,2008,525,5.25E+11,CONSTRUCCION,S05
52,NARINO,2009,723,7.23E+11,CONSTRUCCION,S05
52,NARINO,2010,655,6.55E+11,CONSTRUCCION,S05
52,NARINO,2011,782,7.82E+11,CONSTRUCCION,S05
52,NARINO,2012,882,8.82E+11,CONSTRUCCION,S05
52,NARINO,2013,1171,1.171E+12,CONSTRUCCION,S05
52,NARINO,2014,1309,1.309E+12,CONSTRUCCION,S05
52,NARINO,2015,1450,1.45E+12,CONSTRUCCION,S05
52,NARINO,2016p,1447,1.447E+12,CONSTRUCCION,S05
54,NORTE DE SANTANDER,2000,106,1.06E+11,CONSTRUCCION,S05
54,NORTE DE SANTANDER,2001,139,1.39E+11,CONSTRUCCION,S05
54,NORTE DE SANTANDER,2002,206,2.06E+11,CONSTRUCCION,S05
54,NORTE DE SANTANDER,2003,350,3.5E+11,CONSTRUCCION,S05
54,NORTE DE SANTANDER,2004,265,2.65E+11,CONSTRUCCION,S05
54,NORTE DE SANTANDER,2005,179,1.79E+11,CONSTRUCCION,S05
54,NORTE DE SANTANDER,2006,368,3.68E+11,CONSTRUCCION,S05
54,NORTE DE SANTANDER,2007,437,4.37E+11,CONSTRUCCION,S05
54,NORTE DE SANTANDER,2008,503,5.03E+11,CONSTRUCCION,S05
54,NORTE DE SANTANDER,2009,768,7.68E+11,CONSTRUCCION,S05
54,NORTE DE SANTANDER,2010,743,7.43E+11,CONSTRUCCION,S05
54,NORTE DE SANTANDER,2011,776,7.76E+11,CONSTRUCCION,S05
54,NORTE DE SANTANDER,2012,690,6.9E+11,CONSTRUCCION,S05
54,NORTE DE SANTANDER,2013,1150,1.15E+12,CONSTRUCCION,S05
54,NORTE DE SANTANDER,2014,1336,1.336E+12,CONSTRUCCION,S05
54,NORTE DE SANTANDER,2015,1330,1.33E+12,CONSTRUCCION,S05
54,NORTE DE SANTANDER,2016p,1614,1.614E+12,CONSTRUCCION,S05
86,PUTUMAYO,2000,25,25000000000,CONSTRUCCION,S05
86,PUTUMAYO,2001,22,22000000000,CONSTRUCCION,S05
86,PUTUMAYO,2002,31,31000000000,CONSTRUCCION,S05
86,PUTUMAYO,2003,33,33000000000,CONSTRUCCION,S05
86,PUTUMAYO,2004,24,24000000000,CONSTRUCCION,S05
86,PUTUMAYO,2005,18,18000000000,CONSTRUCCION,S05
86,PUTUMAYO,2006,23,23000000000,CONSTRUCCION,S05
86,PUTUMAYO,2007,38,38000000000,CONSTRUCCION,S05
86,PUTUMAYO,2008,35,35000000000,CONSTRUCCION,S05
86,PUTUMAYO,2009,46,46000000000,CONSTRUCCION,S05
86,PUTUMAYO,2010,42,42000000000,CONSTRUCCION,S05
86,PUTUMAYO,2011,51,51000000000,CONSTRUCCION,S05
86,PUTUMAYO,2012,55,55000000000,CONSTRUCCION,S05
86,PUTUMAYO,2013,58,58000000000,CONSTRUCCION,S05
86,PUTUMAYO,2014,76,76000000000,CONSTRUCCION,S05
86,PUTUMAYO,2015,77,77000000000,CONSTRUCCION,S05
86,PUTUMAYO,2016p,75,75000000000,CONSTRUCCION,S05
63,QUINDIO,2000,261,2.61E+11,CONSTRUCCION,S05
63,QUINDIO,2001,397,3.97E+11,CONSTRUCCION,S05
63,QUINDIO,2002,305,3.05E+11,CONSTRUCCION,S05
63,QUINDIO,2003,207,2.07E+11,CONSTRUCCION,S05
63,QUINDIO,2004,220,2.2E+11,CONSTRUCCION,S05
63,QUINDIO,2005,168,1.68E+11,CONSTRUCCION,S05
63,QUINDIO,2006,192,1.92E+11,CONSTRUCCION,S05
63,QUINDIO,2007,300,3E+11,CONSTRUCCION,S05
63,QUINDIO,2008,300,3E+11,CONSTRUCCION,S05
63,QUINDIO,2009,335,3.35E+11,CONSTRUCCION,S05
63,QUINDIO,2010,329,3.29E+11,CONSTRUCCION,S05
63,QUINDIO,2011,578,5.78E+11,CONSTRUCCION,S05
63,QUINDIO,2012,883,8.83E+11,CONSTRUCCION,S05
63,QUINDIO,2013,839,8.39E+11,CONSTRUCCION,S05
63,QUINDIO,2014,831,8.31E+11,CONSTRUCCION,S05
63,QUINDIO,2015,934,9.34E+11,CONSTRUCCION,S05
63,QUINDIO,2016p,1094,1.094E+12,CONSTRUCCION,S05
66,RISARALDA,2000,202,2.02E+11,CONSTRUCCION,S05
66,RISARALDA,2001,188,1.88E+11,CONSTRUCCION,S05
66,RISARALDA,2002,262,2.62E+11,CONSTRUCCION,S05
66,RISARALDA,2003,361,3.61E+11,CONSTRUCCION,S05
66,RISARALDA,2004,397,3.97E+11,CONSTRUCCION,S05
66,RISARALDA,2005,556,5.56E+11,CONSTRUCCION,S05
66,RISARALDA,2006,686,6.86E+11,CONSTRUCCION,S05
66,RISARALDA,2007,646,6.46E+11,CONSTRUCCION,S05
66,RISARALDA,2008,758,7.58E+11,CONSTRUCCION,S05
66,RISARALDA,2009,820,8.2E+11,CONSTRUCCION,S05
66,RISARALDA,2010,760,7.6E+11,CONSTRUCCION,S05
66,RISARALDA,2011,729,7.29E+11,CONSTRUCCION,S05
66,RISARALDA,2012,788,7.88E+11,CONSTRUCCION,S05
66,RISARALDA,2013,1114,1.114E+12,CONSTRUCCION,S05
66,RISARALDA,2014,1196,1.196E+12,CONSTRUCCION,S05
66,RISARALDA,2015,1220,1.22E+12,CONSTRUCCION,S05
66,RISARALDA,2016p,1675,1.675E+12,CONSTRUCCION,S05
88,ARCHIPIELAGO DE SAN ANDRES PROVIDENCIA Y SANTA CATALINA,2000,2,2000000000,CONSTRUCCION,S05
88,ARCHIPIELAGO DE SAN ANDRES PROVIDENCIA Y SANTA CATALINA,2001,5,5000000000,CONSTRUCCION,S05
88,ARCHIPIELAGO DE SAN ANDRES PROVIDENCIA Y SANTA CATALINA,2002,15,15000000000,CONSTRUCCION,S05
88,ARCHIPIELAGO DE SAN ANDRES PROVIDENCIA Y SANTA CATALINA,2003,4,4000000000,CONSTRUCCION,S05
88,ARCHIPIELAGO DE SAN ANDRES PROVIDENCIA Y SANTA CATALINA,2004,6,6000000000,CONSTRUCCION,S05
88,ARCHIPIELAGO DE SAN ANDRES PROVIDENCIA Y SANTA CATALINA,2005,9,9000000000,CONSTRUCCION,S05
88,ARCHIPIELAGO DE SAN ANDRES PROVIDENCIA Y SANTA CATALINA,2006,12,12000000000,CONSTRUCCION,S05
88,ARCHIPIELAGO DE SAN ANDRES PROVIDENCIA Y SANTA CATALINA,2007,18,18000000000,CONSTRUCCION,S05
88,ARCHIPIELAGO DE SAN ANDRES PROVIDENCIA Y SANTA CATALINA,2008,14,14000000000,CONSTRUCCION,S05
88,ARCHIPIELAGO DE SAN ANDRES PROVIDENCIA Y SANTA CATALINA,2009,22,22000000000,CONSTRUCCION,S05
88,ARCHIPIELAGO DE SAN ANDRES PROVIDENCIA Y SANTA CATALINA,2010,19,19000000000,CONSTRUCCION,S05
88,ARCHIPIELAGO DE SAN ANDRES PROVIDENCIA Y SANTA CATALINA,2011,20,20000000000,CONSTRUCCION,S05
88,ARCHIPIELAGO DE SAN ANDRES PROVIDENCIA Y SANTA CATALINA,2012,24,24000000000,CONSTRUCCION,S05
88,ARCHIPIELAGO DE SAN ANDRES PROVIDENCIA Y SANTA CATALINA,2013,27,27000000000,CONSTRUCCION,S05
88,ARCHIPIELAGO DE SAN ANDRES PROVIDENCIA Y SANTA CATALINA,2014,27,27000000000,CONSTRUCCION,S05
88,ARCHIPIELAGO DE SAN ANDRES PROVIDENCIA Y SANTA CATALINA,2015,25,25000000000,CONSTRUCCION,S05
88,ARCHIPIELAGO DE SAN ANDRES PROVIDENCIA Y SANTA CATALINA,2016p,34,34000000000,CONSTRUCCION,S05
68,SANTANDER,2000,861,8.61E+11,CONSTRUCCION,S05
68,SANTANDER,2001,879,8.79E+11,CONSTRUCCION,S05
68,SANTANDER,2002,1105,1.105E+12,CONSTRUCCION,S05
68,SANTANDER,2003,1268,1.268E+12,CONSTRUCCION,S05
68,SANTANDER,2004,1461,1.461E+12,CONSTRUCCION,S05
68,SANTANDER,2005,1494,1.494E+12,CONSTRUCCION,S05
68,SANTANDER,2006,1804,1.804E+12,CONSTRUCCION,S05
68,SANTANDER,2007,2362,2.362E+12,CONSTRUCCION,S05
68,SANTANDER,2008,2957,2.957E+12,CONSTRUCCION,S05
68,SANTANDER,2009,3636,3.636E+12,CONSTRUCCION,S05
68,SANTANDER,2010,4300,4.3E+12,CONSTRUCCION,S05
68,SANTANDER,2011,5298,5.298E+12,CONSTRUCCION,S05
68,SANTANDER,2012,6471,6.471E+12,CONSTRUCCION,S05
68,SANTANDER,2013,7652,7.652E+12,CONSTRUCCION,S05
68,SANTANDER,2014,9242,9.242E+12,CONSTRUCCION,S05
68,SANTANDER,2015,9350,9.35E+12,CONSTRUCCION,S05
68,SANTANDER,2016p,9653,9.653E+12,CONSTRUCCION,S05
70,SUCRE,2000,63,63000000000,CONSTRUCCION,S05
70,SUCRE,2001,88,88000000000,CONSTRUCCION,S05
70,SUCRE,2002,141,1.41E+11,CONSTRUCCION,S05
70,SUCRE,2003,96,96000000000,CONSTRUCCION,S05
70,SUCRE,2004,111,1.11E+11,CONSTRUCCION,S05
70,SUCRE,2005,91,91000000000,CONSTRUCCION,S05
70,SUCRE,2006,129,1.29E+11,CONSTRUCCION,S05
70,SUCRE,2007,173,1.73E+11,CONSTRUCCION,S05
70,SUCRE,2008,152,1.52E+11,CONSTRUCCION,S05
70,SUCRE,2009,221,2.21E+11,CONSTRUCCION,S05
70,SUCRE,2010,257,2.57E+11,CONSTRUCCION,S05
70,SUCRE,2011,291,2.91E+11,CONSTRUCCION,S05
70,SUCRE,2012,362,3.62E+11,CONSTRUCCION,S05
70,SUCRE,2013,478,4.78E+11,CONSTRUCCION,S05
70,SUCRE,2014,591,5.91E+11,CONSTRUCCION,S05
70,SUCRE,2015,514,5.14E+11,CONSTRUCCION,S05
70,SUCRE,2016p,464,4.64E+11,CONSTRUCCION,S05
73,TOLIMA,2000,189,1.89E+11,CONSTRUCCION,S05
73,TOLIMA,2001,181,1.81E+11,CONSTRUCCION,S05
73,TOLIMA,2002,218,2.18E+11,CONSTRUCCION,S05
73,TOLIMA,2003,225,2.25E+11,CONSTRUCCION,S05
73,TOLIMA,2004,342,3.42E+11,CONSTRUCCION,S05
73,TOLIMA,2005,352,3.52E+11,CONSTRUCCION,S05
73,TOLIMA,2006,347,3.47E+11,CONSTRUCCION,S05
73,TOLIMA,2007,484,4.84E+11,CONSTRUCCION,S05
73,TOLIMA,2008,595,5.95E+11,CONSTRUCCION,S05
73,TOLIMA,2009,772,7.72E+11,CONSTRUCCION,S05
73,TOLIMA,2010,843,8.43E+11,CONSTRUCCION,S05
73,TOLIMA,2011,918,9.18E+11,CONSTRUCCION,S05
73,TOLIMA,2012,1101,1.101E+12,CONSTRUCCION,S05
73,TOLIMA,2013,1676,1.676E+12,CONSTRUCCION,S05
73,TOLIMA,2014,1932,1.932E+12,CONSTRUCCION,S05
73,TOLIMA,2015,1643,1.643E+12,CONSTRUCCION,S05
73,TOLIMA,2016p,1987,1.987E+12,CONSTRUCCION,S05
76,VALLE DEL CAUCA,2000,658,6.58E+11,CONSTRUCCION,S05
76,VALLE DEL CAUCA,2001,669,6.69E+11,CONSTRUCCION,S05
76,VALLE DEL CAUCA,2002,812,8.12E+11,CONSTRUCCION,S05
76,VALLE DEL CAUCA,2003,1121,1.121E+12,CONSTRUCCION,S05
76,VALLE DEL CAUCA,2004,1471,1.471E+12,CONSTRUCCION,S05
76,VALLE DEL CAUCA,2005,1646,1.646E+12,CONSTRUCCION,S05
76,VALLE DEL CAUCA,2006,2405,2.405E+12,CONSTRUCCION,S05
76,VALLE DEL CAUCA,2007,2860,2.86E+12,CONSTRUCCION,S05
76,VALLE DEL CAUCA,2008,2869,2.869E+12,CONSTRUCCION,S05
76,VALLE DEL CAUCA,2009,3249,3.249E+12,CONSTRUCCION,S05
76,VALLE DEL CAUCA,2010,2935,2.935E+12,CONSTRUCCION,S05
76,VALLE DEL CAUCA,2011,3120,3.12E+12,CONSTRUCCION,S05
76,VALLE DEL CAUCA,2012,3485,3.485E+12,CONSTRUCCION,S05
76,VALLE DEL CAUCA,2013,4585,4.585E+12,CONSTRUCCION,S05
76,VALLE DEL CAUCA,2014,4832,4.832E+12,CONSTRUCCION,S05
76,VALLE DEL CAUCA,2015,4861,4.861E+12,CONSTRUCCION,S05
76,VALLE DEL CAUCA,2016p,5883,5.883E+12,CONSTRUCCION,S05
97,VAUPES,2000,3,3000000000,CONSTRUCCION,S05
97,VAUPES,2001,2,2000000000,CONSTRUCCION,S05
97,VAUPES,2002,5,5000000000,CONSTRUCCION,S05
97,VAUPES,2003,7,7000000000,CONSTRUCCION,S05
97,VAUPES,2004,4,4000000000,CONSTRUCCION,S05
97,VAUPES,2005,3,3000000000,CONSTRUCCION,S05
97,VAUPES,2006,4,4000000000,CONSTRUCCION,S05
97,VAUPES,2007,8,8000000000,CONSTRUCCION,S05
97,VAUPES,2008,7,7000000000,CONSTRUCCION,S05
97,VAUPES,2009,10,10000000000,CONSTRUCCION,S05
97,VAUPES,2010,10,10000000000,CONSTRUCCION,S05
97,VAUPES,2011,14,14000000000,CONSTRUCCION,S05
97,VAUPES,2012,13,13000000000,CONSTRUCCION,S05
97,VAUPES,2013,14,14000000000,CONSTRUCCION,S05
97,VAUPES,2014,16,16000000000,CONSTRUCCION,S05
97,VAUPES,2015,21,21000000000,CONSTRUCCION,S05
97,VAUPES,2016p,20,20000000000,CONSTRUCCION,S05
99,VICHADA,2000,2,2000000000,CONSTRUCCION,S05
99,VICHADA,2001,4,4000000000,CONSTRUCCION,S05
99,VICHADA,2002,14,14000000000,CONSTRUCCION,S05
99,VICHADA,2003,15,15000000000,CONSTRUCCION,S05
99,VICHADA,2004,8,8000000000,CONSTRUCCION,S05
99,VICHADA,2005,11,11000000000,CONSTRUCCION,S05
99,VICHADA,2006,13,13000000000,CONSTRUCCION,S05
99,VICHADA,2007,18,18000000000,CONSTRUCCION,S05
99,VICHADA,2008,21,21000000000,CONSTRUCCION,S05
99,VICHADA,2009,28,28000000000,CONSTRUCCION,S05
99,VICHADA,2010,26,26000000000,CONSTRUCCION,S05
99,VICHADA,2011,30,30000000000,CONSTRUCCION,S05
99,VICHADA,2012,35,35000000000,CONSTRUCCION,S05
99,VICHADA,2013,38,38000000000,CONSTRUCCION,S05
99,VICHADA,2014,36,36000000000,CONSTRUCCION,S05
99,VICHADA,2015,40,40000000000,CONSTRUCCION,S05
99,VICHADA,2016p,39,39000000000,CONSTRUCCION,S05
0,COLOMBIA,2000,39992,3.9992E+13,COMERCIO REPARACION TRANSPORTE Y ALOJAMIENTO,S04
0,COLOMBIA,2001,44274,4.4274E+13,COMERCIO REPARACION TRANSPORTE Y ALOJAMIENTO,S04
0,COLOMBIA,2002,47454,4.7454E+13,COMERCIO REPARACION TRANSPORTE Y ALOJAMIENTO,S04
0,COLOMBIA,2003,51643,5.1643E+13,COMERCIO REPARACION TRANSPORTE Y ALOJAMIENTO,S04
0,COLOMBIA,2004,58127,5.8127E+13,COMERCIO REPARACION TRANSPORTE Y ALOJAMIENTO,S04
0,COLOMBIA,2005,63620,6.362E+13,COMERCIO REPARACION TRANSPORTE Y ALOJAMIENTO,S04
0,COLOMBIA,2006,72095,7.2095E+13,COMERCIO REPARACION TRANSPORTE Y ALOJAMIENTO,S04
0,COLOMBIA,2007,82651,8.2651E+13,COMERCIO REPARACION TRANSPORTE Y ALOJAMIENTO,S04
0,COLOMBIA,2008,87653,8.7653E+13,COMERCIO REPARACION TRANSPORTE Y ALOJAMIENTO,S04
0,COLOMBIA,2009,91936,9.1936E+13,COMERCIO REPARACION TRANSPORTE Y ALOJAMIENTO,S04
0,COLOMBIA,2010,97891,9.7891E+13,COMERCIO REPARACION TRANSPORTE Y ALOJAMIENTO,S04
0,COLOMBIA,2011,106531,1.06531E+14,COMERCIO REPARACION TRANSPORTE Y ALOJAMIENTO,S04
0,COLOMBIA,2012,112761,1.12761E+14,COMERCIO REPARACION TRANSPORTE Y ALOJAMIENTO,S04
0,COLOMBIA,2013,124699,1.24699E+14,COMERCIO REPARACION TRANSPORTE Y ALOJAMIENTO,S04
0,COLOMBIA,2014,135854,1.35854E+14,COMERCIO REPARACION TRANSPORTE Y ALOJAMIENTO,S04
0,COLOMBIA,2015,150835,1.50835E+14,COMERCIO REPARACION TRANSPORTE Y ALOJAMIENTO,S04
0,COLOMBIA,2016p,163327,1.63327E+14,COMERCIO REPARACION TRANSPORTE Y ALOJAMIENTO,S04
91,AMAZONAS,2000,33,33000000000,COMERCIO REPARACION TRANSPORTE Y ALOJAMIENTO,S04
91,AMAZONAS,2001,45,45000000000,COMERCIO REPARACION TRANSPORTE Y ALOJAMIENTO,S04
91,AMAZONAS,2002,48,48000000000,COMERCIO REPARACION TRANSPORTE Y ALOJAMIENTO,S04
91,AMAZONAS,2003,52,52000000000,COMERCIO REPARACION TRANSPORTE Y ALOJAMIENTO,S04
91,AMAZONAS,2004,60,60000000000,COMERCIO REPARACION TRANSPORTE Y ALOJAMIENTO,S04
91,AMAZONAS,2005,69,69000000000,COMERCIO REPARACION TRANSPORTE Y ALOJAMIENTO,S04
91,AMAZONAS,2006,84,84000000000,COMERCIO REPARACION TRANSPORTE Y ALOJAMIENTO,S04
91,AMAZONAS,2007,98,98000000000,COMERCIO REPARACION TRANSPORTE Y ALOJAMIENTO,S04
91,AMAZONAS,2008,106,1.06E+11,COMERCIO REPARACION TRANSPORTE Y ALOJAMIENTO,S04
91,AMAZONAS,2009,110,1.1E+11,COMERCIO REPARACION TRANSPORTE Y ALOJAMIENTO,S04
91,AMAZONAS,2010,113,1.13E+11,COMERCIO REPARACION TRANSPORTE Y ALOJAMIENTO,S04
91,AMAZONAS,2011,122,1.22E+11,COMERCIO REPARACION TRANSPORTE Y ALOJAMIENTO,S04
91,AMAZONAS,2012,130,1.3E+11,COMERCIO REPARACION TRANSPORTE Y ALOJAMIENTO,S04
91,AMAZONAS,2013,140,1.4E+11,COMERCIO REPARACION TRANSPORTE Y ALOJAMIENTO,S04
91,AMAZONAS,2014,150,1.5E+11,COMERCIO REPARACION TRANSPORTE Y ALOJAMIENTO,S04
91,AMAZONAS,2015,168,1.68E+11,COMERCIO REPARACION TRANSPORTE Y ALOJAMIENTO,S04
91,AMAZONAS,2016p,181,1.81E+11,COMERCIO REPARACION TRANSPORTE Y ALOJAMIENTO,S04
5,ANTIOQUIA,2000,5495,5.495E+12,COMERCIO REPARACION TRANSPORTE Y ALOJAMIENTO,S04
5,ANTIOQUIA,2001,6037,6.037E+12,COMERCIO REPARACION TRANSPORTE Y ALOJAMIENTO,S04
5,ANTIOQUIA,2002,6540,6.54E+12,COMERCIO REPARACION TRANSPORTE Y ALOJAMIENTO,S04
5,ANTIOQUIA,2003,7183,7.183E+12,COMERCIO REPARACION TRANSPORTE Y ALOJAMIENTO,S04
5,ANTIOQUIA,2004,8016,8.016E+12,COMERCIO REPARACION TRANSPORTE Y ALOJAMIENTO,S04
5,ANTIOQUIA,2005,8732,8.732E+12,COMERCIO REPARACION TRANSPORTE Y ALOJAMIENTO,S04
5,ANTIOQUIA,2006,9996,9.996E+12,COMERCIO REPARACION TRANSPORTE Y ALOJAMIENTO,S04
5,ANTIOQUIA,2007,11816,1.1816E+13,COMERCIO REPARACION TRANSPORTE Y ALOJAMIENTO,S04
5,ANTIOQUIA,2008,12461,1.2461E+13,COMERCIO REPARACION TRANSPORTE Y ALOJAMIENTO,S04
5,ANTIOQUIA,2009,13010,1.301E+13,COMERCIO REPARACION TRANSPORTE Y ALOJAMIENTO,S04
5,ANTIOQUIA,2010,13997,1.3997E+13,COMERCIO REPARACION TRANSPORTE Y ALOJAMIENTO,S04
5,ANTIOQUIA,2011,15321,1.5321E+13,COMERCIO REPARACION TRANSPORTE Y ALOJAMIENTO,S04
5,ANTIOQUIA,2012,16025,1.6025E+13,COMERCIO REPARACION TRANSPORTE Y ALOJAMIENTO,S04
5,ANTIOQUIA,2013,17626,1.7626E+13,COMERCIO REPARACION TRANSPORTE Y ALOJAMIENTO,S04
5,ANTIOQUIA,2014,19263,1.9263E+13,COMERCIO REPARACION TRANSPORTE Y ALOJAMIENTO,S04
5,ANTIOQUIA,2015,21562,2.1562E+13,COMERCIO REPARACION TRANSPORTE Y ALOJAMIENTO,S04
5,ANTIOQUIA,2016p,23434,2.3434E+13,COMERCIO REPARACION TRANSPORTE Y ALOJAMIENTO,S04
81,ARAUCA,2000,113,1.13E+11,COMERCIO REPARACION TRANSPORTE Y ALOJAMIENTO,S04
81,ARAUCA,2001,136,1.36E+11,COMERCIO REPARACION TRANSPORTE Y ALOJAMIENTO,S04
81,ARAUCA,2002,146,1.46E+11,COMERCIO REPARACION TRANSPORTE Y ALOJAMIENTO,S04
81,ARAUCA,2003,145,1.45E+11,COMERCIO REPARACION TRANSPORTE Y ALOJAMIENTO,S04
81,ARAUCA,2004,175,1.75E+11,COMERCIO REPARACION TRANSPORTE Y ALOJAMIENTO,S04
81,ARAUCA,2005,188,1.88E+11,COMERCIO REPARACION TRANSPORTE Y ALOJAMIENTO,S04
81,ARAUCA,2006,216,2.16E+11,COMERCIO REPARACION TRANSPORTE Y ALOJAMIENTO,S04
81,ARAUCA,2007,248,2.48E+11,COMERCIO REPARACION TRANSPORTE Y ALOJAMIENTO,S04
81,ARAUCA,2008,262,2.62E+11,COMERCIO REPARACION TRANSPORTE Y ALOJAMIENTO,S04
81,ARAUCA,2009,275,2.75E+11,COMERCIO REPARACION TRANSPORTE Y ALOJAMIENTO,S04
81,ARAUCA,2010,284,2.84E+11,COMERCIO REPARACION TRANSPORTE Y ALOJAMIENTO,S04
81,ARAUCA,2011,307,3.07E+11,COMERCIO REPARACION TRANSPORTE Y ALOJAMIENTO,S04
81,ARAUCA,2012,319,3.19E+11,COMERCIO REPARACION TRANSPORTE Y ALOJAMIENTO,S04
81,ARAUCA,2013,345,3.45E+11,COMERCIO REPARACION TRANSPORTE Y ALOJAMIENTO,S04
81,ARAUCA,2014,372,3.72E+11,COMERCIO REPARACION TRANSPORTE Y ALOJAMIENTO,S04
81,ARAUCA,2015,405,4.05E+11,COMERCIO REPARACION TRANSPORTE Y ALOJAMIENTO,S04
81,ARAUCA,2016p,440,4.4E+11,COMERCIO REPARACION TRANSPORTE Y ALOJAMIENTO,S04
8,ATLANTICO,2000,2003,2.003E+12,COMERCIO REPARACION TRANSPORTE Y ALOJAMIENTO,S04
8,ATLANTICO,2001,2273,2.273E+12,COMERCIO REPARACION TRANSPORTE Y ALOJAMIENTO,S04
8,ATLANTICO,2002,2436,2.436E+12,COMERCIO REPARACION TRANSPORTE Y ALOJAMIENTO,S04
8,ATLANTICO,2003,2655,2.655E+12,COMERCIO REPARACION TRANSPORTE Y ALOJAMIENTO,S04
8,ATLANTICO,2004,2960,2.96E+12,COMERCIO REPARACION TRANSPORTE Y ALOJAMIENTO,S04
8,ATLANTICO,2005,3190,3.19E+12,COMERCIO REPARACION TRANSPORTE Y ALOJAMIENTO,S04
8,ATLANTICO,2006,3497,3.497E+12,COMERCIO REPARACION TRANSPORTE Y ALOJAMIENTO,S04
8,ATLANTICO,2007,3992,3.992E+12,COMERCIO REPARACION TRANSPORTE Y ALOJAMIENTO,S04
8,ATLANTICO,2008,4156,4.156E+12,COMERCIO REPARACION TRANSPORTE Y ALOJAMIENTO,S04
8,ATLANTICO,2009,4372,4.372E+12,COMERCIO REPARACION TRANSPORTE Y ALOJAMIENTO,S04
8,ATLANTICO,2010,4565,4.565E+12,COMERCIO REPARACION TRANSPORTE Y ALOJAMIENTO,S04
8,ATLANTICO,2011,4926,4.926E+12,COMERCIO REPARACION TRANSPORTE Y ALOJAMIENTO,S04
8,ATLANTICO,2012,5270,5.27E+12,COMERCIO REPARACION TRANSPORTE Y ALOJAMIENTO,S04
8,ATLANTICO,2013,5718,5.718E+12,COMERCIO REPARACION TRANSPORTE Y ALOJAMIENTO,S04
8,ATLANTICO,2014,6194,6.194E+12,COMERCIO REPARACION TRANSPORTE Y ALOJAMIENTO,S04
8,ATLANTICO,2015,6717,6.717E+12,COMERCIO REPARACION TRANSPORTE Y ALOJAMIENTO,S04
8,ATLANTICO,2016p,7720,7.72E+12,COMERCIO REPARACION TRANSPORTE Y ALOJAMIENTO,S04
11,SANTAFE DE BOGOTA D.C,2000,10310,1.031E+13,COMERCIO REPARACION TRANSPORTE Y ALOJAMIENTO,S04
11,SANTAFE DE BOGOTA D.C,2001,11639,1.1639E+13,COMERCIO REPARACION TRANSPORTE Y ALOJAMIENTO,S04
11,SANTAFE DE BOGOTA D.C,2002,13105,1.3105E+13,COMERCIO REPARACION TRANSPORTE Y ALOJAMIENTO,S04
11,SANTAFE DE BOGOTA D.C,2003,14391,1.4391E+13,COMERCIO REPARACION TRANSPORTE Y ALOJAMIENTO,S04
11,SANTAFE DE BOGOTA D.C,2004,16743,1.6743E+13,COMERCIO REPARACION TRANSPORTE Y ALOJAMIENTO,S04
11,SANTAFE DE BOGOTA D.C,2005,18684,1.8684E+13,COMERCIO REPARACION TRANSPORTE Y ALOJAMIENTO,S04
11,SANTAFE DE BOGOTA D.C,2006,20952,2.0952E+13,COMERCIO REPARACION TRANSPORTE Y ALOJAMIENTO,S04
11,SANTAFE DE BOGOTA D.C,2007,23750,2.375E+13,COMERCIO REPARACION TRANSPORTE Y ALOJAMIENTO,S04
11,SANTAFE DE BOGOTA D.C,2008,25325,2.5325E+13,COMERCIO REPARACION TRANSPORTE Y ALOJAMIENTO,S04
11,SANTAFE DE BOGOTA D.C,2009,26539,2.6539E+13,COMERCIO REPARACION TRANSPORTE Y ALOJAMIENTO,S04
11,SANTAFE DE BOGOTA D.C,2010,28710,2.871E+13,COMERCIO REPARACION TRANSPORTE Y ALOJAMIENTO,S04
11,SANTAFE DE BOGOTA D.C,2011,31734,3.1734E+13,COMERCIO REPARACION TRANSPORTE Y ALOJAMIENTO,S04
11,SANTAFE DE BOGOTA D.C,2012,33947,3.3947E+13,COMERCIO REPARACION TRANSPORTE Y ALOJAMIENTO,S04
11,SANTAFE DE BOGOTA D.C,2013,37539,3.7539E+13,COMERCIO REPARACION TRANSPORTE Y ALOJAMIENTO,S04
11,SANTAFE DE BOGOTA D.C,2014,40630,4.063E+13,COMERCIO REPARACION TRANSPORTE Y ALOJAMIENTO,S04
11,SANTAFE DE BOGOTA D.C,2015,44853,4.4853E+13,COMERCIO REPARACION TRANSPORTE Y ALOJAMIENTO,S04
11,SANTAFE DE BOGOTA D.C,2016p,47971,4.7971E+13,COMERCIO REPARACION TRANSPORTE Y ALOJAMIENTO,S04
13,BOLIVAR,2000,1348,1.348E+12,COMERCIO REPARACION TRANSPORTE Y ALOJAMIENTO,S04
13,BOLIVAR,2001,1487,1.487E+12,COMERCIO REPARACION TRANSPORTE Y ALOJAMIENTO,S04
13,BOLIVAR,2002,1555,1.555E+12,COMERCIO REPARACION TRANSPORTE Y ALOJAMIENTO,S04
13,BOLIVAR,2003,1764,1.764E+12,COMERCIO REPARACION TRANSPORTE Y ALOJAMIENTO,S04
13,BOLIVAR,2004,2032,2.032E+12,COMERCIO REPARACION TRANSPORTE Y ALOJAMIENTO,S04
13,BOLIVAR,2005,2247,2.247E+12,COMERCIO REPARACION TRANSPORTE Y ALOJAMIENTO,S04
13,BOLIVAR,2006,2578,2.578E+12,COMERCIO REPARACION TRANSPORTE Y ALOJAMIENTO,S04
13,BOLIVAR,2007,2955,2.955E+12,COMERCIO REPARACION TRANSPORTE Y ALOJAMIENTO,S04
13,BOLIVAR,2008,3116,3.116E+12,COMERCIO REPARACION TRANSPORTE Y ALOJAMIENTO,S04
13,BOLIVAR,2009,3303,3.303E+12,COMERCIO REPARACION TRANSPORTE Y ALOJAMIENTO,S04
13,BOLIVAR,2010,3431,3.431E+12,COMERCIO REPARACION TRANSPORTE Y ALOJAMIENTO,S04
13,BOLIVAR,2011,3688,3.688E+12,COMERCIO REPARACION TRANSPORTE Y ALOJAMIENTO,S04
13,BOLIVAR,2012,3932,3.932E+12,COMERCIO REPARACION TRANSPORTE Y ALOJAMIENTO,S04
13,BOLIVAR,2013,4331,4.331E+12,COMERCIO REPARACION TRANSPORTE Y ALOJAMIENTO,S04
13,BOLIVAR,2014,4694,4.694E+12,COMERCIO REPARACION TRANSPORTE Y ALOJAMIENTO,S04
13,BOLIVAR,2015,5189,5.189E+12,COMERCIO REPARACION TRANSPORTE Y ALOJAMIENTO,S04
13,BOLIVAR,2016p,5661,5.661E+12,COMERCIO REPARACION TRANSPORTE Y ALOJAMIENTO,S04
15,BOYACA,2000,1414,1.414E+12,COMERCIO REPARACION TRANSPORTE Y ALOJAMIENTO,S04
15,BOYACA,2001,1509,1.509E+12,COMERCIO REPARACION TRANSPORTE Y ALOJAMIENTO,S04
15,BOYACA,2002,1519,1.519E+12,COMERCIO REPARACION TRANSPORTE Y ALOJAMIENTO,S04
15,BOYACA,2003,1595,1.595E+12,COMERCIO REPARACION TRANSPORTE Y ALOJAMIENTO,S04
15,BOYACA,2004,1700,1.7E+12,COMERCIO REPARACION TRANSPORTE Y ALOJAMIENTO,S04
15,BOYACA,2005,1841,1.841E+12,COMERCIO REPARACION TRANSPORTE Y ALOJAMIENTO,S04
15,BOYACA,2006,2078,2.078E+12,COMERCIO REPARACION TRANSPORTE Y ALOJAMIENTO,S04
15,BOYACA,2007,2333,2.333E+12,COMERCIO REPARACION TRANSPORTE Y ALOJAMIENTO,S04
15,BOYACA,2008,2497,2.497E+12,COMERCIO REPARACION TRANSPORTE Y ALOJAMIENTO,S04
15,BOYACA,2009,2570,2.57E+12,COMERCIO REPARACION TRANSPORTE Y ALOJAMIENTO,S04
15,BOYACA,2010,2741,2.741E+12,COMERCIO REPARACION TRANSPORTE Y ALOJAMIENTO,S04
15,BOYACA,2011,3018,3.018E+12,COMERCIO REPARACION TRANSPORTE Y ALOJAMIENTO,S04
15,BOYACA,2012,3097,3.097E+12,COMERCIO REPARACION TRANSPORTE Y ALOJAMIENTO,S04
15,BOYACA,2013,3651,3.651E+12,COMERCIO REPARACION TRANSPORTE Y ALOJAMIENTO,S04
15,BOYACA,2014,3989,3.989E+12,COMERCIO REPARACION TRANSPORTE Y ALOJAMIENTO,S04
15,BOYACA,2015,4544,4.544E+12,COMERCIO REPARACION TRANSPORTE Y ALOJAMIENTO,S04
15,BOYACA,2016p,4878,4.878E+12,COMERCIO REPARACION TRANSPORTE Y ALOJAMIENTO,S04
17,CALDAS,2000,618,6.18E+11,COMERCIO REPARACION TRANSPORTE Y ALOJAMIENTO,S04
17,CALDAS,2001,687,6.87E+11,COMERCIO REPARACION TRANSPORTE Y ALOJAMIENTO,S04
17,CALDAS,2002,740,7.4E+11,COMERCIO REPARACION TRANSPORTE Y ALOJAMIENTO,S04
17,CALDAS,2003,802,8.02E+11,COMERCIO REPARACION TRANSPORTE Y ALOJAMIENTO,S04
17,CALDAS,2004,886,8.86E+11,COMERCIO REPARACION TRANSPORTE Y ALOJAMIENTO,S04
17,CALDAS,2005,947,9.47E+11,COMERCIO REPARACION TRANSPORTE Y ALOJAMIENTO,S04
17,CALDAS,2006,1053,1.053E+12,COMERCIO REPARACION TRANSPORTE Y ALOJAMIENTO,S04
17,CALDAS,2007,1173,1.173E+12,COMERCIO REPARACION TRANSPORTE Y ALOJAMIENTO,S04
17,CALDAS,2008,1258,1.258E+12,COMERCIO REPARACION TRANSPORTE Y ALOJAMIENTO,S04
17,CALDAS,2009,1336,1.336E+12,COMERCIO REPARACION TRANSPORTE Y ALOJAMIENTO,S04
17,CALDAS,2010,1381,1.381E+12,COMERCIO REPARACION TRANSPORTE Y ALOJAMIENTO,S04
17,CALDAS,2011,1475,1.475E+12,COMERCIO REPARACION TRANSPORTE Y ALOJAMIENTO,S04
17,CALDAS,2012,1547,1.547E+12,COMERCIO REPARACION TRANSPORTE Y ALOJAMIENTO,S04
17,CALDAS,2013,1671,1.671E+12,COMERCIO REPARACION TRANSPORTE Y ALOJAMIENTO,S04
17,CALDAS,2014,1793,1.793E+12,COMERCIO REPARACION TRANSPORTE Y ALOJAMIENTO,S04
17,CALDAS,2015,1960,1.96E+12,COMERCIO REPARACION TRANSPORTE Y ALOJAMIENTO,S04
17,CALDAS,2016p,2148,2.148E+12,COMERCIO REPARACION TRANSPORTE Y ALOJAMIENTO,S04
18,CAQUETA,2000,202,2.02E+11,COMERCIO REPARACION TRANSPORTE Y ALOJAMIENTO,S04
18,CAQUETA,2001,205,2.05E+11,COMERCIO REPARACION TRANSPORTE Y ALOJAMIENTO,S04
18,CAQUETA,2002,209,2.09E+11,COMERCIO REPARACION TRANSPORTE Y ALOJAMIENTO,S04
18,CAQUETA,2003,226,2.26E+11,COMERCIO REPARACION TRANSPORTE Y ALOJAMIENTO,S04
18,CAQUETA,2004,250,2.5E+11,COMERCIO REPARACION TRANSPORTE Y ALOJAMIENTO,S04
18,CAQUETA,2005,281,2.81E+11,COMERCIO REPARACION TRANSPORTE Y ALOJAMIENTO,S04
18,CAQUETA,2006,330,3.3E+11,COMERCIO REPARACION TRANSPORTE Y ALOJAMIENTO,S04
18,CAQUETA,2007,383,3.83E+11,COMERCIO REPARACION TRANSPORTE Y ALOJAMIENTO,S04
18,CAQUETA,2008,404,4.04E+11,COMERCIO REPARACION TRANSPORTE Y ALOJAMIENTO,S04
18,CAQUETA,2009,464,4.64E+11,COMERCIO REPARACION TRANSPORTE Y ALOJAMIENTO,S04
18,CAQUETA,2010,447,4.47E+11,COMERCIO REPARACION TRANSPORTE Y ALOJAMIENTO,S04
18,CAQUETA,2011,479,4.79E+11,COMERCIO REPARACION TRANSPORTE Y ALOJAMIENTO,S04
18,CAQUETA,2012,503,5.03E+11,COMERCIO REPARACION TRANSPORTE Y ALOJAMIENTO,S04
18,CAQUETA,2013,556,5.56E+11,COMERCIO REPARACION TRANSPORTE Y ALOJAMIENTO,S04
18,CAQUETA,2014,596,5.96E+11,COMERCIO REPARACION TRANSPORTE Y ALOJAMIENTO,S04
18,CAQUETA,2015,647,6.47E+11,COMERCIO REPARACION TRANSPORTE Y ALOJAMIENTO,S04
18,CAQUETA,2016p,712,7.12E+11,COMERCIO REPARACION TRANSPORTE Y ALOJAMIENTO,S04
85,CASANARE,2000,326,3.26E+11,COMERCIO REPARACION TRANSPORTE Y ALOJAMIENTO,S04
85,CASANARE,2001,345,3.45E+11,COMERCIO REPARACION TRANSPORTE Y ALOJAMIENTO,S04
85,CASANARE,2002,353,3.53E+11,COMERCIO REPARACION TRANSPORTE Y ALOJAMIENTO,S04
85,CASANARE,2003,381,3.81E+11,COMERCIO REPARACION TRANSPORTE Y ALOJAMIENTO,S04
85,CASANARE,2004,424,4.24E+11,COMERCIO REPARACION TRANSPORTE Y ALOJAMIENTO,S04
85,CASANARE,2005,450,4.5E+11,COMERCIO REPARACION TRANSPORTE Y ALOJAMIENTO,S04
85,CASANARE,2006,526,5.26E+11,COMERCIO REPARACION TRANSPORTE Y ALOJAMIENTO,S04
85,CASANARE,2007,624,6.24E+11,COMERCIO REPARACION TRANSPORTE Y ALOJAMIENTO,S04
85,CASANARE,2008,662,6.62E+11,COMERCIO REPARACION TRANSPORTE Y ALOJAMIENTO,S04
85,CASANARE,2009,684,6.84E+11,COMERCIO REPARACION TRANSPORTE Y ALOJAMIENTO,S04
85,CASANARE,2010,733,7.33E+11,COMERCIO REPARACION TRANSPORTE Y ALOJAMIENTO,S04
85,CASANARE,2011,773,7.73E+11,COMERCIO REPARACION TRANSPORTE Y ALOJAMIENTO,S04
85,CASANARE,2012,809,8.09E+11,COMERCIO REPARACION TRANSPORTE Y ALOJAMIENTO,S04
85,CASANARE,2013,890,8.9E+11,COMERCIO REPARACION TRANSPORTE Y ALOJAMIENTO,S04
85,CASANARE,2014,991,9.91E+11,COMERCIO REPARACION TRANSPORTE Y ALOJAMIENTO,S04
85,CASANARE,2015,1082,1.082E+12,COMERCIO REPARACION TRANSPORTE Y ALOJAMIENTO,S04
85,CASANARE,2016p,1182,1.182E+12,COMERCIO REPARACION TRANSPORTE Y ALOJAMIENTO,S04
19,CAUCA,2000,414,4.14E+11,COMERCIO REPARACION TRANSPORTE Y ALOJAMIENTO,S04
19,CAUCA,2001,450,4.5E+11,COMERCIO REPARACION TRANSPORTE Y ALOJAMIENTO,S04
19,CAUCA,2002,481,4.81E+11,COMERCIO REPARACION TRANSPORTE Y ALOJAMIENTO,S04
19,CAUCA,2003,548,5.48E+11,COMERCIO REPARACION TRANSPORTE Y ALOJAMIENTO,S04
19,CAUCA,2004,604,6.04E+11,COMERCIO REPARACION TRANSPORTE Y ALOJAMIENTO,S04
19,CAUCA,2005,667,6.67E+11,COMERCIO REPARACION TRANSPORTE Y ALOJAMIENTO,S04
19,CAUCA,2006,774,7.74E+11,COMERCIO REPARACION TRANSPORTE Y ALOJAMIENTO,S04
19,CAUCA,2007,884,8.84E+11,COMERCIO REPARACION TRANSPORTE Y ALOJAMIENTO,S04
19,CAUCA,2008,946,9.46E+11,COMERCIO REPARACION TRANSPORTE Y ALOJAMIENTO,S04
19,CAUCA,2009,995,9.95E+11,COMERCIO REPARACION TRANSPORTE Y ALOJAMIENTO,S04
19,CAUCA,2010,1075,1.075E+12,COMERCIO REPARACION TRANSPORTE Y ALOJAMIENTO,S04
19,CAUCA,2011,1149,1.149E+12,COMERCIO REPARACION TRANSPORTE Y ALOJAMIENTO,S04
19,CAUCA,2012,1241,1.241E+12,COMERCIO REPARACION TRANSPORTE Y ALOJAMIENTO,S04
19,CAUCA,2013,1366,1.366E+12,COMERCIO REPARACION TRANSPORTE Y ALOJAMIENTO,S04
19,CAUCA,2014,1480,1.48E+12,COMERCIO REPARACION TRANSPORTE Y ALOJAMIENTO,S04
19,CAUCA,2015,1581,1.581E+12,COMERCIO REPARACION TRANSPORTE Y ALOJAMIENTO,S04
19,CAUCA,2016p,1721,1.721E+12,COMERCIO REPARACION TRANSPORTE Y ALOJAMIENTO,S04
20,CESAR,2000,573,5.73E+11,COMERCIO REPARACION TRANSPORTE Y ALOJAMIENTO,S04
20,CESAR,2001,633,6.33E+11,COMERCIO REPARACION TRANSPORTE Y ALOJAMIENTO,S04
20,CESAR,2002,682,6.82E+11,COMERCIO REPARACION TRANSPORTE Y ALOJAMIENTO,S04
20,CESAR,2003,757,7.57E+11,COMERCIO REPARACION TRANSPORTE Y ALOJAMIENTO,S04
20,CESAR,2004,830,8.3E+11,COMERCIO REPARACION TRANSPORTE Y ALOJAMIENTO,S04
20,CESAR,2005,887,8.87E+11,COMERCIO REPARACION TRANSPORTE Y ALOJAMIENTO,S04
20,CESAR,2006,1024,1.024E+12,COMERCIO REPARACION TRANSPORTE Y ALOJAMIENTO,S04
20,CESAR,2007,1178,1.178E+12,COMERCIO REPARACION TRANSPORTE Y ALOJAMIENTO,S04
20,CESAR,2008,1271,1.271E+12,COMERCIO REPARACION TRANSPORTE Y ALOJAMIENTO,S04
20,CESAR,2009,1304,1.304E+12,COMERCIO REPARACION TRANSPORTE Y ALOJAMIENTO,S04
20,CESAR,2010,1383,1.383E+12,COMERCIO REPARACION TRANSPORTE Y ALOJAMIENTO,S04
20,CESAR,2011,1474,1.474E+12,COMERCIO REPARACION TRANSPORTE Y ALOJAMIENTO,S04
20,CESAR,2012,1559,1.559E+12,COMERCIO REPARACION TRANSPORTE Y ALOJAMIENTO,S04
20,CESAR,2013,1711,1.711E+12,COMERCIO REPARACION TRANSPORTE Y ALOJAMIENTO,S04
20,CESAR,2014,1877,1.877E+12,COMERCIO REPARACION TRANSPORTE Y ALOJAMIENTO,S04
20,CESAR,2015,2085,2.085E+12,COMERCIO REPARACION TRANSPORTE Y ALOJAMIENTO,S04
20,CESAR,2016p,2258,2.258E+12,COMERCIO REPARACION TRANSPORTE Y ALOJAMIENTO,S04
27,CHOCO,2000,114,1.14E+11,COMERCIO REPARACION TRANSPORTE Y ALOJAMIENTO,S04
27,CHOCO,2001,114,1.14E+11,COMERCIO REPARACION TRANSPORTE Y ALOJAMIENTO,S04
27,CHOCO,2002,126,1.26E+11,COMERCIO REPARACION TRANSPORTE Y ALOJAMIENTO,S04
27,CHOCO,2003,135,1.35E+11,COMERCIO REPARACION TRANSPORTE Y ALOJAMIENTO,S04
27,CHOCO,2004,164,1.64E+11,COMERCIO REPARACION TRANSPORTE Y ALOJAMIENTO,S04
27,CHOCO,2005,186,1.86E+11,COMERCIO REPARACION TRANSPORTE Y ALOJAMIENTO,S04
27,CHOCO,2006,211,2.11E+11,COMERCIO REPARACION TRANSPORTE Y ALOJAMIENTO,S04
27,CHOCO,2007,254,2.54E+11,COMERCIO REPARACION TRANSPORTE Y ALOJAMIENTO,S04
27,CHOCO,2008,269,2.69E+11,COMERCIO REPARACION TRANSPORTE Y ALOJAMIENTO,S04
27,CHOCO,2009,279,2.79E+11,COMERCIO REPARACION TRANSPORTE Y ALOJAMIENTO,S04
27,CHOCO,2010,311,3.11E+11,COMERCIO REPARACION TRANSPORTE Y ALOJAMIENTO,S04
27,CHOCO,2011,333,3.33E+11,COMERCIO REPARACION TRANSPORTE Y ALOJAMIENTO,S04
27,CHOCO,2012,361,3.61E+11,COMERCIO REPARACION TRANSPORTE Y ALOJAMIENTO,S04
27,CHOCO,2013,394,3.94E+11,COMERCIO REPARACION TRANSPORTE Y ALOJAMIENTO,S04
27,CHOCO,2014,427,4.27E+11,COMERCIO REPARACION TRANSPORTE Y ALOJAMIENTO,S04
27,CHOCO,2015,460,4.6E+11,COMERCIO REPARACION TRANSPORTE Y ALOJAMIENTO,S04
27,CHOCO,2016p,507,5.07E+11,COMERCIO REPARACION TRANSPORTE Y ALOJAMIENTO,S04
23,CORDOBA,2000,825,8.25E+11,COMERCIO REPARACION TRANSPORTE Y ALOJAMIENTO,S04
23,CORDOBA,2001,897,8.97E+11,COMERCIO REPARACION TRANSPORTE Y ALOJAMIENTO,S04
23,CORDOBA,2002,889,8.89E+11,COMERCIO REPARACION TRANSPORTE Y ALOJAMIENTO,S04
23,CORDOBA,2003,991,9.91E+11,COMERCIO REPARACION TRANSPORTE Y ALOJAMIENTO,S04
23,CORDOBA,2004,1082,1.082E+12,COMERCIO REPARACION TRANSPORTE Y ALOJAMIENTO,S04
23,CORDOBA,2005,1152,1.152E+12,COMERCIO REPARACION TRANSPORTE Y ALOJAMIENTO,S04
23,CORDOBA,2006,1275,1.275E+12,COMERCIO REPARACION TRANSPORTE Y ALOJAMIENTO,S04
23,CORDOBA,2007,1444,1.444E+12,COMERCIO REPARACION TRANSPORTE Y ALOJAMIENTO,S04
23,CORDOBA,2008,1523,1.523E+12,COMERCIO REPARACION TRANSPORTE Y ALOJAMIENTO,S04
23,CORDOBA,2009,1599,1.599E+12,COMERCIO REPARACION TRANSPORTE Y ALOJAMIENTO,S04
23,CORDOBA,2010,1699,1.699E+12,COMERCIO REPARACION TRANSPORTE Y ALOJAMIENTO,S04
23,CORDOBA,2011,1803,1.803E+12,COMERCIO REPARACION TRANSPORTE Y ALOJAMIENTO,S04
23,CORDOBA,2012,1927,1.927E+12,COMERCIO REPARACION TRANSPORTE Y ALOJAMIENTO,S04
23,CORDOBA,2013,2173,2.173E+12,COMERCIO REPARACION TRANSPORTE Y ALOJAMIENTO,S04
23,CORDOBA,2014,2372,2.372E+12,COMERCIO REPARACION TRANSPORTE Y ALOJAMIENTO,S04
23,CORDOBA,2015,2620,2.62E+12,COMERCIO REPARACION TRANSPORTE Y ALOJAMIENTO,S04
23,CORDOBA,2016p,2844,2.844E+12,COMERCIO REPARACION TRANSPORTE Y ALOJAMIENTO,S04
25,CUNDINAMARCA,2000,2355,2.355E+12,COMERCIO REPARACION TRANSPORTE Y ALOJAMIENTO,S04
25,CUNDINAMARCA,2001,2605,2.605E+12,COMERCIO REPARACION TRANSPORTE Y ALOJAMIENTO,S04
25,CUNDINAMARCA,2002,2721,2.721E+12,COMERCIO REPARACION TRANSPORTE Y ALOJAMIENTO,S04
25,CUNDINAMARCA,2003,2854,2.854E+12,COMERCIO REPARACION TRANSPORTE Y ALOJAMIENTO,S04
25,CUNDINAMARCA,2004,3091,3.091E+12,COMERCIO REPARACION TRANSPORTE Y ALOJAMIENTO,S04
25,CUNDINAMARCA,2005,3381,3.381E+12,COMERCIO REPARACION TRANSPORTE Y ALOJAMIENTO,S04
25,CUNDINAMARCA,2006,3754,3.754E+12,COMERCIO REPARACION TRANSPORTE Y ALOJAMIENTO,S04
25,CUNDINAMARCA,2007,4294,4.294E+12,COMERCIO REPARACION TRANSPORTE Y ALOJAMIENTO,S04
25,CUNDINAMARCA,2008,4591,4.591E+12,COMERCIO REPARACION TRANSPORTE Y ALOJAMIENTO,S04
25,CUNDINAMARCA,2009,4867,4.867E+12,COMERCIO REPARACION TRANSPORTE Y ALOJAMIENTO,S04
25,CUNDINAMARCA,2010,5145,5.145E+12,COMERCIO REPARACION TRANSPORTE Y ALOJAMIENTO,S04
25,CUNDINAMARCA,2011,5539,5.539E+12,COMERCIO REPARACION TRANSPORTE Y ALOJAMIENTO,S04
25,CUNDINAMARCA,2012,5923,5.923E+12,COMERCIO REPARACION TRANSPORTE Y ALOJAMIENTO,S04
25,CUNDINAMARCA,2013,6544,6.544E+12,COMERCIO REPARACION TRANSPORTE Y ALOJAMIENTO,S04
25,CUNDINAMARCA,2014,7085,7.085E+12,COMERCIO REPARACION TRANSPORTE Y ALOJAMIENTO,S04
25,CUNDINAMARCA,2015,7869,7.869E+12,COMERCIO REPARACION TRANSPORTE Y ALOJAMIENTO,S04
25,CUNDINAMARCA,2016p,8491,8.491E+12,COMERCIO REPARACION TRANSPORTE Y ALOJAMIENTO,S04
94,GUAINIA,2000,10,10000000000,COMERCIO REPARACION TRANSPORTE Y ALOJAMIENTO,S04
94,GUAINIA,2001,12,12000000000,COMERCIO REPARACION TRANSPORTE Y ALOJAMIENTO,S04
94,GUAINIA,2002,12,12000000000,COMERCIO REPARACION TRANSPORTE Y ALOJAMIENTO,S04
94,GUAINIA,2003,12,12000000000,COMERCIO REPARACION TRANSPORTE Y ALOJAMIENTO,S04
94,GUAINIA,2004,17,17000000000,COMERCIO REPARACION TRANSPORTE Y ALOJAMIENTO,S04
94,GUAINIA,2005,21,21000000000,COMERCIO REPARACION TRANSPORTE Y ALOJAMIENTO,S04
94,GUAINIA,2006,23,23000000000,COMERCIO REPARACION TRANSPORTE Y ALOJAMIENTO,S04
94,GUAINIA,2007,27,27000000000,COMERCIO REPARACION TRANSPORTE Y ALOJAMIENTO,S04
94,GUAINIA,2008,32,32000000000,COMERCIO REPARACION TRANSPORTE Y ALOJAMIENTO,S04
94,GUAINIA,2009,33,33000000000,COMERCIO REPARACION TRANSPORTE Y ALOJAMIENTO,S04
94,GUAINIA,2010,32,32000000000,COMERCIO REPARACION TRANSPORTE Y ALOJAMIENTO,S04
94,GUAINIA,2011,34,34000000000,COMERCIO REPARACION TRANSPORTE Y ALOJAMIENTO,S04
94,GUAINIA,2012,38,38000000000,COMERCIO REPARACION TRANSPORTE Y ALOJAMIENTO,S04
94,GUAINIA,2013,40,40000000000,COMERCIO REPARACION TRANSPORTE Y ALOJAMIENTO,S04
94,GUAINIA,2014,43,43000000000,COMERCIO REPARACION TRANSPORTE Y ALOJAMIENTO,S04
94,GUAINIA,2015,49,49000000000,COMERCIO REPARACION TRANSPORTE Y ALOJAMIENTO,S04
94,GUAINIA,2016p,53,53000000000,COMERCIO REPARACION TRANSPORTE Y ALOJAMIENTO,S04
95,GUAVIARE,2000,60,60000000000,COMERCIO REPARACION TRANSPORTE Y ALOJAMIENTO,S04
95,GUAVIARE,2001,73,73000000000,COMERCIO REPARACION TRANSPORTE Y ALOJAMIENTO,S04
95,GUAVIARE,2002,77,77000000000,COMERCIO REPARACION TRANSPORTE Y ALOJAMIENTO,S04
95,GUAVIARE,2003,61,61000000000,COMERCIO REPARACION TRANSPORTE Y ALOJAMIENTO,S04
95,GUAVIARE,2004,58,58000000000,COMERCIO REPARACION TRANSPORTE Y ALOJAMIENTO,S04
95,GUAVIARE,2005,67,67000000000,COMERCIO REPARACION TRANSPORTE Y ALOJAMIENTO,S04
95,GUAVIARE,2006,86,86000000000,COMERCIO REPARACION TRANSPORTE Y ALOJAMIENTO,S04
95,GUAVIARE,2007,110,1.1E+11,COMERCIO REPARACION TRANSPORTE Y ALOJAMIENTO,S04
95,GUAVIARE,2008,116,1.16E+11,COMERCIO REPARACION TRANSPORTE Y ALOJAMIENTO,S04
95,GUAVIARE,2009,116,1.16E+11,COMERCIO REPARACION TRANSPORTE Y ALOJAMIENTO,S04
95,GUAVIARE,2010,116,1.16E+11,COMERCIO REPARACION TRANSPORTE Y ALOJAMIENTO,S04
95,GUAVIARE,2011,128,1.28E+11,COMERCIO REPARACION TRANSPORTE Y ALOJAMIENTO,S04
95,GUAVIARE,2012,133,1.33E+11,COMERCIO REPARACION TRANSPORTE Y ALOJAMIENTO,S04
95,GUAVIARE,2013,142,1.42E+11,COMERCIO REPARACION TRANSPORTE Y ALOJAMIENTO,S04
95,GUAVIARE,2014,151,1.51E+11,COMERCIO REPARACION TRANSPORTE Y ALOJAMIENTO,S04
95,GUAVIARE,2015,167,1.67E+11,COMERCIO REPARACION TRANSPORTE Y ALOJAMIENTO,S04
95,GUAVIARE,2016p,182,1.82E+11,COMERCIO REPARACION TRANSPORTE Y ALOJAMIENTO,S04
41,HUILA,2000,843,8.43E+11,COMERCIO REPARACION TRANSPORTE Y ALOJAMIENTO,S04
41,HUILA,2001,854,8.54E+11,COMERCIO REPARACION TRANSPORTE Y ALOJAMIENTO,S04
41,HUILA,2002,879,8.79E+11,COMERCIO REPARACION TRANSPORTE Y ALOJAMIENTO,S04
41,HUILA,2003,926,9.26E+11,COMERCIO REPARACION TRANSPORTE Y ALOJAMIENTO,S04
41,HUILA,2004,1084,1.084E+12,COMERCIO REPARACION TRANSPORTE Y ALOJAMIENTO,S04
41,HUILA,2005,1084,1.084E+12,COMERCIO REPARACION TRANSPORTE Y ALOJAMIENTO,S04
41,HUILA,2006,1210,1.21E+12,COMERCIO REPARACION TRANSPORTE Y ALOJAMIENTO,S04
41,HUILA,2007,1373,1.373E+12,COMERCIO REPARACION TRANSPORTE Y ALOJAMIENTO,S04
41,HUILA,2008,1503,1.503E+12,COMERCIO REPARACION TRANSPORTE Y ALOJAMIENTO,S04
41,HUILA,2009,1655,1.655E+12,COMERCIO REPARACION TRANSPORTE Y ALOJAMIENTO,S04
41,HUILA,2010,1711,1.711E+12,COMERCIO REPARACION TRANSPORTE Y ALOJAMIENTO,S04
41,HUILA,2011,1985,1.985E+12,COMERCIO REPARACION TRANSPORTE Y ALOJAMIENTO,S04
41,HUILA,2012,2099,2.099E+12,COMERCIO REPARACION TRANSPORTE Y ALOJAMIENTO,S04
41,HUILA,2013,2670,2.67E+12,COMERCIO REPARACION TRANSPORTE Y ALOJAMIENTO,S04
41,HUILA,2014,2996,2.996E+12,COMERCIO REPARACION TRANSPORTE Y ALOJAMIENTO,S04
41,HUILA,2015,3504,3.504E+12,COMERCIO REPARACION TRANSPORTE Y ALOJAMIENTO,S04
41,HUILA,2016p,3766,3.766E+12,COMERCIO REPARACION TRANSPORTE Y ALOJAMIENTO,S04
44,LA GUAJIRA,2000,219,2.19E+11,COMERCIO REPARACION TRANSPORTE Y ALOJAMIENTO,S04
44,LA GUAJIRA,2001,284,2.84E+11,COMERCIO REPARACION TRANSPORTE Y ALOJAMIENTO,S04
44,LA GUAJIRA,2002,260,2.6E+11,COMERCIO REPARACION TRANSPORTE Y ALOJAMIENTO,S04
44,LA GUAJIRA,2003,332,3.32E+11,COMERCIO REPARACION TRANSPORTE Y ALOJAMIENTO,S04
44,LA GUAJIRA,2004,339,3.39E+11,COMERCIO REPARACION TRANSPORTE Y ALOJAMIENTO,S04
44,LA GUAJIRA,2005,338,3.38E+11,COMERCIO REPARACION TRANSPORTE Y ALOJAMIENTO,S04
44,LA GUAJIRA,2006,383,3.83E+11,COMERCIO REPARACION TRANSPORTE Y ALOJAMIENTO,S04
44,LA GUAJIRA,2007,447,4.47E+11,COMERCIO REPARACION TRANSPORTE Y ALOJAMIENTO,S04
44,LA GUAJIRA,2008,481,4.81E+11,COMERCIO REPARACION TRANSPORTE Y ALOJAMIENTO,S04
44,LA GUAJIRA,2009,522,5.22E+11,COMERCIO REPARACION TRANSPORTE Y ALOJAMIENTO,S04
44,LA GUAJIRA,2010,591,5.91E+11,COMERCIO REPARACION TRANSPORTE Y ALOJAMIENTO,S04
44,LA GUAJIRA,2011,642,6.42E+11,COMERCIO REPARACION TRANSPORTE Y ALOJAMIENTO,S04
44,LA GUAJIRA,2012,719,7.19E+11,COMERCIO REPARACION TRANSPORTE Y ALOJAMIENTO,S04
44,LA GUAJIRA,2013,821,8.21E+11,COMERCIO REPARACION TRANSPORTE Y ALOJAMIENTO,S04
44,LA GUAJIRA,2014,913,9.13E+11,COMERCIO REPARACION TRANSPORTE Y ALOJAMIENTO,S04
44,LA GUAJIRA,2015,1039,1.039E+12,COMERCIO REPARACION TRANSPORTE Y ALOJAMIENTO,S04
44,LA GUAJIRA,2016p,1149,1.149E+12,COMERCIO REPARACION TRANSPORTE Y ALOJAMIENTO,S04
47,MAGDALENA,2000,797,7.97E+11,COMERCIO REPARACION TRANSPORTE Y ALOJAMIENTO,S04
47,MAGDALENA,2001,884,8.84E+11,COMERCIO REPARACION TRANSPORTE Y ALOJAMIENTO,S04
47,MAGDALENA,2002,915,9.15E+11,COMERCIO REPARACION TRANSPORTE Y ALOJAMIENTO,S04
47,MAGDALENA,2003,992,9.92E+11,COMERCIO REPARACION TRANSPORTE Y ALOJAMIENTO,S04
47,MAGDALENA,2004,1114,1.114E+12,COMERCIO REPARACION TRANSPORTE Y ALOJAMIENTO,S04
47,MAGDALENA,2005,1125,1.125E+12,COMERCIO REPARACION TRANSPORTE Y ALOJAMIENTO,S04
47,MAGDALENA,2006,1255,1.255E+12,COMERCIO REPARACION TRANSPORTE Y ALOJAMIENTO,S04
47,MAGDALENA,2007,1438,1.438E+12,COMERCIO REPARACION TRANSPORTE Y ALOJAMIENTO,S04
47,MAGDALENA,2008,1604,1.604E+12,COMERCIO REPARACION TRANSPORTE Y ALOJAMIENTO,S04
47,MAGDALENA,2009,1740,1.74E+12,COMERCIO REPARACION TRANSPORTE Y ALOJAMIENTO,S04
47,MAGDALENA,2010,1879,1.879E+12,COMERCIO REPARACION TRANSPORTE Y ALOJAMIENTO,S04
47,MAGDALENA,2011,1818,1.818E+12,COMERCIO REPARACION TRANSPORTE Y ALOJAMIENTO,S04
47,MAGDALENA,2012,1945,1.945E+12,COMERCIO REPARACION TRANSPORTE Y ALOJAMIENTO,S04
47,MAGDALENA,2013,2118,2.118E+12,COMERCIO REPARACION TRANSPORTE Y ALOJAMIENTO,S04
47,MAGDALENA,2014,2303,2.303E+12,COMERCIO REPARACION TRANSPORTE Y ALOJAMIENTO,S04
47,MAGDALENA,2015,2548,2.548E+12,COMERCIO REPARACION TRANSPORTE Y ALOJAMIENTO,S04
47,MAGDALENA,2016p,2727,2.727E+12,COMERCIO REPARACION TRANSPORTE Y ALOJAMIENTO,S04
50,META,2000,802,8.02E+11,COMERCIO REPARACION TRANSPORTE Y ALOJAMIENTO,S04
50,META,2001,863,8.63E+11,COMERCIO REPARACION TRANSPORTE Y ALOJAMIENTO,S04
50,META,2002,895,8.95E+11,COMERCIO REPARACION TRANSPORTE Y ALOJAMIENTO,S04
50,META,2003,986,9.86E+11,COMERCIO REPARACION TRANSPORTE Y ALOJAMIENTO,S04
50,META,2004,1064,1.064E+12,COMERCIO REPARACION TRANSPORTE Y ALOJAMIENTO,S04
50,META,2005,1169,1.169E+12,COMERCIO REPARACION TRANSPORTE Y ALOJAMIENTO,S04
50,META,2006,1344,1.344E+12,COMERCIO REPARACION TRANSPORTE Y ALOJAMIENTO,S04
50,META,2007,1539,1.539E+12,COMERCIO REPARACION TRANSPORTE Y ALOJAMIENTO,S04
50,META,2008,1607,1.607E+12,COMERCIO REPARACION TRANSPORTE Y ALOJAMIENTO,S04
50,META,2009,1730,1.73E+12,COMERCIO REPARACION TRANSPORTE Y ALOJAMIENTO,S04
50,META,2010,1893,1.893E+12,COMERCIO REPARACION TRANSPORTE Y ALOJAMIENTO,S04
50,META,2011,2048,2.048E+12,COMERCIO REPARACION TRANSPORTE Y ALOJAMIENTO,S04
50,META,2012,2148,2.148E+12,COMERCIO REPARACION TRANSPORTE Y ALOJAMIENTO,S04
50,META,2013,2337,2.337E+12,COMERCIO REPARACION TRANSPORTE Y ALOJAMIENTO,S04
50,META,2014,2568,2.568E+12,COMERCIO REPARACION TRANSPORTE Y ALOJAMIENTO,S04
50,META,2015,2828,2.828E+12,COMERCIO REPARACION TRANSPORTE Y ALOJAMIENTO,S04
50,META,2016p,3070,3.07E+12,COMERCIO REPARACION TRANSPORTE Y ALOJAMIENTO,S04
52,NARINO,2000,852,8.52E+11,COMERCIO REPARACION TRANSPORTE Y ALOJAMIENTO,S04
52,NARINO,2001,945,9.45E+11,COMERCIO REPARACION TRANSPORTE Y ALOJAMIENTO,S04
52,NARINO,2002,1036,1.036E+12,COMERCIO REPARACION TRANSPORTE Y ALOJAMIENTO,S04
52,NARINO,2003,1159,1.159E+12,COMERCIO REPARACION TRANSPORTE Y ALOJAMIENTO,S04
52,NARINO,2004,1310,1.31E+12,COMERCIO REPARACION TRANSPORTE Y ALOJAMIENTO,S04
52,NARINO,2005,1419,1.419E+12,COMERCIO REPARACION TRANSPORTE Y ALOJAMIENTO,S04
52,NARINO,2006,1600,1.6E+12,COMERCIO REPARACION TRANSPORTE Y ALOJAMIENTO,S04
52,NARINO,2007,1805,1.805E+12,COMERCIO REPARACION TRANSPORTE Y ALOJAMIENTO,S04
52,NARINO,2008,1888,1.888E+12,COMERCIO REPARACION TRANSPORTE Y ALOJAMIENTO,S04
52,NARINO,2009,1972,1.972E+12,COMERCIO REPARACION TRANSPORTE Y ALOJAMIENTO,S04
52,NARINO,2010,2067,2.067E+12,COMERCIO REPARACION TRANSPORTE Y ALOJAMIENTO,S04
52,NARINO,2011,2263,2.263E+12,COMERCIO REPARACION TRANSPORTE Y ALOJAMIENTO,S04
52,NARINO,2012,2369,2.369E+12,COMERCIO REPARACION TRANSPORTE Y ALOJAMIENTO,S04
52,NARINO,2013,2577,2.577E+12,COMERCIO REPARACION TRANSPORTE Y ALOJAMIENTO,S04
52,NARINO,2014,2790,2.79E+12,COMERCIO REPARACION TRANSPORTE Y ALOJAMIENTO,S04
52,NARINO,2015,3052,3.052E+12,COMERCIO REPARACION TRANSPORTE Y ALOJAMIENTO,S04
52,NARINO,2016p,3350,3.35E+12,COMERCIO REPARACION TRANSPORTE Y ALOJAMIENTO,S04
54,NORTE DE SANTANDER,2000,909,9.09E+11,COMERCIO REPARACION TRANSPORTE Y ALOJAMIENTO,S04
54,NORTE DE SANTANDER,2001,1080,1.08E+12,COMERCIO REPARACION TRANSPORTE Y ALOJAMIENTO,S04
54,NORTE DE SANTANDER,2002,1129,1.129E+12,COMERCIO REPARACION TRANSPORTE Y ALOJAMIENTO,S04
54,NORTE DE SANTANDER,2003,1108,1.108E+12,COMERCIO REPARACION TRANSPORTE Y ALOJAMIENTO,S04
54,NORTE DE SANTANDER,2004,1238,1.238E+12,COMERCIO REPARACION TRANSPORTE Y ALOJAMIENTO,S04
54,NORTE DE SANTANDER,2005,1287,1.287E+12,COMERCIO REPARACION TRANSPORTE Y ALOJAMIENTO,S04
54,NORTE DE SANTANDER,2006,1521,1.521E+12,COMERCIO REPARACION TRANSPORTE Y ALOJAMIENTO,S04
54,NORTE DE SANTANDER,2007,1784,1.784E+12,COMERCIO REPARACION TRANSPORTE Y ALOJAMIENTO,S04
54,NORTE DE SANTANDER,2008,1907,1.907E+12,COMERCIO REPARACION TRANSPORTE Y ALOJAMIENTO,S04
54,NORTE DE SANTANDER,2009,1947,1.947E+12,COMERCIO REPARACION TRANSPORTE Y ALOJAMIENTO,S04
54,NORTE DE SANTANDER,2010,1980,1.98E+12,COMERCIO REPARACION TRANSPORTE Y ALOJAMIENTO,S04
54,NORTE DE SANTANDER,2011,2140,2.14E+12,COMERCIO REPARACION TRANSPORTE Y ALOJAMIENTO,S04
54,NORTE DE SANTANDER,2012,2205,2.205E+12,COMERCIO REPARACION TRANSPORTE Y ALOJAMIENTO,S04
54,NORTE DE SANTANDER,2013,2361,2.361E+12,COMERCIO REPARACION TRANSPORTE Y ALOJAMIENTO,S04
54,NORTE DE SANTANDER,2014,2548,2.548E+12,COMERCIO REPARACION TRANSPORTE Y ALOJAMIENTO,S04
54,NORTE DE SANTANDER,2015,2739,2.739E+12,COMERCIO REPARACION TRANSPORTE Y ALOJAMIENTO,S04
54,NORTE DE SANTANDER,2016p,2930,2.93E+12,COMERCIO REPARACION TRANSPORTE Y ALOJAMIENTO,S04
86,PUTUMAYO,2000,209,2.09E+11,COMERCIO REPARACION TRANSPORTE Y ALOJAMIENTO,S04
86,PUTUMAYO,2001,187,1.87E+11,COMERCIO REPARACION TRANSPORTE Y ALOJAMIENTO,S04
86,PUTUMAYO,2002,129,1.29E+11,COMERCIO REPARACION TRANSPORTE Y ALOJAMIENTO,S04
86,PUTUMAYO,2003,126,1.26E+11,COMERCIO REPARACION TRANSPORTE Y ALOJAMIENTO,S04
86,PUTUMAYO,2004,137,1.37E+11,COMERCIO REPARACION TRANSPORTE Y ALOJAMIENTO,S04
86,PUTUMAYO,2005,163,1.63E+11,COMERCIO REPARACION TRANSPORTE Y ALOJAMIENTO,S04
86,PUTUMAYO,2006,208,2.08E+11,COMERCIO REPARACION TRANSPORTE Y ALOJAMIENTO,S04
86,PUTUMAYO,2007,257,2.57E+11,COMERCIO REPARACION TRANSPORTE Y ALOJAMIENTO,S04
86,PUTUMAYO,2008,277,2.77E+11,COMERCIO REPARACION TRANSPORTE Y ALOJAMIENTO,S04
86,PUTUMAYO,2009,293,2.93E+11,COMERCIO REPARACION TRANSPORTE Y ALOJAMIENTO,S04
86,PUTUMAYO,2010,289,2.89E+11,COMERCIO REPARACION TRANSPORTE Y ALOJAMIENTO,S04
86,PUTUMAYO,2011,315,3.15E+11,COMERCIO REPARACION TRANSPORTE Y ALOJAMIENTO,S04
86,PUTUMAYO,2012,332,3.32E+11,COMERCIO REPARACION TRANSPORTE Y ALOJAMIENTO,S04
86,PUTUMAYO,2013,364,3.64E+11,COMERCIO REPARACION TRANSPORTE Y ALOJAMIENTO,S04
86,PUTUMAYO,2014,394,3.94E+11,COMERCIO REPARACION TRANSPORTE Y ALOJAMIENTO,S04
86,PUTUMAYO,2015,425,4.25E+11,COMERCIO REPARACION TRANSPORTE Y ALOJAMIENTO,S04
86,PUTUMAYO,2016p,465,4.65E+11,COMERCIO REPARACION TRANSPORTE Y ALOJAMIENTO,S04
63,QUINDIO,2000,519,5.19E+11,COMERCIO REPARACION TRANSPORTE Y ALOJAMIENTO,S04
63,QUINDIO,2001,581,5.81E+11,COMERCIO REPARACION TRANSPORTE Y ALOJAMIENTO,S04
63,QUINDIO,2002,584,5.84E+11,COMERCIO REPARACION TRANSPORTE Y ALOJAMIENTO,S04
63,QUINDIO,2003,558,5.58E+11,COMERCIO REPARACION TRANSPORTE Y ALOJAMIENTO,S04
63,QUINDIO,2004,562,5.62E+11,COMERCIO REPARACION TRANSPORTE Y ALOJAMIENTO,S04
63,QUINDIO,2005,637,6.37E+11,COMERCIO REPARACION TRANSPORTE Y ALOJAMIENTO,S04
63,QUINDIO,2006,725,7.25E+11,COMERCIO REPARACION TRANSPORTE Y ALOJAMIENTO,S04
63,QUINDIO,2007,809,8.09E+11,COMERCIO REPARACION TRANSPORTE Y ALOJAMIENTO,S04
63,QUINDIO,2008,862,8.62E+11,COMERCIO REPARACION TRANSPORTE Y ALOJAMIENTO,S04
63,QUINDIO,2009,877,8.77E+11,COMERCIO REPARACION TRANSPORTE Y ALOJAMIENTO,S04
63,QUINDIO,2010,926,9.26E+11,COMERCIO REPARACION TRANSPORTE Y ALOJAMIENTO,S04
63,QUINDIO,2011,983,9.83E+11,COMERCIO REPARACION TRANSPORTE Y ALOJAMIENTO,S04
63,QUINDIO,2012,1059,1.059E+12,COMERCIO REPARACION TRANSPORTE Y ALOJAMIENTO,S04
63,QUINDIO,2013,1136,1.136E+12,COMERCIO REPARACION TRANSPORTE Y ALOJAMIENTO,S04
63,QUINDIO,2014,1225,1.225E+12,COMERCIO REPARACION TRANSPORTE Y ALOJAMIENTO,S04
63,QUINDIO,2015,1339,1.339E+12,COMERCIO REPARACION TRANSPORTE Y ALOJAMIENTO,S04
63,QUINDIO,2016p,1471,1.471E+12,COMERCIO REPARACION TRANSPORTE Y ALOJAMIENTO,S04
66,RISARALDA,2000,732,7.32E+11,COMERCIO REPARACION TRANSPORTE Y ALOJAMIENTO,S04
66,RISARALDA,2001,769,7.69E+11,COMERCIO REPARACION TRANSPORTE Y ALOJAMIENTO,S04
66,RISARALDA,2002,791,7.91E+11,COMERCIO REPARACION TRANSPORTE Y ALOJAMIENTO,S04
66,RISARALDA,2003,856,8.56E+11,COMERCIO REPARACION TRANSPORTE Y ALOJAMIENTO,S04
66,RISARALDA,2004,960,9.6E+11,COMERCIO REPARACION TRANSPORTE Y ALOJAMIENTO,S04
66,RISARALDA,2005,1045,1.045E+12,COMERCIO REPARACION TRANSPORTE Y ALOJAMIENTO,S04
66,RISARALDA,2006,1188,1.188E+12,COMERCIO REPARACION TRANSPORTE Y ALOJAMIENTO,S04
66,RISARALDA,2007,1347,1.347E+12,COMERCIO REPARACION TRANSPORTE Y ALOJAMIENTO,S04
66,RISARALDA,2008,1414,1.414E+12,COMERCIO REPARACION TRANSPORTE Y ALOJAMIENTO,S04
66,RISARALDA,2009,1494,1.494E+12,COMERCIO REPARACION TRANSPORTE Y ALOJAMIENTO,S04
66,RISARALDA,2010,1584,1.584E+12,COMERCIO REPARACION TRANSPORTE Y ALOJAMIENTO,S04
66,RISARALDA,2011,1705,1.705E+12,COMERCIO REPARACION TRANSPORTE Y ALOJAMIENTO,S04
66,RISARALDA,2012,1808,1.808E+12,COMERCIO REPARACION TRANSPORTE Y ALOJAMIENTO,S04
66,RISARALDA,2013,1956,1.956E+12,COMERCIO REPARACION TRANSPORTE Y ALOJAMIENTO,S04
66,RISARALDA,2014,2134,2.134E+12,COMERCIO REPARACION TRANSPORTE Y ALOJAMIENTO,S04
66,RISARALDA,2015,2331,2.331E+12,COMERCIO REPARACION TRANSPORTE Y ALOJAMIENTO,S04
66,RISARALDA,2016p,2525,2.525E+12,COMERCIO REPARACION TRANSPORTE Y ALOJAMIENTO,S04
88,ARCHIPIELAGO DE SAN ANDRES PROVIDENCIA Y SANTA CATALINA,2000,189,1.89E+11,COMERCIO REPARACION TRANSPORTE Y ALOJAMIENTO,S04
88,ARCHIPIELAGO DE SAN ANDRES PROVIDENCIA Y SANTA CATALINA,2001,190,1.9E+11,COMERCIO REPARACION TRANSPORTE Y ALOJAMIENTO,S04
88,ARCHIPIELAGO DE SAN ANDRES PROVIDENCIA Y SANTA CATALINA,2002,223,2.23E+11,COMERCIO REPARACION TRANSPORTE Y ALOJAMIENTO,S04
88,ARCHIPIELAGO DE SAN ANDRES PROVIDENCIA Y SANTA CATALINA,2003,243,2.43E+11,COMERCIO REPARACION TRANSPORTE Y ALOJAMIENTO,S04
88,ARCHIPIELAGO DE SAN ANDRES PROVIDENCIA Y SANTA CATALINA,2004,263,2.63E+11,COMERCIO REPARACION TRANSPORTE Y ALOJAMIENTO,S04
88,ARCHIPIELAGO DE SAN ANDRES PROVIDENCIA Y SANTA CATALINA,2005,270,2.7E+11,COMERCIO REPARACION TRANSPORTE Y ALOJAMIENTO,S04
88,ARCHIPIELAGO DE SAN ANDRES PROVIDENCIA Y SANTA CATALINA,2006,305,3.05E+11,COMERCIO REPARACION TRANSPORTE Y ALOJAMIENTO,S04
88,ARCHIPIELAGO DE SAN ANDRES PROVIDENCIA Y SANTA CATALINA,2007,358,3.58E+11,COMERCIO REPARACION TRANSPORTE Y ALOJAMIENTO,S04
88,ARCHIPIELAGO DE SAN ANDRES PROVIDENCIA Y SANTA CATALINA,2008,376,3.76E+11,COMERCIO REPARACION TRANSPORTE Y ALOJAMIENTO,S04
88,ARCHIPIELAGO DE SAN ANDRES PROVIDENCIA Y SANTA CATALINA,2009,398,3.98E+11,COMERCIO REPARACION TRANSPORTE Y ALOJAMIENTO,S04
88,ARCHIPIELAGO DE SAN ANDRES PROVIDENCIA Y SANTA CATALINA,2010,408,4.08E+11,COMERCIO REPARACION TRANSPORTE Y ALOJAMIENTO,S04
88,ARCHIPIELAGO DE SAN ANDRES PROVIDENCIA Y SANTA CATALINA,2011,439,4.39E+11,COMERCIO REPARACION TRANSPORTE Y ALOJAMIENTO,S04
88,ARCHIPIELAGO DE SAN ANDRES PROVIDENCIA Y SANTA CATALINA,2012,477,4.77E+11,COMERCIO REPARACION TRANSPORTE Y ALOJAMIENTO,S04
88,ARCHIPIELAGO DE SAN ANDRES PROVIDENCIA Y SANTA CATALINA,2013,529,5.29E+11,COMERCIO REPARACION TRANSPORTE Y ALOJAMIENTO,S04
88,ARCHIPIELAGO DE SAN ANDRES PROVIDENCIA Y SANTA CATALINA,2014,568,5.68E+11,COMERCIO REPARACION TRANSPORTE Y ALOJAMIENTO,S04
88,ARCHIPIELAGO DE SAN ANDRES PROVIDENCIA Y SANTA CATALINA,2015,643,6.43E+11,COMERCIO REPARACION TRANSPORTE Y ALOJAMIENTO,S04
88,ARCHIPIELAGO DE SAN ANDRES PROVIDENCIA Y SANTA CATALINA,2016p,679,6.79E+11,COMERCIO REPARACION TRANSPORTE Y ALOJAMIENTO,S04
68,SANTANDER,2000,2002,2.002E+12,COMERCIO REPARACION TRANSPORTE Y ALOJAMIENTO,S04
68,SANTANDER,2001,2262,2.262E+12,COMERCIO REPARACION TRANSPORTE Y ALOJAMIENTO,S04
68,SANTANDER,2002,2459,2.459E+12,COMERCIO REPARACION TRANSPORTE Y ALOJAMIENTO,S04
68,SANTANDER,2003,2796,2.796E+12,COMERCIO REPARACION TRANSPORTE Y ALOJAMIENTO,S04
68,SANTANDER,2004,3104,3.104E+12,COMERCIO REPARACION TRANSPORTE Y ALOJAMIENTO,S04
68,SANTANDER,2005,3485,3.485E+12,COMERCIO REPARACION TRANSPORTE Y ALOJAMIENTO,S04
68,SANTANDER,2006,3942,3.942E+12,COMERCIO REPARACION TRANSPORTE Y ALOJAMIENTO,S04
68,SANTANDER,2007,4480,4.48E+12,COMERCIO REPARACION TRANSPORTE Y ALOJAMIENTO,S04
68,SANTANDER,2008,4751,4.751E+12,COMERCIO REPARACION TRANSPORTE Y ALOJAMIENTO,S04
68,SANTANDER,2009,4971,4.971E+12,COMERCIO REPARACION TRANSPORTE Y ALOJAMIENTO,S04
68,SANTANDER,2010,5206,5.206E+12,COMERCIO REPARACION TRANSPORTE Y ALOJAMIENTO,S04
68,SANTANDER,2011,5616,5.616E+12,COMERCIO REPARACION TRANSPORTE Y ALOJAMIENTO,S04
68,SANTANDER,2012,5915,5.915E+12,COMERCIO REPARACION TRANSPORTE Y ALOJAMIENTO,S04
68,SANTANDER,2013,6881,6.881E+12,COMERCIO REPARACION TRANSPORTE Y ALOJAMIENTO,S04
68,SANTANDER,2014,7784,7.784E+12,COMERCIO REPARACION TRANSPORTE Y ALOJAMIENTO,S04
68,SANTANDER,2015,9204,9.204E+12,COMERCIO REPARACION TRANSPORTE Y ALOJAMIENTO,S04
68,SANTANDER,2016p,9893,9.893E+12,COMERCIO REPARACION TRANSPORTE Y ALOJAMIENTO,S04
70,SUCRE,2000,389,3.89E+11,COMERCIO REPARACION TRANSPORTE Y ALOJAMIENTO,S04
70,SUCRE,2001,406,4.06E+11,COMERCIO REPARACION TRANSPORTE Y ALOJAMIENTO,S04
70,SUCRE,2002,427,4.27E+11,COMERCIO REPARACION TRANSPORTE Y ALOJAMIENTO,S04
70,SUCRE,2003,448,4.48E+11,COMERCIO REPARACION TRANSPORTE Y ALOJAMIENTO,S04
70,SUCRE,2004,539,5.39E+11,COMERCIO REPARACION TRANSPORTE Y ALOJAMIENTO,S04
70,SUCRE,2005,606,6.06E+11,COMERCIO REPARACION TRANSPORTE Y ALOJAMIENTO,S04
70,SUCRE,2006,695,6.95E+11,COMERCIO REPARACION TRANSPORTE Y ALOJAMIENTO,S04
70,SUCRE,2007,800,8E+11,COMERCIO REPARACION TRANSPORTE Y ALOJAMIENTO,S04
70,SUCRE,2008,863,8.63E+11,COMERCIO REPARACION TRANSPORTE Y ALOJAMIENTO,S04
70,SUCRE,2009,897,8.97E+11,COMERCIO REPARACION TRANSPORTE Y ALOJAMIENTO,S04
70,SUCRE,2010,939,9.39E+11,COMERCIO REPARACION TRANSPORTE Y ALOJAMIENTO,S04
70,SUCRE,2011,1040,1.04E+12,COMERCIO REPARACION TRANSPORTE Y ALOJAMIENTO,S04
70,SUCRE,2012,1107,1.107E+12,COMERCIO REPARACION TRANSPORTE Y ALOJAMIENTO,S04
70,SUCRE,2013,1189,1.189E+12,COMERCIO REPARACION TRANSPORTE Y ALOJAMIENTO,S04
70,SUCRE,2014,1296,1.296E+12,COMERCIO REPARACION TRANSPORTE Y ALOJAMIENTO,S04
70,SUCRE,2015,1399,1.399E+12,COMERCIO REPARACION TRANSPORTE Y ALOJAMIENTO,S04
70,SUCRE,2016p,1520,1.52E+12,COMERCIO REPARACION TRANSPORTE Y ALOJAMIENTO,S04
73,TOLIMA,2000,1041,1.041E+12,COMERCIO REPARACION TRANSPORTE Y ALOJAMIENTO,S04
73,TOLIMA,2001,1124,1.124E+12,COMERCIO REPARACION TRANSPORTE Y ALOJAMIENTO,S04
73,TOLIMA,2002,1138,1.138E+12,COMERCIO REPARACION TRANSPORTE Y ALOJAMIENTO,S04
73,TOLIMA,2003,1156,1.156E+12,COMERCIO REPARACION TRANSPORTE Y ALOJAMIENTO,S04
73,TOLIMA,2004,1328,1.328E+12,COMERCIO REPARACION TRANSPORTE Y ALOJAMIENTO,S04
73,TOLIMA,2005,1388,1.388E+12,COMERCIO REPARACION TRANSPORTE Y ALOJAMIENTO,S04
73,TOLIMA,2006,1634,1.634E+12,COMERCIO REPARACION TRANSPORTE Y ALOJAMIENTO,S04
73,TOLIMA,2007,1921,1.921E+12,COMERCIO REPARACION TRANSPORTE Y ALOJAMIENTO,S04
73,TOLIMA,2008,1987,1.987E+12,COMERCIO REPARACION TRANSPORTE Y ALOJAMIENTO,S04
73,TOLIMA,2009,2090,2.09E+12,COMERCIO REPARACION TRANSPORTE Y ALOJAMIENTO,S04
73,TOLIMA,2010,2219,2.219E+12,COMERCIO REPARACION TRANSPORTE Y ALOJAMIENTO,S04
73,TOLIMA,2011,2355,2.355E+12,COMERCIO REPARACION TRANSPORTE Y ALOJAMIENTO,S04
73,TOLIMA,2012,2470,2.47E+12,COMERCIO REPARACION TRANSPORTE Y ALOJAMIENTO,S04
73,TOLIMA,2013,2699,2.699E+12,COMERCIO REPARACION TRANSPORTE Y ALOJAMIENTO,S04
73,TOLIMA,2014,2900,2.9E+12,COMERCIO REPARACION TRANSPORTE Y ALOJAMIENTO,S04
73,TOLIMA,2015,3145,3.145E+12,COMERCIO REPARACION TRANSPORTE Y ALOJAMIENTO,S04
73,TOLIMA,2016p,3402,3.402E+12,COMERCIO REPARACION TRANSPORTE Y ALOJAMIENTO,S04
76,VALLE DEL CAUCA,2000,4245,4.245E+12,COMERCIO REPARACION TRANSPORTE Y ALOJAMIENTO,S04
76,VALLE DEL CAUCA,2001,4659,4.659E+12,COMERCIO REPARACION TRANSPORTE Y ALOJAMIENTO,S04
76,VALLE DEL CAUCA,2002,4911,4.911E+12,COMERCIO REPARACION TRANSPORTE Y ALOJAMIENTO,S04
76,VALLE DEL CAUCA,2003,5364,5.364E+12,COMERCIO REPARACION TRANSPORTE Y ALOJAMIENTO,S04
76,VALLE DEL CAUCA,2004,5941,5.941E+12,COMERCIO REPARACION TRANSPORTE Y ALOJAMIENTO,S04
76,VALLE DEL CAUCA,2005,6551,6.551E+12,COMERCIO REPARACION TRANSPORTE Y ALOJAMIENTO,S04
76,VALLE DEL CAUCA,2006,7552,7.552E+12,COMERCIO REPARACION TRANSPORTE Y ALOJAMIENTO,S04
76,VALLE DEL CAUCA,2007,8637,8.637E+12,COMERCIO REPARACION TRANSPORTE Y ALOJAMIENTO,S04
76,VALLE DEL CAUCA,2008,9033,9.033E+12,COMERCIO REPARACION TRANSPORTE Y ALOJAMIENTO,S04
76,VALLE DEL CAUCA,2009,9388,9.388E+12,COMERCIO REPARACION TRANSPORTE Y ALOJAMIENTO,S04
76,VALLE DEL CAUCA,2010,9932,9.932E+12,COMERCIO REPARACION TRANSPORTE Y ALOJAMIENTO,S04
76,VALLE DEL CAUCA,2011,10768,1.0768E+13,COMERCIO REPARACION TRANSPORTE Y ALOJAMIENTO,S04
76,VALLE DEL CAUCA,2012,11231,1.1231E+13,COMERCIO REPARACION TRANSPORTE Y ALOJAMIENTO,S04
76,VALLE DEL CAUCA,2013,12096,1.2096E+13,COMERCIO REPARACION TRANSPORTE Y ALOJAMIENTO,S04
76,VALLE DEL CAUCA,2014,13190,1.319E+13,COMERCIO REPARACION TRANSPORTE Y ALOJAMIENTO,S04
76,VALLE DEL CAUCA,2015,14529,1.4529E+13,COMERCIO REPARACION TRANSPORTE Y ALOJAMIENTO,S04
76,VALLE DEL CAUCA,2016p,15831,1.5831E+13,COMERCIO REPARACION TRANSPORTE Y ALOJAMIENTO,S04
97,VAUPES,2000,11,11000000000,COMERCIO REPARACION TRANSPORTE Y ALOJAMIENTO,S04
97,VAUPES,2001,11,11000000000,COMERCIO REPARACION TRANSPORTE Y ALOJAMIENTO,S04
97,VAUPES,2002,13,13000000000,COMERCIO REPARACION TRANSPORTE Y ALOJAMIENTO,S04
97,VAUPES,2003,13,13000000000,COMERCIO REPARACION TRANSPORTE Y ALOJAMIENTO,S04
97,VAUPES,2004,15,15000000000,COMERCIO REPARACION TRANSPORTE Y ALOJAMIENTO,S04
97,VAUPES,2005,18,18000000000,COMERCIO REPARACION TRANSPORTE Y ALOJAMIENTO,S04
97,VAUPES,2006,21,21000000000,COMERCIO REPARACION TRANSPORTE Y ALOJAMIENTO,S04
97,VAUPES,2007,30,30000000000,COMERCIO REPARACION TRANSPORTE Y ALOJAMIENTO,S04
97,VAUPES,2008,33,33000000000,COMERCIO REPARACION TRANSPORTE Y ALOJAMIENTO,S04
97,VAUPES,2009,34,34000000000,COMERCIO REPARACION TRANSPORTE Y ALOJAMIENTO,S04
97,VAUPES,2010,40,40000000000,COMERCIO REPARACION TRANSPORTE Y ALOJAMIENTO,S04
97,VAUPES,2011,42,42000000000,COMERCIO REPARACION TRANSPORTE Y ALOJAMIENTO,S04
97,VAUPES,2012,43,43000000000,COMERCIO REPARACION TRANSPORTE Y ALOJAMIENTO,S04
97,VAUPES,2013,47,47000000000,COMERCIO REPARACION TRANSPORTE Y ALOJAMIENTO,S04
97,VAUPES,2014,50,50000000000,COMERCIO REPARACION TRANSPORTE Y ALOJAMIENTO,S04
97,VAUPES,2015,56,56000000000,COMERCIO REPARACION TRANSPORTE Y ALOJAMIENTO,S04
97,VAUPES,2016p,59,59000000000,COMERCIO REPARACION TRANSPORTE Y ALOJAMIENTO,S04
99,VICHADA,2000,20,20000000000,COMERCIO REPARACION TRANSPORTE Y ALOJAMIENTO,S04
99,VICHADA,2001,28,28000000000,COMERCIO REPARACION TRANSPORTE Y ALOJAMIENTO,S04
99,VICHADA,2002,26,26000000000,COMERCIO REPARACION TRANSPORTE Y ALOJAMIENTO,S04
99,VICHADA,2003,28,28000000000,COMERCIO REPARACION TRANSPORTE Y ALOJAMIENTO,S04
99,VICHADA,2004,37,37000000000,COMERCIO REPARACION TRANSPORTE Y ALOJAMIENTO,S04
99,VICHADA,2005,45,45000000000,COMERCIO REPARACION TRANSPORTE Y ALOJAMIENTO,S04
99,VICHADA,2006,55,55000000000,COMERCIO REPARACION TRANSPORTE Y ALOJAMIENTO,S04
99,VICHADA,2007,63,63000000000,COMERCIO REPARACION TRANSPORTE Y ALOJAMIENTO,S04
99,VICHADA,2008,72,72000000000,COMERCIO REPARACION TRANSPORTE Y ALOJAMIENTO,S04
99,VICHADA,2009,72,72000000000,COMERCIO REPARACION TRANSPORTE Y ALOJAMIENTO,S04
99,VICHADA,2010,64,64000000000,COMERCIO REPARACION TRANSPORTE Y ALOJAMIENTO,S04
99,VICHADA,2011,69,69000000000,COMERCIO REPARACION TRANSPORTE Y ALOJAMIENTO,S04
99,VICHADA,2012,73,73000000000,COMERCIO REPARACION TRANSPORTE Y ALOJAMIENTO,S04
99,VICHADA,2013,81,81000000000,COMERCIO REPARACION TRANSPORTE Y ALOJAMIENTO,S04
99,VICHADA,2014,88,88000000000,COMERCIO REPARACION TRANSPORTE Y ALOJAMIENTO,S04
99,VICHADA,2015,96,96000000000,COMERCIO REPARACION TRANSPORTE Y ALOJAMIENTO,S04
99,VICHADA,2016p,107,1.07E+11,COMERCIO REPARACION TRANSPORTE Y ALOJAMIENTO,S04
0,COLOMBIA,2000,43024,4.3024E+13,ACTIVIDADES FINANCIERAS INMOBILIARIAS EMPRESARIALES Y COMUNICACIONES,S01
0,COLOMBIA,2001,45920,4.592E+13,ACTIVIDADES FINANCIERAS INMOBILIARIAS EMPRESARIALES Y COMUNICACIONES,S01
0,COLOMBIA,2002,49238,4.9238E+13,ACTIVIDADES FINANCIERAS INMOBILIARIAS EMPRESARIALES Y COMUNICACIONES,S01
0,COLOMBIA,2003,53210,5.321E+13,ACTIVIDADES FINANCIERAS INMOBILIARIAS EMPRESARIALES Y COMUNICACIONES,S01
0,COLOMBIA,2004,58997,5.8997E+13,ACTIVIDADES FINANCIERAS INMOBILIARIAS EMPRESARIALES Y COMUNICACIONES,S01
0,COLOMBIA,2005,65096,6.5096E+13,ACTIVIDADES FINANCIERAS INMOBILIARIAS EMPRESARIALES Y COMUNICACIONES,S01
0,COLOMBIA,2006,71986,7.1986E+13,ACTIVIDADES FINANCIERAS INMOBILIARIAS EMPRESARIALES Y COMUNICACIONES,S01
0,COLOMBIA,2007,80970,8.097E+13,ACTIVIDADES FINANCIERAS INMOBILIARIAS EMPRESARIALES Y COMUNICACIONES,S01
0,COLOMBIA,2008,90416,9.0416E+13,ACTIVIDADES FINANCIERAS INMOBILIARIAS EMPRESARIALES Y COMUNICACIONES,S01
0,COLOMBIA,2009,97973,9.7973E+13,ACTIVIDADES FINANCIERAS INMOBILIARIAS EMPRESARIALES Y COMUNICACIONES,S01
0,COLOMBIA,2010,105048,1.05048E+14,ACTIVIDADES FINANCIERAS INMOBILIARIAS EMPRESARIALES Y COMUNICACIONES,S01
0,COLOMBIA,2011,113878,1.13878E+14,ACTIVIDADES FINANCIERAS INMOBILIARIAS EMPRESARIALES Y COMUNICACIONES,S01
0,COLOMBIA,2012,123883,1.23883E+14,ACTIVIDADES FINANCIERAS INMOBILIARIAS EMPRESARIALES Y COMUNICACIONES,S01
0,COLOMBIA,2013,132478,1.32478E+14,ACTIVIDADES FINANCIERAS INMOBILIARIAS EMPRESARIALES Y COMUNICACIONES,S01
0,COLOMBIA,2014,143132,1.43132E+14,ACTIVIDADES FINANCIERAS INMOBILIARIAS EMPRESARIALES Y COMUNICACIONES,S01
0,COLOMBIA,2015,153724,1.53724E+14,ACTIVIDADES FINANCIERAS INMOBILIARIAS EMPRESARIALES Y COMUNICACIONES,S01
0,COLOMBIA,2016p,167220,1.6722E+14,ACTIVIDADES FINANCIERAS INMOBILIARIAS EMPRESARIALES Y COMUNICACIONES,S01
91,AMAZONAS,2000,13,13000000000,ACTIVIDADES FINANCIERAS INMOBILIARIAS EMPRESARIALES Y COMUNICACIONES,S01
91,AMAZONAS,2001,14,14000000000,ACTIVIDADES FINANCIERAS INMOBILIARIAS EMPRESARIALES Y COMUNICACIONES,S01
91,AMAZONAS,2002,17,17000000000,ACTIVIDADES FINANCIERAS INMOBILIARIAS EMPRESARIALES Y COMUNICACIONES,S01
91,AMAZONAS,2003,17,17000000000,ACTIVIDADES FINANCIERAS INMOBILIARIAS EMPRESARIALES Y COMUNICACIONES,S01
91,AMAZONAS,2004,13,13000000000,ACTIVIDADES FINANCIERAS INMOBILIARIAS EMPRESARIALES Y COMUNICACIONES,S01
91,AMAZONAS,2005,14,14000000000,ACTIVIDADES FINANCIERAS INMOBILIARIAS EMPRESARIALES Y COMUNICACIONES,S01
91,AMAZONAS,2006,15,15000000000,ACTIVIDADES FINANCIERAS INMOBILIARIAS EMPRESARIALES Y COMUNICACIONES,S01
91,AMAZONAS,2007,17,17000000000,ACTIVIDADES FINANCIERAS INMOBILIARIAS EMPRESARIALES Y COMUNICACIONES,S01
91,AMAZONAS,2008,22,22000000000,ACTIVIDADES FINANCIERAS INMOBILIARIAS EMPRESARIALES Y COMUNICACIONES,S01
91,AMAZONAS,2009,24,24000000000,ACTIVIDADES FINANCIERAS INMOBILIARIAS EMPRESARIALES Y COMUNICACIONES,S01
91,AMAZONAS,2010,27,27000000000,ACTIVIDADES FINANCIERAS INMOBILIARIAS EMPRESARIALES Y COMUNICACIONES,S01
91,AMAZONAS,2011,28,28000000000,ACTIVIDADES FINANCIERAS INMOBILIARIAS EMPRESARIALES Y COMUNICACIONES,S01
91,AMAZONAS,2012,33,33000000000,ACTIVIDADES FINANCIERAS INMOBILIARIAS EMPRESARIALES Y COMUNICACIONES,S01
91,AMAZONAS,2013,34,34000000000,ACTIVIDADES FINANCIERAS INMOBILIARIAS EMPRESARIALES Y COMUNICACIONES,S01
91,AMAZONAS,2014,38,38000000000,ACTIVIDADES FINANCIERAS INMOBILIARIAS EMPRESARIALES Y COMUNICACIONES,S01
91,AMAZONAS,2015,40,40000000000,ACTIVIDADES FINANCIERAS INMOBILIARIAS EMPRESARIALES Y COMUNICACIONES,S01
91,AMAZONAS,2016p,41,41000000000,ACTIVIDADES FINANCIERAS INMOBILIARIAS EMPRESARIALES Y COMUNICACIONES,S01
5,ANTIOQUIA,2000,6434,6.434E+12,ACTIVIDADES FINANCIERAS INMOBILIARIAS EMPRESARIALES Y COMUNICACIONES,S01
5,ANTIOQUIA,2001,6963,6.963E+12,ACTIVIDADES FINANCIERAS INMOBILIARIAS EMPRESARIALES Y COMUNICACIONES,S01
5,ANTIOQUIA,2002,7309,7.309E+12,ACTIVIDADES FINANCIERAS INMOBILIARIAS EMPRESARIALES Y COMUNICACIONES,S01
5,ANTIOQUIA,2003,7898,7.898E+12,ACTIVIDADES FINANCIERAS INMOBILIARIAS EMPRESARIALES Y COMUNICACIONES,S01
5,ANTIOQUIA,2004,8782,8.782E+12,ACTIVIDADES FINANCIERAS INMOBILIARIAS EMPRESARIALES Y COMUNICACIONES,S01
5,ANTIOQUIA,2005,9704,9.704E+12,ACTIVIDADES FINANCIERAS INMOBILIARIAS EMPRESARIALES Y COMUNICACIONES,S01
5,ANTIOQUIA,2006,10807,1.0807E+13,ACTIVIDADES FINANCIERAS INMOBILIARIAS EMPRESARIALES Y COMUNICACIONES,S01
5,ANTIOQUIA,2007,12069,1.2069E+13,ACTIVIDADES FINANCIERAS INMOBILIARIAS EMPRESARIALES Y COMUNICACIONES,S01
5,ANTIOQUIA,2008,13443,1.3443E+13,ACTIVIDADES FINANCIERAS INMOBILIARIAS EMPRESARIALES Y COMUNICACIONES,S01
5,ANTIOQUIA,2009,14324,1.4324E+13,ACTIVIDADES FINANCIERAS INMOBILIARIAS EMPRESARIALES Y COMUNICACIONES,S01
5,ANTIOQUIA,2010,15526,1.5526E+13,ACTIVIDADES FINANCIERAS INMOBILIARIAS EMPRESARIALES Y COMUNICACIONES,S01
5,ANTIOQUIA,2011,17165,1.7165E+13,ACTIVIDADES FINANCIERAS INMOBILIARIAS EMPRESARIALES Y COMUNICACIONES,S01
5,ANTIOQUIA,2012,18664,1.8664E+13,ACTIVIDADES FINANCIERAS INMOBILIARIAS EMPRESARIALES Y COMUNICACIONES,S01
5,ANTIOQUIA,2013,19900,1.99E+13,ACTIVIDADES FINANCIERAS INMOBILIARIAS EMPRESARIALES Y COMUNICACIONES,S01
5,ANTIOQUIA,2014,21620,2.162E+13,ACTIVIDADES FINANCIERAS INMOBILIARIAS EMPRESARIALES Y COMUNICACIONES,S01
5,ANTIOQUIA,2015,23361,2.3361E+13,ACTIVIDADES FINANCIERAS INMOBILIARIAS EMPRESARIALES Y COMUNICACIONES,S01
5,ANTIOQUIA,2016p,25536,2.5536E+13,ACTIVIDADES FINANCIERAS INMOBILIARIAS EMPRESARIALES Y COMUNICACIONES,S01
81,ARAUCA,2000,37,37000000000,ACTIVIDADES FINANCIERAS INMOBILIARIAS EMPRESARIALES Y COMUNICACIONES,S01
81,ARAUCA,2001,41,41000000000,ACTIVIDADES FINANCIERAS INMOBILIARIAS EMPRESARIALES Y COMUNICACIONES,S01
81,ARAUCA,2002,50,50000000000,ACTIVIDADES FINANCIERAS INMOBILIARIAS EMPRESARIALES Y COMUNICACIONES,S01
81,ARAUCA,2003,55,55000000000,ACTIVIDADES FINANCIERAS INMOBILIARIAS EMPRESARIALES Y COMUNICACIONES,S01
81,ARAUCA,2004,59,59000000000,ACTIVIDADES FINANCIERAS INMOBILIARIAS EMPRESARIALES Y COMUNICACIONES,S01
81,ARAUCA,2005,60,60000000000,ACTIVIDADES FINANCIERAS INMOBILIARIAS EMPRESARIALES Y COMUNICACIONES,S01
81,ARAUCA,2006,66,66000000000,ACTIVIDADES FINANCIERAS INMOBILIARIAS EMPRESARIALES Y COMUNICACIONES,S01
81,ARAUCA,2007,73,73000000000,ACTIVIDADES FINANCIERAS INMOBILIARIAS EMPRESARIALES Y COMUNICACIONES,S01
81,ARAUCA,2008,89,89000000000,ACTIVIDADES FINANCIERAS INMOBILIARIAS EMPRESARIALES Y COMUNICACIONES,S01
81,ARAUCA,2009,97,97000000000,ACTIVIDADES FINANCIERAS INMOBILIARIAS EMPRESARIALES Y COMUNICACIONES,S01
81,ARAUCA,2010,102,1.02E+11,ACTIVIDADES FINANCIERAS INMOBILIARIAS EMPRESARIALES Y COMUNICACIONES,S01
81,ARAUCA,2011,112,1.12E+11,ACTIVIDADES FINANCIERAS INMOBILIARIAS EMPRESARIALES Y COMUNICACIONES,S01
81,ARAUCA,2012,116,1.16E+11,ACTIVIDADES FINANCIERAS INMOBILIARIAS EMPRESARIALES Y COMUNICACIONES,S01
81,ARAUCA,2013,122,1.22E+11,ACTIVIDADES FINANCIERAS INMOBILIARIAS EMPRESARIALES Y COMUNICACIONES,S01
81,ARAUCA,2014,133,1.33E+11,ACTIVIDADES FINANCIERAS INMOBILIARIAS EMPRESARIALES Y COMUNICACIONES,S01
81,ARAUCA,2015,134,1.34E+11,ACTIVIDADES FINANCIERAS INMOBILIARIAS EMPRESARIALES Y COMUNICACIONES,S01
81,ARAUCA,2016p,141,1.41E+11,ACTIVIDADES FINANCIERAS INMOBILIARIAS EMPRESARIALES Y COMUNICACIONES,S01
8,ATLANTICO,2000,2008,2.008E+12,ACTIVIDADES FINANCIERAS INMOBILIARIAS EMPRESARIALES Y COMUNICACIONES,S01
8,ATLANTICO,2001,2038,2.038E+12,ACTIVIDADES FINANCIERAS INMOBILIARIAS EMPRESARIALES Y COMUNICACIONES,S01
8,ATLANTICO,2002,2179,2.179E+12,ACTIVIDADES FINANCIERAS INMOBILIARIAS EMPRESARIALES Y COMUNICACIONES,S01
8,ATLANTICO,2003,2288,2.288E+12,ACTIVIDADES FINANCIERAS INMOBILIARIAS EMPRESARIALES Y COMUNICACIONES,S01
8,ATLANTICO,2004,2511,2.511E+12,ACTIVIDADES FINANCIERAS INMOBILIARIAS EMPRESARIALES Y COMUNICACIONES,S01
8,ATLANTICO,2005,2768,2.768E+12,ACTIVIDADES FINANCIERAS INMOBILIARIAS EMPRESARIALES Y COMUNICACIONES,S01
8,ATLANTICO,2006,2988,2.988E+12,ACTIVIDADES FINANCIERAS INMOBILIARIAS EMPRESARIALES Y COMUNICACIONES,S01
8,ATLANTICO,2007,3331,3.331E+12,ACTIVIDADES FINANCIERAS INMOBILIARIAS EMPRESARIALES Y COMUNICACIONES,S01
8,ATLANTICO,2008,3734,3.734E+12,ACTIVIDADES FINANCIERAS INMOBILIARIAS EMPRESARIALES Y COMUNICACIONES,S01
8,ATLANTICO,2009,4006,4.006E+12,ACTIVIDADES FINANCIERAS INMOBILIARIAS EMPRESARIALES Y COMUNICACIONES,S01
8,ATLANTICO,2010,4336,4.336E+12,ACTIVIDADES FINANCIERAS INMOBILIARIAS EMPRESARIALES Y COMUNICACIONES,S01
8,ATLANTICO,2011,4664,4.664E+12,ACTIVIDADES FINANCIERAS INMOBILIARIAS EMPRESARIALES Y COMUNICACIONES,S01
8,ATLANTICO,2012,5108,5.108E+12,ACTIVIDADES FINANCIERAS INMOBILIARIAS EMPRESARIALES Y COMUNICACIONES,S01
8,ATLANTICO,2013,5422,5.422E+12,ACTIVIDADES FINANCIERAS INMOBILIARIAS EMPRESARIALES Y COMUNICACIONES,S01
8,ATLANTICO,2014,5881,5.881E+12,ACTIVIDADES FINANCIERAS INMOBILIARIAS EMPRESARIALES Y COMUNICACIONES,S01
8,ATLANTICO,2015,6287,6.287E+12,ACTIVIDADES FINANCIERAS INMOBILIARIAS EMPRESARIALES Y COMUNICACIONES,S01
8,ATLANTICO,2016p,6922,6.922E+12,ACTIVIDADES FINANCIERAS INMOBILIARIAS EMPRESARIALES Y COMUNICACIONES,S01
11,SANTAFE DE BOGOTA D.C,2000,18311,1.8311E+13,ACTIVIDADES FINANCIERAS INMOBILIARIAS EMPRESARIALES Y COMUNICACIONES,S01
11,SANTAFE DE BOGOTA D.C,2001,19443,1.9443E+13,ACTIVIDADES FINANCIERAS INMOBILIARIAS EMPRESARIALES Y COMUNICACIONES,S01
11,SANTAFE DE BOGOTA D.C,2002,20908,2.0908E+13,ACTIVIDADES FINANCIERAS INMOBILIARIAS EMPRESARIALES Y COMUNICACIONES,S01
11,SANTAFE DE BOGOTA D.C,2003,22672,2.2672E+13,ACTIVIDADES FINANCIERAS INMOBILIARIAS EMPRESARIALES Y COMUNICACIONES,S01
11,SANTAFE DE BOGOTA D.C,2004,25109,2.5109E+13,ACTIVIDADES FINANCIERAS INMOBILIARIAS EMPRESARIALES Y COMUNICACIONES,S01
11,SANTAFE DE BOGOTA D.C,2005,27651,2.7651E+13,ACTIVIDADES FINANCIERAS INMOBILIARIAS EMPRESARIALES Y COMUNICACIONES,S01
11,SANTAFE DE BOGOTA D.C,2006,30367,3.0367E+13,ACTIVIDADES FINANCIERAS INMOBILIARIAS EMPRESARIALES Y COMUNICACIONES,S01
11,SANTAFE DE BOGOTA D.C,2007,34346,3.4346E+13,ACTIVIDADES FINANCIERAS INMOBILIARIAS EMPRESARIALES Y COMUNICACIONES,S01
11,SANTAFE DE BOGOTA D.C,2008,38718,3.8718E+13,ACTIVIDADES FINANCIERAS INMOBILIARIAS EMPRESARIALES Y COMUNICACIONES,S01
11,SANTAFE DE BOGOTA D.C,2009,42528,4.2528E+13,ACTIVIDADES FINANCIERAS INMOBILIARIAS EMPRESARIALES Y COMUNICACIONES,S01
11,SANTAFE DE BOGOTA D.C,2010,45400,4.54E+13,ACTIVIDADES FINANCIERAS INMOBILIARIAS EMPRESARIALES Y COMUNICACIONES,S01
11,SANTAFE DE BOGOTA D.C,2011,49065,4.9065E+13,ACTIVIDADES FINANCIERAS INMOBILIARIAS EMPRESARIALES Y COMUNICACIONES,S01
11,SANTAFE DE BOGOTA D.C,2012,53813,5.3813E+13,ACTIVIDADES FINANCIERAS INMOBILIARIAS EMPRESARIALES Y COMUNICACIONES,S01
11,SANTAFE DE BOGOTA D.C,2013,57695,5.7695E+13,ACTIVIDADES FINANCIERAS INMOBILIARIAS EMPRESARIALES Y COMUNICACIONES,S01
11,SANTAFE DE BOGOTA D.C,2014,62126,6.2126E+13,ACTIVIDADES FINANCIERAS INMOBILIARIAS EMPRESARIALES Y COMUNICACIONES,S01
11,SANTAFE DE BOGOTA D.C,2015,67108,6.7108E+13,ACTIVIDADES FINANCIERAS INMOBILIARIAS EMPRESARIALES Y COMUNICACIONES,S01
11,SANTAFE DE BOGOTA D.C,2016p,73335,7.3335E+13,ACTIVIDADES FINANCIERAS INMOBILIARIAS EMPRESARIALES Y COMUNICACIONES,S01
13,BOLIVAR,2000,908,9.08E+11,ACTIVIDADES FINANCIERAS INMOBILIARIAS EMPRESARIALES Y COMUNICACIONES,S01
13,BOLIVAR,2001,944,9.44E+11,ACTIVIDADES FINANCIERAS INMOBILIARIAS EMPRESARIALES Y COMUNICACIONES,S01
13,BOLIVAR,2002,990,9.9E+11,ACTIVIDADES FINANCIERAS INMOBILIARIAS EMPRESARIALES Y COMUNICACIONES,S01
13,BOLIVAR,2003,1103,1.103E+12,ACTIVIDADES FINANCIERAS INMOBILIARIAS EMPRESARIALES Y COMUNICACIONES,S01
13,BOLIVAR,2004,1287,1.287E+12,ACTIVIDADES FINANCIERAS INMOBILIARIAS EMPRESARIALES Y COMUNICACIONES,S01
13,BOLIVAR,2005,1514,1.514E+12,ACTIVIDADES FINANCIERAS INMOBILIARIAS EMPRESARIALES Y COMUNICACIONES,S01
13,BOLIVAR,2006,1798,1.798E+12,ACTIVIDADES FINANCIERAS INMOBILIARIAS EMPRESARIALES Y COMUNICACIONES,S01
13,BOLIVAR,2007,2013,2.013E+12,ACTIVIDADES FINANCIERAS INMOBILIARIAS EMPRESARIALES Y COMUNICACIONES,S01
13,BOLIVAR,2008,2211,2.211E+12,ACTIVIDADES FINANCIERAS INMOBILIARIAS EMPRESARIALES Y COMUNICACIONES,S01
13,BOLIVAR,2009,2392,2.392E+12,ACTIVIDADES FINANCIERAS INMOBILIARIAS EMPRESARIALES Y COMUNICACIONES,S01
13,BOLIVAR,2010,2500,2.5E+12,ACTIVIDADES FINANCIERAS INMOBILIARIAS EMPRESARIALES Y COMUNICACIONES,S01
13,BOLIVAR,2011,2711,2.711E+12,ACTIVIDADES FINANCIERAS INMOBILIARIAS EMPRESARIALES Y COMUNICACIONES,S01
13,BOLIVAR,2012,2851,2.851E+12,ACTIVIDADES FINANCIERAS INMOBILIARIAS EMPRESARIALES Y COMUNICACIONES,S01
13,BOLIVAR,2013,3128,3.128E+12,ACTIVIDADES FINANCIERAS INMOBILIARIAS EMPRESARIALES Y COMUNICACIONES,S01
13,BOLIVAR,2014,3370,3.37E+12,ACTIVIDADES FINANCIERAS INMOBILIARIAS EMPRESARIALES Y COMUNICACIONES,S01
13,BOLIVAR,2015,3706,3.706E+12,ACTIVIDADES FINANCIERAS INMOBILIARIAS EMPRESARIALES Y COMUNICACIONES,S01
13,BOLIVAR,2016p,3383,3.383E+12,ACTIVIDADES FINANCIERAS INMOBILIARIAS EMPRESARIALES Y COMUNICACIONES,S01
15,BOYACA,2000,448,4.48E+11,ACTIVIDADES FINANCIERAS INMOBILIARIAS EMPRESARIALES Y COMUNICACIONES,S01
15,BOYACA,2001,515,5.15E+11,ACTIVIDADES FINANCIERAS INMOBILIARIAS EMPRESARIALES Y COMUNICACIONES,S01
15,BOYACA,2002,577,5.77E+11,ACTIVIDADES FINANCIERAS INMOBILIARIAS EMPRESARIALES Y COMUNICACIONES,S01
15,BOYACA,2003,622,6.22E+11,ACTIVIDADES FINANCIERAS INMOBILIARIAS EMPRESARIALES Y COMUNICACIONES,S01
15,BOYACA,2004,692,6.92E+11,ACTIVIDADES FINANCIERAS INMOBILIARIAS EMPRESARIALES Y COMUNICACIONES,S01
15,BOYACA,2005,770,7.7E+11,ACTIVIDADES FINANCIERAS INMOBILIARIAS EMPRESARIALES Y COMUNICACIONES,S01
15,BOYACA,2006,874,8.74E+11,ACTIVIDADES FINANCIERAS INMOBILIARIAS EMPRESARIALES Y COMUNICACIONES,S01
15,BOYACA,2007,992,9.92E+11,ACTIVIDADES FINANCIERAS INMOBILIARIAS EMPRESARIALES Y COMUNICACIONES,S01
15,BOYACA,2008,1124,1.124E+12,ACTIVIDADES FINANCIERAS INMOBILIARIAS EMPRESARIALES Y COMUNICACIONES,S01
15,BOYACA,2009,1212,1.212E+12,ACTIVIDADES FINANCIERAS INMOBILIARIAS EMPRESARIALES Y COMUNICACIONES,S01
15,BOYACA,2010,1305,1.305E+12,ACTIVIDADES FINANCIERAS INMOBILIARIAS EMPRESARIALES Y COMUNICACIONES,S01
15,BOYACA,2011,1475,1.475E+12,ACTIVIDADES FINANCIERAS INMOBILIARIAS EMPRESARIALES Y COMUNICACIONES,S01
15,BOYACA,2012,1580,1.58E+12,ACTIVIDADES FINANCIERAS INMOBILIARIAS EMPRESARIALES Y COMUNICACIONES,S01
15,BOYACA,2013,1677,1.677E+12,ACTIVIDADES FINANCIERAS INMOBILIARIAS EMPRESARIALES Y COMUNICACIONES,S01
15,BOYACA,2014,1791,1.791E+12,ACTIVIDADES FINANCIERAS INMOBILIARIAS EMPRESARIALES Y COMUNICACIONES,S01
15,BOYACA,2015,1876,1.876E+12,ACTIVIDADES FINANCIERAS INMOBILIARIAS EMPRESARIALES Y COMUNICACIONES,S01
15,BOYACA,2016p,2056,2.056E+12,ACTIVIDADES FINANCIERAS INMOBILIARIAS EMPRESARIALES Y COMUNICACIONES,S01
17,CALDAS,2000,501,5.01E+11,ACTIVIDADES FINANCIERAS INMOBILIARIAS EMPRESARIALES Y COMUNICACIONES,S01
17,CALDAS,2001,572,5.72E+11,ACTIVIDADES FINANCIERAS INMOBILIARIAS EMPRESARIALES Y COMUNICACIONES,S01
17,CALDAS,2002,605,6.05E+11,ACTIVIDADES FINANCIERAS INMOBILIARIAS EMPRESARIALES Y COMUNICACIONES,S01
17,CALDAS,2003,701,7.01E+11,ACTIVIDADES FINANCIERAS INMOBILIARIAS EMPRESARIALES Y COMUNICACIONES,S01
17,CALDAS,2004,850,8.5E+11,ACTIVIDADES FINANCIERAS INMOBILIARIAS EMPRESARIALES Y COMUNICACIONES,S01
17,CALDAS,2005,1035,1.035E+12,ACTIVIDADES FINANCIERAS INMOBILIARIAS EMPRESARIALES Y COMUNICACIONES,S01
17,CALDAS,2006,1017,1.017E+12,ACTIVIDADES FINANCIERAS INMOBILIARIAS EMPRESARIALES Y COMUNICACIONES,S01
17,CALDAS,2007,1136,1.136E+12,ACTIVIDADES FINANCIERAS INMOBILIARIAS EMPRESARIALES Y COMUNICACIONES,S01
17,CALDAS,2008,1263,1.263E+12,ACTIVIDADES FINANCIERAS INMOBILIARIAS EMPRESARIALES Y COMUNICACIONES,S01
17,CALDAS,2009,1372,1.372E+12,ACTIVIDADES FINANCIERAS INMOBILIARIAS EMPRESARIALES Y COMUNICACIONES,S01
17,CALDAS,2010,1418,1.418E+12,ACTIVIDADES FINANCIERAS INMOBILIARIAS EMPRESARIALES Y COMUNICACIONES,S01
17,CALDAS,2011,1476,1.476E+12,ACTIVIDADES FINANCIERAS INMOBILIARIAS EMPRESARIALES Y COMUNICACIONES,S01
17,CALDAS,2012,1564,1.564E+12,ACTIVIDADES FINANCIERAS INMOBILIARIAS EMPRESARIALES Y COMUNICACIONES,S01
17,CALDAS,2013,1674,1.674E+12,ACTIVIDADES FINANCIERAS INMOBILIARIAS EMPRESARIALES Y COMUNICACIONES,S01
17,CALDAS,2014,1762,1.762E+12,ACTIVIDADES FINANCIERAS INMOBILIARIAS EMPRESARIALES Y COMUNICACIONES,S01
17,CALDAS,2015,1856,1.856E+12,ACTIVIDADES FINANCIERAS INMOBILIARIAS EMPRESARIALES Y COMUNICACIONES,S01
17,CALDAS,2016p,2020,2.02E+12,ACTIVIDADES FINANCIERAS INMOBILIARIAS EMPRESARIALES Y COMUNICACIONES,S01
18,CAQUETA,2000,62,62000000000,ACTIVIDADES FINANCIERAS INMOBILIARIAS EMPRESARIALES Y COMUNICACIONES,S01
18,CAQUETA,2001,70,70000000000,ACTIVIDADES FINANCIERAS INMOBILIARIAS EMPRESARIALES Y COMUNICACIONES,S01
18,CAQUETA,2002,76,76000000000,ACTIVIDADES FINANCIERAS INMOBILIARIAS EMPRESARIALES Y COMUNICACIONES,S01
18,CAQUETA,2003,118,1.18E+11,ACTIVIDADES FINANCIERAS INMOBILIARIAS EMPRESARIALES Y COMUNICACIONES,S01
18,CAQUETA,2004,140,1.4E+11,ACTIVIDADES FINANCIERAS INMOBILIARIAS EMPRESARIALES Y COMUNICACIONES,S01
18,CAQUETA,2005,148,1.48E+11,ACTIVIDADES FINANCIERAS INMOBILIARIAS EMPRESARIALES Y COMUNICACIONES,S01
18,CAQUETA,2006,128,1.28E+11,ACTIVIDADES FINANCIERAS INMOBILIARIAS EMPRESARIALES Y COMUNICACIONES,S01
18,CAQUETA,2007,145,1.45E+11,ACTIVIDADES FINANCIERAS INMOBILIARIAS EMPRESARIALES Y COMUNICACIONES,S01
18,CAQUETA,2008,165,1.65E+11,ACTIVIDADES FINANCIERAS INMOBILIARIAS EMPRESARIALES Y COMUNICACIONES,S01
18,CAQUETA,2009,182,1.82E+11,ACTIVIDADES FINANCIERAS INMOBILIARIAS EMPRESARIALES Y COMUNICACIONES,S01
18,CAQUETA,2010,195,1.95E+11,ACTIVIDADES FINANCIERAS INMOBILIARIAS EMPRESARIALES Y COMUNICACIONES,S01
18,CAQUETA,2011,209,2.09E+11,ACTIVIDADES FINANCIERAS INMOBILIARIAS EMPRESARIALES Y COMUNICACIONES,S01
18,CAQUETA,2012,228,2.28E+11,ACTIVIDADES FINANCIERAS INMOBILIARIAS EMPRESARIALES Y COMUNICACIONES,S01
18,CAQUETA,2013,246,2.46E+11,ACTIVIDADES FINANCIERAS INMOBILIARIAS EMPRESARIALES Y COMUNICACIONES,S01
18,CAQUETA,2014,269,2.69E+11,ACTIVIDADES FINANCIERAS INMOBILIARIAS EMPRESARIALES Y COMUNICACIONES,S01
18,CAQUETA,2015,287,2.87E+11,ACTIVIDADES FINANCIERAS INMOBILIARIAS EMPRESARIALES Y COMUNICACIONES,S01
18,CAQUETA,2016p,312,3.12E+11,ACTIVIDADES FINANCIERAS INMOBILIARIAS EMPRESARIALES Y COMUNICACIONES,S01
85,CASANARE,2000,78,78000000000,ACTIVIDADES FINANCIERAS INMOBILIARIAS EMPRESARIALES Y COMUNICACIONES,S01
85,CASANARE,2001,86,86000000000,ACTIVIDADES FINANCIERAS INMOBILIARIAS EMPRESARIALES Y COMUNICACIONES,S01
85,CASANARE,2002,95,95000000000,ACTIVIDADES FINANCIERAS INMOBILIARIAS EMPRESARIALES Y COMUNICACIONES,S01
85,CASANARE,2003,115,1.15E+11,ACTIVIDADES FINANCIERAS INMOBILIARIAS EMPRESARIALES Y COMUNICACIONES,S01
85,CASANARE,2004,138,1.38E+11,ACTIVIDADES FINANCIERAS INMOBILIARIAS EMPRESARIALES Y COMUNICACIONES,S01
85,CASANARE,2005,149,1.49E+11,ACTIVIDADES FINANCIERAS INMOBILIARIAS EMPRESARIALES Y COMUNICACIONES,S01
85,CASANARE,2006,157,1.57E+11,ACTIVIDADES FINANCIERAS INMOBILIARIAS EMPRESARIALES Y COMUNICACIONES,S01
85,CASANARE,2007,179,1.79E+11,ACTIVIDADES FINANCIERAS INMOBILIARIAS EMPRESARIALES Y COMUNICACIONES,S01
85,CASANARE,2008,221,2.21E+11,ACTIVIDADES FINANCIERAS INMOBILIARIAS EMPRESARIALES Y COMUNICACIONES,S01
85,CASANARE,2009,239,2.39E+11,ACTIVIDADES FINANCIERAS INMOBILIARIAS EMPRESARIALES Y COMUNICACIONES,S01
85,CASANARE,2010,261,2.61E+11,ACTIVIDADES FINANCIERAS INMOBILIARIAS EMPRESARIALES Y COMUNICACIONES,S01
85,CASANARE,2011,279,2.79E+11,ACTIVIDADES FINANCIERAS INMOBILIARIAS EMPRESARIALES Y COMUNICACIONES,S01
85,CASANARE,2012,314,3.14E+11,ACTIVIDADES FINANCIERAS INMOBILIARIAS EMPRESARIALES Y COMUNICACIONES,S01
85,CASANARE,2013,340,3.4E+11,ACTIVIDADES FINANCIERAS INMOBILIARIAS EMPRESARIALES Y COMUNICACIONES,S01
85,CASANARE,2014,363,3.63E+11,ACTIVIDADES FINANCIERAS INMOBILIARIAS EMPRESARIALES Y COMUNICACIONES,S01
85,CASANARE,2015,386,3.86E+11,ACTIVIDADES FINANCIERAS INMOBILIARIAS EMPRESARIALES Y COMUNICACIONES,S01
85,CASANARE,2016p,407,4.07E+11,ACTIVIDADES FINANCIERAS INMOBILIARIAS EMPRESARIALES Y COMUNICACIONES,S01
19,CAUCA,2000,325,3.25E+11,ACTIVIDADES FINANCIERAS INMOBILIARIAS EMPRESARIALES Y COMUNICACIONES,S01
19,CAUCA,2001,362,3.62E+11,ACTIVIDADES FINANCIERAS INMOBILIARIAS EMPRESARIALES Y COMUNICACIONES,S01
19,CAUCA,2002,465,4.65E+11,ACTIVIDADES FINANCIERAS INMOBILIARIAS EMPRESARIALES Y COMUNICACIONES,S01
19,CAUCA,2003,541,5.41E+11,ACTIVIDADES FINANCIERAS INMOBILIARIAS EMPRESARIALES Y COMUNICACIONES,S01
19,CAUCA,2004,642,6.42E+11,ACTIVIDADES FINANCIERAS INMOBILIARIAS EMPRESARIALES Y COMUNICACIONES,S01
19,CAUCA,2005,760,7.6E+11,ACTIVIDADES FINANCIERAS INMOBILIARIAS EMPRESARIALES Y COMUNICACIONES,S01
19,CAUCA,2006,766,7.66E+11,ACTIVIDADES FINANCIERAS INMOBILIARIAS EMPRESARIALES Y COMUNICACIONES,S01
19,CAUCA,2007,876,8.76E+11,ACTIVIDADES FINANCIERAS INMOBILIARIAS EMPRESARIALES Y COMUNICACIONES,S01
19,CAUCA,2008,1012,1.012E+12,ACTIVIDADES FINANCIERAS INMOBILIARIAS EMPRESARIALES Y COMUNICACIONES,S01
19,CAUCA,2009,1084,1.084E+12,ACTIVIDADES FINANCIERAS INMOBILIARIAS EMPRESARIALES Y COMUNICACIONES,S01
19,CAUCA,2010,1212,1.212E+12,ACTIVIDADES FINANCIERAS INMOBILIARIAS EMPRESARIALES Y COMUNICACIONES,S01
19,CAUCA,2011,1317,1.317E+12,ACTIVIDADES FINANCIERAS INMOBILIARIAS EMPRESARIALES Y COMUNICACIONES,S01
19,CAUCA,2012,1458,1.458E+12,ACTIVIDADES FINANCIERAS INMOBILIARIAS EMPRESARIALES Y COMUNICACIONES,S01
19,CAUCA,2013,1602,1.602E+12,ACTIVIDADES FINANCIERAS INMOBILIARIAS EMPRESARIALES Y COMUNICACIONES,S01
19,CAUCA,2014,1765,1.765E+12,ACTIVIDADES FINANCIERAS INMOBILIARIAS EMPRESARIALES Y COMUNICACIONES,S01
19,CAUCA,2015,1853,1.853E+12,ACTIVIDADES FINANCIERAS INMOBILIARIAS EMPRESARIALES Y COMUNICACIONES,S01
19,CAUCA,2016p,2073,2.073E+12,ACTIVIDADES FINANCIERAS INMOBILIARIAS EMPRESARIALES Y COMUNICACIONES,S01
20,CESAR,2000,221,2.21E+11,ACTIVIDADES FINANCIERAS INMOBILIARIAS EMPRESARIALES Y COMUNICACIONES,S01
20,CESAR,2001,248,2.48E+11,ACTIVIDADES FINANCIERAS INMOBILIARIAS EMPRESARIALES Y COMUNICACIONES,S01
20,CESAR,2002,276,2.76E+11,ACTIVIDADES FINANCIERAS INMOBILIARIAS EMPRESARIALES Y COMUNICACIONES,S01
20,CESAR,2003,305,3.05E+11,ACTIVIDADES FINANCIERAS INMOBILIARIAS EMPRESARIALES Y COMUNICACIONES,S01
20,CESAR,2004,349,3.49E+11,ACTIVIDADES FINANCIERAS INMOBILIARIAS EMPRESARIALES Y COMUNICACIONES,S01
20,CESAR,2005,408,4.08E+11,ACTIVIDADES FINANCIERAS INMOBILIARIAS EMPRESARIALES Y COMUNICACIONES,S01
20,CESAR,2006,462,4.62E+11,ACTIVIDADES FINANCIERAS INMOBILIARIAS EMPRESARIALES Y COMUNICACIONES,S01
20,CESAR,2007,551,5.51E+11,ACTIVIDADES FINANCIERAS INMOBILIARIAS EMPRESARIALES Y COMUNICACIONES,S01
20,CESAR,2008,613,6.13E+11,ACTIVIDADES FINANCIERAS INMOBILIARIAS EMPRESARIALES Y COMUNICACIONES,S01
20,CESAR,2009,684,6.84E+11,ACTIVIDADES FINANCIERAS INMOBILIARIAS EMPRESARIALES Y COMUNICACIONES,S01
20,CESAR,2010,742,7.42E+11,ACTIVIDADES FINANCIERAS INMOBILIARIAS EMPRESARIALES Y COMUNICACIONES,S01
20,CESAR,2011,834,8.34E+11,ACTIVIDADES FINANCIERAS INMOBILIARIAS EMPRESARIALES Y COMUNICACIONES,S01
20,CESAR,2012,872,8.72E+11,ACTIVIDADES FINANCIERAS INMOBILIARIAS EMPRESARIALES Y COMUNICACIONES,S01
20,CESAR,2013,943,9.43E+11,ACTIVIDADES FINANCIERAS INMOBILIARIAS EMPRESARIALES Y COMUNICACIONES,S01
20,CESAR,2014,1051,1.051E+12,ACTIVIDADES FINANCIERAS INMOBILIARIAS EMPRESARIALES Y COMUNICACIONES,S01
20,CESAR,2015,1103,1.103E+12,ACTIVIDADES FINANCIERAS INMOBILIARIAS EMPRESARIALES Y COMUNICACIONES,S01
20,CESAR,2016p,1190,1.19E+12,ACTIVIDADES FINANCIERAS INMOBILIARIAS EMPRESARIALES Y COMUNICACIONES,S01
27,CHOCO,2000,36,36000000000,ACTIVIDADES FINANCIERAS INMOBILIARIAS EMPRESARIALES Y COMUNICACIONES,S01
27,CHOCO,2001,39,39000000000,ACTIVIDADES FINANCIERAS INMOBILIARIAS EMPRESARIALES Y COMUNICACIONES,S01
27,CHOCO,2002,43,43000000000,ACTIVIDADES FINANCIERAS INMOBILIARIAS EMPRESARIALES Y COMUNICACIONES,S01
27,CHOCO,2003,44,44000000000,ACTIVIDADES FINANCIERAS INMOBILIARIAS EMPRESARIALES Y COMUNICACIONES,S01
27,CHOCO,2004,49,49000000000,ACTIVIDADES FINANCIERAS INMOBILIARIAS EMPRESARIALES Y COMUNICACIONES,S01
27,CHOCO,2005,51,51000000000,ACTIVIDADES FINANCIERAS INMOBILIARIAS EMPRESARIALES Y COMUNICACIONES,S01
27,CHOCO,2006,57,57000000000,ACTIVIDADES FINANCIERAS INMOBILIARIAS EMPRESARIALES Y COMUNICACIONES,S01
27,CHOCO,2007,63,63000000000,ACTIVIDADES FINANCIERAS INMOBILIARIAS EMPRESARIALES Y COMUNICACIONES,S01
27,CHOCO,2008,71,71000000000,ACTIVIDADES FINANCIERAS INMOBILIARIAS EMPRESARIALES Y COMUNICACIONES,S01
27,CHOCO,2009,77,77000000000,ACTIVIDADES FINANCIERAS INMOBILIARIAS EMPRESARIALES Y COMUNICACIONES,S01
27,CHOCO,2010,85,85000000000,ACTIVIDADES FINANCIERAS INMOBILIARIAS EMPRESARIALES Y COMUNICACIONES,S01
27,CHOCO,2011,90,90000000000,ACTIVIDADES FINANCIERAS INMOBILIARIAS EMPRESARIALES Y COMUNICACIONES,S01
27,CHOCO,2012,100,1E+11,ACTIVIDADES FINANCIERAS INMOBILIARIAS EMPRESARIALES Y COMUNICACIONES,S01
27,CHOCO,2013,105,1.05E+11,ACTIVIDADES FINANCIERAS INMOBILIARIAS EMPRESARIALES Y COMUNICACIONES,S01
27,CHOCO,2014,115,1.15E+11,ACTIVIDADES FINANCIERAS INMOBILIARIAS EMPRESARIALES Y COMUNICACIONES,S01
27,CHOCO,2015,122,1.22E+11,ACTIVIDADES FINANCIERAS INMOBILIARIAS EMPRESARIALES Y COMUNICACIONES,S01
27,CHOCO,2016p,133,1.33E+11,ACTIVIDADES FINANCIERAS INMOBILIARIAS EMPRESARIALES Y COMUNICACIONES,S01
23,CORDOBA,2000,311,3.11E+11,ACTIVIDADES FINANCIERAS INMOBILIARIAS EMPRESARIALES Y COMUNICACIONES,S01
23,CORDOBA,2001,370,3.7E+11,ACTIVIDADES FINANCIERAS INMOBILIARIAS EMPRESARIALES Y COMUNICACIONES,S01
23,CORDOBA,2002,424,4.24E+11,ACTIVIDADES FINANCIERAS INMOBILIARIAS EMPRESARIALES Y COMUNICACIONES,S01
23,CORDOBA,2003,520,5.2E+11,ACTIVIDADES FINANCIERAS INMOBILIARIAS EMPRESARIALES Y COMUNICACIONES,S01
23,CORDOBA,2004,674,6.74E+11,ACTIVIDADES FINANCIERAS INMOBILIARIAS EMPRESARIALES Y COMUNICACIONES,S01
23,CORDOBA,2005,891,8.91E+11,ACTIVIDADES FINANCIERAS INMOBILIARIAS EMPRESARIALES Y COMUNICACIONES,S01
23,CORDOBA,2006,918,9.18E+11,ACTIVIDADES FINANCIERAS INMOBILIARIAS EMPRESARIALES Y COMUNICACIONES,S01
23,CORDOBA,2007,1193,1.193E+12,ACTIVIDADES FINANCIERAS INMOBILIARIAS EMPRESARIALES Y COMUNICACIONES,S01
23,CORDOBA,2008,1197,1.197E+12,ACTIVIDADES FINANCIERAS INMOBILIARIAS EMPRESARIALES Y COMUNICACIONES,S01
23,CORDOBA,2009,1271,1.271E+12,ACTIVIDADES FINANCIERAS INMOBILIARIAS EMPRESARIALES Y COMUNICACIONES,S01
23,CORDOBA,2010,1385,1.385E+12,ACTIVIDADES FINANCIERAS INMOBILIARIAS EMPRESARIALES Y COMUNICACIONES,S01
23,CORDOBA,2011,1497,1.497E+12,ACTIVIDADES FINANCIERAS INMOBILIARIAS EMPRESARIALES Y COMUNICACIONES,S01
23,CORDOBA,2012,1615,1.615E+12,ACTIVIDADES FINANCIERAS INMOBILIARIAS EMPRESARIALES Y COMUNICACIONES,S01
23,CORDOBA,2013,1749,1.749E+12,ACTIVIDADES FINANCIERAS INMOBILIARIAS EMPRESARIALES Y COMUNICACIONES,S01
23,CORDOBA,2014,1956,1.956E+12,ACTIVIDADES FINANCIERAS INMOBILIARIAS EMPRESARIALES Y COMUNICACIONES,S01
23,CORDOBA,2015,2087,2.087E+12,ACTIVIDADES FINANCIERAS INMOBILIARIAS EMPRESARIALES Y COMUNICACIONES,S01
23,CORDOBA,2016p,2260,2.26E+12,ACTIVIDADES FINANCIERAS INMOBILIARIAS EMPRESARIALES Y COMUNICACIONES,S01
25,CUNDINAMARCA,2000,1078,1.078E+12,ACTIVIDADES FINANCIERAS INMOBILIARIAS EMPRESARIALES Y COMUNICACIONES,S01
25,CUNDINAMARCA,2001,1025,1.025E+12,ACTIVIDADES FINANCIERAS INMOBILIARIAS EMPRESARIALES Y COMUNICACIONES,S01
25,CUNDINAMARCA,2002,1160,1.16E+12,ACTIVIDADES FINANCIERAS INMOBILIARIAS EMPRESARIALES Y COMUNICACIONES,S01
25,CUNDINAMARCA,2003,1240,1.24E+12,ACTIVIDADES FINANCIERAS INMOBILIARIAS EMPRESARIALES Y COMUNICACIONES,S01
25,CUNDINAMARCA,2004,1360,1.36E+12,ACTIVIDADES FINANCIERAS INMOBILIARIAS EMPRESARIALES Y COMUNICACIONES,S01
25,CUNDINAMARCA,2005,1494,1.494E+12,ACTIVIDADES FINANCIERAS INMOBILIARIAS EMPRESARIALES Y COMUNICACIONES,S01
25,CUNDINAMARCA,2006,1788,1.788E+12,ACTIVIDADES FINANCIERAS INMOBILIARIAS EMPRESARIALES Y COMUNICACIONES,S01
25,CUNDINAMARCA,2007,2001,2.001E+12,ACTIVIDADES FINANCIERAS INMOBILIARIAS EMPRESARIALES Y COMUNICACIONES,S01
25,CUNDINAMARCA,2008,2169,2.169E+12,ACTIVIDADES FINANCIERAS INMOBILIARIAS EMPRESARIALES Y COMUNICACIONES,S01
25,CUNDINAMARCA,2009,2313,2.313E+12,ACTIVIDADES FINANCIERAS INMOBILIARIAS EMPRESARIALES Y COMUNICACIONES,S01
25,CUNDINAMARCA,2010,2712,2.712E+12,ACTIVIDADES FINANCIERAS INMOBILIARIAS EMPRESARIALES Y COMUNICACIONES,S01
25,CUNDINAMARCA,2011,2959,2.959E+12,ACTIVIDADES FINANCIERAS INMOBILIARIAS EMPRESARIALES Y COMUNICACIONES,S01
25,CUNDINAMARCA,2012,3170,3.17E+12,ACTIVIDADES FINANCIERAS INMOBILIARIAS EMPRESARIALES Y COMUNICACIONES,S01
25,CUNDINAMARCA,2013,3321,3.321E+12,ACTIVIDADES FINANCIERAS INMOBILIARIAS EMPRESARIALES Y COMUNICACIONES,S01
25,CUNDINAMARCA,2014,3612,3.612E+12,ACTIVIDADES FINANCIERAS INMOBILIARIAS EMPRESARIALES Y COMUNICACIONES,S01
25,CUNDINAMARCA,2015,3830,3.83E+12,ACTIVIDADES FINANCIERAS INMOBILIARIAS EMPRESARIALES Y COMUNICACIONES,S01
25,CUNDINAMARCA,2016p,4143,4.143E+12,ACTIVIDADES FINANCIERAS INMOBILIARIAS EMPRESARIALES Y COMUNICACIONES,S01
94,GUAINIA,2000,7,7000000000,ACTIVIDADES FINANCIERAS INMOBILIARIAS EMPRESARIALES Y COMUNICACIONES,S01
94,GUAINIA,2001,8,8000000000,ACTIVIDADES FINANCIERAS INMOBILIARIAS EMPRESARIALES Y COMUNICACIONES,S01
94,GUAINIA,2002,10,10000000000,ACTIVIDADES FINANCIERAS INMOBILIARIAS EMPRESARIALES Y COMUNICACIONES,S01
94,GUAINIA,2003,9,9000000000,ACTIVIDADES FINANCIERAS INMOBILIARIAS EMPRESARIALES Y COMUNICACIONES,S01
94,GUAINIA,2004,5,5000000000,ACTIVIDADES FINANCIERAS INMOBILIARIAS EMPRESARIALES Y COMUNICACIONES,S01
94,GUAINIA,2005,4,4000000000,ACTIVIDADES FINANCIERAS INMOBILIARIAS EMPRESARIALES Y COMUNICACIONES,S01
94,GUAINIA,2006,6,6000000000,ACTIVIDADES FINANCIERAS INMOBILIARIAS EMPRESARIALES Y COMUNICACIONES,S01
94,GUAINIA,2007,8,8000000000,ACTIVIDADES FINANCIERAS INMOBILIARIAS EMPRESARIALES Y COMUNICACIONES,S01
94,GUAINIA,2008,10,10000000000,ACTIVIDADES FINANCIERAS INMOBILIARIAS EMPRESARIALES Y COMUNICACIONES,S01
94,GUAINIA,2009,11,11000000000,ACTIVIDADES FINANCIERAS INMOBILIARIAS EMPRESARIALES Y COMUNICACIONES,S01
94,GUAINIA,2010,12,12000000000,ACTIVIDADES FINANCIERAS INMOBILIARIAS EMPRESARIALES Y COMUNICACIONES,S01
94,GUAINIA,2011,12,12000000000,ACTIVIDADES FINANCIERAS INMOBILIARIAS EMPRESARIALES Y COMUNICACIONES,S01
94,GUAINIA,2012,15,15000000000,ACTIVIDADES FINANCIERAS INMOBILIARIAS EMPRESARIALES Y COMUNICACIONES,S01
94,GUAINIA,2013,16,16000000000,ACTIVIDADES FINANCIERAS INMOBILIARIAS EMPRESARIALES Y COMUNICACIONES,S01
94,GUAINIA,2014,17,17000000000,ACTIVIDADES FINANCIERAS INMOBILIARIAS EMPRESARIALES Y COMUNICACIONES,S01
94,GUAINIA,2015,17,17000000000,ACTIVIDADES FINANCIERAS INMOBILIARIAS EMPRESARIALES Y COMUNICACIONES,S01
94,GUAINIA,2016p,17,17000000000,ACTIVIDADES FINANCIERAS INMOBILIARIAS EMPRESARIALES Y COMUNICACIONES,S01
95,GUAVIARE,2000,11,11000000000,ACTIVIDADES FINANCIERAS INMOBILIARIAS EMPRESARIALES Y COMUNICACIONES,S01
95,GUAVIARE,2001,12,12000000000,ACTIVIDADES FINANCIERAS INMOBILIARIAS EMPRESARIALES Y COMUNICACIONES,S01
95,GUAVIARE,2002,16,16000000000,ACTIVIDADES FINANCIERAS INMOBILIARIAS EMPRESARIALES Y COMUNICACIONES,S01
95,GUAVIARE,2003,17,17000000000,ACTIVIDADES FINANCIERAS INMOBILIARIAS EMPRESARIALES Y COMUNICACIONES,S01
95,GUAVIARE,2004,13,13000000000,ACTIVIDADES FINANCIERAS INMOBILIARIAS EMPRESARIALES Y COMUNICACIONES,S01
95,GUAVIARE,2005,15,15000000000,ACTIVIDADES FINANCIERAS INMOBILIARIAS EMPRESARIALES Y COMUNICACIONES,S01
95,GUAVIARE,2006,16,16000000000,ACTIVIDADES FINANCIERAS INMOBILIARIAS EMPRESARIALES Y COMUNICACIONES,S01
95,GUAVIARE,2007,19,19000000000,ACTIVIDADES FINANCIERAS INMOBILIARIAS EMPRESARIALES Y COMUNICACIONES,S01
95,GUAVIARE,2008,23,23000000000,ACTIVIDADES FINANCIERAS INMOBILIARIAS EMPRESARIALES Y COMUNICACIONES,S01
95,GUAVIARE,2009,25,25000000000,ACTIVIDADES FINANCIERAS INMOBILIARIAS EMPRESARIALES Y COMUNICACIONES,S01
95,GUAVIARE,2010,26,26000000000,ACTIVIDADES FINANCIERAS INMOBILIARIAS EMPRESARIALES Y COMUNICACIONES,S01
95,GUAVIARE,2011,27,27000000000,ACTIVIDADES FINANCIERAS INMOBILIARIAS EMPRESARIALES Y COMUNICACIONES,S01
95,GUAVIARE,2012,32,32000000000,ACTIVIDADES FINANCIERAS INMOBILIARIAS EMPRESARIALES Y COMUNICACIONES,S01
95,GUAVIARE,2013,35,35000000000,ACTIVIDADES FINANCIERAS INMOBILIARIAS EMPRESARIALES Y COMUNICACIONES,S01
95,GUAVIARE,2014,36,36000000000,ACTIVIDADES FINANCIERAS INMOBILIARIAS EMPRESARIALES Y COMUNICACIONES,S01
95,GUAVIARE,2015,35,35000000000,ACTIVIDADES FINANCIERAS INMOBILIARIAS EMPRESARIALES Y COMUNICACIONES,S01
95,GUAVIARE,2016p,36,36000000000,ACTIVIDADES FINANCIERAS INMOBILIARIAS EMPRESARIALES Y COMUNICACIONES,S01
41,HUILA,2000,321,3.21E+11,ACTIVIDADES FINANCIERAS INMOBILIARIAS EMPRESARIALES Y COMUNICACIONES,S01
41,HUILA,2001,353,3.53E+11,ACTIVIDADES FINANCIERAS INMOBILIARIAS EMPRESARIALES Y COMUNICACIONES,S01
41,HUILA,2002,384,3.84E+11,ACTIVIDADES FINANCIERAS INMOBILIARIAS EMPRESARIALES Y COMUNICACIONES,S01
41,HUILA,2003,416,4.16E+11,ACTIVIDADES FINANCIERAS INMOBILIARIAS EMPRESARIALES Y COMUNICACIONES,S01
41,HUILA,2004,463,4.63E+11,ACTIVIDADES FINANCIERAS INMOBILIARIAS EMPRESARIALES Y COMUNICACIONES,S01
41,HUILA,2005,514,5.14E+11,ACTIVIDADES FINANCIERAS INMOBILIARIAS EMPRESARIALES Y COMUNICACIONES,S01
41,HUILA,2006,553,5.53E+11,ACTIVIDADES FINANCIERAS INMOBILIARIAS EMPRESARIALES Y COMUNICACIONES,S01
41,HUILA,2007,632,6.32E+11,ACTIVIDADES FINANCIERAS INMOBILIARIAS EMPRESARIALES Y COMUNICACIONES,S01
41,HUILA,2008,714,7.14E+11,ACTIVIDADES FINANCIERAS INMOBILIARIAS EMPRESARIALES Y COMUNICACIONES,S01
41,HUILA,2009,772,7.72E+11,ACTIVIDADES FINANCIERAS INMOBILIARIAS EMPRESARIALES Y COMUNICACIONES,S01
41,HUILA,2010,825,8.25E+11,ACTIVIDADES FINANCIERAS INMOBILIARIAS EMPRESARIALES Y COMUNICACIONES,S01
41,HUILA,2011,892,8.92E+11,ACTIVIDADES FINANCIERAS INMOBILIARIAS EMPRESARIALES Y COMUNICACIONES,S01
41,HUILA,2012,979,9.79E+11,ACTIVIDADES FINANCIERAS INMOBILIARIAS EMPRESARIALES Y COMUNICACIONES,S01
41,HUILA,2013,1051,1.051E+12,ACTIVIDADES FINANCIERAS INMOBILIARIAS EMPRESARIALES Y COMUNICACIONES,S01
41,HUILA,2014,1167,1.167E+12,ACTIVIDADES FINANCIERAS INMOBILIARIAS EMPRESARIALES Y COMUNICACIONES,S01
41,HUILA,2015,1238,1.238E+12,ACTIVIDADES FINANCIERAS INMOBILIARIAS EMPRESARIALES Y COMUNICACIONES,S01
41,HUILA,2016p,1334,1.334E+12,ACTIVIDADES FINANCIERAS INMOBILIARIAS EMPRESARIALES Y COMUNICACIONES,S01
44,LA GUAJIRA,2000,66,66000000000,ACTIVIDADES FINANCIERAS INMOBILIARIAS EMPRESARIALES Y COMUNICACIONES,S01
44,LA GUAJIRA,2001,71,71000000000,ACTIVIDADES FINANCIERAS INMOBILIARIAS EMPRESARIALES Y COMUNICACIONES,S01
44,LA GUAJIRA,2002,80,80000000000,ACTIVIDADES FINANCIERAS INMOBILIARIAS EMPRESARIALES Y COMUNICACIONES,S01
44,LA GUAJIRA,2003,85,85000000000,ACTIVIDADES FINANCIERAS INMOBILIARIAS EMPRESARIALES Y COMUNICACIONES,S01
44,LA GUAJIRA,2004,101,1.01E+11,ACTIVIDADES FINANCIERAS INMOBILIARIAS EMPRESARIALES Y COMUNICACIONES,S01
44,LA GUAJIRA,2005,108,1.08E+11,ACTIVIDADES FINANCIERAS INMOBILIARIAS EMPRESARIALES Y COMUNICACIONES,S01
44,LA GUAJIRA,2006,123,1.23E+11,ACTIVIDADES FINANCIERAS INMOBILIARIAS EMPRESARIALES Y COMUNICACIONES,S01
44,LA GUAJIRA,2007,137,1.37E+11,ACTIVIDADES FINANCIERAS INMOBILIARIAS EMPRESARIALES Y COMUNICACIONES,S01
44,LA GUAJIRA,2008,158,1.58E+11,ACTIVIDADES FINANCIERAS INMOBILIARIAS EMPRESARIALES Y COMUNICACIONES,S01
44,LA GUAJIRA,2009,179,1.79E+11,ACTIVIDADES FINANCIERAS INMOBILIARIAS EMPRESARIALES Y COMUNICACIONES,S01
44,LA GUAJIRA,2010,194,1.94E+11,ACTIVIDADES FINANCIERAS INMOBILIARIAS EMPRESARIALES Y COMUNICACIONES,S01
44,LA GUAJIRA,2011,208,2.08E+11,ACTIVIDADES FINANCIERAS INMOBILIARIAS EMPRESARIALES Y COMUNICACIONES,S01
44,LA GUAJIRA,2012,230,2.3E+11,ACTIVIDADES FINANCIERAS INMOBILIARIAS EMPRESARIALES Y COMUNICACIONES,S01
44,LA GUAJIRA,2013,242,2.42E+11,ACTIVIDADES FINANCIERAS INMOBILIARIAS EMPRESARIALES Y COMUNICACIONES,S01
44,LA GUAJIRA,2014,259,2.59E+11,ACTIVIDADES FINANCIERAS INMOBILIARIAS EMPRESARIALES Y COMUNICACIONES,S01
44,LA GUAJIRA,2015,274,2.74E+11,ACTIVIDADES FINANCIERAS INMOBILIARIAS EMPRESARIALES Y COMUNICACIONES,S01
44,LA GUAJIRA,2016p,294,2.94E+11,ACTIVIDADES FINANCIERAS INMOBILIARIAS EMPRESARIALES Y COMUNICACIONES,S01
47,MAGDALENA,2000,321,3.21E+11,ACTIVIDADES FINANCIERAS INMOBILIARIAS EMPRESARIALES Y COMUNICACIONES,S01
47,MAGDALENA,2001,343,3.43E+11,ACTIVIDADES FINANCIERAS INMOBILIARIAS EMPRESARIALES Y COMUNICACIONES,S01
47,MAGDALENA,2002,374,3.74E+11,ACTIVIDADES FINANCIERAS INMOBILIARIAS EMPRESARIALES Y COMUNICACIONES,S01
47,MAGDALENA,2003,398,3.98E+11,ACTIVIDADES FINANCIERAS INMOBILIARIAS EMPRESARIALES Y COMUNICACIONES,S01
47,MAGDALENA,2004,437,4.37E+11,ACTIVIDADES FINANCIERAS INMOBILIARIAS EMPRESARIALES Y COMUNICACIONES,S01
47,MAGDALENA,2005,472,4.72E+11,ACTIVIDADES FINANCIERAS INMOBILIARIAS EMPRESARIALES Y COMUNICACIONES,S01
47,MAGDALENA,2006,510,5.1E+11,ACTIVIDADES FINANCIERAS INMOBILIARIAS EMPRESARIALES Y COMUNICACIONES,S01
47,MAGDALENA,2007,576,5.76E+11,ACTIVIDADES FINANCIERAS INMOBILIARIAS EMPRESARIALES Y COMUNICACIONES,S01
47,MAGDALENA,2008,662,6.62E+11,ACTIVIDADES FINANCIERAS INMOBILIARIAS EMPRESARIALES Y COMUNICACIONES,S01
47,MAGDALENA,2009,713,7.13E+11,ACTIVIDADES FINANCIERAS INMOBILIARIAS EMPRESARIALES Y COMUNICACIONES,S01
47,MAGDALENA,2010,774,7.74E+11,ACTIVIDADES FINANCIERAS INMOBILIARIAS EMPRESARIALES Y COMUNICACIONES,S01
47,MAGDALENA,2011,837,8.37E+11,ACTIVIDADES FINANCIERAS INMOBILIARIAS EMPRESARIALES Y COMUNICACIONES,S01
47,MAGDALENA,2012,896,8.96E+11,ACTIVIDADES FINANCIERAS INMOBILIARIAS EMPRESARIALES Y COMUNICACIONES,S01
47,MAGDALENA,2013,975,9.75E+11,ACTIVIDADES FINANCIERAS INMOBILIARIAS EMPRESARIALES Y COMUNICACIONES,S01
47,MAGDALENA,2014,1018,1.018E+12,ACTIVIDADES FINANCIERAS INMOBILIARIAS EMPRESARIALES Y COMUNICACIONES,S01
47,MAGDALENA,2015,1102,1.102E+12,ACTIVIDADES FINANCIERAS INMOBILIARIAS EMPRESARIALES Y COMUNICACIONES,S01
47,MAGDALENA,2016p,1200,1.2E+12,ACTIVIDADES FINANCIERAS INMOBILIARIAS EMPRESARIALES Y COMUNICACIONES,S01
50,META,2000,375,3.75E+11,ACTIVIDADES FINANCIERAS INMOBILIARIAS EMPRESARIALES Y COMUNICACIONES,S01
50,META,2001,409,4.09E+11,ACTIVIDADES FINANCIERAS INMOBILIARIAS EMPRESARIALES Y COMUNICACIONES,S01
50,META,2002,443,4.43E+11,ACTIVIDADES FINANCIERAS INMOBILIARIAS EMPRESARIALES Y COMUNICACIONES,S01
50,META,2003,493,4.93E+11,ACTIVIDADES FINANCIERAS INMOBILIARIAS EMPRESARIALES Y COMUNICACIONES,S01
50,META,2004,564,5.64E+11,ACTIVIDADES FINANCIERAS INMOBILIARIAS EMPRESARIALES Y COMUNICACIONES,S01
50,META,2005,631,6.31E+11,ACTIVIDADES FINANCIERAS INMOBILIARIAS EMPRESARIALES Y COMUNICACIONES,S01
50,META,2006,681,6.81E+11,ACTIVIDADES FINANCIERAS INMOBILIARIAS EMPRESARIALES Y COMUNICACIONES,S01
50,META,2007,764,7.64E+11,ACTIVIDADES FINANCIERAS INMOBILIARIAS EMPRESARIALES Y COMUNICACIONES,S01
50,META,2008,879,8.79E+11,ACTIVIDADES FINANCIERAS INMOBILIARIAS EMPRESARIALES Y COMUNICACIONES,S01
50,META,2009,960,9.6E+11,ACTIVIDADES FINANCIERAS INMOBILIARIAS EMPRESARIALES Y COMUNICACIONES,S01
50,META,2010,1046,1.046E+12,ACTIVIDADES FINANCIERAS INMOBILIARIAS EMPRESARIALES Y COMUNICACIONES,S01
50,META,2011,1145,1.145E+12,ACTIVIDADES FINANCIERAS INMOBILIARIAS EMPRESARIALES Y COMUNICACIONES,S01
50,META,2012,1283,1.283E+12,ACTIVIDADES FINANCIERAS INMOBILIARIAS EMPRESARIALES Y COMUNICACIONES,S01
50,META,2013,1369,1.369E+12,ACTIVIDADES FINANCIERAS INMOBILIARIAS EMPRESARIALES Y COMUNICACIONES,S01
50,META,2014,1499,1.499E+12,ACTIVIDADES FINANCIERAS INMOBILIARIAS EMPRESARIALES Y COMUNICACIONES,S01
50,META,2015,1596,1.596E+12,ACTIVIDADES FINANCIERAS INMOBILIARIAS EMPRESARIALES Y COMUNICACIONES,S01
50,META,2016p,1709,1.709E+12,ACTIVIDADES FINANCIERAS INMOBILIARIAS EMPRESARIALES Y COMUNICACIONES,S01
52,NARINO,2000,334,3.34E+11,ACTIVIDADES FINANCIERAS INMOBILIARIAS EMPRESARIALES Y COMUNICACIONES,S01
52,NARINO,2001,370,3.7E+11,ACTIVIDADES FINANCIERAS INMOBILIARIAS EMPRESARIALES Y COMUNICACIONES,S01
52,NARINO,2002,405,4.05E+11,ACTIVIDADES FINANCIERAS INMOBILIARIAS EMPRESARIALES Y COMUNICACIONES,S01
52,NARINO,2003,444,4.44E+11,ACTIVIDADES FINANCIERAS INMOBILIARIAS EMPRESARIALES Y COMUNICACIONES,S01
52,NARINO,2004,501,5.01E+11,ACTIVIDADES FINANCIERAS INMOBILIARIAS EMPRESARIALES Y COMUNICACIONES,S01
52,NARINO,2005,561,5.61E+11,ACTIVIDADES FINANCIERAS INMOBILIARIAS EMPRESARIALES Y COMUNICACIONES,S01
52,NARINO,2006,606,6.06E+11,ACTIVIDADES FINANCIERAS INMOBILIARIAS EMPRESARIALES Y COMUNICACIONES,S01
52,NARINO,2007,682,6.82E+11,ACTIVIDADES FINANCIERAS INMOBILIARIAS EMPRESARIALES Y COMUNICACIONES,S01
52,NARINO,2008,773,7.73E+11,ACTIVIDADES FINANCIERAS INMOBILIARIAS EMPRESARIALES Y COMUNICACIONES,S01
52,NARINO,2009,843,8.43E+11,ACTIVIDADES FINANCIERAS INMOBILIARIAS EMPRESARIALES Y COMUNICACIONES,S01
52,NARINO,2010,889,8.89E+11,ACTIVIDADES FINANCIERAS INMOBILIARIAS EMPRESARIALES Y COMUNICACIONES,S01
52,NARINO,2011,957,9.57E+11,ACTIVIDADES FINANCIERAS INMOBILIARIAS EMPRESARIALES Y COMUNICACIONES,S01
52,NARINO,2012,1037,1.037E+12,ACTIVIDADES FINANCIERAS INMOBILIARIAS EMPRESARIALES Y COMUNICACIONES,S01
52,NARINO,2013,1107,1.107E+12,ACTIVIDADES FINANCIERAS INMOBILIARIAS EMPRESARIALES Y COMUNICACIONES,S01
52,NARINO,2014,1203,1.203E+12,ACTIVIDADES FINANCIERAS INMOBILIARIAS EMPRESARIALES Y COMUNICACIONES,S01
52,NARINO,2015,1287,1.287E+12,ACTIVIDADES FINANCIERAS INMOBILIARIAS EMPRESARIALES Y COMUNICACIONES,S01
52,NARINO,2016p,1396,1.396E+12,ACTIVIDADES FINANCIERAS INMOBILIARIAS EMPRESARIALES Y COMUNICACIONES,S01
54,NORTE DE SANTANDER,2000,613,6.13E+11,ACTIVIDADES FINANCIERAS INMOBILIARIAS EMPRESARIALES Y COMUNICACIONES,S01
54,NORTE DE SANTANDER,2001,651,6.51E+11,ACTIVIDADES FINANCIERAS INMOBILIARIAS EMPRESARIALES Y COMUNICACIONES,S01
54,NORTE DE SANTANDER,2002,685,6.85E+11,ACTIVIDADES FINANCIERAS INMOBILIARIAS EMPRESARIALES Y COMUNICACIONES,S01
54,NORTE DE SANTANDER,2003,722,7.22E+11,ACTIVIDADES FINANCIERAS INMOBILIARIAS EMPRESARIALES Y COMUNICACIONES,S01
54,NORTE DE SANTANDER,2004,789,7.89E+11,ACTIVIDADES FINANCIERAS INMOBILIARIAS EMPRESARIALES Y COMUNICACIONES,S01
54,NORTE DE SANTANDER,2005,854,8.54E+11,ACTIVIDADES FINANCIERAS INMOBILIARIAS EMPRESARIALES Y COMUNICACIONES,S01
54,NORTE DE SANTANDER,2006,949,9.49E+11,ACTIVIDADES FINANCIERAS INMOBILIARIAS EMPRESARIALES Y COMUNICACIONES,S01
54,NORTE DE SANTANDER,2007,1062,1.062E+12,ACTIVIDADES FINANCIERAS INMOBILIARIAS EMPRESARIALES Y COMUNICACIONES,S01
54,NORTE DE SANTANDER,2008,1191,1.191E+12,ACTIVIDADES FINANCIERAS INMOBILIARIAS EMPRESARIALES Y COMUNICACIONES,S01
54,NORTE DE SANTANDER,2009,1296,1.296E+12,ACTIVIDADES FINANCIERAS INMOBILIARIAS EMPRESARIALES Y COMUNICACIONES,S01
54,NORTE DE SANTANDER,2010,1415,1.415E+12,ACTIVIDADES FINANCIERAS INMOBILIARIAS EMPRESARIALES Y COMUNICACIONES,S01
54,NORTE DE SANTANDER,2011,1525,1.525E+12,ACTIVIDADES FINANCIERAS INMOBILIARIAS EMPRESARIALES Y COMUNICACIONES,S01
54,NORTE DE SANTANDER,2012,1633,1.633E+12,ACTIVIDADES FINANCIERAS INMOBILIARIAS EMPRESARIALES Y COMUNICACIONES,S01
54,NORTE DE SANTANDER,2013,1743,1.743E+12,ACTIVIDADES FINANCIERAS INMOBILIARIAS EMPRESARIALES Y COMUNICACIONES,S01
54,NORTE DE SANTANDER,2014,1853,1.853E+12,ACTIVIDADES FINANCIERAS INMOBILIARIAS EMPRESARIALES Y COMUNICACIONES,S01
54,NORTE DE SANTANDER,2015,1988,1.988E+12,ACTIVIDADES FINANCIERAS INMOBILIARIAS EMPRESARIALES Y COMUNICACIONES,S01
54,NORTE DE SANTANDER,2016p,2143,2.143E+12,ACTIVIDADES FINANCIERAS INMOBILIARIAS EMPRESARIALES Y COMUNICACIONES,S01
86,PUTUMAYO,2000,33,33000000000,ACTIVIDADES FINANCIERAS INMOBILIARIAS EMPRESARIALES Y COMUNICACIONES,S01
86,PUTUMAYO,2001,37,37000000000,ACTIVIDADES FINANCIERAS INMOBILIARIAS EMPRESARIALES Y COMUNICACIONES,S01
86,PUTUMAYO,2002,40,40000000000,ACTIVIDADES FINANCIERAS INMOBILIARIAS EMPRESARIALES Y COMUNICACIONES,S01
86,PUTUMAYO,2003,47,47000000000,ACTIVIDADES FINANCIERAS INMOBILIARIAS EMPRESARIALES Y COMUNICACIONES,S01
86,PUTUMAYO,2004,55,55000000000,ACTIVIDADES FINANCIERAS INMOBILIARIAS EMPRESARIALES Y COMUNICACIONES,S01
86,PUTUMAYO,2005,62,62000000000,ACTIVIDADES FINANCIERAS INMOBILIARIAS EMPRESARIALES Y COMUNICACIONES,S01
86,PUTUMAYO,2006,76,76000000000,ACTIVIDADES FINANCIERAS INMOBILIARIAS EMPRESARIALES Y COMUNICACIONES,S01
86,PUTUMAYO,2007,86,86000000000,ACTIVIDADES FINANCIERAS INMOBILIARIAS EMPRESARIALES Y COMUNICACIONES,S01
86,PUTUMAYO,2008,100,1E+11,ACTIVIDADES FINANCIERAS INMOBILIARIAS EMPRESARIALES Y COMUNICACIONES,S01
86,PUTUMAYO,2009,108,1.08E+11,ACTIVIDADES FINANCIERAS INMOBILIARIAS EMPRESARIALES Y COMUNICACIONES,S01
86,PUTUMAYO,2010,116,1.16E+11,ACTIVIDADES FINANCIERAS INMOBILIARIAS EMPRESARIALES Y COMUNICACIONES,S01
86,PUTUMAYO,2011,127,1.27E+11,ACTIVIDADES FINANCIERAS INMOBILIARIAS EMPRESARIALES Y COMUNICACIONES,S01
86,PUTUMAYO,2012,137,1.37E+11,ACTIVIDADES FINANCIERAS INMOBILIARIAS EMPRESARIALES Y COMUNICACIONES,S01
86,PUTUMAYO,2013,146,1.46E+11,ACTIVIDADES FINANCIERAS INMOBILIARIAS EMPRESARIALES Y COMUNICACIONES,S01
86,PUTUMAYO,2014,157,1.57E+11,ACTIVIDADES FINANCIERAS INMOBILIARIAS EMPRESARIALES Y COMUNICACIONES,S01
86,PUTUMAYO,2015,164,1.64E+11,ACTIVIDADES FINANCIERAS INMOBILIARIAS EMPRESARIALES Y COMUNICACIONES,S01
86,PUTUMAYO,2016p,174,1.74E+11,ACTIVIDADES FINANCIERAS INMOBILIARIAS EMPRESARIALES Y COMUNICACIONES,S01
63,QUINDIO,2000,219,2.19E+11,ACTIVIDADES FINANCIERAS INMOBILIARIAS EMPRESARIALES Y COMUNICACIONES,S01
63,QUINDIO,2001,256,2.56E+11,ACTIVIDADES FINANCIERAS INMOBILIARIAS EMPRESARIALES Y COMUNICACIONES,S01
63,QUINDIO,2002,259,2.59E+11,ACTIVIDADES FINANCIERAS INMOBILIARIAS EMPRESARIALES Y COMUNICACIONES,S01
63,QUINDIO,2003,274,2.74E+11,ACTIVIDADES FINANCIERAS INMOBILIARIAS EMPRESARIALES Y COMUNICACIONES,S01
63,QUINDIO,2004,297,2.97E+11,ACTIVIDADES FINANCIERAS INMOBILIARIAS EMPRESARIALES Y COMUNICACIONES,S01
63,QUINDIO,2005,325,3.25E+11,ACTIVIDADES FINANCIERAS INMOBILIARIAS EMPRESARIALES Y COMUNICACIONES,S01
63,QUINDIO,2006,370,3.7E+11,ACTIVIDADES FINANCIERAS INMOBILIARIAS EMPRESARIALES Y COMUNICACIONES,S01
63,QUINDIO,2007,417,4.17E+11,ACTIVIDADES FINANCIERAS INMOBILIARIAS EMPRESARIALES Y COMUNICACIONES,S01
63,QUINDIO,2008,467,4.67E+11,ACTIVIDADES FINANCIERAS INMOBILIARIAS EMPRESARIALES Y COMUNICACIONES,S01
63,QUINDIO,2009,505,5.05E+11,ACTIVIDADES FINANCIERAS INMOBILIARIAS EMPRESARIALES Y COMUNICACIONES,S01
63,QUINDIO,2010,540,5.4E+11,ACTIVIDADES FINANCIERAS INMOBILIARIAS EMPRESARIALES Y COMUNICACIONES,S01
63,QUINDIO,2011,583,5.83E+11,ACTIVIDADES FINANCIERAS INMOBILIARIAS EMPRESARIALES Y COMUNICACIONES,S01
63,QUINDIO,2012,631,6.31E+11,ACTIVIDADES FINANCIERAS INMOBILIARIAS EMPRESARIALES Y COMUNICACIONES,S01
63,QUINDIO,2013,669,6.69E+11,ACTIVIDADES FINANCIERAS INMOBILIARIAS EMPRESARIALES Y COMUNICACIONES,S01
63,QUINDIO,2014,734,7.34E+11,ACTIVIDADES FINANCIERAS INMOBILIARIAS EMPRESARIALES Y COMUNICACIONES,S01
63,QUINDIO,2015,785,7.85E+11,ACTIVIDADES FINANCIERAS INMOBILIARIAS EMPRESARIALES Y COMUNICACIONES,S01
63,QUINDIO,2016p,863,8.63E+11,ACTIVIDADES FINANCIERAS INMOBILIARIAS EMPRESARIALES Y COMUNICACIONES,S01
66,RISARALDA,2000,543,5.43E+11,ACTIVIDADES FINANCIERAS INMOBILIARIAS EMPRESARIALES Y COMUNICACIONES,S01
66,RISARALDA,2001,639,6.39E+11,ACTIVIDADES FINANCIERAS INMOBILIARIAS EMPRESARIALES Y COMUNICACIONES,S01
66,RISARALDA,2002,685,6.85E+11,ACTIVIDADES FINANCIERAS INMOBILIARIAS EMPRESARIALES Y COMUNICACIONES,S01
66,RISARALDA,2003,752,7.52E+11,ACTIVIDADES FINANCIERAS INMOBILIARIAS EMPRESARIALES Y COMUNICACIONES,S01
66,RISARALDA,2004,852,8.52E+11,ACTIVIDADES FINANCIERAS INMOBILIARIAS EMPRESARIALES Y COMUNICACIONES,S01
66,RISARALDA,2005,963,9.63E+11,ACTIVIDADES FINANCIERAS INMOBILIARIAS EMPRESARIALES Y COMUNICACIONES,S01
66,RISARALDA,2006,1077,1.077E+12,ACTIVIDADES FINANCIERAS INMOBILIARIAS EMPRESARIALES Y COMUNICACIONES,S01
66,RISARALDA,2007,1207,1.207E+12,ACTIVIDADES FINANCIERAS INMOBILIARIAS EMPRESARIALES Y COMUNICACIONES,S01
66,RISARALDA,2008,1344,1.344E+12,ACTIVIDADES FINANCIERAS INMOBILIARIAS EMPRESARIALES Y COMUNICACIONES,S01
66,RISARALDA,2009,1439,1.439E+12,ACTIVIDADES FINANCIERAS INMOBILIARIAS EMPRESARIALES Y COMUNICACIONES,S01
66,RISARALDA,2010,1502,1.502E+12,ACTIVIDADES FINANCIERAS INMOBILIARIAS EMPRESARIALES Y COMUNICACIONES,S01
66,RISARALDA,2011,1611,1.611E+12,ACTIVIDADES FINANCIERAS INMOBILIARIAS EMPRESARIALES Y COMUNICACIONES,S01
66,RISARALDA,2012,1733,1.733E+12,ACTIVIDADES FINANCIERAS INMOBILIARIAS EMPRESARIALES Y COMUNICACIONES,S01
66,RISARALDA,2013,1864,1.864E+12,ACTIVIDADES FINANCIERAS INMOBILIARIAS EMPRESARIALES Y COMUNICACIONES,S01
66,RISARALDA,2014,1994,1.994E+12,ACTIVIDADES FINANCIERAS INMOBILIARIAS EMPRESARIALES Y COMUNICACIONES,S01
66,RISARALDA,2015,2104,2.104E+12,ACTIVIDADES FINANCIERAS INMOBILIARIAS EMPRESARIALES Y COMUNICACIONES,S01
66,RISARALDA,2016p,2318,2.318E+12,ACTIVIDADES FINANCIERAS INMOBILIARIAS EMPRESARIALES Y COMUNICACIONES,S01
88,ARCHIPIELAGO DE SAN ANDRES PROVIDENCIA Y SANTA CATALINA,2000,20,20000000000,ACTIVIDADES FINANCIERAS INMOBILIARIAS EMPRESARIALES Y COMUNICACIONES,S01
88,ARCHIPIELAGO DE SAN ANDRES PROVIDENCIA Y SANTA CATALINA,2001,20,20000000000,ACTIVIDADES FINANCIERAS INMOBILIARIAS EMPRESARIALES Y COMUNICACIONES,S01
88,ARCHIPIELAGO DE SAN ANDRES PROVIDENCIA Y SANTA CATALINA,2002,23,23000000000,ACTIVIDADES FINANCIERAS INMOBILIARIAS EMPRESARIALES Y COMUNICACIONES,S01
88,ARCHIPIELAGO DE SAN ANDRES PROVIDENCIA Y SANTA CATALINA,2003,26,26000000000,ACTIVIDADES FINANCIERAS INMOBILIARIAS EMPRESARIALES Y COMUNICACIONES,S01
88,ARCHIPIELAGO DE SAN ANDRES PROVIDENCIA Y SANTA CATALINA,2004,31,31000000000,ACTIVIDADES FINANCIERAS INMOBILIARIAS EMPRESARIALES Y COMUNICACIONES,S01
88,ARCHIPIELAGO DE SAN ANDRES PROVIDENCIA Y SANTA CATALINA,2005,40,40000000000,ACTIVIDADES FINANCIERAS INMOBILIARIAS EMPRESARIALES Y COMUNICACIONES,S01
88,ARCHIPIELAGO DE SAN ANDRES PROVIDENCIA Y SANTA CATALINA,2006,49,49000000000,ACTIVIDADES FINANCIERAS INMOBILIARIAS EMPRESARIALES Y COMUNICACIONES,S01
88,ARCHIPIELAGO DE SAN ANDRES PROVIDENCIA Y SANTA CATALINA,2007,57,57000000000,ACTIVIDADES FINANCIERAS INMOBILIARIAS EMPRESARIALES Y COMUNICACIONES,S01
88,ARCHIPIELAGO DE SAN ANDRES PROVIDENCIA Y SANTA CATALINA,2008,64,64000000000,ACTIVIDADES FINANCIERAS INMOBILIARIAS EMPRESARIALES Y COMUNICACIONES,S01
88,ARCHIPIELAGO DE SAN ANDRES PROVIDENCIA Y SANTA CATALINA,2009,70,70000000000,ACTIVIDADES FINANCIERAS INMOBILIARIAS EMPRESARIALES Y COMUNICACIONES,S01
88,ARCHIPIELAGO DE SAN ANDRES PROVIDENCIA Y SANTA CATALINA,2010,76,76000000000,ACTIVIDADES FINANCIERAS INMOBILIARIAS EMPRESARIALES Y COMUNICACIONES,S01
88,ARCHIPIELAGO DE SAN ANDRES PROVIDENCIA Y SANTA CATALINA,2011,83,83000000000,ACTIVIDADES FINANCIERAS INMOBILIARIAS EMPRESARIALES Y COMUNICACIONES,S01
88,ARCHIPIELAGO DE SAN ANDRES PROVIDENCIA Y SANTA CATALINA,2012,91,91000000000,ACTIVIDADES FINANCIERAS INMOBILIARIAS EMPRESARIALES Y COMUNICACIONES,S01
88,ARCHIPIELAGO DE SAN ANDRES PROVIDENCIA Y SANTA CATALINA,2013,99,99000000000,ACTIVIDADES FINANCIERAS INMOBILIARIAS EMPRESARIALES Y COMUNICACIONES,S01
88,ARCHIPIELAGO DE SAN ANDRES PROVIDENCIA Y SANTA CATALINA,2014,113,1.13E+11,ACTIVIDADES FINANCIERAS INMOBILIARIAS EMPRESARIALES Y COMUNICACIONES,S01
88,ARCHIPIELAGO DE SAN ANDRES PROVIDENCIA Y SANTA CATALINA,2015,123,1.23E+11,ACTIVIDADES FINANCIERAS INMOBILIARIAS EMPRESARIALES Y COMUNICACIONES,S01
88,ARCHIPIELAGO DE SAN ANDRES PROVIDENCIA Y SANTA CATALINA,2016p,131,1.31E+11,ACTIVIDADES FINANCIERAS INMOBILIARIAS EMPRESARIALES Y COMUNICACIONES,S01
68,SANTANDER,2000,1948,1.948E+12,ACTIVIDADES FINANCIERAS INMOBILIARIAS EMPRESARIALES Y COMUNICACIONES,S01
68,SANTANDER,2001,2114,2.114E+12,ACTIVIDADES FINANCIERAS INMOBILIARIAS EMPRESARIALES Y COMUNICACIONES,S01
68,SANTANDER,2002,2215,2.215E+12,ACTIVIDADES FINANCIERAS INMOBILIARIAS EMPRESARIALES Y COMUNICACIONES,S01
68,SANTANDER,2003,2370,2.37E+12,ACTIVIDADES FINANCIERAS INMOBILIARIAS EMPRESARIALES Y COMUNICACIONES,S01
68,SANTANDER,2004,2590,2.59E+12,ACTIVIDADES FINANCIERAS INMOBILIARIAS EMPRESARIALES Y COMUNICACIONES,S01
68,SANTANDER,2005,2795,2.795E+12,ACTIVIDADES FINANCIERAS INMOBILIARIAS EMPRESARIALES Y COMUNICACIONES,S01
68,SANTANDER,2006,3200,3.2E+12,ACTIVIDADES FINANCIERAS INMOBILIARIAS EMPRESARIALES Y COMUNICACIONES,S01
68,SANTANDER,2007,3543,3.543E+12,ACTIVIDADES FINANCIERAS INMOBILIARIAS EMPRESARIALES Y COMUNICACIONES,S01
68,SANTANDER,2008,3958,3.958E+12,ACTIVIDADES FINANCIERAS INMOBILIARIAS EMPRESARIALES Y COMUNICACIONES,S01
68,SANTANDER,2009,4305,4.305E+12,ACTIVIDADES FINANCIERAS INMOBILIARIAS EMPRESARIALES Y COMUNICACIONES,S01
68,SANTANDER,2010,4641,4.641E+12,ACTIVIDADES FINANCIERAS INMOBILIARIAS EMPRESARIALES Y COMUNICACIONES,S01
68,SANTANDER,2011,5047,5.047E+12,ACTIVIDADES FINANCIERAS INMOBILIARIAS EMPRESARIALES Y COMUNICACIONES,S01
68,SANTANDER,2012,5386,5.386E+12,ACTIVIDADES FINANCIERAS INMOBILIARIAS EMPRESARIALES Y COMUNICACIONES,S01
68,SANTANDER,2013,5738,5.738E+12,ACTIVIDADES FINANCIERAS INMOBILIARIAS EMPRESARIALES Y COMUNICACIONES,S01
68,SANTANDER,2014,6132,6.132E+12,ACTIVIDADES FINANCIERAS INMOBILIARIAS EMPRESARIALES Y COMUNICACIONES,S01
68,SANTANDER,2015,6533,6.533E+12,ACTIVIDADES FINANCIERAS INMOBILIARIAS EMPRESARIALES Y COMUNICACIONES,S01
68,SANTANDER,2016p,7208,7.208E+12,ACTIVIDADES FINANCIERAS INMOBILIARIAS EMPRESARIALES Y COMUNICACIONES,S01
70,SUCRE,2000,123,1.23E+11,ACTIVIDADES FINANCIERAS INMOBILIARIAS EMPRESARIALES Y COMUNICACIONES,S01
70,SUCRE,2001,128,1.28E+11,ACTIVIDADES FINANCIERAS INMOBILIARIAS EMPRESARIALES Y COMUNICACIONES,S01
70,SUCRE,2002,141,1.41E+11,ACTIVIDADES FINANCIERAS INMOBILIARIAS EMPRESARIALES Y COMUNICACIONES,S01
70,SUCRE,2003,157,1.57E+11,ACTIVIDADES FINANCIERAS INMOBILIARIAS EMPRESARIALES Y COMUNICACIONES,S01
70,SUCRE,2004,182,1.82E+11,ACTIVIDADES FINANCIERAS INMOBILIARIAS EMPRESARIALES Y COMUNICACIONES,S01
70,SUCRE,2005,208,2.08E+11,ACTIVIDADES FINANCIERAS INMOBILIARIAS EMPRESARIALES Y COMUNICACIONES,S01
70,SUCRE,2006,238,2.38E+11,ACTIVIDADES FINANCIERAS INMOBILIARIAS EMPRESARIALES Y COMUNICACIONES,S01
70,SUCRE,2007,273,2.73E+11,ACTIVIDADES FINANCIERAS INMOBILIARIAS EMPRESARIALES Y COMUNICACIONES,S01
70,SUCRE,2008,307,3.07E+11,ACTIVIDADES FINANCIERAS INMOBILIARIAS EMPRESARIALES Y COMUNICACIONES,S01
70,SUCRE,2009,337,3.37E+11,ACTIVIDADES FINANCIERAS INMOBILIARIAS EMPRESARIALES Y COMUNICACIONES,S01
70,SUCRE,2010,371,3.71E+11,ACTIVIDADES FINANCIERAS INMOBILIARIAS EMPRESARIALES Y COMUNICACIONES,S01
70,SUCRE,2011,396,3.96E+11,ACTIVIDADES FINANCIERAS INMOBILIARIAS EMPRESARIALES Y COMUNICACIONES,S01
70,SUCRE,2012,430,4.3E+11,ACTIVIDADES FINANCIERAS INMOBILIARIAS EMPRESARIALES Y COMUNICACIONES,S01
70,SUCRE,2013,457,4.57E+11,ACTIVIDADES FINANCIERAS INMOBILIARIAS EMPRESARIALES Y COMUNICACIONES,S01
70,SUCRE,2014,494,4.94E+11,ACTIVIDADES FINANCIERAS INMOBILIARIAS EMPRESARIALES Y COMUNICACIONES,S01
70,SUCRE,2015,524,5.24E+11,ACTIVIDADES FINANCIERAS INMOBILIARIAS EMPRESARIALES Y COMUNICACIONES,S01
70,SUCRE,2016p,569,5.69E+11,ACTIVIDADES FINANCIERAS INMOBILIARIAS EMPRESARIALES Y COMUNICACIONES,S01
73,TOLIMA,2000,574,5.74E+11,ACTIVIDADES FINANCIERAS INMOBILIARIAS EMPRESARIALES Y COMUNICACIONES,S01
73,TOLIMA,2001,615,6.15E+11,ACTIVIDADES FINANCIERAS INMOBILIARIAS EMPRESARIALES Y COMUNICACIONES,S01
73,TOLIMA,2002,675,6.75E+11,ACTIVIDADES FINANCIERAS INMOBILIARIAS EMPRESARIALES Y COMUNICACIONES,S01
73,TOLIMA,2003,711,7.11E+11,ACTIVIDADES FINANCIERAS INMOBILIARIAS EMPRESARIALES Y COMUNICACIONES,S01
73,TOLIMA,2004,774,7.74E+11,ACTIVIDADES FINANCIERAS INMOBILIARIAS EMPRESARIALES Y COMUNICACIONES,S01
73,TOLIMA,2005,841,8.41E+11,ACTIVIDADES FINANCIERAS INMOBILIARIAS EMPRESARIALES Y COMUNICACIONES,S01
73,TOLIMA,2006,941,9.41E+11,ACTIVIDADES FINANCIERAS INMOBILIARIAS EMPRESARIALES Y COMUNICACIONES,S01
73,TOLIMA,2007,1059,1.059E+12,ACTIVIDADES FINANCIERAS INMOBILIARIAS EMPRESARIALES Y COMUNICACIONES,S01
73,TOLIMA,2008,1199,1.199E+12,ACTIVIDADES FINANCIERAS INMOBILIARIAS EMPRESARIALES Y COMUNICACIONES,S01
73,TOLIMA,2009,1302,1.302E+12,ACTIVIDADES FINANCIERAS INMOBILIARIAS EMPRESARIALES Y COMUNICACIONES,S01
73,TOLIMA,2010,1376,1.376E+12,ACTIVIDADES FINANCIERAS INMOBILIARIAS EMPRESARIALES Y COMUNICACIONES,S01
73,TOLIMA,2011,1482,1.482E+12,ACTIVIDADES FINANCIERAS INMOBILIARIAS EMPRESARIALES Y COMUNICACIONES,S01
73,TOLIMA,2012,1593,1.593E+12,ACTIVIDADES FINANCIERAS INMOBILIARIAS EMPRESARIALES Y COMUNICACIONES,S01
73,TOLIMA,2013,1699,1.699E+12,ACTIVIDADES FINANCIERAS INMOBILIARIAS EMPRESARIALES Y COMUNICACIONES,S01
73,TOLIMA,2014,1833,1.833E+12,ACTIVIDADES FINANCIERAS INMOBILIARIAS EMPRESARIALES Y COMUNICACIONES,S01
73,TOLIMA,2015,1931,1.931E+12,ACTIVIDADES FINANCIERAS INMOBILIARIAS EMPRESARIALES Y COMUNICACIONES,S01
73,TOLIMA,2016p,2121,2.121E+12,ACTIVIDADES FINANCIERAS INMOBILIARIAS EMPRESARIALES Y COMUNICACIONES,S01
76,VALLE DEL CAUCA,2000,6730,6.73E+12,ACTIVIDADES FINANCIERAS INMOBILIARIAS EMPRESARIALES Y COMUNICACIONES,S01
76,VALLE DEL CAUCA,2001,7146,7.146E+12,ACTIVIDADES FINANCIERAS INMOBILIARIAS EMPRESARIALES Y COMUNICACIONES,S01
76,VALLE DEL CAUCA,2002,7610,7.61E+12,ACTIVIDADES FINANCIERAS INMOBILIARIAS EMPRESARIALES Y COMUNICACIONES,S01
76,VALLE DEL CAUCA,2003,8029,8.029E+12,ACTIVIDADES FINANCIERAS INMOBILIARIAS EMPRESARIALES Y COMUNICACIONES,S01
76,VALLE DEL CAUCA,2004,8671,8.671E+12,ACTIVIDADES FINANCIERAS INMOBILIARIAS EMPRESARIALES Y COMUNICACIONES,S01
76,VALLE DEL CAUCA,2005,9266,9.266E+12,ACTIVIDADES FINANCIERAS INMOBILIARIAS EMPRESARIALES Y COMUNICACIONES,S01
76,VALLE DEL CAUCA,2006,10365,1.0365E+13,ACTIVIDADES FINANCIERAS INMOBILIARIAS EMPRESARIALES Y COMUNICACIONES,S01
76,VALLE DEL CAUCA,2007,11441,1.1441E+13,ACTIVIDADES FINANCIERAS INMOBILIARIAS EMPRESARIALES Y COMUNICACIONES,S01
76,VALLE DEL CAUCA,2008,12492,1.2492E+13,ACTIVIDADES FINANCIERAS INMOBILIARIAS EMPRESARIALES Y COMUNICACIONES,S01
76,VALLE DEL CAUCA,2009,13278,1.3278E+13,ACTIVIDADES FINANCIERAS INMOBILIARIAS EMPRESARIALES Y COMUNICACIONES,S01
76,VALLE DEL CAUCA,2010,14012,1.4012E+13,ACTIVIDADES FINANCIERAS INMOBILIARIAS EMPRESARIALES Y COMUNICACIONES,S01
76,VALLE DEL CAUCA,2011,15036,1.5036E+13,ACTIVIDADES FINANCIERAS INMOBILIARIAS EMPRESARIALES Y COMUNICACIONES,S01
76,VALLE DEL CAUCA,2012,16256,1.6256E+13,ACTIVIDADES FINANCIERAS INMOBILIARIAS EMPRESARIALES Y COMUNICACIONES,S01
76,VALLE DEL CAUCA,2013,17272,1.7272E+13,ACTIVIDADES FINANCIERAS INMOBILIARIAS EMPRESARIALES Y COMUNICACIONES,S01
76,VALLE DEL CAUCA,2014,18731,1.8731E+13,ACTIVIDADES FINANCIERAS INMOBILIARIAS EMPRESARIALES Y COMUNICACIONES,S01
76,VALLE DEL CAUCA,2015,19950,1.995E+13,ACTIVIDADES FINANCIERAS INMOBILIARIAS EMPRESARIALES Y COMUNICACIONES,S01
76,VALLE DEL CAUCA,2016p,21720,2.172E+13,ACTIVIDADES FINANCIERAS INMOBILIARIAS EMPRESARIALES Y COMUNICACIONES,S01
97,VAUPES,2000,6,6000000000,ACTIVIDADES FINANCIERAS INMOBILIARIAS EMPRESARIALES Y COMUNICACIONES,S01
97,VAUPES,2001,7,7000000000,ACTIVIDADES FINANCIERAS INMOBILIARIAS EMPRESARIALES Y COMUNICACIONES,S01
97,VAUPES,2002,8,8000000000,ACTIVIDADES FINANCIERAS INMOBILIARIAS EMPRESARIALES Y COMUNICACIONES,S01
97,VAUPES,2003,9,9000000000,ACTIVIDADES FINANCIERAS INMOBILIARIAS EMPRESARIALES Y COMUNICACIONES,S01
97,VAUPES,2004,7,7000000000,ACTIVIDADES FINANCIERAS INMOBILIARIAS EMPRESARIALES Y COMUNICACIONES,S01
97,VAUPES,2005,9,9000000000,ACTIVIDADES FINANCIERAS INMOBILIARIAS EMPRESARIALES Y COMUNICACIONES,S01
97,VAUPES,2006,6,6000000000,ACTIVIDADES FINANCIERAS INMOBILIARIAS EMPRESARIALES Y COMUNICACIONES,S01
97,VAUPES,2007,8,8000000000,ACTIVIDADES FINANCIERAS INMOBILIARIAS EMPRESARIALES Y COMUNICACIONES,S01
97,VAUPES,2008,8,8000000000,ACTIVIDADES FINANCIERAS INMOBILIARIAS EMPRESARIALES Y COMUNICACIONES,S01
97,VAUPES,2009,9,9000000000,ACTIVIDADES FINANCIERAS INMOBILIARIAS EMPRESARIALES Y COMUNICACIONES,S01
97,VAUPES,2010,9,9000000000,ACTIVIDADES FINANCIERAS INMOBILIARIAS EMPRESARIALES Y COMUNICACIONES,S01
97,VAUPES,2011,10,10000000000,ACTIVIDADES FINANCIERAS INMOBILIARIAS EMPRESARIALES Y COMUNICACIONES,S01
97,VAUPES,2012,12,12000000000,ACTIVIDADES FINANCIERAS INMOBILIARIAS EMPRESARIALES Y COMUNICACIONES,S01
97,VAUPES,2013,13,13000000000,ACTIVIDADES FINANCIERAS INMOBILIARIAS EMPRESARIALES Y COMUNICACIONES,S01
97,VAUPES,2014,14,14000000000,ACTIVIDADES FINANCIERAS INMOBILIARIAS EMPRESARIALES Y COMUNICACIONES,S01
97,VAUPES,2015,13,13000000000,ACTIVIDADES FINANCIERAS INMOBILIARIAS EMPRESARIALES Y COMUNICACIONES,S01
97,VAUPES,2016p,12,12000000000,ACTIVIDADES FINANCIERAS INMOBILIARIAS EMPRESARIALES Y COMUNICACIONES,S01
99,VICHADA,2000,9,9000000000,ACTIVIDADES FINANCIERAS INMOBILIARIAS EMPRESARIALES Y COMUNICACIONES,S01
99,VICHADA,2001,11,11000000000,ACTIVIDADES FINANCIERAS INMOBILIARIAS EMPRESARIALES Y COMUNICACIONES,S01
99,VICHADA,2002,11,11000000000,ACTIVIDADES FINANCIERAS INMOBILIARIAS EMPRESARIALES Y COMUNICACIONES,S01
99,VICHADA,2003,12,12000000000,ACTIVIDADES FINANCIERAS INMOBILIARIAS EMPRESARIALES Y COMUNICACIONES,S01
99,VICHADA,2004,10,10000000000,ACTIVIDADES FINANCIERAS INMOBILIARIAS EMPRESARIALES Y COMUNICACIONES,S01
99,VICHADA,2005,11,11000000000,ACTIVIDADES FINANCIERAS INMOBILIARIAS EMPRESARIALES Y COMUNICACIONES,S01
99,VICHADA,2006,12,12000000000,ACTIVIDADES FINANCIERAS INMOBILIARIAS EMPRESARIALES Y COMUNICACIONES,S01
99,VICHADA,2007,14,14000000000,ACTIVIDADES FINANCIERAS INMOBILIARIAS EMPRESARIALES Y COMUNICACIONES,S01
99,VICHADA,2008,15,15000000000,ACTIVIDADES FINANCIERAS INMOBILIARIAS EMPRESARIALES Y COMUNICACIONES,S01
99,VICHADA,2009,16,16000000000,ACTIVIDADES FINANCIERAS INMOBILIARIAS EMPRESARIALES Y COMUNICACIONES,S01
99,VICHADA,2010,18,18000000000,ACTIVIDADES FINANCIERAS INMOBILIARIAS EMPRESARIALES Y COMUNICACIONES,S01
99,VICHADA,2011,19,19000000000,ACTIVIDADES FINANCIERAS INMOBILIARIAS EMPRESARIALES Y COMUNICACIONES,S01
99,VICHADA,2012,23,23000000000,ACTIVIDADES FINANCIERAS INMOBILIARIAS EMPRESARIALES Y COMUNICACIONES,S01
99,VICHADA,2013,25,25000000000,ACTIVIDADES FINANCIERAS INMOBILIARIAS EMPRESARIALES Y COMUNICACIONES,S01
99,VICHADA,2014,26,26000000000,ACTIVIDADES FINANCIERAS INMOBILIARIAS EMPRESARIALES Y COMUNICACIONES,S01
99,VICHADA,2015,24,24000000000,ACTIVIDADES FINANCIERAS INMOBILIARIAS EMPRESARIALES Y COMUNICACIONES,S01
99,VICHADA,2016p,23,23000000000,ACTIVIDADES FINANCIERAS INMOBILIARIAS EMPRESARIALES Y COMUNICACIONES,S01
0,COLOMBIA,2000,36252,3.6252E+13,ADMINISTRACION PUBLICA EDUCACION Y SALUD ACTIVIDADES ARTISTICAS Y DE ENTRETENIMIENTO ACTIVIDADES DE LOS HOGARES INDIVIDUALES,S02
0,COLOMBIA,2001,38913,3.8913E+13,ADMINISTRACION PUBLICA EDUCACION Y SALUD ACTIVIDADES ARTISTICAS Y DE ENTRETENIMIENTO ACTIVIDADES DE LOS HOGARES INDIVIDUALES,S02
0,COLOMBIA,2002,41814,4.1814E+13,ADMINISTRACION PUBLICA EDUCACION Y SALUD ACTIVIDADES ARTISTICAS Y DE ENTRETENIMIENTO ACTIVIDADES DE LOS HOGARES INDIVIDUALES,S02
0,COLOMBIA,2003,44672,4.4672E+13,ADMINISTRACION PUBLICA EDUCACION Y SALUD ACTIVIDADES ARTISTICAS Y DE ENTRETENIMIENTO ACTIVIDADES DE LOS HOGARES INDIVIDUALES,S02
0,COLOMBIA,2004,49537,4.9537E+13,ADMINISTRACION PUBLICA EDUCACION Y SALUD ACTIVIDADES ARTISTICAS Y DE ENTRETENIMIENTO ACTIVIDADES DE LOS HOGARES INDIVIDUALES,S02
0,COLOMBIA,2005,54210,5.421E+13,ADMINISTRACION PUBLICA EDUCACION Y SALUD ACTIVIDADES ARTISTICAS Y DE ENTRETENIMIENTO ACTIVIDADES DE LOS HOGARES INDIVIDUALES,S02
0,COLOMBIA,2006,59103,5.9103E+13,ADMINISTRACION PUBLICA EDUCACION Y SALUD ACTIVIDADES ARTISTICAS Y DE ENTRETENIMIENTO ACTIVIDADES DE LOS HOGARES INDIVIDUALES,S02
0,COLOMBIA,2007,65557,6.5557E+13,ADMINISTRACION PUBLICA EDUCACION Y SALUD ACTIVIDADES ARTISTICAS Y DE ENTRETENIMIENTO ACTIVIDADES DE LOS HOGARES INDIVIDUALES,S02
0,COLOMBIA,2008,71926,7.1926E+13,ADMINISTRACION PUBLICA EDUCACION Y SALUD ACTIVIDADES ARTISTICAS Y DE ENTRETENIMIENTO ACTIVIDADES DE LOS HOGARES INDIVIDUALES,S02
0,COLOMBIA,2009,79291,7.9291E+13,ADMINISTRACION PUBLICA EDUCACION Y SALUD ACTIVIDADES ARTISTICAS Y DE ENTRETENIMIENTO ACTIVIDADES DE LOS HOGARES INDIVIDUALES,S02
0,COLOMBIA,2010,86280,8.628E+13,ADMINISTRACION PUBLICA EDUCACION Y SALUD ACTIVIDADES ARTISTICAS Y DE ENTRETENIMIENTO ACTIVIDADES DE LOS HOGARES INDIVIDUALES,S02
0,COLOMBIA,2011,93796,9.3796E+13,ADMINISTRACION PUBLICA EDUCACION Y SALUD ACTIVIDADES ARTISTICAS Y DE ENTRETENIMIENTO ACTIVIDADES DE LOS HOGARES INDIVIDUALES,S02
0,COLOMBIA,2012,103020,1.0302E+14,ADMINISTRACION PUBLICA EDUCACION Y SALUD ACTIVIDADES ARTISTICAS Y DE ENTRETENIMIENTO ACTIVIDADES DE LOS HOGARES INDIVIDUALES,S02
0,COLOMBIA,2013,114035,1.14035E+14,ADMINISTRACION PUBLICA EDUCACION Y SALUD ACTIVIDADES ARTISTICAS Y DE ENTRETENIMIENTO ACTIVIDADES DE LOS HOGARES INDIVIDUALES,S02
0,COLOMBIA,2014,123784,1.23784E+14,ADMINISTRACION PUBLICA EDUCACION Y SALUD ACTIVIDADES ARTISTICAS Y DE ENTRETENIMIENTO ACTIVIDADES DE LOS HOGARES INDIVIDUALES,S02
0,COLOMBIA,2015,133114,1.33114E+14,ADMINISTRACION PUBLICA EDUCACION Y SALUD ACTIVIDADES ARTISTICAS Y DE ENTRETENIMIENTO ACTIVIDADES DE LOS HOGARES INDIVIDUALES,S02
0,COLOMBIA,2016p,143016,1.43016E+14,ADMINISTRACION PUBLICA EDUCACION Y SALUD ACTIVIDADES ARTISTICAS Y DE ENTRETENIMIENTO ACTIVIDADES DE LOS HOGARES INDIVIDUALES,S02
91,AMAZONAS,2000,71,71000000000,ADMINISTRACION PUBLICA EDUCACION Y SALUD ACTIVIDADES ARTISTICAS Y DE ENTRETENIMIENTO ACTIVIDADES DE LOS HOGARES INDIVIDUALES,S02
91,AMAZONAS,2001,87,87000000000,ADMINISTRACION PUBLICA EDUCACION Y SALUD ACTIVIDADES ARTISTICAS Y DE ENTRETENIMIENTO ACTIVIDADES DE LOS HOGARES INDIVIDUALES,S02
91,AMAZONAS,2002,84,84000000000,ADMINISTRACION PUBLICA EDUCACION Y SALUD ACTIVIDADES ARTISTICAS Y DE ENTRETENIMIENTO ACTIVIDADES DE LOS HOGARES INDIVIDUALES,S02
91,AMAZONAS,2003,84,84000000000,ADMINISTRACION PUBLICA EDUCACION Y SALUD ACTIVIDADES ARTISTICAS Y DE ENTRETENIMIENTO ACTIVIDADES DE LOS HOGARES INDIVIDUALES,S02
91,AMAZONAS,2004,102,1.02E+11,ADMINISTRACION PUBLICA EDUCACION Y SALUD ACTIVIDADES ARTISTICAS Y DE ENTRETENIMIENTO ACTIVIDADES DE LOS HOGARES INDIVIDUALES,S02
91,AMAZONAS,2005,110,1.1E+11,ADMINISTRACION PUBLICA EDUCACION Y SALUD ACTIVIDADES ARTISTICAS Y DE ENTRETENIMIENTO ACTIVIDADES DE LOS HOGARES INDIVIDUALES,S02
91,AMAZONAS,2006,122,1.22E+11,ADMINISTRACION PUBLICA EDUCACION Y SALUD ACTIVIDADES ARTISTICAS Y DE ENTRETENIMIENTO ACTIVIDADES DE LOS HOGARES INDIVIDUALES,S02
91,AMAZONAS,2007,126,1.26E+11,ADMINISTRACION PUBLICA EDUCACION Y SALUD ACTIVIDADES ARTISTICAS Y DE ENTRETENIMIENTO ACTIVIDADES DE LOS HOGARES INDIVIDUALES,S02
91,AMAZONAS,2008,141,1.41E+11,ADMINISTRACION PUBLICA EDUCACION Y SALUD ACTIVIDADES ARTISTICAS Y DE ENTRETENIMIENTO ACTIVIDADES DE LOS HOGARES INDIVIDUALES,S02
91,AMAZONAS,2009,149,1.49E+11,ADMINISTRACION PUBLICA EDUCACION Y SALUD ACTIVIDADES ARTISTICAS Y DE ENTRETENIMIENTO ACTIVIDADES DE LOS HOGARES INDIVIDUALES,S02
91,AMAZONAS,2010,158,1.58E+11,ADMINISTRACION PUBLICA EDUCACION Y SALUD ACTIVIDADES ARTISTICAS Y DE ENTRETENIMIENTO ACTIVIDADES DE LOS HOGARES INDIVIDUALES,S02
91,AMAZONAS,2011,173,1.73E+11,ADMINISTRACION PUBLICA EDUCACION Y SALUD ACTIVIDADES ARTISTICAS Y DE ENTRETENIMIENTO ACTIVIDADES DE LOS HOGARES INDIVIDUALES,S02
91,AMAZONAS,2012,191,1.91E+11,ADMINISTRACION PUBLICA EDUCACION Y SALUD ACTIVIDADES ARTISTICAS Y DE ENTRETENIMIENTO ACTIVIDADES DE LOS HOGARES INDIVIDUALES,S02
91,AMAZONAS,2013,210,2.1E+11,ADMINISTRACION PUBLICA EDUCACION Y SALUD ACTIVIDADES ARTISTICAS Y DE ENTRETENIMIENTO ACTIVIDADES DE LOS HOGARES INDIVIDUALES,S02
91,AMAZONAS,2014,229,2.29E+11,ADMINISTRACION PUBLICA EDUCACION Y SALUD ACTIVIDADES ARTISTICAS Y DE ENTRETENIMIENTO ACTIVIDADES DE LOS HOGARES INDIVIDUALES,S02
91,AMAZONAS,2015,244,2.44E+11,ADMINISTRACION PUBLICA EDUCACION Y SALUD ACTIVIDADES ARTISTICAS Y DE ENTRETENIMIENTO ACTIVIDADES DE LOS HOGARES INDIVIDUALES,S02
91,AMAZONAS,2016p,262,2.62E+11,ADMINISTRACION PUBLICA EDUCACION Y SALUD ACTIVIDADES ARTISTICAS Y DE ENTRETENIMIENTO ACTIVIDADES DE LOS HOGARES INDIVIDUALES,S02
5,ANTIOQUIA,2000,4378,4.378E+12,ADMINISTRACION PUBLICA EDUCACION Y SALUD ACTIVIDADES ARTISTICAS Y DE ENTRETENIMIENTO ACTIVIDADES DE LOS HOGARES INDIVIDUALES,S02
5,ANTIOQUIA,2001,4565,4.565E+12,ADMINISTRACION PUBLICA EDUCACION Y SALUD ACTIVIDADES ARTISTICAS Y DE ENTRETENIMIENTO ACTIVIDADES DE LOS HOGARES INDIVIDUALES,S02
5,ANTIOQUIA,2002,4764,4.764E+12,ADMINISTRACION PUBLICA EDUCACION Y SALUD ACTIVIDADES ARTISTICAS Y DE ENTRETENIMIENTO ACTIVIDADES DE LOS HOGARES INDIVIDUALES,S02
5,ANTIOQUIA,2003,5073,5.073E+12,ADMINISTRACION PUBLICA EDUCACION Y SALUD ACTIVIDADES ARTISTICAS Y DE ENTRETENIMIENTO ACTIVIDADES DE LOS HOGARES INDIVIDUALES,S02
5,ANTIOQUIA,2004,5653,5.653E+12,ADMINISTRACION PUBLICA EDUCACION Y SALUD ACTIVIDADES ARTISTICAS Y DE ENTRETENIMIENTO ACTIVIDADES DE LOS HOGARES INDIVIDUALES,S02
5,ANTIOQUIA,2005,6493,6.493E+12,ADMINISTRACION PUBLICA EDUCACION Y SALUD ACTIVIDADES ARTISTICAS Y DE ENTRETENIMIENTO ACTIVIDADES DE LOS HOGARES INDIVIDUALES,S02
5,ANTIOQUIA,2006,7090,7.09E+12,ADMINISTRACION PUBLICA EDUCACION Y SALUD ACTIVIDADES ARTISTICAS Y DE ENTRETENIMIENTO ACTIVIDADES DE LOS HOGARES INDIVIDUALES,S02
5,ANTIOQUIA,2007,7890,7.89E+12,ADMINISTRACION PUBLICA EDUCACION Y SALUD ACTIVIDADES ARTISTICAS Y DE ENTRETENIMIENTO ACTIVIDADES DE LOS HOGARES INDIVIDUALES,S02
5,ANTIOQUIA,2008,8421,8.421E+12,ADMINISTRACION PUBLICA EDUCACION Y SALUD ACTIVIDADES ARTISTICAS Y DE ENTRETENIMIENTO ACTIVIDADES DE LOS HOGARES INDIVIDUALES,S02
5,ANTIOQUIA,2009,9357,9.357E+12,ADMINISTRACION PUBLICA EDUCACION Y SALUD ACTIVIDADES ARTISTICAS Y DE ENTRETENIMIENTO ACTIVIDADES DE LOS HOGARES INDIVIDUALES,S02
5,ANTIOQUIA,2010,10124,1.0124E+13,ADMINISTRACION PUBLICA EDUCACION Y SALUD ACTIVIDADES ARTISTICAS Y DE ENTRETENIMIENTO ACTIVIDADES DE LOS HOGARES INDIVIDUALES,S02
5,ANTIOQUIA,2011,11014,1.1014E+13,ADMINISTRACION PUBLICA EDUCACION Y SALUD ACTIVIDADES ARTISTICAS Y DE ENTRETENIMIENTO ACTIVIDADES DE LOS HOGARES INDIVIDUALES,S02
5,ANTIOQUIA,2012,12105,1.2105E+13,ADMINISTRACION PUBLICA EDUCACION Y SALUD ACTIVIDADES ARTISTICAS Y DE ENTRETENIMIENTO ACTIVIDADES DE LOS HOGARES INDIVIDUALES,S02
5,ANTIOQUIA,2013,13326,1.3326E+13,ADMINISTRACION PUBLICA EDUCACION Y SALUD ACTIVIDADES ARTISTICAS Y DE ENTRETENIMIENTO ACTIVIDADES DE LOS HOGARES INDIVIDUALES,S02
5,ANTIOQUIA,2014,14535,1.4535E+13,ADMINISTRACION PUBLICA EDUCACION Y SALUD ACTIVIDADES ARTISTICAS Y DE ENTRETENIMIENTO ACTIVIDADES DE LOS HOGARES INDIVIDUALES,S02
5,ANTIOQUIA,2015,15663,1.5663E+13,ADMINISTRACION PUBLICA EDUCACION Y SALUD ACTIVIDADES ARTISTICAS Y DE ENTRETENIMIENTO ACTIVIDADES DE LOS HOGARES INDIVIDUALES,S02
5,ANTIOQUIA,2016p,16876,1.6876E+13,ADMINISTRACION PUBLICA EDUCACION Y SALUD ACTIVIDADES ARTISTICAS Y DE ENTRETENIMIENTO ACTIVIDADES DE LOS HOGARES INDIVIDUALES,S02
81,ARAUCA,2000,197,1.97E+11,ADMINISTRACION PUBLICA EDUCACION Y SALUD ACTIVIDADES ARTISTICAS Y DE ENTRETENIMIENTO ACTIVIDADES DE LOS HOGARES INDIVIDUALES,S02
81,ARAUCA,2001,217,2.17E+11,ADMINISTRACION PUBLICA EDUCACION Y SALUD ACTIVIDADES ARTISTICAS Y DE ENTRETENIMIENTO ACTIVIDADES DE LOS HOGARES INDIVIDUALES,S02
81,ARAUCA,2002,242,2.42E+11,ADMINISTRACION PUBLICA EDUCACION Y SALUD ACTIVIDADES ARTISTICAS Y DE ENTRETENIMIENTO ACTIVIDADES DE LOS HOGARES INDIVIDUALES,S02
81,ARAUCA,2003,251,2.51E+11,ADMINISTRACION PUBLICA EDUCACION Y SALUD ACTIVIDADES ARTISTICAS Y DE ENTRETENIMIENTO ACTIVIDADES DE LOS HOGARES INDIVIDUALES,S02
81,ARAUCA,2004,271,2.71E+11,ADMINISTRACION PUBLICA EDUCACION Y SALUD ACTIVIDADES ARTISTICAS Y DE ENTRETENIMIENTO ACTIVIDADES DE LOS HOGARES INDIVIDUALES,S02
81,ARAUCA,2005,293,2.93E+11,ADMINISTRACION PUBLICA EDUCACION Y SALUD ACTIVIDADES ARTISTICAS Y DE ENTRETENIMIENTO ACTIVIDADES DE LOS HOGARES INDIVIDUALES,S02
81,ARAUCA,2006,307,3.07E+11,ADMINISTRACION PUBLICA EDUCACION Y SALUD ACTIVIDADES ARTISTICAS Y DE ENTRETENIMIENTO ACTIVIDADES DE LOS HOGARES INDIVIDUALES,S02
81,ARAUCA,2007,350,3.5E+11,ADMINISTRACION PUBLICA EDUCACION Y SALUD ACTIVIDADES ARTISTICAS Y DE ENTRETENIMIENTO ACTIVIDADES DE LOS HOGARES INDIVIDUALES,S02
81,ARAUCA,2008,386,3.86E+11,ADMINISTRACION PUBLICA EDUCACION Y SALUD ACTIVIDADES ARTISTICAS Y DE ENTRETENIMIENTO ACTIVIDADES DE LOS HOGARES INDIVIDUALES,S02
81,ARAUCA,2009,412,4.12E+11,ADMINISTRACION PUBLICA EDUCACION Y SALUD ACTIVIDADES ARTISTICAS Y DE ENTRETENIMIENTO ACTIVIDADES DE LOS HOGARES INDIVIDUALES,S02
81,ARAUCA,2010,427,4.27E+11,ADMINISTRACION PUBLICA EDUCACION Y SALUD ACTIVIDADES ARTISTICAS Y DE ENTRETENIMIENTO ACTIVIDADES DE LOS HOGARES INDIVIDUALES,S02
81,ARAUCA,2011,467,4.67E+11,ADMINISTRACION PUBLICA EDUCACION Y SALUD ACTIVIDADES ARTISTICAS Y DE ENTRETENIMIENTO ACTIVIDADES DE LOS HOGARES INDIVIDUALES,S02
81,ARAUCA,2012,517,5.17E+11,ADMINISTRACION PUBLICA EDUCACION Y SALUD ACTIVIDADES ARTISTICAS Y DE ENTRETENIMIENTO ACTIVIDADES DE LOS HOGARES INDIVIDUALES,S02
81,ARAUCA,2013,576,5.76E+11,ADMINISTRACION PUBLICA EDUCACION Y SALUD ACTIVIDADES ARTISTICAS Y DE ENTRETENIMIENTO ACTIVIDADES DE LOS HOGARES INDIVIDUALES,S02
81,ARAUCA,2014,624,6.24E+11,ADMINISTRACION PUBLICA EDUCACION Y SALUD ACTIVIDADES ARTISTICAS Y DE ENTRETENIMIENTO ACTIVIDADES DE LOS HOGARES INDIVIDUALES,S02
81,ARAUCA,2015,678,6.78E+11,ADMINISTRACION PUBLICA EDUCACION Y SALUD ACTIVIDADES ARTISTICAS Y DE ENTRETENIMIENTO ACTIVIDADES DE LOS HOGARES INDIVIDUALES,S02
81,ARAUCA,2016p,731,7.31E+11,ADMINISTRACION PUBLICA EDUCACION Y SALUD ACTIVIDADES ARTISTICAS Y DE ENTRETENIMIENTO ACTIVIDADES DE LOS HOGARES INDIVIDUALES,S02
8,ATLANTICO,2000,1425,1.425E+12,ADMINISTRACION PUBLICA EDUCACION Y SALUD ACTIVIDADES ARTISTICAS Y DE ENTRETENIMIENTO ACTIVIDADES DE LOS HOGARES INDIVIDUALES,S02
8,ATLANTICO,2001,1559,1.559E+12,ADMINISTRACION PUBLICA EDUCACION Y SALUD ACTIVIDADES ARTISTICAS Y DE ENTRETENIMIENTO ACTIVIDADES DE LOS HOGARES INDIVIDUALES,S02
8,ATLANTICO,2002,1670,1.67E+12,ADMINISTRACION PUBLICA EDUCACION Y SALUD ACTIVIDADES ARTISTICAS Y DE ENTRETENIMIENTO ACTIVIDADES DE LOS HOGARES INDIVIDUALES,S02
8,ATLANTICO,2003,1777,1.777E+12,ADMINISTRACION PUBLICA EDUCACION Y SALUD ACTIVIDADES ARTISTICAS Y DE ENTRETENIMIENTO ACTIVIDADES DE LOS HOGARES INDIVIDUALES,S02
8,ATLANTICO,2004,1962,1.962E+12,ADMINISTRACION PUBLICA EDUCACION Y SALUD ACTIVIDADES ARTISTICAS Y DE ENTRETENIMIENTO ACTIVIDADES DE LOS HOGARES INDIVIDUALES,S02
8,ATLANTICO,2005,2179,2.179E+12,ADMINISTRACION PUBLICA EDUCACION Y SALUD ACTIVIDADES ARTISTICAS Y DE ENTRETENIMIENTO ACTIVIDADES DE LOS HOGARES INDIVIDUALES,S02
8,ATLANTICO,2006,2387,2.387E+12,ADMINISTRACION PUBLICA EDUCACION Y SALUD ACTIVIDADES ARTISTICAS Y DE ENTRETENIMIENTO ACTIVIDADES DE LOS HOGARES INDIVIDUALES,S02
8,ATLANTICO,2007,2641,2.641E+12,ADMINISTRACION PUBLICA EDUCACION Y SALUD ACTIVIDADES ARTISTICAS Y DE ENTRETENIMIENTO ACTIVIDADES DE LOS HOGARES INDIVIDUALES,S02
8,ATLANTICO,2008,2940,2.94E+12,ADMINISTRACION PUBLICA EDUCACION Y SALUD ACTIVIDADES ARTISTICAS Y DE ENTRETENIMIENTO ACTIVIDADES DE LOS HOGARES INDIVIDUALES,S02
8,ATLANTICO,2009,3194,3.194E+12,ADMINISTRACION PUBLICA EDUCACION Y SALUD ACTIVIDADES ARTISTICAS Y DE ENTRETENIMIENTO ACTIVIDADES DE LOS HOGARES INDIVIDUALES,S02
8,ATLANTICO,2010,3440,3.44E+12,ADMINISTRACION PUBLICA EDUCACION Y SALUD ACTIVIDADES ARTISTICAS Y DE ENTRETENIMIENTO ACTIVIDADES DE LOS HOGARES INDIVIDUALES,S02
8,ATLANTICO,2011,3819,3.819E+12,ADMINISTRACION PUBLICA EDUCACION Y SALUD ACTIVIDADES ARTISTICAS Y DE ENTRETENIMIENTO ACTIVIDADES DE LOS HOGARES INDIVIDUALES,S02
8,ATLANTICO,2012,4173,4.173E+12,ADMINISTRACION PUBLICA EDUCACION Y SALUD ACTIVIDADES ARTISTICAS Y DE ENTRETENIMIENTO ACTIVIDADES DE LOS HOGARES INDIVIDUALES,S02
8,ATLANTICO,2013,4602,4.602E+12,ADMINISTRACION PUBLICA EDUCACION Y SALUD ACTIVIDADES ARTISTICAS Y DE ENTRETENIMIENTO ACTIVIDADES DE LOS HOGARES INDIVIDUALES,S02
8,ATLANTICO,2014,4962,4.962E+12,ADMINISTRACION PUBLICA EDUCACION Y SALUD ACTIVIDADES ARTISTICAS Y DE ENTRETENIMIENTO ACTIVIDADES DE LOS HOGARES INDIVIDUALES,S02
8,ATLANTICO,2015,5350,5.35E+12,ADMINISTRACION PUBLICA EDUCACION Y SALUD ACTIVIDADES ARTISTICAS Y DE ENTRETENIMIENTO ACTIVIDADES DE LOS HOGARES INDIVIDUALES,S02
8,ATLANTICO,2016p,5767,5.767E+12,ADMINISTRACION PUBLICA EDUCACION Y SALUD ACTIVIDADES ARTISTICAS Y DE ENTRETENIMIENTO ACTIVIDADES DE LOS HOGARES INDIVIDUALES,S02
11,SANTAFE DE BOGOTA D.C,2000,10968,1.0968E+13,ADMINISTRACION PUBLICA EDUCACION Y SALUD ACTIVIDADES ARTISTICAS Y DE ENTRETENIMIENTO ACTIVIDADES DE LOS HOGARES INDIVIDUALES,S02
11,SANTAFE DE BOGOTA D.C,2001,11732,1.1732E+13,ADMINISTRACION PUBLICA EDUCACION Y SALUD ACTIVIDADES ARTISTICAS Y DE ENTRETENIMIENTO ACTIVIDADES DE LOS HOGARES INDIVIDUALES,S02
11,SANTAFE DE BOGOTA D.C,2002,12574,1.2574E+13,ADMINISTRACION PUBLICA EDUCACION Y SALUD ACTIVIDADES ARTISTICAS Y DE ENTRETENIMIENTO ACTIVIDADES DE LOS HOGARES INDIVIDUALES,S02
11,SANTAFE DE BOGOTA D.C,2003,13482,1.3482E+13,ADMINISTRACION PUBLICA EDUCACION Y SALUD ACTIVIDADES ARTISTICAS Y DE ENTRETENIMIENTO ACTIVIDADES DE LOS HOGARES INDIVIDUALES,S02
11,SANTAFE DE BOGOTA D.C,2004,14602,1.4602E+13,ADMINISTRACION PUBLICA EDUCACION Y SALUD ACTIVIDADES ARTISTICAS Y DE ENTRETENIMIENTO ACTIVIDADES DE LOS HOGARES INDIVIDUALES,S02
11,SANTAFE DE BOGOTA D.C,2005,15604,1.5604E+13,ADMINISTRACION PUBLICA EDUCACION Y SALUD ACTIVIDADES ARTISTICAS Y DE ENTRETENIMIENTO ACTIVIDADES DE LOS HOGARES INDIVIDUALES,S02
11,SANTAFE DE BOGOTA D.C,2006,16909,1.6909E+13,ADMINISTRACION PUBLICA EDUCACION Y SALUD ACTIVIDADES ARTISTICAS Y DE ENTRETENIMIENTO ACTIVIDADES DE LOS HOGARES INDIVIDUALES,S02
11,SANTAFE DE BOGOTA D.C,2007,18893,1.8893E+13,ADMINISTRACION PUBLICA EDUCACION Y SALUD ACTIVIDADES ARTISTICAS Y DE ENTRETENIMIENTO ACTIVIDADES DE LOS HOGARES INDIVIDUALES,S02
11,SANTAFE DE BOGOTA D.C,2008,20153,2.0153E+13,ADMINISTRACION PUBLICA EDUCACION Y SALUD ACTIVIDADES ARTISTICAS Y DE ENTRETENIMIENTO ACTIVIDADES DE LOS HOGARES INDIVIDUALES,S02
11,SANTAFE DE BOGOTA D.C,2009,22512,2.2512E+13,ADMINISTRACION PUBLICA EDUCACION Y SALUD ACTIVIDADES ARTISTICAS Y DE ENTRETENIMIENTO ACTIVIDADES DE LOS HOGARES INDIVIDUALES,S02
11,SANTAFE DE BOGOTA D.C,2010,24456,2.4456E+13,ADMINISTRACION PUBLICA EDUCACION Y SALUD ACTIVIDADES ARTISTICAS Y DE ENTRETENIMIENTO ACTIVIDADES DE LOS HOGARES INDIVIDUALES,S02
11,SANTAFE DE BOGOTA D.C,2011,26445,2.6445E+13,ADMINISTRACION PUBLICA EDUCACION Y SALUD ACTIVIDADES ARTISTICAS Y DE ENTRETENIMIENTO ACTIVIDADES DE LOS HOGARES INDIVIDUALES,S02
11,SANTAFE DE BOGOTA D.C,2012,28842,2.8842E+13,ADMINISTRACION PUBLICA EDUCACION Y SALUD ACTIVIDADES ARTISTICAS Y DE ENTRETENIMIENTO ACTIVIDADES DE LOS HOGARES INDIVIDUALES,S02
11,SANTAFE DE BOGOTA D.C,2013,32071,3.2071E+13,ADMINISTRACION PUBLICA EDUCACION Y SALUD ACTIVIDADES ARTISTICAS Y DE ENTRETENIMIENTO ACTIVIDADES DE LOS HOGARES INDIVIDUALES,S02
11,SANTAFE DE BOGOTA D.C,2014,34811,3.4811E+13,ADMINISTRACION PUBLICA EDUCACION Y SALUD ACTIVIDADES ARTISTICAS Y DE ENTRETENIMIENTO ACTIVIDADES DE LOS HOGARES INDIVIDUALES,S02
11,SANTAFE DE BOGOTA D.C,2015,37675,3.7675E+13,ADMINISTRACION PUBLICA EDUCACION Y SALUD ACTIVIDADES ARTISTICAS Y DE ENTRETENIMIENTO ACTIVIDADES DE LOS HOGARES INDIVIDUALES,S02
11,SANTAFE DE BOGOTA D.C,2016p,40659,4.0659E+13,ADMINISTRACION PUBLICA EDUCACION Y SALUD ACTIVIDADES ARTISTICAS Y DE ENTRETENIMIENTO ACTIVIDADES DE LOS HOGARES INDIVIDUALES,S02
13,BOLIVAR,2000,1123,1.123E+12,ADMINISTRACION PUBLICA EDUCACION Y SALUD ACTIVIDADES ARTISTICAS Y DE ENTRETENIMIENTO ACTIVIDADES DE LOS HOGARES INDIVIDUALES,S02
13,BOLIVAR,2001,1212,1.212E+12,ADMINISTRACION PUBLICA EDUCACION Y SALUD ACTIVIDADES ARTISTICAS Y DE ENTRETENIMIENTO ACTIVIDADES DE LOS HOGARES INDIVIDUALES,S02
13,BOLIVAR,2002,1298,1.298E+12,ADMINISTRACION PUBLICA EDUCACION Y SALUD ACTIVIDADES ARTISTICAS Y DE ENTRETENIMIENTO ACTIVIDADES DE LOS HOGARES INDIVIDUALES,S02
13,BOLIVAR,2003,1425,1.425E+12,ADMINISTRACION PUBLICA EDUCACION Y SALUD ACTIVIDADES ARTISTICAS Y DE ENTRETENIMIENTO ACTIVIDADES DE LOS HOGARES INDIVIDUALES,S02
13,BOLIVAR,2004,1703,1.703E+12,ADMINISTRACION PUBLICA EDUCACION Y SALUD ACTIVIDADES ARTISTICAS Y DE ENTRETENIMIENTO ACTIVIDADES DE LOS HOGARES INDIVIDUALES,S02
13,BOLIVAR,2005,1960,1.96E+12,ADMINISTRACION PUBLICA EDUCACION Y SALUD ACTIVIDADES ARTISTICAS Y DE ENTRETENIMIENTO ACTIVIDADES DE LOS HOGARES INDIVIDUALES,S02
13,BOLIVAR,2006,2060,2.06E+12,ADMINISTRACION PUBLICA EDUCACION Y SALUD ACTIVIDADES ARTISTICAS Y DE ENTRETENIMIENTO ACTIVIDADES DE LOS HOGARES INDIVIDUALES,S02
13,BOLIVAR,2007,2246,2.246E+12,ADMINISTRACION PUBLICA EDUCACION Y SALUD ACTIVIDADES ARTISTICAS Y DE ENTRETENIMIENTO ACTIVIDADES DE LOS HOGARES INDIVIDUALES,S02
13,BOLIVAR,2008,2405,2.405E+12,ADMINISTRACION PUBLICA EDUCACION Y SALUD ACTIVIDADES ARTISTICAS Y DE ENTRETENIMIENTO ACTIVIDADES DE LOS HOGARES INDIVIDUALES,S02
13,BOLIVAR,2009,2639,2.639E+12,ADMINISTRACION PUBLICA EDUCACION Y SALUD ACTIVIDADES ARTISTICAS Y DE ENTRETENIMIENTO ACTIVIDADES DE LOS HOGARES INDIVIDUALES,S02
13,BOLIVAR,2010,2952,2.952E+12,ADMINISTRACION PUBLICA EDUCACION Y SALUD ACTIVIDADES ARTISTICAS Y DE ENTRETENIMIENTO ACTIVIDADES DE LOS HOGARES INDIVIDUALES,S02
13,BOLIVAR,2011,3189,3.189E+12,ADMINISTRACION PUBLICA EDUCACION Y SALUD ACTIVIDADES ARTISTICAS Y DE ENTRETENIMIENTO ACTIVIDADES DE LOS HOGARES INDIVIDUALES,S02
13,BOLIVAR,2012,3593,3.593E+12,ADMINISTRACION PUBLICA EDUCACION Y SALUD ACTIVIDADES ARTISTICAS Y DE ENTRETENIMIENTO ACTIVIDADES DE LOS HOGARES INDIVIDUALES,S02
13,BOLIVAR,2013,3986,3.986E+12,ADMINISTRACION PUBLICA EDUCACION Y SALUD ACTIVIDADES ARTISTICAS Y DE ENTRETENIMIENTO ACTIVIDADES DE LOS HOGARES INDIVIDUALES,S02
13,BOLIVAR,2014,4356,4.356E+12,ADMINISTRACION PUBLICA EDUCACION Y SALUD ACTIVIDADES ARTISTICAS Y DE ENTRETENIMIENTO ACTIVIDADES DE LOS HOGARES INDIVIDUALES,S02
13,BOLIVAR,2015,4600,4.6E+12,ADMINISTRACION PUBLICA EDUCACION Y SALUD ACTIVIDADES ARTISTICAS Y DE ENTRETENIMIENTO ACTIVIDADES DE LOS HOGARES INDIVIDUALES,S02
13,BOLIVAR,2016p,4946,4.946E+12,ADMINISTRACION PUBLICA EDUCACION Y SALUD ACTIVIDADES ARTISTICAS Y DE ENTRETENIMIENTO ACTIVIDADES DE LOS HOGARES INDIVIDUALES,S02
15,BOYACA,2000,1094,1.094E+12,ADMINISTRACION PUBLICA EDUCACION Y SALUD ACTIVIDADES ARTISTICAS Y DE ENTRETENIMIENTO ACTIVIDADES DE LOS HOGARES INDIVIDUALES,S02
15,BOYACA,2001,1159,1.159E+12,ADMINISTRACION PUBLICA EDUCACION Y SALUD ACTIVIDADES ARTISTICAS Y DE ENTRETENIMIENTO ACTIVIDADES DE LOS HOGARES INDIVIDUALES,S02
15,BOYACA,2002,1280,1.28E+12,ADMINISTRACION PUBLICA EDUCACION Y SALUD ACTIVIDADES ARTISTICAS Y DE ENTRETENIMIENTO ACTIVIDADES DE LOS HOGARES INDIVIDUALES,S02
15,BOYACA,2003,1274,1.274E+12,ADMINISTRACION PUBLICA EDUCACION Y SALUD ACTIVIDADES ARTISTICAS Y DE ENTRETENIMIENTO ACTIVIDADES DE LOS HOGARES INDIVIDUALES,S02
15,BOYACA,2004,1312,1.312E+12,ADMINISTRACION PUBLICA EDUCACION Y SALUD ACTIVIDADES ARTISTICAS Y DE ENTRETENIMIENTO ACTIVIDADES DE LOS HOGARES INDIVIDUALES,S02
15,BOYACA,2005,1447,1.447E+12,ADMINISTRACION PUBLICA EDUCACION Y SALUD ACTIVIDADES ARTISTICAS Y DE ENTRETENIMIENTO ACTIVIDADES DE LOS HOGARES INDIVIDUALES,S02
15,BOYACA,2006,1656,1.656E+12,ADMINISTRACION PUBLICA EDUCACION Y SALUD ACTIVIDADES ARTISTICAS Y DE ENTRETENIMIENTO ACTIVIDADES DE LOS HOGARES INDIVIDUALES,S02
15,BOYACA,2007,1828,1.828E+12,ADMINISTRACION PUBLICA EDUCACION Y SALUD ACTIVIDADES ARTISTICAS Y DE ENTRETENIMIENTO ACTIVIDADES DE LOS HOGARES INDIVIDUALES,S02
15,BOYACA,2008,2020,2.02E+12,ADMINISTRACION PUBLICA EDUCACION Y SALUD ACTIVIDADES ARTISTICAS Y DE ENTRETENIMIENTO ACTIVIDADES DE LOS HOGARES INDIVIDUALES,S02
15,BOYACA,2009,2195,2.195E+12,ADMINISTRACION PUBLICA EDUCACION Y SALUD ACTIVIDADES ARTISTICAS Y DE ENTRETENIMIENTO ACTIVIDADES DE LOS HOGARES INDIVIDUALES,S02
15,BOYACA,2010,2339,2.339E+12,ADMINISTRACION PUBLICA EDUCACION Y SALUD ACTIVIDADES ARTISTICAS Y DE ENTRETENIMIENTO ACTIVIDADES DE LOS HOGARES INDIVIDUALES,S02
15,BOYACA,2011,2508,2.508E+12,ADMINISTRACION PUBLICA EDUCACION Y SALUD ACTIVIDADES ARTISTICAS Y DE ENTRETENIMIENTO ACTIVIDADES DE LOS HOGARES INDIVIDUALES,S02
15,BOYACA,2012,2755,2.755E+12,ADMINISTRACION PUBLICA EDUCACION Y SALUD ACTIVIDADES ARTISTICAS Y DE ENTRETENIMIENTO ACTIVIDADES DE LOS HOGARES INDIVIDUALES,S02
15,BOYACA,2013,2921,2.921E+12,ADMINISTRACION PUBLICA EDUCACION Y SALUD ACTIVIDADES ARTISTICAS Y DE ENTRETENIMIENTO ACTIVIDADES DE LOS HOGARES INDIVIDUALES,S02
15,BOYACA,2014,3175,3.175E+12,ADMINISTRACION PUBLICA EDUCACION Y SALUD ACTIVIDADES ARTISTICAS Y DE ENTRETENIMIENTO ACTIVIDADES DE LOS HOGARES INDIVIDUALES,S02
15,BOYACA,2015,3398,3.398E+12,ADMINISTRACION PUBLICA EDUCACION Y SALUD ACTIVIDADES ARTISTICAS Y DE ENTRETENIMIENTO ACTIVIDADES DE LOS HOGARES INDIVIDUALES,S02
15,BOYACA,2016p,3662,3.662E+12,ADMINISTRACION PUBLICA EDUCACION Y SALUD ACTIVIDADES ARTISTICAS Y DE ENTRETENIMIENTO ACTIVIDADES DE LOS HOGARES INDIVIDUALES,S02
17,CALDAS,2000,637,6.37E+11,ADMINISTRACION PUBLICA EDUCACION Y SALUD ACTIVIDADES ARTISTICAS Y DE ENTRETENIMIENTO ACTIVIDADES DE LOS HOGARES INDIVIDUALES,S02
17,CALDAS,2001,741,7.41E+11,ADMINISTRACION PUBLICA EDUCACION Y SALUD ACTIVIDADES ARTISTICAS Y DE ENTRETENIMIENTO ACTIVIDADES DE LOS HOGARES INDIVIDUALES,S02
17,CALDAS,2002,809,8.09E+11,ADMINISTRACION PUBLICA EDUCACION Y SALUD ACTIVIDADES ARTISTICAS Y DE ENTRETENIMIENTO ACTIVIDADES DE LOS HOGARES INDIVIDUALES,S02
17,CALDAS,2003,857,8.57E+11,ADMINISTRACION PUBLICA EDUCACION Y SALUD ACTIVIDADES ARTISTICAS Y DE ENTRETENIMIENTO ACTIVIDADES DE LOS HOGARES INDIVIDUALES,S02
17,CALDAS,2004,896,8.96E+11,ADMINISTRACION PUBLICA EDUCACION Y SALUD ACTIVIDADES ARTISTICAS Y DE ENTRETENIMIENTO ACTIVIDADES DE LOS HOGARES INDIVIDUALES,S02
17,CALDAS,2005,1006,1.006E+12,ADMINISTRACION PUBLICA EDUCACION Y SALUD ACTIVIDADES ARTISTICAS Y DE ENTRETENIMIENTO ACTIVIDADES DE LOS HOGARES INDIVIDUALES,S02
17,CALDAS,2006,1108,1.108E+12,ADMINISTRACION PUBLICA EDUCACION Y SALUD ACTIVIDADES ARTISTICAS Y DE ENTRETENIMIENTO ACTIVIDADES DE LOS HOGARES INDIVIDUALES,S02
17,CALDAS,2007,1271,1.271E+12,ADMINISTRACION PUBLICA EDUCACION Y SALUD ACTIVIDADES ARTISTICAS Y DE ENTRETENIMIENTO ACTIVIDADES DE LOS HOGARES INDIVIDUALES,S02
17,CALDAS,2008,1333,1.333E+12,ADMINISTRACION PUBLICA EDUCACION Y SALUD ACTIVIDADES ARTISTICAS Y DE ENTRETENIMIENTO ACTIVIDADES DE LOS HOGARES INDIVIDUALES,S02
17,CALDAS,2009,1419,1.419E+12,ADMINISTRACION PUBLICA EDUCACION Y SALUD ACTIVIDADES ARTISTICAS Y DE ENTRETENIMIENTO ACTIVIDADES DE LOS HOGARES INDIVIDUALES,S02
17,CALDAS,2010,1517,1.517E+12,ADMINISTRACION PUBLICA EDUCACION Y SALUD ACTIVIDADES ARTISTICAS Y DE ENTRETENIMIENTO ACTIVIDADES DE LOS HOGARES INDIVIDUALES,S02
17,CALDAS,2011,1620,1.62E+12,ADMINISTRACION PUBLICA EDUCACION Y SALUD ACTIVIDADES ARTISTICAS Y DE ENTRETENIMIENTO ACTIVIDADES DE LOS HOGARES INDIVIDUALES,S02
17,CALDAS,2012,1768,1.768E+12,ADMINISTRACION PUBLICA EDUCACION Y SALUD ACTIVIDADES ARTISTICAS Y DE ENTRETENIMIENTO ACTIVIDADES DE LOS HOGARES INDIVIDUALES,S02
17,CALDAS,2013,1973,1.973E+12,ADMINISTRACION PUBLICA EDUCACION Y SALUD ACTIVIDADES ARTISTICAS Y DE ENTRETENIMIENTO ACTIVIDADES DE LOS HOGARES INDIVIDUALES,S02
17,CALDAS,2014,2095,2.095E+12,ADMINISTRACION PUBLICA EDUCACION Y SALUD ACTIVIDADES ARTISTICAS Y DE ENTRETENIMIENTO ACTIVIDADES DE LOS HOGARES INDIVIDUALES,S02
17,CALDAS,2015,2244,2.244E+12,ADMINISTRACION PUBLICA EDUCACION Y SALUD ACTIVIDADES ARTISTICAS Y DE ENTRETENIMIENTO ACTIVIDADES DE LOS HOGARES INDIVIDUALES,S02
17,CALDAS,2016p,2413,2.413E+12,ADMINISTRACION PUBLICA EDUCACION Y SALUD ACTIVIDADES ARTISTICAS Y DE ENTRETENIMIENTO ACTIVIDADES DE LOS HOGARES INDIVIDUALES,S02
18,CAQUETA,2000,370,3.7E+11,ADMINISTRACION PUBLICA EDUCACION Y SALUD ACTIVIDADES ARTISTICAS Y DE ENTRETENIMIENTO ACTIVIDADES DE LOS HOGARES INDIVIDUALES,S02
18,CAQUETA,2001,399,3.99E+11,ADMINISTRACION PUBLICA EDUCACION Y SALUD ACTIVIDADES ARTISTICAS Y DE ENTRETENIMIENTO ACTIVIDADES DE LOS HOGARES INDIVIDUALES,S02
18,CAQUETA,2002,431,4.31E+11,ADMINISTRACION PUBLICA EDUCACION Y SALUD ACTIVIDADES ARTISTICAS Y DE ENTRETENIMIENTO ACTIVIDADES DE LOS HOGARES INDIVIDUALES,S02
18,CAQUETA,2003,458,4.58E+11,ADMINISTRACION PUBLICA EDUCACION Y SALUD ACTIVIDADES ARTISTICAS Y DE ENTRETENIMIENTO ACTIVIDADES DE LOS HOGARES INDIVIDUALES,S02
18,CAQUETA,2004,506,5.06E+11,ADMINISTRACION PUBLICA EDUCACION Y SALUD ACTIVIDADES ARTISTICAS Y DE ENTRETENIMIENTO ACTIVIDADES DE LOS HOGARES INDIVIDUALES,S02
18,CAQUETA,2005,558,5.58E+11,ADMINISTRACION PUBLICA EDUCACION Y SALUD ACTIVIDADES ARTISTICAS Y DE ENTRETENIMIENTO ACTIVIDADES DE LOS HOGARES INDIVIDUALES,S02
18,CAQUETA,2006,590,5.9E+11,ADMINISTRACION PUBLICA EDUCACION Y SALUD ACTIVIDADES ARTISTICAS Y DE ENTRETENIMIENTO ACTIVIDADES DE LOS HOGARES INDIVIDUALES,S02
18,CAQUETA,2007,665,6.65E+11,ADMINISTRACION PUBLICA EDUCACION Y SALUD ACTIVIDADES ARTISTICAS Y DE ENTRETENIMIENTO ACTIVIDADES DE LOS HOGARES INDIVIDUALES,S02
18,CAQUETA,2008,742,7.42E+11,ADMINISTRACION PUBLICA EDUCACION Y SALUD ACTIVIDADES ARTISTICAS Y DE ENTRETENIMIENTO ACTIVIDADES DE LOS HOGARES INDIVIDUALES,S02
18,CAQUETA,2009,822,8.22E+11,ADMINISTRACION PUBLICA EDUCACION Y SALUD ACTIVIDADES ARTISTICAS Y DE ENTRETENIMIENTO ACTIVIDADES DE LOS HOGARES INDIVIDUALES,S02
18,CAQUETA,2010,880,8.8E+11,ADMINISTRACION PUBLICA EDUCACION Y SALUD ACTIVIDADES ARTISTICAS Y DE ENTRETENIMIENTO ACTIVIDADES DE LOS HOGARES INDIVIDUALES,S02
18,CAQUETA,2011,942,9.42E+11,ADMINISTRACION PUBLICA EDUCACION Y SALUD ACTIVIDADES ARTISTICAS Y DE ENTRETENIMIENTO ACTIVIDADES DE LOS HOGARES INDIVIDUALES,S02
18,CAQUETA,2012,1062,1.062E+12,ADMINISTRACION PUBLICA EDUCACION Y SALUD ACTIVIDADES ARTISTICAS Y DE ENTRETENIMIENTO ACTIVIDADES DE LOS HOGARES INDIVIDUALES,S02
18,CAQUETA,2013,1184,1.184E+12,ADMINISTRACION PUBLICA EDUCACION Y SALUD ACTIVIDADES ARTISTICAS Y DE ENTRETENIMIENTO ACTIVIDADES DE LOS HOGARES INDIVIDUALES,S02
18,CAQUETA,2014,1334,1.334E+12,ADMINISTRACION PUBLICA EDUCACION Y SALUD ACTIVIDADES ARTISTICAS Y DE ENTRETENIMIENTO ACTIVIDADES DE LOS HOGARES INDIVIDUALES,S02
18,CAQUETA,2015,1442,1.442E+12,ADMINISTRACION PUBLICA EDUCACION Y SALUD ACTIVIDADES ARTISTICAS Y DE ENTRETENIMIENTO ACTIVIDADES DE LOS HOGARES INDIVIDUALES,S02
18,CAQUETA,2016p,1552,1.552E+12,ADMINISTRACION PUBLICA EDUCACION Y SALUD ACTIVIDADES ARTISTICAS Y DE ENTRETENIMIENTO ACTIVIDADES DE LOS HOGARES INDIVIDUALES,S02
85,CASANARE,2000,282,2.82E+11,ADMINISTRACION PUBLICA EDUCACION Y SALUD ACTIVIDADES ARTISTICAS Y DE ENTRETENIMIENTO ACTIVIDADES DE LOS HOGARES INDIVIDUALES,S02
85,CASANARE,2001,300,3E+11,ADMINISTRACION PUBLICA EDUCACION Y SALUD ACTIVIDADES ARTISTICAS Y DE ENTRETENIMIENTO ACTIVIDADES DE LOS HOGARES INDIVIDUALES,S02
85,CASANARE,2002,311,3.11E+11,ADMINISTRACION PUBLICA EDUCACION Y SALUD ACTIVIDADES ARTISTICAS Y DE ENTRETENIMIENTO ACTIVIDADES DE LOS HOGARES INDIVIDUALES,S02
85,CASANARE,2003,306,3.06E+11,ADMINISTRACION PUBLICA EDUCACION Y SALUD ACTIVIDADES ARTISTICAS Y DE ENTRETENIMIENTO ACTIVIDADES DE LOS HOGARES INDIVIDUALES,S02
85,CASANARE,2004,349,3.49E+11,ADMINISTRACION PUBLICA EDUCACION Y SALUD ACTIVIDADES ARTISTICAS Y DE ENTRETENIMIENTO ACTIVIDADES DE LOS HOGARES INDIVIDUALES,S02
85,CASANARE,2005,381,3.81E+11,ADMINISTRACION PUBLICA EDUCACION Y SALUD ACTIVIDADES ARTISTICAS Y DE ENTRETENIMIENTO ACTIVIDADES DE LOS HOGARES INDIVIDUALES,S02
85,CASANARE,2006,420,4.2E+11,ADMINISTRACION PUBLICA EDUCACION Y SALUD ACTIVIDADES ARTISTICAS Y DE ENTRETENIMIENTO ACTIVIDADES DE LOS HOGARES INDIVIDUALES,S02
85,CASANARE,2007,434,4.34E+11,ADMINISTRACION PUBLICA EDUCACION Y SALUD ACTIVIDADES ARTISTICAS Y DE ENTRETENIMIENTO ACTIVIDADES DE LOS HOGARES INDIVIDUALES,S02
85,CASANARE,2008,475,4.75E+11,ADMINISTRACION PUBLICA EDUCACION Y SALUD ACTIVIDADES ARTISTICAS Y DE ENTRETENIMIENTO ACTIVIDADES DE LOS HOGARES INDIVIDUALES,S02
85,CASANARE,2009,523,5.23E+11,ADMINISTRACION PUBLICA EDUCACION Y SALUD ACTIVIDADES ARTISTICAS Y DE ENTRETENIMIENTO ACTIVIDADES DE LOS HOGARES INDIVIDUALES,S02
85,CASANARE,2010,579,5.79E+11,ADMINISTRACION PUBLICA EDUCACION Y SALUD ACTIVIDADES ARTISTICAS Y DE ENTRETENIMIENTO ACTIVIDADES DE LOS HOGARES INDIVIDUALES,S02
85,CASANARE,2011,631,6.31E+11,ADMINISTRACION PUBLICA EDUCACION Y SALUD ACTIVIDADES ARTISTICAS Y DE ENTRETENIMIENTO ACTIVIDADES DE LOS HOGARES INDIVIDUALES,S02
85,CASANARE,2012,712,7.12E+11,ADMINISTRACION PUBLICA EDUCACION Y SALUD ACTIVIDADES ARTISTICAS Y DE ENTRETENIMIENTO ACTIVIDADES DE LOS HOGARES INDIVIDUALES,S02
85,CASANARE,2013,818,8.18E+11,ADMINISTRACION PUBLICA EDUCACION Y SALUD ACTIVIDADES ARTISTICAS Y DE ENTRETENIMIENTO ACTIVIDADES DE LOS HOGARES INDIVIDUALES,S02
85,CASANARE,2014,889,8.89E+11,ADMINISTRACION PUBLICA EDUCACION Y SALUD ACTIVIDADES ARTISTICAS Y DE ENTRETENIMIENTO ACTIVIDADES DE LOS HOGARES INDIVIDUALES,S02
85,CASANARE,2015,966,9.66E+11,ADMINISTRACION PUBLICA EDUCACION Y SALUD ACTIVIDADES ARTISTICAS Y DE ENTRETENIMIENTO ACTIVIDADES DE LOS HOGARES INDIVIDUALES,S02
85,CASANARE,2016p,1036,1.036E+12,ADMINISTRACION PUBLICA EDUCACION Y SALUD ACTIVIDADES ARTISTICAS Y DE ENTRETENIMIENTO ACTIVIDADES DE LOS HOGARES INDIVIDUALES,S02
19,CAUCA,2000,746,7.46E+11,ADMINISTRACION PUBLICA EDUCACION Y SALUD ACTIVIDADES ARTISTICAS Y DE ENTRETENIMIENTO ACTIVIDADES DE LOS HOGARES INDIVIDUALES,S02
19,CAUCA,2001,817,8.17E+11,ADMINISTRACION PUBLICA EDUCACION Y SALUD ACTIVIDADES ARTISTICAS Y DE ENTRETENIMIENTO ACTIVIDADES DE LOS HOGARES INDIVIDUALES,S02
19,CAUCA,2002,828,8.28E+11,ADMINISTRACION PUBLICA EDUCACION Y SALUD ACTIVIDADES ARTISTICAS Y DE ENTRETENIMIENTO ACTIVIDADES DE LOS HOGARES INDIVIDUALES,S02
19,CAUCA,2003,874,8.74E+11,ADMINISTRACION PUBLICA EDUCACION Y SALUD ACTIVIDADES ARTISTICAS Y DE ENTRETENIMIENTO ACTIVIDADES DE LOS HOGARES INDIVIDUALES,S02
19,CAUCA,2004,1002,1.002E+12,ADMINISTRACION PUBLICA EDUCACION Y SALUD ACTIVIDADES ARTISTICAS Y DE ENTRETENIMIENTO ACTIVIDADES DE LOS HOGARES INDIVIDUALES,S02
19,CAUCA,2005,1099,1.099E+12,ADMINISTRACION PUBLICA EDUCACION Y SALUD ACTIVIDADES ARTISTICAS Y DE ENTRETENIMIENTO ACTIVIDADES DE LOS HOGARES INDIVIDUALES,S02
19,CAUCA,2006,1189,1.189E+12,ADMINISTRACION PUBLICA EDUCACION Y SALUD ACTIVIDADES ARTISTICAS Y DE ENTRETENIMIENTO ACTIVIDADES DE LOS HOGARES INDIVIDUALES,S02
19,CAUCA,2007,1369,1.369E+12,ADMINISTRACION PUBLICA EDUCACION Y SALUD ACTIVIDADES ARTISTICAS Y DE ENTRETENIMIENTO ACTIVIDADES DE LOS HOGARES INDIVIDUALES,S02
19,CAUCA,2008,1570,1.57E+12,ADMINISTRACION PUBLICA EDUCACION Y SALUD ACTIVIDADES ARTISTICAS Y DE ENTRETENIMIENTO ACTIVIDADES DE LOS HOGARES INDIVIDUALES,S02
19,CAUCA,2009,1735,1.735E+12,ADMINISTRACION PUBLICA EDUCACION Y SALUD ACTIVIDADES ARTISTICAS Y DE ENTRETENIMIENTO ACTIVIDADES DE LOS HOGARES INDIVIDUALES,S02
19,CAUCA,2010,1933,1.933E+12,ADMINISTRACION PUBLICA EDUCACION Y SALUD ACTIVIDADES ARTISTICAS Y DE ENTRETENIMIENTO ACTIVIDADES DE LOS HOGARES INDIVIDUALES,S02
19,CAUCA,2011,2117,2.117E+12,ADMINISTRACION PUBLICA EDUCACION Y SALUD ACTIVIDADES ARTISTICAS Y DE ENTRETENIMIENTO ACTIVIDADES DE LOS HOGARES INDIVIDUALES,S02
19,CAUCA,2012,2355,2.355E+12,ADMINISTRACION PUBLICA EDUCACION Y SALUD ACTIVIDADES ARTISTICAS Y DE ENTRETENIMIENTO ACTIVIDADES DE LOS HOGARES INDIVIDUALES,S02
19,CAUCA,2013,2612,2.612E+12,ADMINISTRACION PUBLICA EDUCACION Y SALUD ACTIVIDADES ARTISTICAS Y DE ENTRETENIMIENTO ACTIVIDADES DE LOS HOGARES INDIVIDUALES,S02
19,CAUCA,2014,2822,2.822E+12,ADMINISTRACION PUBLICA EDUCACION Y SALUD ACTIVIDADES ARTISTICAS Y DE ENTRETENIMIENTO ACTIVIDADES DE LOS HOGARES INDIVIDUALES,S02
19,CAUCA,2015,3037,3.037E+12,ADMINISTRACION PUBLICA EDUCACION Y SALUD ACTIVIDADES ARTISTICAS Y DE ENTRETENIMIENTO ACTIVIDADES DE LOS HOGARES INDIVIDUALES,S02
19,CAUCA,2016p,3285,3.285E+12,ADMINISTRACION PUBLICA EDUCACION Y SALUD ACTIVIDADES ARTISTICAS Y DE ENTRETENIMIENTO ACTIVIDADES DE LOS HOGARES INDIVIDUALES,S02
20,CESAR,2000,543,5.43E+11,ADMINISTRACION PUBLICA EDUCACION Y SALUD ACTIVIDADES ARTISTICAS Y DE ENTRETENIMIENTO ACTIVIDADES DE LOS HOGARES INDIVIDUALES,S02
20,CESAR,2001,611,6.11E+11,ADMINISTRACION PUBLICA EDUCACION Y SALUD ACTIVIDADES ARTISTICAS Y DE ENTRETENIMIENTO ACTIVIDADES DE LOS HOGARES INDIVIDUALES,S02
20,CESAR,2002,554,5.54E+11,ADMINISTRACION PUBLICA EDUCACION Y SALUD ACTIVIDADES ARTISTICAS Y DE ENTRETENIMIENTO ACTIVIDADES DE LOS HOGARES INDIVIDUALES,S02
20,CESAR,2003,692,6.92E+11,ADMINISTRACION PUBLICA EDUCACION Y SALUD ACTIVIDADES ARTISTICAS Y DE ENTRETENIMIENTO ACTIVIDADES DE LOS HOGARES INDIVIDUALES,S02
20,CESAR,2004,836,8.36E+11,ADMINISTRACION PUBLICA EDUCACION Y SALUD ACTIVIDADES ARTISTICAS Y DE ENTRETENIMIENTO ACTIVIDADES DE LOS HOGARES INDIVIDUALES,S02
20,CESAR,2005,908,9.08E+11,ADMINISTRACION PUBLICA EDUCACION Y SALUD ACTIVIDADES ARTISTICAS Y DE ENTRETENIMIENTO ACTIVIDADES DE LOS HOGARES INDIVIDUALES,S02
20,CESAR,2006,987,9.87E+11,ADMINISTRACION PUBLICA EDUCACION Y SALUD ACTIVIDADES ARTISTICAS Y DE ENTRETENIMIENTO ACTIVIDADES DE LOS HOGARES INDIVIDUALES,S02
20,CESAR,2007,1088,1.088E+12,ADMINISTRACION PUBLICA EDUCACION Y SALUD ACTIVIDADES ARTISTICAS Y DE ENTRETENIMIENTO ACTIVIDADES DE LOS HOGARES INDIVIDUALES,S02
20,CESAR,2008,1206,1.206E+12,ADMINISTRACION PUBLICA EDUCACION Y SALUD ACTIVIDADES ARTISTICAS Y DE ENTRETENIMIENTO ACTIVIDADES DE LOS HOGARES INDIVIDUALES,S02
20,CESAR,2009,1333,1.333E+12,ADMINISTRACION PUBLICA EDUCACION Y SALUD ACTIVIDADES ARTISTICAS Y DE ENTRETENIMIENTO ACTIVIDADES DE LOS HOGARES INDIVIDUALES,S02
20,CESAR,2010,1495,1.495E+12,ADMINISTRACION PUBLICA EDUCACION Y SALUD ACTIVIDADES ARTISTICAS Y DE ENTRETENIMIENTO ACTIVIDADES DE LOS HOGARES INDIVIDUALES,S02
20,CESAR,2011,1639,1.639E+12,ADMINISTRACION PUBLICA EDUCACION Y SALUD ACTIVIDADES ARTISTICAS Y DE ENTRETENIMIENTO ACTIVIDADES DE LOS HOGARES INDIVIDUALES,S02
20,CESAR,2012,1848,1.848E+12,ADMINISTRACION PUBLICA EDUCACION Y SALUD ACTIVIDADES ARTISTICAS Y DE ENTRETENIMIENTO ACTIVIDADES DE LOS HOGARES INDIVIDUALES,S02
20,CESAR,2013,2057,2.057E+12,ADMINISTRACION PUBLICA EDUCACION Y SALUD ACTIVIDADES ARTISTICAS Y DE ENTRETENIMIENTO ACTIVIDADES DE LOS HOGARES INDIVIDUALES,S02
20,CESAR,2014,2254,2.254E+12,ADMINISTRACION PUBLICA EDUCACION Y SALUD ACTIVIDADES ARTISTICAS Y DE ENTRETENIMIENTO ACTIVIDADES DE LOS HOGARES INDIVIDUALES,S02
20,CESAR,2015,2390,2.39E+12,ADMINISTRACION PUBLICA EDUCACION Y SALUD ACTIVIDADES ARTISTICAS Y DE ENTRETENIMIENTO ACTIVIDADES DE LOS HOGARES INDIVIDUALES,S02
20,CESAR,2016p,2568,2.568E+12,ADMINISTRACION PUBLICA EDUCACION Y SALUD ACTIVIDADES ARTISTICAS Y DE ENTRETENIMIENTO ACTIVIDADES DE LOS HOGARES INDIVIDUALES,S02
27,CHOCO,2000,291,2.91E+11,ADMINISTRACION PUBLICA EDUCACION Y SALUD ACTIVIDADES ARTISTICAS Y DE ENTRETENIMIENTO ACTIVIDADES DE LOS HOGARES INDIVIDUALES,S02
27,CHOCO,2001,299,2.99E+11,ADMINISTRACION PUBLICA EDUCACION Y SALUD ACTIVIDADES ARTISTICAS Y DE ENTRETENIMIENTO ACTIVIDADES DE LOS HOGARES INDIVIDUALES,S02
27,CHOCO,2002,276,2.76E+11,ADMINISTRACION PUBLICA EDUCACION Y SALUD ACTIVIDADES ARTISTICAS Y DE ENTRETENIMIENTO ACTIVIDADES DE LOS HOGARES INDIVIDUALES,S02
27,CHOCO,2003,381,3.81E+11,ADMINISTRACION PUBLICA EDUCACION Y SALUD ACTIVIDADES ARTISTICAS Y DE ENTRETENIMIENTO ACTIVIDADES DE LOS HOGARES INDIVIDUALES,S02
27,CHOCO,2004,438,4.38E+11,ADMINISTRACION PUBLICA EDUCACION Y SALUD ACTIVIDADES ARTISTICAS Y DE ENTRETENIMIENTO ACTIVIDADES DE LOS HOGARES INDIVIDUALES,S02
27,CHOCO,2005,482,4.82E+11,ADMINISTRACION PUBLICA EDUCACION Y SALUD ACTIVIDADES ARTISTICAS Y DE ENTRETENIMIENTO ACTIVIDADES DE LOS HOGARES INDIVIDUALES,S02
27,CHOCO,2006,495,4.95E+11,ADMINISTRACION PUBLICA EDUCACION Y SALUD ACTIVIDADES ARTISTICAS Y DE ENTRETENIMIENTO ACTIVIDADES DE LOS HOGARES INDIVIDUALES,S02
27,CHOCO,2007,500,5E+11,ADMINISTRACION PUBLICA EDUCACION Y SALUD ACTIVIDADES ARTISTICAS Y DE ENTRETENIMIENTO ACTIVIDADES DE LOS HOGARES INDIVIDUALES,S02
27,CHOCO,2008,611,6.11E+11,ADMINISTRACION PUBLICA EDUCACION Y SALUD ACTIVIDADES ARTISTICAS Y DE ENTRETENIMIENTO ACTIVIDADES DE LOS HOGARES INDIVIDUALES,S02
27,CHOCO,2009,673,6.73E+11,ADMINISTRACION PUBLICA EDUCACION Y SALUD ACTIVIDADES ARTISTICAS Y DE ENTRETENIMIENTO ACTIVIDADES DE LOS HOGARES INDIVIDUALES,S02
27,CHOCO,2010,776,7.76E+11,ADMINISTRACION PUBLICA EDUCACION Y SALUD ACTIVIDADES ARTISTICAS Y DE ENTRETENIMIENTO ACTIVIDADES DE LOS HOGARES INDIVIDUALES,S02
27,CHOCO,2011,797,7.97E+11,ADMINISTRACION PUBLICA EDUCACION Y SALUD ACTIVIDADES ARTISTICAS Y DE ENTRETENIMIENTO ACTIVIDADES DE LOS HOGARES INDIVIDUALES,S02
27,CHOCO,2012,891,8.91E+11,ADMINISTRACION PUBLICA EDUCACION Y SALUD ACTIVIDADES ARTISTICAS Y DE ENTRETENIMIENTO ACTIVIDADES DE LOS HOGARES INDIVIDUALES,S02
27,CHOCO,2013,1029,1.029E+12,ADMINISTRACION PUBLICA EDUCACION Y SALUD ACTIVIDADES ARTISTICAS Y DE ENTRETENIMIENTO ACTIVIDADES DE LOS HOGARES INDIVIDUALES,S02
27,CHOCO,2014,1059,1.059E+12,ADMINISTRACION PUBLICA EDUCACION Y SALUD ACTIVIDADES ARTISTICAS Y DE ENTRETENIMIENTO ACTIVIDADES DE LOS HOGARES INDIVIDUALES,S02
27,CHOCO,2015,1133,1.133E+12,ADMINISTRACION PUBLICA EDUCACION Y SALUD ACTIVIDADES ARTISTICAS Y DE ENTRETENIMIENTO ACTIVIDADES DE LOS HOGARES INDIVIDUALES,S02
27,CHOCO,2016p,1203,1.203E+12,ADMINISTRACION PUBLICA EDUCACION Y SALUD ACTIVIDADES ARTISTICAS Y DE ENTRETENIMIENTO ACTIVIDADES DE LOS HOGARES INDIVIDUALES,S02
23,CORDOBA,2000,694,6.94E+11,ADMINISTRACION PUBLICA EDUCACION Y SALUD ACTIVIDADES ARTISTICAS Y DE ENTRETENIMIENTO ACTIVIDADES DE LOS HOGARES INDIVIDUALES,S02
23,CORDOBA,2001,721,7.21E+11,ADMINISTRACION PUBLICA EDUCACION Y SALUD ACTIVIDADES ARTISTICAS Y DE ENTRETENIMIENTO ACTIVIDADES DE LOS HOGARES INDIVIDUALES,S02
23,CORDOBA,2002,875,8.75E+11,ADMINISTRACION PUBLICA EDUCACION Y SALUD ACTIVIDADES ARTISTICAS Y DE ENTRETENIMIENTO ACTIVIDADES DE LOS HOGARES INDIVIDUALES,S02
23,CORDOBA,2003,957,9.57E+11,ADMINISTRACION PUBLICA EDUCACION Y SALUD ACTIVIDADES ARTISTICAS Y DE ENTRETENIMIENTO ACTIVIDADES DE LOS HOGARES INDIVIDUALES,S02
23,CORDOBA,2004,1086,1.086E+12,ADMINISTRACION PUBLICA EDUCACION Y SALUD ACTIVIDADES ARTISTICAS Y DE ENTRETENIMIENTO ACTIVIDADES DE LOS HOGARES INDIVIDUALES,S02
23,CORDOBA,2005,1217,1.217E+12,ADMINISTRACION PUBLICA EDUCACION Y SALUD ACTIVIDADES ARTISTICAS Y DE ENTRETENIMIENTO ACTIVIDADES DE LOS HOGARES INDIVIDUALES,S02
23,CORDOBA,2006,1392,1.392E+12,ADMINISTRACION PUBLICA EDUCACION Y SALUD ACTIVIDADES ARTISTICAS Y DE ENTRETENIMIENTO ACTIVIDADES DE LOS HOGARES INDIVIDUALES,S02
23,CORDOBA,2007,1574,1.574E+12,ADMINISTRACION PUBLICA EDUCACION Y SALUD ACTIVIDADES ARTISTICAS Y DE ENTRETENIMIENTO ACTIVIDADES DE LOS HOGARES INDIVIDUALES,S02
23,CORDOBA,2008,1794,1.794E+12,ADMINISTRACION PUBLICA EDUCACION Y SALUD ACTIVIDADES ARTISTICAS Y DE ENTRETENIMIENTO ACTIVIDADES DE LOS HOGARES INDIVIDUALES,S02
23,CORDOBA,2009,1930,1.93E+12,ADMINISTRACION PUBLICA EDUCACION Y SALUD ACTIVIDADES ARTISTICAS Y DE ENTRETENIMIENTO ACTIVIDADES DE LOS HOGARES INDIVIDUALES,S02
23,CORDOBA,2010,2134,2.134E+12,ADMINISTRACION PUBLICA EDUCACION Y SALUD ACTIVIDADES ARTISTICAS Y DE ENTRETENIMIENTO ACTIVIDADES DE LOS HOGARES INDIVIDUALES,S02
23,CORDOBA,2011,2360,2.36E+12,ADMINISTRACION PUBLICA EDUCACION Y SALUD ACTIVIDADES ARTISTICAS Y DE ENTRETENIMIENTO ACTIVIDADES DE LOS HOGARES INDIVIDUALES,S02
23,CORDOBA,2012,2663,2.663E+12,ADMINISTRACION PUBLICA EDUCACION Y SALUD ACTIVIDADES ARTISTICAS Y DE ENTRETENIMIENTO ACTIVIDADES DE LOS HOGARES INDIVIDUALES,S02
23,CORDOBA,2013,3015,3.015E+12,ADMINISTRACION PUBLICA EDUCACION Y SALUD ACTIVIDADES ARTISTICAS Y DE ENTRETENIMIENTO ACTIVIDADES DE LOS HOGARES INDIVIDUALES,S02
23,CORDOBA,2014,3352,3.352E+12,ADMINISTRACION PUBLICA EDUCACION Y SALUD ACTIVIDADES ARTISTICAS Y DE ENTRETENIMIENTO ACTIVIDADES DE LOS HOGARES INDIVIDUALES,S02
23,CORDOBA,2015,3508,3.508E+12,ADMINISTRACION PUBLICA EDUCACION Y SALUD ACTIVIDADES ARTISTICAS Y DE ENTRETENIMIENTO ACTIVIDADES DE LOS HOGARES INDIVIDUALES,S02
23,CORDOBA,2016p,3758,3.758E+12,ADMINISTRACION PUBLICA EDUCACION Y SALUD ACTIVIDADES ARTISTICAS Y DE ENTRETENIMIENTO ACTIVIDADES DE LOS HOGARES INDIVIDUALES,S02
25,CUNDINAMARCA,2000,1612,1.612E+12,ADMINISTRACION PUBLICA EDUCACION Y SALUD ACTIVIDADES ARTISTICAS Y DE ENTRETENIMIENTO ACTIVIDADES DE LOS HOGARES INDIVIDUALES,S02
25,CUNDINAMARCA,2001,1738,1.738E+12,ADMINISTRACION PUBLICA EDUCACION Y SALUD ACTIVIDADES ARTISTICAS Y DE ENTRETENIMIENTO ACTIVIDADES DE LOS HOGARES INDIVIDUALES,S02
25,CUNDINAMARCA,2002,1968,1.968E+12,ADMINISTRACION PUBLICA EDUCACION Y SALUD ACTIVIDADES ARTISTICAS Y DE ENTRETENIMIENTO ACTIVIDADES DE LOS HOGARES INDIVIDUALES,S02
25,CUNDINAMARCA,2003,2248,2.248E+12,ADMINISTRACION PUBLICA EDUCACION Y SALUD ACTIVIDADES ARTISTICAS Y DE ENTRETENIMIENTO ACTIVIDADES DE LOS HOGARES INDIVIDUALES,S02
25,CUNDINAMARCA,2004,2472,2.472E+12,ADMINISTRACION PUBLICA EDUCACION Y SALUD ACTIVIDADES ARTISTICAS Y DE ENTRETENIMIENTO ACTIVIDADES DE LOS HOGARES INDIVIDUALES,S02
25,CUNDINAMARCA,2005,2510,2.51E+12,ADMINISTRACION PUBLICA EDUCACION Y SALUD ACTIVIDADES ARTISTICAS Y DE ENTRETENIMIENTO ACTIVIDADES DE LOS HOGARES INDIVIDUALES,S02
25,CUNDINAMARCA,2006,2765,2.765E+12,ADMINISTRACION PUBLICA EDUCACION Y SALUD ACTIVIDADES ARTISTICAS Y DE ENTRETENIMIENTO ACTIVIDADES DE LOS HOGARES INDIVIDUALES,S02
25,CUNDINAMARCA,2007,2963,2.963E+12,ADMINISTRACION PUBLICA EDUCACION Y SALUD ACTIVIDADES ARTISTICAS Y DE ENTRETENIMIENTO ACTIVIDADES DE LOS HOGARES INDIVIDUALES,S02
25,CUNDINAMARCA,2008,3183,3.183E+12,ADMINISTRACION PUBLICA EDUCACION Y SALUD ACTIVIDADES ARTISTICAS Y DE ENTRETENIMIENTO ACTIVIDADES DE LOS HOGARES INDIVIDUALES,S02
25,CUNDINAMARCA,2009,3492,3.492E+12,ADMINISTRACION PUBLICA EDUCACION Y SALUD ACTIVIDADES ARTISTICAS Y DE ENTRETENIMIENTO ACTIVIDADES DE LOS HOGARES INDIVIDUALES,S02
25,CUNDINAMARCA,2010,3838,3.838E+12,ADMINISTRACION PUBLICA EDUCACION Y SALUD ACTIVIDADES ARTISTICAS Y DE ENTRETENIMIENTO ACTIVIDADES DE LOS HOGARES INDIVIDUALES,S02
25,CUNDINAMARCA,2011,4228,4.228E+12,ADMINISTRACION PUBLICA EDUCACION Y SALUD ACTIVIDADES ARTISTICAS Y DE ENTRETENIMIENTO ACTIVIDADES DE LOS HOGARES INDIVIDUALES,S02
25,CUNDINAMARCA,2012,4641,4.641E+12,ADMINISTRACION PUBLICA EDUCACION Y SALUD ACTIVIDADES ARTISTICAS Y DE ENTRETENIMIENTO ACTIVIDADES DE LOS HOGARES INDIVIDUALES,S02
25,CUNDINAMARCA,2013,5026,5.026E+12,ADMINISTRACION PUBLICA EDUCACION Y SALUD ACTIVIDADES ARTISTICAS Y DE ENTRETENIMIENTO ACTIVIDADES DE LOS HOGARES INDIVIDUALES,S02
25,CUNDINAMARCA,2014,5593,5.593E+12,ADMINISTRACION PUBLICA EDUCACION Y SALUD ACTIVIDADES ARTISTICAS Y DE ENTRETENIMIENTO ACTIVIDADES DE LOS HOGARES INDIVIDUALES,S02
25,CUNDINAMARCA,2015,6084,6.084E+12,ADMINISTRACION PUBLICA EDUCACION Y SALUD ACTIVIDADES ARTISTICAS Y DE ENTRETENIMIENTO ACTIVIDADES DE LOS HOGARES INDIVIDUALES,S02
25,CUNDINAMARCA,2016p,6558,6.558E+12,ADMINISTRACION PUBLICA EDUCACION Y SALUD ACTIVIDADES ARTISTICAS Y DE ENTRETENIMIENTO ACTIVIDADES DE LOS HOGARES INDIVIDUALES,S02
94,GUAINIA,2000,55,55000000000,ADMINISTRACION PUBLICA EDUCACION Y SALUD ACTIVIDADES ARTISTICAS Y DE ENTRETENIMIENTO ACTIVIDADES DE LOS HOGARES INDIVIDUALES,S02
94,GUAINIA,2001,63,63000000000,ADMINISTRACION PUBLICA EDUCACION Y SALUD ACTIVIDADES ARTISTICAS Y DE ENTRETENIMIENTO ACTIVIDADES DE LOS HOGARES INDIVIDUALES,S02
94,GUAINIA,2002,43,43000000000,ADMINISTRACION PUBLICA EDUCACION Y SALUD ACTIVIDADES ARTISTICAS Y DE ENTRETENIMIENTO ACTIVIDADES DE LOS HOGARES INDIVIDUALES,S02
94,GUAINIA,2003,43,43000000000,ADMINISTRACION PUBLICA EDUCACION Y SALUD ACTIVIDADES ARTISTICAS Y DE ENTRETENIMIENTO ACTIVIDADES DE LOS HOGARES INDIVIDUALES,S02
94,GUAINIA,2004,47,47000000000,ADMINISTRACION PUBLICA EDUCACION Y SALUD ACTIVIDADES ARTISTICAS Y DE ENTRETENIMIENTO ACTIVIDADES DE LOS HOGARES INDIVIDUALES,S02
94,GUAINIA,2005,61,61000000000,ADMINISTRACION PUBLICA EDUCACION Y SALUD ACTIVIDADES ARTISTICAS Y DE ENTRETENIMIENTO ACTIVIDADES DE LOS HOGARES INDIVIDUALES,S02
94,GUAINIA,2006,80,80000000000,ADMINISTRACION PUBLICA EDUCACION Y SALUD ACTIVIDADES ARTISTICAS Y DE ENTRETENIMIENTO ACTIVIDADES DE LOS HOGARES INDIVIDUALES,S02
94,GUAINIA,2007,72,72000000000,ADMINISTRACION PUBLICA EDUCACION Y SALUD ACTIVIDADES ARTISTICAS Y DE ENTRETENIMIENTO ACTIVIDADES DE LOS HOGARES INDIVIDUALES,S02
94,GUAINIA,2008,77,77000000000,ADMINISTRACION PUBLICA EDUCACION Y SALUD ACTIVIDADES ARTISTICAS Y DE ENTRETENIMIENTO ACTIVIDADES DE LOS HOGARES INDIVIDUALES,S02
94,GUAINIA,2009,82,82000000000,ADMINISTRACION PUBLICA EDUCACION Y SALUD ACTIVIDADES ARTISTICAS Y DE ENTRETENIMIENTO ACTIVIDADES DE LOS HOGARES INDIVIDUALES,S02
94,GUAINIA,2010,92,92000000000,ADMINISTRACION PUBLICA EDUCACION Y SALUD ACTIVIDADES ARTISTICAS Y DE ENTRETENIMIENTO ACTIVIDADES DE LOS HOGARES INDIVIDUALES,S02
94,GUAINIA,2011,100,1E+11,ADMINISTRACION PUBLICA EDUCACION Y SALUD ACTIVIDADES ARTISTICAS Y DE ENTRETENIMIENTO ACTIVIDADES DE LOS HOGARES INDIVIDUALES,S02
94,GUAINIA,2012,109,1.09E+11,ADMINISTRACION PUBLICA EDUCACION Y SALUD ACTIVIDADES ARTISTICAS Y DE ENTRETENIMIENTO ACTIVIDADES DE LOS HOGARES INDIVIDUALES,S02
94,GUAINIA,2013,122,1.22E+11,ADMINISTRACION PUBLICA EDUCACION Y SALUD ACTIVIDADES ARTISTICAS Y DE ENTRETENIMIENTO ACTIVIDADES DE LOS HOGARES INDIVIDUALES,S02
94,GUAINIA,2014,124,1.24E+11,ADMINISTRACION PUBLICA EDUCACION Y SALUD ACTIVIDADES ARTISTICAS Y DE ENTRETENIMIENTO ACTIVIDADES DE LOS HOGARES INDIVIDUALES,S02
94,GUAINIA,2015,134,1.34E+11,ADMINISTRACION PUBLICA EDUCACION Y SALUD ACTIVIDADES ARTISTICAS Y DE ENTRETENIMIENTO ACTIVIDADES DE LOS HOGARES INDIVIDUALES,S02
94,GUAINIA,2016p,144,1.44E+11,ADMINISTRACION PUBLICA EDUCACION Y SALUD ACTIVIDADES ARTISTICAS Y DE ENTRETENIMIENTO ACTIVIDADES DE LOS HOGARES INDIVIDUALES,S02
95,GUAVIARE,2000,102,1.02E+11,ADMINISTRACION PUBLICA EDUCACION Y SALUD ACTIVIDADES ARTISTICAS Y DE ENTRETENIMIENTO ACTIVIDADES DE LOS HOGARES INDIVIDUALES,S02
95,GUAVIARE,2001,119,1.19E+11,ADMINISTRACION PUBLICA EDUCACION Y SALUD ACTIVIDADES ARTISTICAS Y DE ENTRETENIMIENTO ACTIVIDADES DE LOS HOGARES INDIVIDUALES,S02
95,GUAVIARE,2002,114,1.14E+11,ADMINISTRACION PUBLICA EDUCACION Y SALUD ACTIVIDADES ARTISTICAS Y DE ENTRETENIMIENTO ACTIVIDADES DE LOS HOGARES INDIVIDUALES,S02
95,GUAVIARE,2003,112,1.12E+11,ADMINISTRACION PUBLICA EDUCACION Y SALUD ACTIVIDADES ARTISTICAS Y DE ENTRETENIMIENTO ACTIVIDADES DE LOS HOGARES INDIVIDUALES,S02
95,GUAVIARE,2004,139,1.39E+11,ADMINISTRACION PUBLICA EDUCACION Y SALUD ACTIVIDADES ARTISTICAS Y DE ENTRETENIMIENTO ACTIVIDADES DE LOS HOGARES INDIVIDUALES,S02
95,GUAVIARE,2005,148,1.48E+11,ADMINISTRACION PUBLICA EDUCACION Y SALUD ACTIVIDADES ARTISTICAS Y DE ENTRETENIMIENTO ACTIVIDADES DE LOS HOGARES INDIVIDUALES,S02
95,GUAVIARE,2006,160,1.6E+11,ADMINISTRACION PUBLICA EDUCACION Y SALUD ACTIVIDADES ARTISTICAS Y DE ENTRETENIMIENTO ACTIVIDADES DE LOS HOGARES INDIVIDUALES,S02
95,GUAVIARE,2007,178,1.78E+11,ADMINISTRACION PUBLICA EDUCACION Y SALUD ACTIVIDADES ARTISTICAS Y DE ENTRETENIMIENTO ACTIVIDADES DE LOS HOGARES INDIVIDUALES,S02
95,GUAVIARE,2008,188,1.88E+11,ADMINISTRACION PUBLICA EDUCACION Y SALUD ACTIVIDADES ARTISTICAS Y DE ENTRETENIMIENTO ACTIVIDADES DE LOS HOGARES INDIVIDUALES,S02
95,GUAVIARE,2009,195,1.95E+11,ADMINISTRACION PUBLICA EDUCACION Y SALUD ACTIVIDADES ARTISTICAS Y DE ENTRETENIMIENTO ACTIVIDADES DE LOS HOGARES INDIVIDUALES,S02
95,GUAVIARE,2010,216,2.16E+11,ADMINISTRACION PUBLICA EDUCACION Y SALUD ACTIVIDADES ARTISTICAS Y DE ENTRETENIMIENTO ACTIVIDADES DE LOS HOGARES INDIVIDUALES,S02
95,GUAVIARE,2011,229,2.29E+11,ADMINISTRACION PUBLICA EDUCACION Y SALUD ACTIVIDADES ARTISTICAS Y DE ENTRETENIMIENTO ACTIVIDADES DE LOS HOGARES INDIVIDUALES,S02
95,GUAVIARE,2012,251,2.51E+11,ADMINISTRACION PUBLICA EDUCACION Y SALUD ACTIVIDADES ARTISTICAS Y DE ENTRETENIMIENTO ACTIVIDADES DE LOS HOGARES INDIVIDUALES,S02
95,GUAVIARE,2013,276,2.76E+11,ADMINISTRACION PUBLICA EDUCACION Y SALUD ACTIVIDADES ARTISTICAS Y DE ENTRETENIMIENTO ACTIVIDADES DE LOS HOGARES INDIVIDUALES,S02
95,GUAVIARE,2014,297,2.97E+11,ADMINISTRACION PUBLICA EDUCACION Y SALUD ACTIVIDADES ARTISTICAS Y DE ENTRETENIMIENTO ACTIVIDADES DE LOS HOGARES INDIVIDUALES,S02
95,GUAVIARE,2015,312,3.12E+11,ADMINISTRACION PUBLICA EDUCACION Y SALUD ACTIVIDADES ARTISTICAS Y DE ENTRETENIMIENTO ACTIVIDADES DE LOS HOGARES INDIVIDUALES,S02
95,GUAVIARE,2016p,333,3.33E+11,ADMINISTRACION PUBLICA EDUCACION Y SALUD ACTIVIDADES ARTISTICAS Y DE ENTRETENIMIENTO ACTIVIDADES DE LOS HOGARES INDIVIDUALES,S02
41,HUILA,2000,552,5.52E+11,ADMINISTRACION PUBLICA EDUCACION Y SALUD ACTIVIDADES ARTISTICAS Y DE ENTRETENIMIENTO ACTIVIDADES DE LOS HOGARES INDIVIDUALES,S02
41,HUILA,2001,617,6.17E+11,ADMINISTRACION PUBLICA EDUCACION Y SALUD ACTIVIDADES ARTISTICAS Y DE ENTRETENIMIENTO ACTIVIDADES DE LOS HOGARES INDIVIDUALES,S02
41,HUILA,2002,769,7.69E+11,ADMINISTRACION PUBLICA EDUCACION Y SALUD ACTIVIDADES ARTISTICAS Y DE ENTRETENIMIENTO ACTIVIDADES DE LOS HOGARES INDIVIDUALES,S02
41,HUILA,2003,779,7.79E+11,ADMINISTRACION PUBLICA EDUCACION Y SALUD ACTIVIDADES ARTISTICAS Y DE ENTRETENIMIENTO ACTIVIDADES DE LOS HOGARES INDIVIDUALES,S02
41,HUILA,2004,901,9.01E+11,ADMINISTRACION PUBLICA EDUCACION Y SALUD ACTIVIDADES ARTISTICAS Y DE ENTRETENIMIENTO ACTIVIDADES DE LOS HOGARES INDIVIDUALES,S02
41,HUILA,2005,1003,1.003E+12,ADMINISTRACION PUBLICA EDUCACION Y SALUD ACTIVIDADES ARTISTICAS Y DE ENTRETENIMIENTO ACTIVIDADES DE LOS HOGARES INDIVIDUALES,S02
41,HUILA,2006,954,9.54E+11,ADMINISTRACION PUBLICA EDUCACION Y SALUD ACTIVIDADES ARTISTICAS Y DE ENTRETENIMIENTO ACTIVIDADES DE LOS HOGARES INDIVIDUALES,S02
41,HUILA,2007,1140,1.14E+12,ADMINISTRACION PUBLICA EDUCACION Y SALUD ACTIVIDADES ARTISTICAS Y DE ENTRETENIMIENTO ACTIVIDADES DE LOS HOGARES INDIVIDUALES,S02
41,HUILA,2008,1281,1.281E+12,ADMINISTRACION PUBLICA EDUCACION Y SALUD ACTIVIDADES ARTISTICAS Y DE ENTRETENIMIENTO ACTIVIDADES DE LOS HOGARES INDIVIDUALES,S02
41,HUILA,2009,1407,1.407E+12,ADMINISTRACION PUBLICA EDUCACION Y SALUD ACTIVIDADES ARTISTICAS Y DE ENTRETENIMIENTO ACTIVIDADES DE LOS HOGARES INDIVIDUALES,S02
41,HUILA,2010,1591,1.591E+12,ADMINISTRACION PUBLICA EDUCACION Y SALUD ACTIVIDADES ARTISTICAS Y DE ENTRETENIMIENTO ACTIVIDADES DE LOS HOGARES INDIVIDUALES,S02
41,HUILA,2011,1712,1.712E+12,ADMINISTRACION PUBLICA EDUCACION Y SALUD ACTIVIDADES ARTISTICAS Y DE ENTRETENIMIENTO ACTIVIDADES DE LOS HOGARES INDIVIDUALES,S02
41,HUILA,2012,1913,1.913E+12,ADMINISTRACION PUBLICA EDUCACION Y SALUD ACTIVIDADES ARTISTICAS Y DE ENTRETENIMIENTO ACTIVIDADES DE LOS HOGARES INDIVIDUALES,S02
41,HUILA,2013,2092,2.092E+12,ADMINISTRACION PUBLICA EDUCACION Y SALUD ACTIVIDADES ARTISTICAS Y DE ENTRETENIMIENTO ACTIVIDADES DE LOS HOGARES INDIVIDUALES,S02
41,HUILA,2014,2261,2.261E+12,ADMINISTRACION PUBLICA EDUCACION Y SALUD ACTIVIDADES ARTISTICAS Y DE ENTRETENIMIENTO ACTIVIDADES DE LOS HOGARES INDIVIDUALES,S02
41,HUILA,2015,2382,2.382E+12,ADMINISTRACION PUBLICA EDUCACION Y SALUD ACTIVIDADES ARTISTICAS Y DE ENTRETENIMIENTO ACTIVIDADES DE LOS HOGARES INDIVIDUALES,S02
41,HUILA,2016p,2557,2.557E+12,ADMINISTRACION PUBLICA EDUCACION Y SALUD ACTIVIDADES ARTISTICAS Y DE ENTRETENIMIENTO ACTIVIDADES DE LOS HOGARES INDIVIDUALES,S02
44,LA GUAJIRA,2000,257,2.57E+11,ADMINISTRACION PUBLICA EDUCACION Y SALUD ACTIVIDADES ARTISTICAS Y DE ENTRETENIMIENTO ACTIVIDADES DE LOS HOGARES INDIVIDUALES,S02
44,LA GUAJIRA,2001,322,3.22E+11,ADMINISTRACION PUBLICA EDUCACION Y SALUD ACTIVIDADES ARTISTICAS Y DE ENTRETENIMIENTO ACTIVIDADES DE LOS HOGARES INDIVIDUALES,S02
44,LA GUAJIRA,2002,294,2.94E+11,ADMINISTRACION PUBLICA EDUCACION Y SALUD ACTIVIDADES ARTISTICAS Y DE ENTRETENIMIENTO ACTIVIDADES DE LOS HOGARES INDIVIDUALES,S02
44,LA GUAJIRA,2003,391,3.91E+11,ADMINISTRACION PUBLICA EDUCACION Y SALUD ACTIVIDADES ARTISTICAS Y DE ENTRETENIMIENTO ACTIVIDADES DE LOS HOGARES INDIVIDUALES,S02
44,LA GUAJIRA,2004,468,4.68E+11,ADMINISTRACION PUBLICA EDUCACION Y SALUD ACTIVIDADES ARTISTICAS Y DE ENTRETENIMIENTO ACTIVIDADES DE LOS HOGARES INDIVIDUALES,S02
44,LA GUAJIRA,2005,545,5.45E+11,ADMINISTRACION PUBLICA EDUCACION Y SALUD ACTIVIDADES ARTISTICAS Y DE ENTRETENIMIENTO ACTIVIDADES DE LOS HOGARES INDIVIDUALES,S02
44,LA GUAJIRA,2006,615,6.15E+11,ADMINISTRACION PUBLICA EDUCACION Y SALUD ACTIVIDADES ARTISTICAS Y DE ENTRETENIMIENTO ACTIVIDADES DE LOS HOGARES INDIVIDUALES,S02
44,LA GUAJIRA,2007,630,6.3E+11,ADMINISTRACION PUBLICA EDUCACION Y SALUD ACTIVIDADES ARTISTICAS Y DE ENTRETENIMIENTO ACTIVIDADES DE LOS HOGARES INDIVIDUALES,S02
44,LA GUAJIRA,2008,706,7.06E+11,ADMINISTRACION PUBLICA EDUCACION Y SALUD ACTIVIDADES ARTISTICAS Y DE ENTRETENIMIENTO ACTIVIDADES DE LOS HOGARES INDIVIDUALES,S02
44,LA GUAJIRA,2009,813,8.13E+11,ADMINISTRACION PUBLICA EDUCACION Y SALUD ACTIVIDADES ARTISTICAS Y DE ENTRETENIMIENTO ACTIVIDADES DE LOS HOGARES INDIVIDUALES,S02
44,LA GUAJIRA,2010,906,9.06E+11,ADMINISTRACION PUBLICA EDUCACION Y SALUD ACTIVIDADES ARTISTICAS Y DE ENTRETENIMIENTO ACTIVIDADES DE LOS HOGARES INDIVIDUALES,S02
44,LA GUAJIRA,2011,1032,1.032E+12,ADMINISTRACION PUBLICA EDUCACION Y SALUD ACTIVIDADES ARTISTICAS Y DE ENTRETENIMIENTO ACTIVIDADES DE LOS HOGARES INDIVIDUALES,S02
44,LA GUAJIRA,2012,1173,1.173E+12,ADMINISTRACION PUBLICA EDUCACION Y SALUD ACTIVIDADES ARTISTICAS Y DE ENTRETENIMIENTO ACTIVIDADES DE LOS HOGARES INDIVIDUALES,S02
44,LA GUAJIRA,2013,1296,1.296E+12,ADMINISTRACION PUBLICA EDUCACION Y SALUD ACTIVIDADES ARTISTICAS Y DE ENTRETENIMIENTO ACTIVIDADES DE LOS HOGARES INDIVIDUALES,S02
44,LA GUAJIRA,2014,1426,1.426E+12,ADMINISTRACION PUBLICA EDUCACION Y SALUD ACTIVIDADES ARTISTICAS Y DE ENTRETENIMIENTO ACTIVIDADES DE LOS HOGARES INDIVIDUALES,S02
44,LA GUAJIRA,2015,1585,1.585E+12,ADMINISTRACION PUBLICA EDUCACION Y SALUD ACTIVIDADES ARTISTICAS Y DE ENTRETENIMIENTO ACTIVIDADES DE LOS HOGARES INDIVIDUALES,S02
44,LA GUAJIRA,2016p,1745,1.745E+12,ADMINISTRACION PUBLICA EDUCACION Y SALUD ACTIVIDADES ARTISTICAS Y DE ENTRETENIMIENTO ACTIVIDADES DE LOS HOGARES INDIVIDUALES,S02
47,MAGDALENA,2000,593,5.93E+11,ADMINISTRACION PUBLICA EDUCACION Y SALUD ACTIVIDADES ARTISTICAS Y DE ENTRETENIMIENTO ACTIVIDADES DE LOS HOGARES INDIVIDUALES,S02
47,MAGDALENA,2001,657,6.57E+11,ADMINISTRACION PUBLICA EDUCACION Y SALUD ACTIVIDADES ARTISTICAS Y DE ENTRETENIMIENTO ACTIVIDADES DE LOS HOGARES INDIVIDUALES,S02
47,MAGDALENA,2002,725,7.25E+11,ADMINISTRACION PUBLICA EDUCACION Y SALUD ACTIVIDADES ARTISTICAS Y DE ENTRETENIMIENTO ACTIVIDADES DE LOS HOGARES INDIVIDUALES,S02
47,MAGDALENA,2003,754,7.54E+11,ADMINISTRACION PUBLICA EDUCACION Y SALUD ACTIVIDADES ARTISTICAS Y DE ENTRETENIMIENTO ACTIVIDADES DE LOS HOGARES INDIVIDUALES,S02
47,MAGDALENA,2004,874,8.74E+11,ADMINISTRACION PUBLICA EDUCACION Y SALUD ACTIVIDADES ARTISTICAS Y DE ENTRETENIMIENTO ACTIVIDADES DE LOS HOGARES INDIVIDUALES,S02
47,MAGDALENA,2005,1037,1.037E+12,ADMINISTRACION PUBLICA EDUCACION Y SALUD ACTIVIDADES ARTISTICAS Y DE ENTRETENIMIENTO ACTIVIDADES DE LOS HOGARES INDIVIDUALES,S02
47,MAGDALENA,2006,1136,1.136E+12,ADMINISTRACION PUBLICA EDUCACION Y SALUD ACTIVIDADES ARTISTICAS Y DE ENTRETENIMIENTO ACTIVIDADES DE LOS HOGARES INDIVIDUALES,S02
47,MAGDALENA,2007,1216,1.216E+12,ADMINISTRACION PUBLICA EDUCACION Y SALUD ACTIVIDADES ARTISTICAS Y DE ENTRETENIMIENTO ACTIVIDADES DE LOS HOGARES INDIVIDUALES,S02
47,MAGDALENA,2008,1433,1.433E+12,ADMINISTRACION PUBLICA EDUCACION Y SALUD ACTIVIDADES ARTISTICAS Y DE ENTRETENIMIENTO ACTIVIDADES DE LOS HOGARES INDIVIDUALES,S02
47,MAGDALENA,2009,1598,1.598E+12,ADMINISTRACION PUBLICA EDUCACION Y SALUD ACTIVIDADES ARTISTICAS Y DE ENTRETENIMIENTO ACTIVIDADES DE LOS HOGARES INDIVIDUALES,S02
47,MAGDALENA,2010,1776,1.776E+12,ADMINISTRACION PUBLICA EDUCACION Y SALUD ACTIVIDADES ARTISTICAS Y DE ENTRETENIMIENTO ACTIVIDADES DE LOS HOGARES INDIVIDUALES,S02
47,MAGDALENA,2011,1976,1.976E+12,ADMINISTRACION PUBLICA EDUCACION Y SALUD ACTIVIDADES ARTISTICAS Y DE ENTRETENIMIENTO ACTIVIDADES DE LOS HOGARES INDIVIDUALES,S02
47,MAGDALENA,2012,2132,2.132E+12,ADMINISTRACION PUBLICA EDUCACION Y SALUD ACTIVIDADES ARTISTICAS Y DE ENTRETENIMIENTO ACTIVIDADES DE LOS HOGARES INDIVIDUALES,S02
47,MAGDALENA,2013,2460,2.46E+12,ADMINISTRACION PUBLICA EDUCACION Y SALUD ACTIVIDADES ARTISTICAS Y DE ENTRETENIMIENTO ACTIVIDADES DE LOS HOGARES INDIVIDUALES,S02
47,MAGDALENA,2014,2632,2.632E+12,ADMINISTRACION PUBLICA EDUCACION Y SALUD ACTIVIDADES ARTISTICAS Y DE ENTRETENIMIENTO ACTIVIDADES DE LOS HOGARES INDIVIDUALES,S02
47,MAGDALENA,2015,2856,2.856E+12,ADMINISTRACION PUBLICA EDUCACION Y SALUD ACTIVIDADES ARTISTICAS Y DE ENTRETENIMIENTO ACTIVIDADES DE LOS HOGARES INDIVIDUALES,S02
47,MAGDALENA,2016p,3068,3.068E+12,ADMINISTRACION PUBLICA EDUCACION Y SALUD ACTIVIDADES ARTISTICAS Y DE ENTRETENIMIENTO ACTIVIDADES DE LOS HOGARES INDIVIDUALES,S02
50,META,2000,647,6.47E+11,ADMINISTRACION PUBLICA EDUCACION Y SALUD ACTIVIDADES ARTISTICAS Y DE ENTRETENIMIENTO ACTIVIDADES DE LOS HOGARES INDIVIDUALES,S02
50,META,2001,672,6.72E+11,ADMINISTRACION PUBLICA EDUCACION Y SALUD ACTIVIDADES ARTISTICAS Y DE ENTRETENIMIENTO ACTIVIDADES DE LOS HOGARES INDIVIDUALES,S02
50,META,2002,808,8.08E+11,ADMINISTRACION PUBLICA EDUCACION Y SALUD ACTIVIDADES ARTISTICAS Y DE ENTRETENIMIENTO ACTIVIDADES DE LOS HOGARES INDIVIDUALES,S02
50,META,2003,829,8.29E+11,ADMINISTRACION PUBLICA EDUCACION Y SALUD ACTIVIDADES ARTISTICAS Y DE ENTRETENIMIENTO ACTIVIDADES DE LOS HOGARES INDIVIDUALES,S02
50,META,2004,963,9.63E+11,ADMINISTRACION PUBLICA EDUCACION Y SALUD ACTIVIDADES ARTISTICAS Y DE ENTRETENIMIENTO ACTIVIDADES DE LOS HOGARES INDIVIDUALES,S02
50,META,2005,1044,1.044E+12,ADMINISTRACION PUBLICA EDUCACION Y SALUD ACTIVIDADES ARTISTICAS Y DE ENTRETENIMIENTO ACTIVIDADES DE LOS HOGARES INDIVIDUALES,S02
50,META,2006,1154,1.154E+12,ADMINISTRACION PUBLICA EDUCACION Y SALUD ACTIVIDADES ARTISTICAS Y DE ENTRETENIMIENTO ACTIVIDADES DE LOS HOGARES INDIVIDUALES,S02
50,META,2007,1275,1.275E+12,ADMINISTRACION PUBLICA EDUCACION Y SALUD ACTIVIDADES ARTISTICAS Y DE ENTRETENIMIENTO ACTIVIDADES DE LOS HOGARES INDIVIDUALES,S02
50,META,2008,1451,1.451E+12,ADMINISTRACION PUBLICA EDUCACION Y SALUD ACTIVIDADES ARTISTICAS Y DE ENTRETENIMIENTO ACTIVIDADES DE LOS HOGARES INDIVIDUALES,S02
50,META,2009,1607,1.607E+12,ADMINISTRACION PUBLICA EDUCACION Y SALUD ACTIVIDADES ARTISTICAS Y DE ENTRETENIMIENTO ACTIVIDADES DE LOS HOGARES INDIVIDUALES,S02
50,META,2010,1694,1.694E+12,ADMINISTRACION PUBLICA EDUCACION Y SALUD ACTIVIDADES ARTISTICAS Y DE ENTRETENIMIENTO ACTIVIDADES DE LOS HOGARES INDIVIDUALES,S02
50,META,2011,1841,1.841E+12,ADMINISTRACION PUBLICA EDUCACION Y SALUD ACTIVIDADES ARTISTICAS Y DE ENTRETENIMIENTO ACTIVIDADES DE LOS HOGARES INDIVIDUALES,S02
50,META,2012,2048,2.048E+12,ADMINISTRACION PUBLICA EDUCACION Y SALUD ACTIVIDADES ARTISTICAS Y DE ENTRETENIMIENTO ACTIVIDADES DE LOS HOGARES INDIVIDUALES,S02
50,META,2013,2293,2.293E+12,ADMINISTRACION PUBLICA EDUCACION Y SALUD ACTIVIDADES ARTISTICAS Y DE ENTRETENIMIENTO ACTIVIDADES DE LOS HOGARES INDIVIDUALES,S02
50,META,2014,2526,2.526E+12,ADMINISTRACION PUBLICA EDUCACION Y SALUD ACTIVIDADES ARTISTICAS Y DE ENTRETENIMIENTO ACTIVIDADES DE LOS HOGARES INDIVIDUALES,S02
50,META,2015,2742,2.742E+12,ADMINISTRACION PUBLICA EDUCACION Y SALUD ACTIVIDADES ARTISTICAS Y DE ENTRETENIMIENTO ACTIVIDADES DE LOS HOGARES INDIVIDUALES,S02
50,META,2016p,2889,2.889E+12,ADMINISTRACION PUBLICA EDUCACION Y SALUD ACTIVIDADES ARTISTICAS Y DE ENTRETENIMIENTO ACTIVIDADES DE LOS HOGARES INDIVIDUALES,S02
52,NARINO,2000,809,8.09E+11,ADMINISTRACION PUBLICA EDUCACION Y SALUD ACTIVIDADES ARTISTICAS Y DE ENTRETENIMIENTO ACTIVIDADES DE LOS HOGARES INDIVIDUALES,S02
52,NARINO,2001,937,9.37E+11,ADMINISTRACION PUBLICA EDUCACION Y SALUD ACTIVIDADES ARTISTICAS Y DE ENTRETENIMIENTO ACTIVIDADES DE LOS HOGARES INDIVIDUALES,S02
52,NARINO,2002,979,9.79E+11,ADMINISTRACION PUBLICA EDUCACION Y SALUD ACTIVIDADES ARTISTICAS Y DE ENTRETENIMIENTO ACTIVIDADES DE LOS HOGARES INDIVIDUALES,S02
52,NARINO,2003,1076,1.076E+12,ADMINISTRACION PUBLICA EDUCACION Y SALUD ACTIVIDADES ARTISTICAS Y DE ENTRETENIMIENTO ACTIVIDADES DE LOS HOGARES INDIVIDUALES,S02
52,NARINO,2004,1126,1.126E+12,ADMINISTRACION PUBLICA EDUCACION Y SALUD ACTIVIDADES ARTISTICAS Y DE ENTRETENIMIENTO ACTIVIDADES DE LOS HOGARES INDIVIDUALES,S02
52,NARINO,2005,1256,1.256E+12,ADMINISTRACION PUBLICA EDUCACION Y SALUD ACTIVIDADES ARTISTICAS Y DE ENTRETENIMIENTO ACTIVIDADES DE LOS HOGARES INDIVIDUALES,S02
52,NARINO,2006,1525,1.525E+12,ADMINISTRACION PUBLICA EDUCACION Y SALUD ACTIVIDADES ARTISTICAS Y DE ENTRETENIMIENTO ACTIVIDADES DE LOS HOGARES INDIVIDUALES,S02
52,NARINO,2007,1694,1.694E+12,ADMINISTRACION PUBLICA EDUCACION Y SALUD ACTIVIDADES ARTISTICAS Y DE ENTRETENIMIENTO ACTIVIDADES DE LOS HOGARES INDIVIDUALES,S02
52,NARINO,2008,1947,1.947E+12,ADMINISTRACION PUBLICA EDUCACION Y SALUD ACTIVIDADES ARTISTICAS Y DE ENTRETENIMIENTO ACTIVIDADES DE LOS HOGARES INDIVIDUALES,S02
52,NARINO,2009,2161,2.161E+12,ADMINISTRACION PUBLICA EDUCACION Y SALUD ACTIVIDADES ARTISTICAS Y DE ENTRETENIMIENTO ACTIVIDADES DE LOS HOGARES INDIVIDUALES,S02
52,NARINO,2010,2241,2.241E+12,ADMINISTRACION PUBLICA EDUCACION Y SALUD ACTIVIDADES ARTISTICAS Y DE ENTRETENIMIENTO ACTIVIDADES DE LOS HOGARES INDIVIDUALES,S02
52,NARINO,2011,2465,2.465E+12,ADMINISTRACION PUBLICA EDUCACION Y SALUD ACTIVIDADES ARTISTICAS Y DE ENTRETENIMIENTO ACTIVIDADES DE LOS HOGARES INDIVIDUALES,S02
52,NARINO,2012,2741,2.741E+12,ADMINISTRACION PUBLICA EDUCACION Y SALUD ACTIVIDADES ARTISTICAS Y DE ENTRETENIMIENTO ACTIVIDADES DE LOS HOGARES INDIVIDUALES,S02
52,NARINO,2013,3023,3.023E+12,ADMINISTRACION PUBLICA EDUCACION Y SALUD ACTIVIDADES ARTISTICAS Y DE ENTRETENIMIENTO ACTIVIDADES DE LOS HOGARES INDIVIDUALES,S02
52,NARINO,2014,3266,3.266E+12,ADMINISTRACION PUBLICA EDUCACION Y SALUD ACTIVIDADES ARTISTICAS Y DE ENTRETENIMIENTO ACTIVIDADES DE LOS HOGARES INDIVIDUALES,S02
52,NARINO,2015,3520,3.52E+12,ADMINISTRACION PUBLICA EDUCACION Y SALUD ACTIVIDADES ARTISTICAS Y DE ENTRETENIMIENTO ACTIVIDADES DE LOS HOGARES INDIVIDUALES,S02
52,NARINO,2016p,3771,3.771E+12,ADMINISTRACION PUBLICA EDUCACION Y SALUD ACTIVIDADES ARTISTICAS Y DE ENTRETENIMIENTO ACTIVIDADES DE LOS HOGARES INDIVIDUALES,S02
54,NORTE DE SANTANDER,2000,836,8.36E+11,ADMINISTRACION PUBLICA EDUCACION Y SALUD ACTIVIDADES ARTISTICAS Y DE ENTRETENIMIENTO ACTIVIDADES DE LOS HOGARES INDIVIDUALES,S02
54,NORTE DE SANTANDER,2001,898,8.98E+11,ADMINISTRACION PUBLICA EDUCACION Y SALUD ACTIVIDADES ARTISTICAS Y DE ENTRETENIMIENTO ACTIVIDADES DE LOS HOGARES INDIVIDUALES,S02
54,NORTE DE SANTANDER,2002,997,9.97E+11,ADMINISTRACION PUBLICA EDUCACION Y SALUD ACTIVIDADES ARTISTICAS Y DE ENTRETENIMIENTO ACTIVIDADES DE LOS HOGARES INDIVIDUALES,S02
54,NORTE DE SANTANDER,2003,1124,1.124E+12,ADMINISTRACION PUBLICA EDUCACION Y SALUD ACTIVIDADES ARTISTICAS Y DE ENTRETENIMIENTO ACTIVIDADES DE LOS HOGARES INDIVIDUALES,S02
54,NORTE DE SANTANDER,2004,1160,1.16E+12,ADMINISTRACION PUBLICA EDUCACION Y SALUD ACTIVIDADES ARTISTICAS Y DE ENTRETENIMIENTO ACTIVIDADES DE LOS HOGARES INDIVIDUALES,S02
54,NORTE DE SANTANDER,2005,1256,1.256E+12,ADMINISTRACION PUBLICA EDUCACION Y SALUD ACTIVIDADES ARTISTICAS Y DE ENTRETENIMIENTO ACTIVIDADES DE LOS HOGARES INDIVIDUALES,S02
54,NORTE DE SANTANDER,2006,1431,1.431E+12,ADMINISTRACION PUBLICA EDUCACION Y SALUD ACTIVIDADES ARTISTICAS Y DE ENTRETENIMIENTO ACTIVIDADES DE LOS HOGARES INDIVIDUALES,S02
54,NORTE DE SANTANDER,2007,1618,1.618E+12,ADMINISTRACION PUBLICA EDUCACION Y SALUD ACTIVIDADES ARTISTICAS Y DE ENTRETENIMIENTO ACTIVIDADES DE LOS HOGARES INDIVIDUALES,S02
54,NORTE DE SANTANDER,2008,1841,1.841E+12,ADMINISTRACION PUBLICA EDUCACION Y SALUD ACTIVIDADES ARTISTICAS Y DE ENTRETENIMIENTO ACTIVIDADES DE LOS HOGARES INDIVIDUALES,S02
54,NORTE DE SANTANDER,2009,2015,2.015E+12,ADMINISTRACION PUBLICA EDUCACION Y SALUD ACTIVIDADES ARTISTICAS Y DE ENTRETENIMIENTO ACTIVIDADES DE LOS HOGARES INDIVIDUALES,S02
54,NORTE DE SANTANDER,2010,2208,2.208E+12,ADMINISTRACION PUBLICA EDUCACION Y SALUD ACTIVIDADES ARTISTICAS Y DE ENTRETENIMIENTO ACTIVIDADES DE LOS HOGARES INDIVIDUALES,S02
54,NORTE DE SANTANDER,2011,2341,2.341E+12,ADMINISTRACION PUBLICA EDUCACION Y SALUD ACTIVIDADES ARTISTICAS Y DE ENTRETENIMIENTO ACTIVIDADES DE LOS HOGARES INDIVIDUALES,S02
54,NORTE DE SANTANDER,2012,2552,2.552E+12,ADMINISTRACION PUBLICA EDUCACION Y SALUD ACTIVIDADES ARTISTICAS Y DE ENTRETENIMIENTO ACTIVIDADES DE LOS HOGARES INDIVIDUALES,S02
54,NORTE DE SANTANDER,2013,2817,2.817E+12,ADMINISTRACION PUBLICA EDUCACION Y SALUD ACTIVIDADES ARTISTICAS Y DE ENTRETENIMIENTO ACTIVIDADES DE LOS HOGARES INDIVIDUALES,S02
54,NORTE DE SANTANDER,2014,3054,3.054E+12,ADMINISTRACION PUBLICA EDUCACION Y SALUD ACTIVIDADES ARTISTICAS Y DE ENTRETENIMIENTO ACTIVIDADES DE LOS HOGARES INDIVIDUALES,S02
54,NORTE DE SANTANDER,2015,3291,3.291E+12,ADMINISTRACION PUBLICA EDUCACION Y SALUD ACTIVIDADES ARTISTICAS Y DE ENTRETENIMIENTO ACTIVIDADES DE LOS HOGARES INDIVIDUALES,S02
54,NORTE DE SANTANDER,2016p,3544,3.544E+12,ADMINISTRACION PUBLICA EDUCACION Y SALUD ACTIVIDADES ARTISTICAS Y DE ENTRETENIMIENTO ACTIVIDADES DE LOS HOGARES INDIVIDUALES,S02
86,PUTUMAYO,2000,230,2.3E+11,ADMINISTRACION PUBLICA EDUCACION Y SALUD ACTIVIDADES ARTISTICAS Y DE ENTRETENIMIENTO ACTIVIDADES DE LOS HOGARES INDIVIDUALES,S02
86,PUTUMAYO,2001,254,2.54E+11,ADMINISTRACION PUBLICA EDUCACION Y SALUD ACTIVIDADES ARTISTICAS Y DE ENTRETENIMIENTO ACTIVIDADES DE LOS HOGARES INDIVIDUALES,S02
86,PUTUMAYO,2002,272,2.72E+11,ADMINISTRACION PUBLICA EDUCACION Y SALUD ACTIVIDADES ARTISTICAS Y DE ENTRETENIMIENTO ACTIVIDADES DE LOS HOGARES INDIVIDUALES,S02
86,PUTUMAYO,2003,270,2.7E+11,ADMINISTRACION PUBLICA EDUCACION Y SALUD ACTIVIDADES ARTISTICAS Y DE ENTRETENIMIENTO ACTIVIDADES DE LOS HOGARES INDIVIDUALES,S02
86,PUTUMAYO,2004,344,3.44E+11,ADMINISTRACION PUBLICA EDUCACION Y SALUD ACTIVIDADES ARTISTICAS Y DE ENTRETENIMIENTO ACTIVIDADES DE LOS HOGARES INDIVIDUALES,S02
86,PUTUMAYO,2005,352,3.52E+11,ADMINISTRACION PUBLICA EDUCACION Y SALUD ACTIVIDADES ARTISTICAS Y DE ENTRETENIMIENTO ACTIVIDADES DE LOS HOGARES INDIVIDUALES,S02
86,PUTUMAYO,2006,365,3.65E+11,ADMINISTRACION PUBLICA EDUCACION Y SALUD ACTIVIDADES ARTISTICAS Y DE ENTRETENIMIENTO ACTIVIDADES DE LOS HOGARES INDIVIDUALES,S02
86,PUTUMAYO,2007,444,4.44E+11,ADMINISTRACION PUBLICA EDUCACION Y SALUD ACTIVIDADES ARTISTICAS Y DE ENTRETENIMIENTO ACTIVIDADES DE LOS HOGARES INDIVIDUALES,S02
86,PUTUMAYO,2008,490,4.9E+11,ADMINISTRACION PUBLICA EDUCACION Y SALUD ACTIVIDADES ARTISTICAS Y DE ENTRETENIMIENTO ACTIVIDADES DE LOS HOGARES INDIVIDUALES,S02
86,PUTUMAYO,2009,541,5.41E+11,ADMINISTRACION PUBLICA EDUCACION Y SALUD ACTIVIDADES ARTISTICAS Y DE ENTRETENIMIENTO ACTIVIDADES DE LOS HOGARES INDIVIDUALES,S02
86,PUTUMAYO,2010,583,5.83E+11,ADMINISTRACION PUBLICA EDUCACION Y SALUD ACTIVIDADES ARTISTICAS Y DE ENTRETENIMIENTO ACTIVIDADES DE LOS HOGARES INDIVIDUALES,S02
86,PUTUMAYO,2011,624,6.24E+11,ADMINISTRACION PUBLICA EDUCACION Y SALUD ACTIVIDADES ARTISTICAS Y DE ENTRETENIMIENTO ACTIVIDADES DE LOS HOGARES INDIVIDUALES,S02
86,PUTUMAYO,2012,687,6.87E+11,ADMINISTRACION PUBLICA EDUCACION Y SALUD ACTIVIDADES ARTISTICAS Y DE ENTRETENIMIENTO ACTIVIDADES DE LOS HOGARES INDIVIDUALES,S02
86,PUTUMAYO,2013,756,7.56E+11,ADMINISTRACION PUBLICA EDUCACION Y SALUD ACTIVIDADES ARTISTICAS Y DE ENTRETENIMIENTO ACTIVIDADES DE LOS HOGARES INDIVIDUALES,S02
86,PUTUMAYO,2014,815,8.15E+11,ADMINISTRACION PUBLICA EDUCACION Y SALUD ACTIVIDADES ARTISTICAS Y DE ENTRETENIMIENTO ACTIVIDADES DE LOS HOGARES INDIVIDUALES,S02
86,PUTUMAYO,2015,887,8.87E+11,ADMINISTRACION PUBLICA EDUCACION Y SALUD ACTIVIDADES ARTISTICAS Y DE ENTRETENIMIENTO ACTIVIDADES DE LOS HOGARES INDIVIDUALES,S02
86,PUTUMAYO,2016p,942,9.42E+11,ADMINISTRACION PUBLICA EDUCACION Y SALUD ACTIVIDADES ARTISTICAS Y DE ENTRETENIMIENTO ACTIVIDADES DE LOS HOGARES INDIVIDUALES,S02
63,QUINDIO,2000,419,4.19E+11,ADMINISTRACION PUBLICA EDUCACION Y SALUD ACTIVIDADES ARTISTICAS Y DE ENTRETENIMIENTO ACTIVIDADES DE LOS HOGARES INDIVIDUALES,S02
63,QUINDIO,2001,436,4.36E+11,ADMINISTRACION PUBLICA EDUCACION Y SALUD ACTIVIDADES ARTISTICAS Y DE ENTRETENIMIENTO ACTIVIDADES DE LOS HOGARES INDIVIDUALES,S02
63,QUINDIO,2002,489,4.89E+11,ADMINISTRACION PUBLICA EDUCACION Y SALUD ACTIVIDADES ARTISTICAS Y DE ENTRETENIMIENTO ACTIVIDADES DE LOS HOGARES INDIVIDUALES,S02
63,QUINDIO,2003,497,4.97E+11,ADMINISTRACION PUBLICA EDUCACION Y SALUD ACTIVIDADES ARTISTICAS Y DE ENTRETENIMIENTO ACTIVIDADES DE LOS HOGARES INDIVIDUALES,S02
63,QUINDIO,2004,547,5.47E+11,ADMINISTRACION PUBLICA EDUCACION Y SALUD ACTIVIDADES ARTISTICAS Y DE ENTRETENIMIENTO ACTIVIDADES DE LOS HOGARES INDIVIDUALES,S02
63,QUINDIO,2005,574,5.74E+11,ADMINISTRACION PUBLICA EDUCACION Y SALUD ACTIVIDADES ARTISTICAS Y DE ENTRETENIMIENTO ACTIVIDADES DE LOS HOGARES INDIVIDUALES,S02
63,QUINDIO,2006,650,6.5E+11,ADMINISTRACION PUBLICA EDUCACION Y SALUD ACTIVIDADES ARTISTICAS Y DE ENTRETENIMIENTO ACTIVIDADES DE LOS HOGARES INDIVIDUALES,S02
63,QUINDIO,2007,690,6.9E+11,ADMINISTRACION PUBLICA EDUCACION Y SALUD ACTIVIDADES ARTISTICAS Y DE ENTRETENIMIENTO ACTIVIDADES DE LOS HOGARES INDIVIDUALES,S02
63,QUINDIO,2008,767,7.67E+11,ADMINISTRACION PUBLICA EDUCACION Y SALUD ACTIVIDADES ARTISTICAS Y DE ENTRETENIMIENTO ACTIVIDADES DE LOS HOGARES INDIVIDUALES,S02
63,QUINDIO,2009,808,8.08E+11,ADMINISTRACION PUBLICA EDUCACION Y SALUD ACTIVIDADES ARTISTICAS Y DE ENTRETENIMIENTO ACTIVIDADES DE LOS HOGARES INDIVIDUALES,S02
63,QUINDIO,2010,895,8.95E+11,ADMINISTRACION PUBLICA EDUCACION Y SALUD ACTIVIDADES ARTISTICAS Y DE ENTRETENIMIENTO ACTIVIDADES DE LOS HOGARES INDIVIDUALES,S02
63,QUINDIO,2011,941,9.41E+11,ADMINISTRACION PUBLICA EDUCACION Y SALUD ACTIVIDADES ARTISTICAS Y DE ENTRETENIMIENTO ACTIVIDADES DE LOS HOGARES INDIVIDUALES,S02
63,QUINDIO,2012,1041,1.041E+12,ADMINISTRACION PUBLICA EDUCACION Y SALUD ACTIVIDADES ARTISTICAS Y DE ENTRETENIMIENTO ACTIVIDADES DE LOS HOGARES INDIVIDUALES,S02
63,QUINDIO,2013,1139,1.139E+12,ADMINISTRACION PUBLICA EDUCACION Y SALUD ACTIVIDADES ARTISTICAS Y DE ENTRETENIMIENTO ACTIVIDADES DE LOS HOGARES INDIVIDUALES,S02
63,QUINDIO,2014,1254,1.254E+12,ADMINISTRACION PUBLICA EDUCACION Y SALUD ACTIVIDADES ARTISTICAS Y DE ENTRETENIMIENTO ACTIVIDADES DE LOS HOGARES INDIVIDUALES,S02
63,QUINDIO,2015,1349,1.349E+12,ADMINISTRACION PUBLICA EDUCACION Y SALUD ACTIVIDADES ARTISTICAS Y DE ENTRETENIMIENTO ACTIVIDADES DE LOS HOGARES INDIVIDUALES,S02
63,QUINDIO,2016p,1443,1.443E+12,ADMINISTRACION PUBLICA EDUCACION Y SALUD ACTIVIDADES ARTISTICAS Y DE ENTRETENIMIENTO ACTIVIDADES DE LOS HOGARES INDIVIDUALES,S02
66,RISARALDA,2000,567,5.67E+11,ADMINISTRACION PUBLICA EDUCACION Y SALUD ACTIVIDADES ARTISTICAS Y DE ENTRETENIMIENTO ACTIVIDADES DE LOS HOGARES INDIVIDUALES,S02
66,RISARALDA,2001,612,6.12E+11,ADMINISTRACION PUBLICA EDUCACION Y SALUD ACTIVIDADES ARTISTICAS Y DE ENTRETENIMIENTO ACTIVIDADES DE LOS HOGARES INDIVIDUALES,S02
66,RISARALDA,2002,705,7.05E+11,ADMINISTRACION PUBLICA EDUCACION Y SALUD ACTIVIDADES ARTISTICAS Y DE ENTRETENIMIENTO ACTIVIDADES DE LOS HOGARES INDIVIDUALES,S02
66,RISARALDA,2003,772,7.72E+11,ADMINISTRACION PUBLICA EDUCACION Y SALUD ACTIVIDADES ARTISTICAS Y DE ENTRETENIMIENTO ACTIVIDADES DE LOS HOGARES INDIVIDUALES,S02
66,RISARALDA,2004,864,8.64E+11,ADMINISTRACION PUBLICA EDUCACION Y SALUD ACTIVIDADES ARTISTICAS Y DE ENTRETENIMIENTO ACTIVIDADES DE LOS HOGARES INDIVIDUALES,S02
66,RISARALDA,2005,971,9.71E+11,ADMINISTRACION PUBLICA EDUCACION Y SALUD ACTIVIDADES ARTISTICAS Y DE ENTRETENIMIENTO ACTIVIDADES DE LOS HOGARES INDIVIDUALES,S02
66,RISARALDA,2006,1069,1.069E+12,ADMINISTRACION PUBLICA EDUCACION Y SALUD ACTIVIDADES ARTISTICAS Y DE ENTRETENIMIENTO ACTIVIDADES DE LOS HOGARES INDIVIDUALES,S02
66,RISARALDA,2007,1162,1.162E+12,ADMINISTRACION PUBLICA EDUCACION Y SALUD ACTIVIDADES ARTISTICAS Y DE ENTRETENIMIENTO ACTIVIDADES DE LOS HOGARES INDIVIDUALES,S02
66,RISARALDA,2008,1275,1.275E+12,ADMINISTRACION PUBLICA EDUCACION Y SALUD ACTIVIDADES ARTISTICAS Y DE ENTRETENIMIENTO ACTIVIDADES DE LOS HOGARES INDIVIDUALES,S02
66,RISARALDA,2009,1384,1.384E+12,ADMINISTRACION PUBLICA EDUCACION Y SALUD ACTIVIDADES ARTISTICAS Y DE ENTRETENIMIENTO ACTIVIDADES DE LOS HOGARES INDIVIDUALES,S02
66,RISARALDA,2010,1521,1.521E+12,ADMINISTRACION PUBLICA EDUCACION Y SALUD ACTIVIDADES ARTISTICAS Y DE ENTRETENIMIENTO ACTIVIDADES DE LOS HOGARES INDIVIDUALES,S02
66,RISARALDA,2011,1597,1.597E+12,ADMINISTRACION PUBLICA EDUCACION Y SALUD ACTIVIDADES ARTISTICAS Y DE ENTRETENIMIENTO ACTIVIDADES DE LOS HOGARES INDIVIDUALES,S02
66,RISARALDA,2012,1752,1.752E+12,ADMINISTRACION PUBLICA EDUCACION Y SALUD ACTIVIDADES ARTISTICAS Y DE ENTRETENIMIENTO ACTIVIDADES DE LOS HOGARES INDIVIDUALES,S02
66,RISARALDA,2013,1930,1.93E+12,ADMINISTRACION PUBLICA EDUCACION Y SALUD ACTIVIDADES ARTISTICAS Y DE ENTRETENIMIENTO ACTIVIDADES DE LOS HOGARES INDIVIDUALES,S02
66,RISARALDA,2014,2061,2.061E+12,ADMINISTRACION PUBLICA EDUCACION Y SALUD ACTIVIDADES ARTISTICAS Y DE ENTRETENIMIENTO ACTIVIDADES DE LOS HOGARES INDIVIDUALES,S02
66,RISARALDA,2015,2215,2.215E+12,ADMINISTRACION PUBLICA EDUCACION Y SALUD ACTIVIDADES ARTISTICAS Y DE ENTRETENIMIENTO ACTIVIDADES DE LOS HOGARES INDIVIDUALES,S02
66,RISARALDA,2016p,2384,2.384E+12,ADMINISTRACION PUBLICA EDUCACION Y SALUD ACTIVIDADES ARTISTICAS Y DE ENTRETENIMIENTO ACTIVIDADES DE LOS HOGARES INDIVIDUALES,S02
88,ARCHIPIELAGO DE SAN ANDRES PROVIDENCIA Y SANTA CATALINA,2000,89,89000000000,ADMINISTRACION PUBLICA EDUCACION Y SALUD ACTIVIDADES ARTISTICAS Y DE ENTRETENIMIENTO ACTIVIDADES DE LOS HOGARES INDIVIDUALES,S02
88,ARCHIPIELAGO DE SAN ANDRES PROVIDENCIA Y SANTA CATALINA,2001,98,98000000000,ADMINISTRACION PUBLICA EDUCACION Y SALUD ACTIVIDADES ARTISTICAS Y DE ENTRETENIMIENTO ACTIVIDADES DE LOS HOGARES INDIVIDUALES,S02
88,ARCHIPIELAGO DE SAN ANDRES PROVIDENCIA Y SANTA CATALINA,2002,105,1.05E+11,ADMINISTRACION PUBLICA EDUCACION Y SALUD ACTIVIDADES ARTISTICAS Y DE ENTRETENIMIENTO ACTIVIDADES DE LOS HOGARES INDIVIDUALES,S02
88,ARCHIPIELAGO DE SAN ANDRES PROVIDENCIA Y SANTA CATALINA,2003,96,96000000000,ADMINISTRACION PUBLICA EDUCACION Y SALUD ACTIVIDADES ARTISTICAS Y DE ENTRETENIMIENTO ACTIVIDADES DE LOS HOGARES INDIVIDUALES,S02
88,ARCHIPIELAGO DE SAN ANDRES PROVIDENCIA Y SANTA CATALINA,2004,120,1.2E+11,ADMINISTRACION PUBLICA EDUCACION Y SALUD ACTIVIDADES ARTISTICAS Y DE ENTRETENIMIENTO ACTIVIDADES DE LOS HOGARES INDIVIDUALES,S02
88,ARCHIPIELAGO DE SAN ANDRES PROVIDENCIA Y SANTA CATALINA,2005,124,1.24E+11,ADMINISTRACION PUBLICA EDUCACION Y SALUD ACTIVIDADES ARTISTICAS Y DE ENTRETENIMIENTO ACTIVIDADES DE LOS HOGARES INDIVIDUALES,S02
88,ARCHIPIELAGO DE SAN ANDRES PROVIDENCIA Y SANTA CATALINA,2006,135,1.35E+11,ADMINISTRACION PUBLICA EDUCACION Y SALUD ACTIVIDADES ARTISTICAS Y DE ENTRETENIMIENTO ACTIVIDADES DE LOS HOGARES INDIVIDUALES,S02
88,ARCHIPIELAGO DE SAN ANDRES PROVIDENCIA Y SANTA CATALINA,2007,150,1.5E+11,ADMINISTRACION PUBLICA EDUCACION Y SALUD ACTIVIDADES ARTISTICAS Y DE ENTRETENIMIENTO ACTIVIDADES DE LOS HOGARES INDIVIDUALES,S02
88,ARCHIPIELAGO DE SAN ANDRES PROVIDENCIA Y SANTA CATALINA,2008,164,1.64E+11,ADMINISTRACION PUBLICA EDUCACION Y SALUD ACTIVIDADES ARTISTICAS Y DE ENTRETENIMIENTO ACTIVIDADES DE LOS HOGARES INDIVIDUALES,S02
88,ARCHIPIELAGO DE SAN ANDRES PROVIDENCIA Y SANTA CATALINA,2009,177,1.77E+11,ADMINISTRACION PUBLICA EDUCACION Y SALUD ACTIVIDADES ARTISTICAS Y DE ENTRETENIMIENTO ACTIVIDADES DE LOS HOGARES INDIVIDUALES,S02
88,ARCHIPIELAGO DE SAN ANDRES PROVIDENCIA Y SANTA CATALINA,2010,187,1.87E+11,ADMINISTRACION PUBLICA EDUCACION Y SALUD ACTIVIDADES ARTISTICAS Y DE ENTRETENIMIENTO ACTIVIDADES DE LOS HOGARES INDIVIDUALES,S02
88,ARCHIPIELAGO DE SAN ANDRES PROVIDENCIA Y SANTA CATALINA,2011,210,2.1E+11,ADMINISTRACION PUBLICA EDUCACION Y SALUD ACTIVIDADES ARTISTICAS Y DE ENTRETENIMIENTO ACTIVIDADES DE LOS HOGARES INDIVIDUALES,S02
88,ARCHIPIELAGO DE SAN ANDRES PROVIDENCIA Y SANTA CATALINA,2012,225,2.25E+11,ADMINISTRACION PUBLICA EDUCACION Y SALUD ACTIVIDADES ARTISTICAS Y DE ENTRETENIMIENTO ACTIVIDADES DE LOS HOGARES INDIVIDUALES,S02
88,ARCHIPIELAGO DE SAN ANDRES PROVIDENCIA Y SANTA CATALINA,2013,246,2.46E+11,ADMINISTRACION PUBLICA EDUCACION Y SALUD ACTIVIDADES ARTISTICAS Y DE ENTRETENIMIENTO ACTIVIDADES DE LOS HOGARES INDIVIDUALES,S02
88,ARCHIPIELAGO DE SAN ANDRES PROVIDENCIA Y SANTA CATALINA,2014,265,2.65E+11,ADMINISTRACION PUBLICA EDUCACION Y SALUD ACTIVIDADES ARTISTICAS Y DE ENTRETENIMIENTO ACTIVIDADES DE LOS HOGARES INDIVIDUALES,S02
88,ARCHIPIELAGO DE SAN ANDRES PROVIDENCIA Y SANTA CATALINA,2015,273,2.73E+11,ADMINISTRACION PUBLICA EDUCACION Y SALUD ACTIVIDADES ARTISTICAS Y DE ENTRETENIMIENTO ACTIVIDADES DE LOS HOGARES INDIVIDUALES,S02
88,ARCHIPIELAGO DE SAN ANDRES PROVIDENCIA Y SANTA CATALINA,2016p,286,2.86E+11,ADMINISTRACION PUBLICA EDUCACION Y SALUD ACTIVIDADES ARTISTICAS Y DE ENTRETENIMIENTO ACTIVIDADES DE LOS HOGARES INDIVIDUALES,S02
68,SANTANDER,2000,1578,1.578E+12,ADMINISTRACION PUBLICA EDUCACION Y SALUD ACTIVIDADES ARTISTICAS Y DE ENTRETENIMIENTO ACTIVIDADES DE LOS HOGARES INDIVIDUALES,S02
68,SANTANDER,2001,1669,1.669E+12,ADMINISTRACION PUBLICA EDUCACION Y SALUD ACTIVIDADES ARTISTICAS Y DE ENTRETENIMIENTO ACTIVIDADES DE LOS HOGARES INDIVIDUALES,S02
68,SANTANDER,2002,1799,1.799E+12,ADMINISTRACION PUBLICA EDUCACION Y SALUD ACTIVIDADES ARTISTICAS Y DE ENTRETENIMIENTO ACTIVIDADES DE LOS HOGARES INDIVIDUALES,S02
68,SANTANDER,2003,1832,1.832E+12,ADMINISTRACION PUBLICA EDUCACION Y SALUD ACTIVIDADES ARTISTICAS Y DE ENTRETENIMIENTO ACTIVIDADES DE LOS HOGARES INDIVIDUALES,S02
68,SANTANDER,2004,2075,2.075E+12,ADMINISTRACION PUBLICA EDUCACION Y SALUD ACTIVIDADES ARTISTICAS Y DE ENTRETENIMIENTO ACTIVIDADES DE LOS HOGARES INDIVIDUALES,S02
68,SANTANDER,2005,2282,2.282E+12,ADMINISTRACION PUBLICA EDUCACION Y SALUD ACTIVIDADES ARTISTICAS Y DE ENTRETENIMIENTO ACTIVIDADES DE LOS HOGARES INDIVIDUALES,S02
68,SANTANDER,2006,2471,2.471E+12,ADMINISTRACION PUBLICA EDUCACION Y SALUD ACTIVIDADES ARTISTICAS Y DE ENTRETENIMIENTO ACTIVIDADES DE LOS HOGARES INDIVIDUALES,S02
68,SANTANDER,2007,2665,2.665E+12,ADMINISTRACION PUBLICA EDUCACION Y SALUD ACTIVIDADES ARTISTICAS Y DE ENTRETENIMIENTO ACTIVIDADES DE LOS HOGARES INDIVIDUALES,S02
68,SANTANDER,2008,3035,3.035E+12,ADMINISTRACION PUBLICA EDUCACION Y SALUD ACTIVIDADES ARTISTICAS Y DE ENTRETENIMIENTO ACTIVIDADES DE LOS HOGARES INDIVIDUALES,S02
68,SANTANDER,2009,3263,3.263E+12,ADMINISTRACION PUBLICA EDUCACION Y SALUD ACTIVIDADES ARTISTICAS Y DE ENTRETENIMIENTO ACTIVIDADES DE LOS HOGARES INDIVIDUALES,S02
68,SANTANDER,2010,3620,3.62E+12,ADMINISTRACION PUBLICA EDUCACION Y SALUD ACTIVIDADES ARTISTICAS Y DE ENTRETENIMIENTO ACTIVIDADES DE LOS HOGARES INDIVIDUALES,S02
68,SANTANDER,2011,3945,3.945E+12,ADMINISTRACION PUBLICA EDUCACION Y SALUD ACTIVIDADES ARTISTICAS Y DE ENTRETENIMIENTO ACTIVIDADES DE LOS HOGARES INDIVIDUALES,S02
68,SANTANDER,2012,4152,4.152E+12,ADMINISTRACION PUBLICA EDUCACION Y SALUD ACTIVIDADES ARTISTICAS Y DE ENTRETENIMIENTO ACTIVIDADES DE LOS HOGARES INDIVIDUALES,S02
68,SANTANDER,2013,4733,4.733E+12,ADMINISTRACION PUBLICA EDUCACION Y SALUD ACTIVIDADES ARTISTICAS Y DE ENTRETENIMIENTO ACTIVIDADES DE LOS HOGARES INDIVIDUALES,S02
68,SANTANDER,2014,4989,4.989E+12,ADMINISTRACION PUBLICA EDUCACION Y SALUD ACTIVIDADES ARTISTICAS Y DE ENTRETENIMIENTO ACTIVIDADES DE LOS HOGARES INDIVIDUALES,S02
68,SANTANDER,2015,5196,5.196E+12,ADMINISTRACION PUBLICA EDUCACION Y SALUD ACTIVIDADES ARTISTICAS Y DE ENTRETENIMIENTO ACTIVIDADES DE LOS HOGARES INDIVIDUALES,S02
68,SANTANDER,2016p,5409,5.409E+12,ADMINISTRACION PUBLICA EDUCACION Y SALUD ACTIVIDADES ARTISTICAS Y DE ENTRETENIMIENTO ACTIVIDADES DE LOS HOGARES INDIVIDUALES,S02
70,SUCRE,2000,506,5.06E+11,ADMINISTRACION PUBLICA EDUCACION Y SALUD ACTIVIDADES ARTISTICAS Y DE ENTRETENIMIENTO ACTIVIDADES DE LOS HOGARES INDIVIDUALES,S02
70,SUCRE,2001,535,5.35E+11,ADMINISTRACION PUBLICA EDUCACION Y SALUD ACTIVIDADES ARTISTICAS Y DE ENTRETENIMIENTO ACTIVIDADES DE LOS HOGARES INDIVIDUALES,S02
70,SUCRE,2002,515,5.15E+11,ADMINISTRACION PUBLICA EDUCACION Y SALUD ACTIVIDADES ARTISTICAS Y DE ENTRETENIMIENTO ACTIVIDADES DE LOS HOGARES INDIVIDUALES,S02
70,SUCRE,2003,570,5.7E+11,ADMINISTRACION PUBLICA EDUCACION Y SALUD ACTIVIDADES ARTISTICAS Y DE ENTRETENIMIENTO ACTIVIDADES DE LOS HOGARES INDIVIDUALES,S02
70,SUCRE,2004,689,6.89E+11,ADMINISTRACION PUBLICA EDUCACION Y SALUD ACTIVIDADES ARTISTICAS Y DE ENTRETENIMIENTO ACTIVIDADES DE LOS HOGARES INDIVIDUALES,S02
70,SUCRE,2005,764,7.64E+11,ADMINISTRACION PUBLICA EDUCACION Y SALUD ACTIVIDADES ARTISTICAS Y DE ENTRETENIMIENTO ACTIVIDADES DE LOS HOGARES INDIVIDUALES,S02
70,SUCRE,2006,817,8.17E+11,ADMINISTRACION PUBLICA EDUCACION Y SALUD ACTIVIDADES ARTISTICAS Y DE ENTRETENIMIENTO ACTIVIDADES DE LOS HOGARES INDIVIDUALES,S02
70,SUCRE,2007,943,9.43E+11,ADMINISTRACION PUBLICA EDUCACION Y SALUD ACTIVIDADES ARTISTICAS Y DE ENTRETENIMIENTO ACTIVIDADES DE LOS HOGARES INDIVIDUALES,S02
70,SUCRE,2008,1088,1.088E+12,ADMINISTRACION PUBLICA EDUCACION Y SALUD ACTIVIDADES ARTISTICAS Y DE ENTRETENIMIENTO ACTIVIDADES DE LOS HOGARES INDIVIDUALES,S02
70,SUCRE,2009,1269,1.269E+12,ADMINISTRACION PUBLICA EDUCACION Y SALUD ACTIVIDADES ARTISTICAS Y DE ENTRETENIMIENTO ACTIVIDADES DE LOS HOGARES INDIVIDUALES,S02
70,SUCRE,2010,1324,1.324E+12,ADMINISTRACION PUBLICA EDUCACION Y SALUD ACTIVIDADES ARTISTICAS Y DE ENTRETENIMIENTO ACTIVIDADES DE LOS HOGARES INDIVIDUALES,S02
70,SUCRE,2011,1507,1.507E+12,ADMINISTRACION PUBLICA EDUCACION Y SALUD ACTIVIDADES ARTISTICAS Y DE ENTRETENIMIENTO ACTIVIDADES DE LOS HOGARES INDIVIDUALES,S02
70,SUCRE,2012,1700,1.7E+12,ADMINISTRACION PUBLICA EDUCACION Y SALUD ACTIVIDADES ARTISTICAS Y DE ENTRETENIMIENTO ACTIVIDADES DE LOS HOGARES INDIVIDUALES,S02
70,SUCRE,2013,1849,1.849E+12,ADMINISTRACION PUBLICA EDUCACION Y SALUD ACTIVIDADES ARTISTICAS Y DE ENTRETENIMIENTO ACTIVIDADES DE LOS HOGARES INDIVIDUALES,S02
70,SUCRE,2014,2041,2.041E+12,ADMINISTRACION PUBLICA EDUCACION Y SALUD ACTIVIDADES ARTISTICAS Y DE ENTRETENIMIENTO ACTIVIDADES DE LOS HOGARES INDIVIDUALES,S02
70,SUCRE,2015,2193,2.193E+12,ADMINISTRACION PUBLICA EDUCACION Y SALUD ACTIVIDADES ARTISTICAS Y DE ENTRETENIMIENTO ACTIVIDADES DE LOS HOGARES INDIVIDUALES,S02
70,SUCRE,2016p,2348,2.348E+12,ADMINISTRACION PUBLICA EDUCACION Y SALUD ACTIVIDADES ARTISTICAS Y DE ENTRETENIMIENTO ACTIVIDADES DE LOS HOGARES INDIVIDUALES,S02
73,TOLIMA,2000,1024,1.024E+12,ADMINISTRACION PUBLICA EDUCACION Y SALUD ACTIVIDADES ARTISTICAS Y DE ENTRETENIMIENTO ACTIVIDADES DE LOS HOGARES INDIVIDUALES,S02
73,TOLIMA,2001,1075,1.075E+12,ADMINISTRACION PUBLICA EDUCACION Y SALUD ACTIVIDADES ARTISTICAS Y DE ENTRETENIMIENTO ACTIVIDADES DE LOS HOGARES INDIVIDUALES,S02
73,TOLIMA,2002,1116,1.116E+12,ADMINISTRACION PUBLICA EDUCACION Y SALUD ACTIVIDADES ARTISTICAS Y DE ENTRETENIMIENTO ACTIVIDADES DE LOS HOGARES INDIVIDUALES,S02
73,TOLIMA,2003,1196,1.196E+12,ADMINISTRACION PUBLICA EDUCACION Y SALUD ACTIVIDADES ARTISTICAS Y DE ENTRETENIMIENTO ACTIVIDADES DE LOS HOGARES INDIVIDUALES,S02
73,TOLIMA,2004,1339,1.339E+12,ADMINISTRACION PUBLICA EDUCACION Y SALUD ACTIVIDADES ARTISTICAS Y DE ENTRETENIMIENTO ACTIVIDADES DE LOS HOGARES INDIVIDUALES,S02
73,TOLIMA,2005,1477,1.477E+12,ADMINISTRACION PUBLICA EDUCACION Y SALUD ACTIVIDADES ARTISTICAS Y DE ENTRETENIMIENTO ACTIVIDADES DE LOS HOGARES INDIVIDUALES,S02
73,TOLIMA,2006,1611,1.611E+12,ADMINISTRACION PUBLICA EDUCACION Y SALUD ACTIVIDADES ARTISTICAS Y DE ENTRETENIMIENTO ACTIVIDADES DE LOS HOGARES INDIVIDUALES,S02
73,TOLIMA,2007,1802,1.802E+12,ADMINISTRACION PUBLICA EDUCACION Y SALUD ACTIVIDADES ARTISTICAS Y DE ENTRETENIMIENTO ACTIVIDADES DE LOS HOGARES INDIVIDUALES,S02
73,TOLIMA,2008,2045,2.045E+12,ADMINISTRACION PUBLICA EDUCACION Y SALUD ACTIVIDADES ARTISTICAS Y DE ENTRETENIMIENTO ACTIVIDADES DE LOS HOGARES INDIVIDUALES,S02
73,TOLIMA,2009,2228,2.228E+12,ADMINISTRACION PUBLICA EDUCACION Y SALUD ACTIVIDADES ARTISTICAS Y DE ENTRETENIMIENTO ACTIVIDADES DE LOS HOGARES INDIVIDUALES,S02
73,TOLIMA,2010,2427,2.427E+12,ADMINISTRACION PUBLICA EDUCACION Y SALUD ACTIVIDADES ARTISTICAS Y DE ENTRETENIMIENTO ACTIVIDADES DE LOS HOGARES INDIVIDUALES,S02
73,TOLIMA,2011,2660,2.66E+12,ADMINISTRACION PUBLICA EDUCACION Y SALUD ACTIVIDADES ARTISTICAS Y DE ENTRETENIMIENTO ACTIVIDADES DE LOS HOGARES INDIVIDUALES,S02
73,TOLIMA,2012,2949,2.949E+12,ADMINISTRACION PUBLICA EDUCACION Y SALUD ACTIVIDADES ARTISTICAS Y DE ENTRETENIMIENTO ACTIVIDADES DE LOS HOGARES INDIVIDUALES,S02
73,TOLIMA,2013,3223,3.223E+12,ADMINISTRACION PUBLICA EDUCACION Y SALUD ACTIVIDADES ARTISTICAS Y DE ENTRETENIMIENTO ACTIVIDADES DE LOS HOGARES INDIVIDUALES,S02
73,TOLIMA,2014,3471,3.471E+12,ADMINISTRACION PUBLICA EDUCACION Y SALUD ACTIVIDADES ARTISTICAS Y DE ENTRETENIMIENTO ACTIVIDADES DE LOS HOGARES INDIVIDUALES,S02
73,TOLIMA,2015,3721,3.721E+12,ADMINISTRACION PUBLICA EDUCACION Y SALUD ACTIVIDADES ARTISTICAS Y DE ENTRETENIMIENTO ACTIVIDADES DE LOS HOGARES INDIVIDUALES,S02
73,TOLIMA,2016p,3985,3.985E+12,ADMINISTRACION PUBLICA EDUCACION Y SALUD ACTIVIDADES ARTISTICAS Y DE ENTRETENIMIENTO ACTIVIDADES DE LOS HOGARES INDIVIDUALES,S02
76,VALLE DEL CAUCA,2000,3442,3.442E+12,ADMINISTRACION PUBLICA EDUCACION Y SALUD ACTIVIDADES ARTISTICAS Y DE ENTRETENIMIENTO ACTIVIDADES DE LOS HOGARES INDIVIDUALES,S02
76,VALLE DEL CAUCA,2001,3654,3.654E+12,ADMINISTRACION PUBLICA EDUCACION Y SALUD ACTIVIDADES ARTISTICAS Y DE ENTRETENIMIENTO ACTIVIDADES DE LOS HOGARES INDIVIDUALES,S02
76,VALLE DEL CAUCA,2002,3985,3.985E+12,ADMINISTRACION PUBLICA EDUCACION Y SALUD ACTIVIDADES ARTISTICAS Y DE ENTRETENIMIENTO ACTIVIDADES DE LOS HOGARES INDIVIDUALES,S02
76,VALLE DEL CAUCA,2003,4062,4.062E+12,ADMINISTRACION PUBLICA EDUCACION Y SALUD ACTIVIDADES ARTISTICAS Y DE ENTRETENIMIENTO ACTIVIDADES DE LOS HOGARES INDIVIDUALES,S02
76,VALLE DEL CAUCA,2004,4548,4.548E+12,ADMINISTRACION PUBLICA EDUCACION Y SALUD ACTIVIDADES ARTISTICAS Y DE ENTRETENIMIENTO ACTIVIDADES DE LOS HOGARES INDIVIDUALES,S02
76,VALLE DEL CAUCA,2005,4914,4.914E+12,ADMINISTRACION PUBLICA EDUCACION Y SALUD ACTIVIDADES ARTISTICAS Y DE ENTRETENIMIENTO ACTIVIDADES DE LOS HOGARES INDIVIDUALES,S02
76,VALLE DEL CAUCA,2006,5290,5.29E+12,ADMINISTRACION PUBLICA EDUCACION Y SALUD ACTIVIDADES ARTISTICAS Y DE ENTRETENIMIENTO ACTIVIDADES DE LOS HOGARES INDIVIDUALES,S02
76,VALLE DEL CAUCA,2007,5862,5.862E+12,ADMINISTRACION PUBLICA EDUCACION Y SALUD ACTIVIDADES ARTISTICAS Y DE ENTRETENIMIENTO ACTIVIDADES DE LOS HOGARES INDIVIDUALES,S02
76,VALLE DEL CAUCA,2008,6558,6.558E+12,ADMINISTRACION PUBLICA EDUCACION Y SALUD ACTIVIDADES ARTISTICAS Y DE ENTRETENIMIENTO ACTIVIDADES DE LOS HOGARES INDIVIDUALES,S02
76,VALLE DEL CAUCA,2009,7144,7.144E+12,ADMINISTRACION PUBLICA EDUCACION Y SALUD ACTIVIDADES ARTISTICAS Y DE ENTRETENIMIENTO ACTIVIDADES DE LOS HOGARES INDIVIDUALES,S02
76,VALLE DEL CAUCA,2010,7722,7.722E+12,ADMINISTRACION PUBLICA EDUCACION Y SALUD ACTIVIDADES ARTISTICAS Y DE ENTRETENIMIENTO ACTIVIDADES DE LOS HOGARES INDIVIDUALES,S02
76,VALLE DEL CAUCA,2011,8416,8.416E+12,ADMINISTRACION PUBLICA EDUCACION Y SALUD ACTIVIDADES ARTISTICAS Y DE ENTRETENIMIENTO ACTIVIDADES DE LOS HOGARES INDIVIDUALES,S02
76,VALLE DEL CAUCA,2012,9212,9.212E+12,ADMINISTRACION PUBLICA EDUCACION Y SALUD ACTIVIDADES ARTISTICAS Y DE ENTRETENIMIENTO ACTIVIDADES DE LOS HOGARES INDIVIDUALES,S02
76,VALLE DEL CAUCA,2013,10076,1.0076E+13,ADMINISTRACION PUBLICA EDUCACION Y SALUD ACTIVIDADES ARTISTICAS Y DE ENTRETENIMIENTO ACTIVIDADES DE LOS HOGARES INDIVIDUALES,S02
76,VALLE DEL CAUCA,2014,10907,1.0907E+13,ADMINISTRACION PUBLICA EDUCACION Y SALUD ACTIVIDADES ARTISTICAS Y DE ENTRETENIMIENTO ACTIVIDADES DE LOS HOGARES INDIVIDUALES,S02
76,VALLE DEL CAUCA,2015,11730,1.173E+13,ADMINISTRACION PUBLICA EDUCACION Y SALUD ACTIVIDADES ARTISTICAS Y DE ENTRETENIMIENTO ACTIVIDADES DE LOS HOGARES INDIVIDUALES,S02
76,VALLE DEL CAUCA,2016p,12554,1.2554E+13,ADMINISTRACION PUBLICA EDUCACION Y SALUD ACTIVIDADES ARTISTICAS Y DE ENTRETENIMIENTO ACTIVIDADES DE LOS HOGARES INDIVIDUALES,S02
97,VAUPES,2000,44,44000000000,ADMINISTRACION PUBLICA EDUCACION Y SALUD ACTIVIDADES ARTISTICAS Y DE ENTRETENIMIENTO ACTIVIDADES DE LOS HOGARES INDIVIDUALES,S02
97,VAUPES,2001,50,50000000000,ADMINISTRACION PUBLICA EDUCACION Y SALUD ACTIVIDADES ARTISTICAS Y DE ENTRETENIMIENTO ACTIVIDADES DE LOS HOGARES INDIVIDUALES,S02
97,VAUPES,2002,50,50000000000,ADMINISTRACION PUBLICA EDUCACION Y SALUD ACTIVIDADES ARTISTICAS Y DE ENTRETENIMIENTO ACTIVIDADES DE LOS HOGARES INDIVIDUALES,S02
97,VAUPES,2003,45,45000000000,ADMINISTRACION PUBLICA EDUCACION Y SALUD ACTIVIDADES ARTISTICAS Y DE ENTRETENIMIENTO ACTIVIDADES DE LOS HOGARES INDIVIDUALES,S02
97,VAUPES,2004,48,48000000000,ADMINISTRACION PUBLICA EDUCACION Y SALUD ACTIVIDADES ARTISTICAS Y DE ENTRETENIMIENTO ACTIVIDADES DE LOS HOGARES INDIVIDUALES,S02
97,VAUPES,2005,50,50000000000,ADMINISTRACION PUBLICA EDUCACION Y SALUD ACTIVIDADES ARTISTICAS Y DE ENTRETENIMIENTO ACTIVIDADES DE LOS HOGARES INDIVIDUALES,S02
97,VAUPES,2006,53,53000000000,ADMINISTRACION PUBLICA EDUCACION Y SALUD ACTIVIDADES ARTISTICAS Y DE ENTRETENIMIENTO ACTIVIDADES DE LOS HOGARES INDIVIDUALES,S02
97,VAUPES,2007,56,56000000000,ADMINISTRACION PUBLICA EDUCACION Y SALUD ACTIVIDADES ARTISTICAS Y DE ENTRETENIMIENTO ACTIVIDADES DE LOS HOGARES INDIVIDUALES,S02
97,VAUPES,2008,62,62000000000,ADMINISTRACION PUBLICA EDUCACION Y SALUD ACTIVIDADES ARTISTICAS Y DE ENTRETENIMIENTO ACTIVIDADES DE LOS HOGARES INDIVIDUALES,S02
97,VAUPES,2009,69,69000000000,ADMINISTRACION PUBLICA EDUCACION Y SALUD ACTIVIDADES ARTISTICAS Y DE ENTRETENIMIENTO ACTIVIDADES DE LOS HOGARES INDIVIDUALES,S02
97,VAUPES,2010,70,70000000000,ADMINISTRACION PUBLICA EDUCACION Y SALUD ACTIVIDADES ARTISTICAS Y DE ENTRETENIMIENTO ACTIVIDADES DE LOS HOGARES INDIVIDUALES,S02
97,VAUPES,2011,80,80000000000,ADMINISTRACION PUBLICA EDUCACION Y SALUD ACTIVIDADES ARTISTICAS Y DE ENTRETENIMIENTO ACTIVIDADES DE LOS HOGARES INDIVIDUALES,S02
97,VAUPES,2012,85,85000000000,ADMINISTRACION PUBLICA EDUCACION Y SALUD ACTIVIDADES ARTISTICAS Y DE ENTRETENIMIENTO ACTIVIDADES DE LOS HOGARES INDIVIDUALES,S02
97,VAUPES,2013,94,94000000000,ADMINISTRACION PUBLICA EDUCACION Y SALUD ACTIVIDADES ARTISTICAS Y DE ENTRETENIMIENTO ACTIVIDADES DE LOS HOGARES INDIVIDUALES,S02
97,VAUPES,2014,100,1E+11,ADMINISTRACION PUBLICA EDUCACION Y SALUD ACTIVIDADES ARTISTICAS Y DE ENTRETENIMIENTO ACTIVIDADES DE LOS HOGARES INDIVIDUALES,S02
97,VAUPES,2015,105,1.05E+11,ADMINISTRACION PUBLICA EDUCACION Y SALUD ACTIVIDADES ARTISTICAS Y DE ENTRETENIMIENTO ACTIVIDADES DE LOS HOGARES INDIVIDUALES,S02
97,VAUPES,2016p,112,1.12E+11,ADMINISTRACION PUBLICA EDUCACION Y SALUD ACTIVIDADES ARTISTICAS Y DE ENTRETENIMIENTO ACTIVIDADES DE LOS HOGARES INDIVIDUALES,S02
99,VICHADA,2000,71,71000000000,ADMINISTRACION PUBLICA EDUCACION Y SALUD ACTIVIDADES ARTISTICAS Y DE ENTRETENIMIENTO ACTIVIDADES DE LOS HOGARES INDIVIDUALES,S02
99,VICHADA,2001,88,88000000000,ADMINISTRACION PUBLICA EDUCACION Y SALUD ACTIVIDADES ARTISTICAS Y DE ENTRETENIMIENTO ACTIVIDADES DE LOS HOGARES INDIVIDUALES,S02
99,VICHADA,2002,85,85000000000,ADMINISTRACION PUBLICA EDUCACION Y SALUD ACTIVIDADES ARTISTICAS Y DE ENTRETENIMIENTO ACTIVIDADES DE LOS HOGARES INDIVIDUALES,S02
99,VICHADA,2003,85,85000000000,ADMINISTRACION PUBLICA EDUCACION Y SALUD ACTIVIDADES ARTISTICAS Y DE ENTRETENIMIENTO ACTIVIDADES DE LOS HOGARES INDIVIDUALES,S02
99,VICHADA,2004,95,95000000000,ADMINISTRACION PUBLICA EDUCACION Y SALUD ACTIVIDADES ARTISTICAS Y DE ENTRETENIMIENTO ACTIVIDADES DE LOS HOGARES INDIVIDUALES,S02
99,VICHADA,2005,105,1.05E+11,ADMINISTRACION PUBLICA EDUCACION Y SALUD ACTIVIDADES ARTISTICAS Y DE ENTRETENIMIENTO ACTIVIDADES DE LOS HOGARES INDIVIDUALES,S02
99,VICHADA,2006,110,1.1E+11,ADMINISTRACION PUBLICA EDUCACION Y SALUD ACTIVIDADES ARTISTICAS Y DE ENTRETENIMIENTO ACTIVIDADES DE LOS HOGARES INDIVIDUALES,S02
99,VICHADA,2007,122,1.22E+11,ADMINISTRACION PUBLICA EDUCACION Y SALUD ACTIVIDADES ARTISTICAS Y DE ENTRETENIMIENTO ACTIVIDADES DE LOS HOGARES INDIVIDUALES,S02
99,VICHADA,2008,138,1.38E+11,ADMINISTRACION PUBLICA EDUCACION Y SALUD ACTIVIDADES ARTISTICAS Y DE ENTRETENIMIENTO ACTIVIDADES DE LOS HOGARES INDIVIDUALES,S02
99,VICHADA,2009,145,1.45E+11,ADMINISTRACION PUBLICA EDUCACION Y SALUD ACTIVIDADES ARTISTICAS Y DE ENTRETENIMIENTO ACTIVIDADES DE LOS HOGARES INDIVIDUALES,S02
99,VICHADA,2010,159,1.59E+11,ADMINISTRACION PUBLICA EDUCACION Y SALUD ACTIVIDADES ARTISTICAS Y DE ENTRETENIMIENTO ACTIVIDADES DE LOS HOGARES INDIVIDUALES,S02
99,VICHADA,2011,171,1.71E+11,ADMINISTRACION PUBLICA EDUCACION Y SALUD ACTIVIDADES ARTISTICAS Y DE ENTRETENIMIENTO ACTIVIDADES DE LOS HOGARES INDIVIDUALES,S02
99,VICHADA,2012,182,1.82E+11,ADMINISTRACION PUBLICA EDUCACION Y SALUD ACTIVIDADES ARTISTICAS Y DE ENTRETENIMIENTO ACTIVIDADES DE LOS HOGARES INDIVIDUALES,S02
99,VICHADA,2013,204,2.04E+11,ADMINISTRACION PUBLICA EDUCACION Y SALUD ACTIVIDADES ARTISTICAS Y DE ENTRETENIMIENTO ACTIVIDADES DE LOS HOGARES INDIVIDUALES,S02
99,VICHADA,2014,205,2.05E+11,ADMINISTRACION PUBLICA EDUCACION Y SALUD ACTIVIDADES ARTISTICAS Y DE ENTRETENIMIENTO ACTIVIDADES DE LOS HOGARES INDIVIDUALES,S02
99,VICHADA,2015,211,2.11E+11,ADMINISTRACION PUBLICA EDUCACION Y SALUD ACTIVIDADES ARTISTICAS Y DE ENTRETENIMIENTO ACTIVIDADES DE LOS HOGARES INDIVIDUALES,S02
99,VICHADA,2016p,226,2.26E+11,ADMINISTRACION PUBLICA EDUCACION Y SALUD ACTIVIDADES ARTISTICAS Y DE ENTRETENIMIENTO ACTIVIDADES DE LOS HOGARES INDIVIDUALES,S02